date,pm2_5,pm10,carbon_monoxide,nitrogen_dioxide,sulphur_dioxide,ozone,temperature_mean,temperature_max,temperature_min,humidity_mean,precipitation_sum,pressure_mean,wind_speed_mean,wind_speed_max,AQI
2022-08-01,,,,,,,28.1,29.2,27.3,85,0.2,1001.4,28.7,33.2,
2022-08-02,,,,,,,28.2,29.8,27.1,85,0.6,1001.5,23.1,27.3,
2022-08-03,,,,,,,28.0,29.4,26.9,86,0.3,1001.6,17.8,21.8,
2022-08-04,28.036842105263162,60.37894736842105,495.2105263157895,22.457894736842103,24.431578947368422,62.36842105263158,28.3,29.8,26.9,88,0.4,1001.8,14.2,20.4,
2022-08-05,28.212500000000002,58.3375,507.4166666666667,22.741666666666664,24.895833333333332,53.5,28.6,31.0,27.2,86,0.3,1000.2,16.0,20.7,86.0
2022-08-06,27.46666666666667,51.71666666666667,431.9583333333333,22.150000000000002,19.220833333333335,44.166666666666664,28.2,29.3,27.1,86,0.8,998.6,17.0,24.2,87.0
2022-08-07,57.62916666666666,89.125,944.125,39.3125,42.92916666666667,148.08333333333334,28.5,30.2,26.6,89,24.9,997.8,12.6,20.3,258.0
2022-08-08,64.52083333333333,103.12916666666666,1150.5,46.8125,55.09166666666667,122.875,28.9,31.0,27.4,87,0.0,997.5,13.4,19.4,238.0
2022-08-09,54.037499999999994,77.5625,849.0,50.89166666666666,45.24583333333334,84.29166666666667,29.6,33.1,27.4,86,3.3,996.6,10.2,15.7,158.0
2022-08-10,108.38749999999999,156.36666666666667,1297.5833333333333,65.40833333333333,51.68333333333334,104.79166666666667,29.2,32.5,26.9,89,26.0,995.0,10.0,15.8,200.0
2022-08-11,83.28750000000001,122.84583333333332,1163.0416666666667,49.09166666666667,52.025000000000006,146.29166666666666,29.4,35.1,27.5,86,28.8,993.9,16.3,29.3,253.0
2022-08-12,31.21666666666667,49.291666666666664,605.75,34.52916666666667,33.012499999999996,82.20833333333333,28.1,30.3,25.8,86,82.7,994.5,24.4,40.5,170.0
2022-08-13,32.137499999999996,48.94166666666667,704.0,35.59166666666667,49.375,94.0,27.2,28.8,26.1,87,21.2,997.3,17.1,20.6,149.0
2022-08-14,24.97083333333333,39.90833333333333,475.9166666666667,20.358333333333334,27.866666666666664,99.5,27.5,30.8,25.3,84,43.0,997.3,17.6,25.9,159.0
2022-08-15,25.370833333333334,38.449999999999996,678.125,47.4,53.9375,58.875,27.7,29.8,26.0,87,32.0,999.2,12.5,21.6,84.0
2022-08-16,28.066666666666666,43.645833333333336,644.25,39.550000000000004,38.49166666666667,70.70833333333333,27.6,29.4,26.3,87,11.1,1000.6,8.4,14.1,86.0
2022-08-17,19.054166666666667,28.791666666666668,435.0416666666667,21.537499999999998,18.808333333333334,81.375,27.9,29.3,27.2,88,19.1,999.3,20.0,27.1,86.0
2022-08-18,22.233333333333334,42.03333333333333,271.5,13.679166666666667,11.487499999999999,47.875,27.8,28.7,27.2,87,9.6,999.0,29.0,35.6,74.0
2022-08-19,22.099999999999998,46.512499999999996,234.125,12.424999999999999,11.1625,35.208333333333336,27.5,28.1,27.1,87,0.8,1000.3,28.4,34.5,77.0
2022-08-20,22.729166666666668,49.39166666666667,275.9583333333333,13.204166666666666,13.708333333333334,44.125,27.6,29.0,26.8,87,1.8,1001.5,22.9,26.5,76.0
2022-08-21,24.104166666666668,53.56666666666666,314.0,14.891666666666666,16.2375,48.541666666666664,27.7,29.2,26.9,87,2.4,1001.3,22.4,28.6,79.0
2022-08-22,24.116666666666664,55.3375,307.125,14.0,14.366666666666667,53.291666666666664,27.8,29.7,26.6,85,0.5,1000.8,18.7,22.5,78.0
2022-08-23,23.854166666666668,52.99583333333334,358.0833333333333,16.670833333333334,16.558333333333334,47.666666666666664,27.2,28.5,26.3,86,3.2,1000.6,18.4,23.5,79.0
2022-08-24,25.383333333333336,56.199999999999996,296.0,15.308333333333332,12.841666666666667,42.916666666666664,27.2,28.0,26.6,84,12.8,1001.4,23.6,30.3,81.0
2022-08-25,26.9875,58.25416666666666,254.5,12.0,11.058333333333332,51.166666666666664,28.0,29.4,26.8,81,0.0,1002.0,25.7,31.3,84.0
2022-08-26,27.383333333333336,60.49583333333334,278.5833333333333,13.625,13.241666666666667,54.333333333333336,27.4,29.1,26.2,81,0.1,1004.2,20.2,24.5,85.0
2022-08-27,23.95,50.5,283.0416666666667,13.129166666666668,12.866666666666667,52.833333333333336,27.1,28.5,26.0,81,0.4,1005.3,20.7,25.8,85.0
2022-08-28,20.541666666666668,41.18333333333333,251.75,10.979166666666666,10.654166666666667,56.375,27.3,28.7,26.4,79,0.7,1004.6,22.7,28.9,78.0
2022-08-29,21.97083333333333,43.75833333333333,308.9583333333333,14.691666666666668,13.345833333333333,54.5,27.3,29.1,26.2,79,0.1,1006.6,17.4,22.0,74.0
2022-08-30,23.479166666666668,47.275,391.5,19.358333333333334,17.545833333333334,54.916666666666664,27.4,29.5,25.6,82,0.0,1008.3,11.3,19.9,79.0
2022-08-31,20.55,40.59583333333333,359.2916666666667,17.0,16.691666666666666,58.625,27.3,29.1,25.6,85,0.0,1007.3,12.9,18.8,77.0
2022-09-01,16.2375,30.870833333333334,290.625,13.066666666666668,12.700000000000001,52.416666666666664,27.6,29.0,26.5,84,0.5,1006.2,20.3,26.4,72.0
2022-09-02,19.216666666666665,37.5875,362.25,16.379166666666666,16.349999999999998,60.375,27.7,29.4,26.3,83,0.2,1007.3,16.6,19.7,69.0
2022-09-03,19.079166666666666,35.12916666666667,298.2083333333333,11.754166666666665,12.366666666666667,51.875,27.7,29.3,26.4,82,0.5,1006.6,22.0,27.2,69.0
2022-09-04,28.59583333333333,51.92916666666667,274.0416666666667,10.054166666666667,9.954166666666667,49.916666666666664,27.6,29.4,26.5,80,0.2,1004.3,32.4,38.2,91.0
2022-09-05,21.433333333333334,41.65833333333333,258.2916666666667,10.916666666666666,11.366666666666667,56.041666666666664,27.6,29.2,26.5,78,0.5,1004.3,25.7,32.7,88.0
2022-09-06,23.641666666666666,44.050000000000004,354.7083333333333,16.4375,17.516666666666666,64.20833333333333,27.4,29.4,26.0,79,0.0,1005.8,15.9,20.2,78.0
2022-09-07,23.833333333333332,43.0875,480.625,23.633333333333336,23.400000000000002,61.208333333333336,27.0,29.1,25.0,85,0.0,1007.6,12.7,22.5,78.0
2022-09-08,36.36666666666667,60.65416666666667,766.875,34.75416666666667,33.141666666666666,94.79166666666667,27.7,30.7,25.5,84,0.0,1008.0,12.7,21.5,203.0
2022-09-09,52.87916666666666,83.34166666666667,798.375,31.333333333333332,29.97083333333333,122.16666666666667,29.7,35.3,25.9,77,0.0,1005.8,14.4,22.8,229.0
2022-09-10,84.8625,126.83333333333333,1069.4583333333333,39.00416666666667,36.5875,165.29166666666666,30.9,35.6,27.3,72,0.0,1004.1,12.9,19.7,285.0
2022-09-11,41.458333333333336,64.47500000000001,754.0,28.22083333333333,30.84583333333333,114.0,29.6,33.2,27.4,78,0.0,1002.4,16.0,23.5,228.0
2022-09-12,64.35833333333333,98.10000000000001,973.875,38.2125,36.958333333333336,143.625,29.0,32.9,26.9,83,0.1,1001.4,13.1,17.4,261.0
2022-09-13,43.875,69.3625,893.25,40.5,38.2875,101.125,29.9,34.4,27.6,78,0.0,1002.3,15.3,20.7,220.0
2022-09-14,23.61666666666667,41.07083333333333,527.9583333333334,23.041666666666668,22.245833333333334,59.333333333333336,29.9,34.9,27.1,77,0.0,1003.4,18.0,28.8,121.0
2022-09-15,19.683333333333334,36.30833333333333,293.3333333333333,11.533333333333333,11.7875,57.791666666666664,28.6,31.1,26.8,82,0.0,1004.0,25.0,31.2,78.0
2022-09-16,24.53333333333333,47.07083333333333,240.91666666666666,8.9125,8.616666666666667,65.45833333333333,28.3,30.3,27.0,78,0.3,1002.0,28.4,33.3,79.0
2022-09-17,28.0125,57.275,269.4166666666667,11.916666666666666,10.691666666666668,69.16666666666667,28.2,30.2,27.0,76,0.3,1002.3,22.0,26.1,86.0
2022-09-18,29.791666666666668,60.958333333333336,346.7916666666667,17.091666666666665,15.029166666666667,66.58333333333333,27.9,30.0,26.2,79,0.0,1006.5,13.6,22.4,92.0
2022-09-19,25.425,52.17916666666667,352.0,16.558333333333334,14.612499999999999,64.5,27.5,30.1,25.7,79,0.0,1007.6,16.1,23.0,89.0
2022-09-20,19.241666666666667,39.475,252.5,11.375,10.054166666666667,63.666666666666664,27.8,30.3,26.0,73,0.0,1006.9,19.2,24.2,81.0
2022-09-21,17.754166666666666,37.1875,242.625,11.458333333333334,9.520833333333334,63.125,28.1,30.4,26.4,72,0.0,1007.0,20.5,25.0,69.0
2022-09-22,17.591666666666665,36.208333333333336,236.29166666666666,10.854166666666666,9.3125,61.458333333333336,28.1,30.5,26.3,73,0.0,1006.6,23.5,28.0,67.0
2022-09-23,17.666666666666668,37.24166666666667,199.125,8.299999999999999,7.6875,63.0,27.9,30.4,26.4,74,0.0,1006.0,27.6,32.7,66.0
2022-09-24,19.970833333333335,38.862500000000004,214.16666666666666,9.275,8.283333333333333,64.91666666666667,28.1,30.3,26.6,73,0.3,1004.6,28.2,33.9,70.0
2022-09-25,21.933333333333334,41.983333333333334,242.625,11.6,10.1625,63.916666666666664,28.0,30.1,26.7,76,0.4,1004.7,22.2,28.1,74.0
2022-09-26,22.620833333333334,42.166666666666664,324.8333333333333,15.595833333333333,14.591666666666667,63.666666666666664,27.4,29.5,25.9,79,1.0,1008.6,16.2,20.8,77.0
2022-09-27,19.962500000000002,37.979166666666664,349.25,16.795833333333334,15.429166666666667,62.083333333333336,27.4,29.9,25.5,78,0.1,1008.3,15.8,20.8,76.0
2022-09-28,16.295833333333334,31.912499999999998,278.875,13.637500000000001,11.895833333333334,61.75,27.6,29.8,25.8,73,0.0,1007.4,18.5,25.4,71.0
2022-09-29,15.895833333333334,30.462500000000002,245.54166666666666,11.133333333333333,10.766666666666666,67.45833333333333,27.6,30.1,25.8,72,0.0,1007.6,19.6,25.3,64.0
2022-09-30,15.025,26.599999999999998,290.5416666666667,13.387500000000001,13.7875,68.125,27.3,29.8,25.4,75,0.0,1008.2,18.7,24.2,63.0
2022-10-01,12.791666666666666,22.375,219.125,9.758333333333333,10.9375,56.875,27.7,30.1,25.9,73,0.0,1007.5,22.9,29.3,61.0
2022-10-02,12.504166666666668,21.945833333333336,240.95833333333334,12.1,12.179166666666667,53.666666666666664,28.1,30.2,26.4,72,0.1,1007.1,20.5,24.6,57.0
2022-10-03,13.870833333333332,27.2375,263.5,14.029166666666667,12.137500000000001,60.333333333333336,27.7,29.8,25.8,73,0.3,1008.6,16.1,21.1,59.0
2022-10-04,14.025,28.71666666666667,256.2083333333333,12.695833333333333,11.25,59.958333333333336,27.8,30.2,25.9,76,0.0,1009.9,16.3,21.6,60.0
2022-10-05,16.270833333333332,37.0375,292.125,13.429166666666667,12.295833333333334,61.208333333333336,27.6,30.7,25.3,80,0.0,1009.1,15.6,22.6,63.0
2022-10-06,20.041666666666668,45.52916666666667,360.4166666666667,16.716666666666665,15.704166666666666,67.125,27.6,30.8,25.5,79,0.0,1007.3,15.5,21.5,71.0
2022-10-07,37.300000000000004,66.17916666666666,617.7083333333334,27.266666666666666,28.46666666666667,97.75,28.1,34.2,24.7,75,0.0,1006.8,16.0,29.0,177.0
2022-10-08,49.020833333333336,75.21249999999999,543.2083333333334,25.84166666666667,26.429166666666664,130.41666666666666,30.9,38.3,25.3,49,0.0,1007.1,13.4,22.9,205.0
2022-10-09,90.69166666666666,135.09166666666667,907.5833333333334,30.28333333333333,35.82083333333333,205.25,29.4,33.8,25.3,56,0.0,1008.1,13.2,25.2,297.0
2022-10-10,59.012499999999996,96.42916666666667,1030.9166666666667,44.4625,45.32083333333333,125.45833333333333,29.1,34.5,24.6,65,0.0,1009.6,11.9,19.7,234.0
2022-10-11,49.083333333333336,82.59583333333333,1067.5416666666667,49.208333333333336,51.162499999999994,107.04166666666667,27.5,33.6,22.3,67,0.0,1008.9,10.4,17.1,209.0
2022-10-12,36.57083333333333,60.7125,895.0833333333334,40.31666666666667,38.141666666666666,102.29166666666667,26.2,31.4,21.7,80,0.0,1009.8,10.9,17.3,199.0
2022-10-13,24.229166666666668,41.854166666666664,674.9166666666666,32.475,27.97083333333333,85.58333333333333,26.1,31.1,22.0,80,0.0,1011.6,10.4,17.9,116.0
2022-10-14,30.833333333333332,50.94166666666666,760.8333333333334,37.275,36.270833333333336,91.04166666666667,26.8,33.8,22.0,71,0.0,1011.9,12.2,18.4,158.0
2022-10-15,34.05416666666667,54.71666666666667,767.5416666666666,36.56666666666667,36.46666666666667,106.33333333333333,27.0,34.2,22.1,77,0.0,1011.3,13.1,20.9,202.0
2022-10-16,49.00833333333333,76.37083333333334,893.0416666666666,37.324999999999996,37.170833333333334,136.75,27.9,34.1,23.0,67,0.0,1012.1,13.7,19.9,241.0
2022-10-17,44.604166666666664,69.47916666666667,761.3333333333334,35.583333333333336,33.237500000000004,120.33333333333333,27.9,34.9,21.9,58,0.0,1012.9,14.3,22.0,217.0
2022-10-18,25.545833333333334,45.88333333333333,556.0833333333334,27.0125,26.09583333333333,84.0,27.2,30.8,24.3,79,0.0,1011.3,14.7,20.8,123.0
2022-10-19,22.004166666666666,42.7875,434.625,22.979166666666668,20.241666666666667,82.45833333333333,26.6,29.9,23.9,83,0.0,1010.7,11.7,17.8,82.0
2022-10-20,19.883333333333333,40.104166666666664,393.3333333333333,19.695833333333333,18.608333333333334,92.33333333333333,26.5,29.9,23.2,83,0.0,1011.2,11.6,18.1,98.0
2022-10-21,71.88333333333334,111.64166666666667,854.7083333333334,35.175000000000004,44.7125,134.58333333333334,27.1,31.8,23.2,73,0.0,1014.5,9.8,17.6,234.0
2022-10-22,80.125,121.5125,837.5833333333334,36.21666666666667,32.90416666666667,126.54166666666667,28.8,34.8,23.5,45,0.0,1016.1,13.5,24.7,202.0
2022-10-23,106.10833333333333,157.08333333333334,1616.6666666666667,70.92916666666666,57.104166666666664,173.54166666666666,27.9,33.2,22.3,53,0.0,1015.1,11.1,19.6,296.0
2022-10-24,27.445833333333336,45.875,540.0,23.929166666666664,23.520833333333332,97.33333333333333,27.5,32.1,23.5,71,0.0,1012.2,14.8,21.8,224.0
2022-10-25,22.866666666666664,43.958333333333336,294.5,12.700000000000001,10.845833333333333,98.5,27.6,30.7,25.6,77,0.0,1010.6,22.3,31.4,85.0
2022-10-26,28.729166666666668,53.11666666666667,395.6666666666667,18.254166666666666,15.729166666666666,100.29166666666667,27.8,30.6,25.7,82,0.0,1011.9,17.0,21.4,94.0
2022-10-27,28.5625,52.57083333333333,472.4583333333333,23.358333333333334,20.679166666666667,92.375,26.4,29.0,23.6,85,0.0,1012.9,10.1,18.6,94.0
2022-10-28,30.645833333333332,55.612500000000004,523.7083333333334,27.02916666666667,23.770833333333332,84.08333333333333,26.1,29.6,23.4,80,0.0,1013.6,8.5,15.1,92.0
2022-10-29,32.766666666666666,56.4,772.0416666666666,38.858333333333334,31.09166666666667,83.58333333333333,26.8,32.6,22.6,70,0.0,1013.9,12.0,16.2,126.0
2022-10-30,33.2125,58.30833333333334,814.5,42.0375,31.370833333333334,80.95833333333333,27.2,33.0,23.0,69,0.0,1014.4,13.0,17.9,124.0
2022-10-31,27.504166666666666,52.92916666666667,593.0,30.3125,22.945833333333336,71.58333333333333,26.7,31.5,22.3,80,0.0,1013.8,13.3,20.7,98.0
2022-11-01,23.5125,45.2125,386.6666666666667,18.6375,13.741666666666667,86.625,26.8,30.4,23.5,85,0.0,1014.1,13.2,20.3,85.0
2022-11-02,28.108333333333334,48.262499999999996,496.625,22.9875,18.4875,97.58333333333333,26.6,30.4,23.4,85,0.0,1013.9,12.4,18.7,111.0
2022-11-03,29.1375,47.39166666666667,573.1666666666666,27.133333333333336,20.983333333333334,96.54166666666667,26.6,30.6,23.3,83,0.0,1012.8,15.2,21.4,121.0
2022-11-04,26.03333333333333,42.67916666666667,559.1666666666666,27.25,21.65833333333333,88.70833333333333,26.8,30.9,23.6,78,0.0,1013.2,15.1,22.7,88.0
2022-11-05,35.020833333333336,56.27916666666667,576.7083333333334,27.191666666666666,22.212500000000002,101.04166666666667,27.6,33.4,23.1,67,0.0,1014.2,14.8,21.3,114.0
2022-11-06,39.454166666666666,61.708333333333336,528.625,26.55,21.083333333333332,96.625,26.5,31.3,22.9,76,0.0,1014.6,13.6,21.4,110.0
2022-11-07,33.458333333333336,54.0625,532.5,26.270833333333332,23.3,96.0,25.4,29.1,23.1,79,0.7,1014.6,11.8,21.0,110.0
2022-11-08,57.24583333333334,90.39583333333333,630.7916666666666,22.208333333333332,32.175000000000004,117.33333333333333,24.8,28.0,21.6,74,0.0,1014.9,10.3,15.1,156.0
2022-11-09,61.25,96.56666666666666,815.7083333333334,28.191666666666666,41.262499999999996,126.625,25.3,29.6,21.2,70,0.0,1015.3,11.0,17.9,191.0
2022-11-10,38.77916666666667,65.53333333333333,816.8333333333334,36.520833333333336,43.0625,97.66666666666667,25.4,29.3,21.7,77,0.0,1016.3,10.7,18.4,154.0
2022-11-11,83.5125,126.28333333333335,1351.4166666666667,64.95416666666667,62.10833333333333,85.91666666666667,26.2,30.8,22.2,65,0.0,1017.2,11.2,19.8,168.0
2022-11-12,78.39166666666667,120.85000000000001,1431.6666666666667,68.8875,53.69583333333333,90.04166666666667,25.5,30.3,21.2,71,0.0,1016.6,10.7,19.8,201.0
2022-11-13,29.666666666666668,53.97083333333333,494.4583333333333,23.120833333333334,22.666666666666668,79.08333333333333,24.8,28.1,21.1,87,0.0,1014.4,10.9,16.3,166.0
2022-11-14,24.166666666666668,50.71666666666667,376.2916666666667,15.979166666666666,17.82916666666667,85.33333333333333,26.8,29.7,24.5,78,0.0,1013.3,14.6,19.0,89.0
2022-11-15,61.72083333333333,100.55,534.375,19.008333333333333,35.979166666666664,95.54166666666667,25.8,30.3,22.3,58,0.0,1015.2,16.6,23.5,154.0
2022-11-16,64.52083333333333,100.32083333333333,693.75,26.995833333333334,42.175000000000004,116.29166666666667,24.8,28.7,21.1,55,0.0,1015.3,12.4,15.5,157.0
2022-11-17,63.48333333333333,101.79166666666667,918.6666666666666,32.295833333333334,44.262499999999996,128.79166666666666,25.1,30.1,21.4,74,0.0,1014.9,10.6,20.3,197.0
2022-11-18,42.354166666666664,73.53333333333333,716.8333333333334,28.670833333333334,33.81666666666667,100.29166666666667,25.0,28.2,21.7,82,0.0,1014.5,10.5,18.0,156.0
2022-11-19,25.09166666666667,49.112500000000004,443.9583333333333,22.933333333333334,17.8125,84.5,26.0,29.1,23.1,77,0.0,1014.5,10.1,19.7,117.0
2022-11-20,48.074999999999996,77.19583333333334,655.25,31.8625,31.020833333333332,90.08333333333333,25.4,29.1,21.8,73,0.0,1014.4,9.9,18.5,127.0
2022-11-21,67.57083333333334,103.35833333333333,789.6666666666666,34.94583333333333,38.762499999999996,110.33333333333333,25.8,31.1,21.3,56,0.0,1014.3,12.7,21.0,159.0
2022-11-22,67.74583333333334,105.25416666666666,1076.375,53.65833333333333,57.2875,100.875,25.2,28.6,22.3,74,0.0,1014.2,10.1,17.7,196.0
2022-11-23,68.64583333333333,102.99166666666667,869.4583333333334,37.987500000000004,50.27916666666667,108.45833333333333,24.3,28.8,19.6,54,0.0,1014.8,11.0,18.4,159.0
2022-11-24,60.25416666666666,90.72916666666667,980.125,46.84166666666667,50.862500000000004,107.20833333333333,23.6,28.5,19.2,72,0.0,1014.1,10.7,18.7,174.0
2022-11-25,33.88333333333333,61.93333333333334,809.2916666666666,39.704166666666666,35.112500000000004,98.58333333333333,23.3,27.5,18.5,74,0.0,1014.7,8.5,14.6,153.0
2022-11-26,56.63333333333333,85.77083333333333,1106.375,60.37083333333334,50.300000000000004,87.5,23.7,28.7,19.1,60,0.0,1013.9,11.2,17.2,168.0
2022-11-27,37.96666666666667,59.59166666666667,877.1666666666666,44.04583333333333,41.550000000000004,101.16666666666667,23.4,26.7,19.4,80,0.0,1010.5,8.8,12.1,162.0
2022-11-28,67.675,98.925,1221.4583333333333,72.71666666666667,52.84166666666667,56.708333333333336,23.7,28.6,19.3,65,0.0,1011.6,10.2,15.3,158.0
2022-11-29,57.80416666666667,84.32916666666667,728.3333333333334,41.38333333333333,32.87916666666667,77.29166666666667,23.9,30.8,18.4,47,0.0,1014.0,12.2,15.3,159.0
2022-11-30,66.86666666666666,97.55833333333334,723.8333333333334,40.1625,35.074999999999996,90.66666666666667,23.7,30.4,18.1,36,0.0,1015.3,12.1,17.5,158.0
2022-12-01,72.13333333333334,105.71666666666665,788.2916666666666,41.266666666666666,40.954166666666666,93.625,22.8,29.1,16.9,39,0.0,1014.5,12.1,20.5,161.0
2022-12-02,58.20416666666667,88.50416666666666,1009.5,53.9375,46.57083333333333,69.5,22.2,26.6,17.0,62,0.0,1012.7,11.0,17.2,167.0
2022-12-03,46.40416666666667,75.09583333333333,741.0833333333334,46.375,46.35833333333333,67.20833333333333,23.1,26.4,18.7,71,0.0,1013.2,9.3,15.5,152.0
2022-12-04,86.58749999999999,127.48333333333333,774.5833333333334,36.68333333333333,43.19583333333333,90.33333333333333,22.7,28.7,17.7,50,0.0,1015.2,11.8,21.9,172.0
2022-12-05,82.28750000000001,125.79166666666667,1061.375,53.74166666666667,64.375,83.29166666666667,22.3,27.9,17.5,56,0.0,1016.6,11.2,17.1,175.0
2022-12-06,101.125,150.17083333333332,1321.4583333333333,56.69166666666666,68.075,102.79166666666667,22.3,27.4,17.8,57,0.0,1016.7,10.8,18.3,183.0
2022-12-07,87.85000000000001,129.02083333333334,1306.5833333333333,59.35,57.4375,94.25,22.2,28.6,16.0,52,0.0,1016.0,10.6,15.3,183.0
2022-12-08,66.32916666666667,102.72916666666667,1403.8333333333333,69.97500000000001,52.025,71.5,22.1,28.0,16.9,70,0.0,1014.9,10.6,17.2,178.0
2022-12-09,45.416666666666664,74.51666666666667,1021.75,49.34583333333333,44.42916666666667,88.08333333333333,22.2,27.0,18.5,86,0.0,1013.1,8.9,15.9,158.0
2022-12-10,71.40833333333333,106.55,868.8333333333334,43.604166666666664,42.19166666666667,75.45833333333333,23.1,28.2,18.5,57,0.0,1013.3,11.0,16.8,161.0
2022-12-11,60.52916666666667,91.44166666666666,578.4166666666666,17.400000000000002,30.958333333333332,111.5,23.6,29.4,19.0,43,0.0,1014.7,19.4,26.6,162.0
2022-12-12,54.637499999999996,85.375,765.9166666666666,34.96666666666667,30.695833333333336,95.75,23.1,28.7,18.9,42,0.0,1014.9,17.0,23.7,154.0
2022-12-13,35.583333333333336,54.145833333333336,537.2916666666666,23.504166666666666,20.6375,67.5,22.7,29.0,18.0,42,0.0,1016.0,20.0,28.6,151.0
2022-12-14,0.65,0.9208333333333334,59.916666666666664,0.0,0.5499999999999999,30.375,23.1,29.0,19.2,34,0.0,1016.4,19.0,27.5,100.0
2022-12-15,0.8125,1.1666666666666667,62.916666666666664,0.0,0.31666666666666665,34.0,21.1,27.4,15.3,49,0.0,1014.9,10.2,17.0,16.0
2022-12-16,47.65833333333333,71.24166666666666,969.4583333333334,47.15,41.74166666666667,79.08333333333333,20.6,26.6,15.4,69,0.0,1013.3,9.1,13.1,150.0
2022-12-17,52.82083333333333,79.60000000000001,1176.375,60.67083333333333,58.88333333333333,67.125,20.6,27.0,15.4,74,0.0,1014.1,8.8,14.4,151.0
2022-12-18,77.22083333333333,113.27083333333333,1500.5,78.10833333333333,70.075,66.66666666666667,21.3,26.5,16.3,59,0.0,1014.8,10.4,13.9,166.0
2022-12-19,71.14166666666667,108.06666666666666,1267.3333333333333,71.67083333333333,69.99166666666666,67.83333333333333,20.9,26.0,15.7,57,0.0,1013.7,9.5,13.0,166.0
2022-12-20,47.229166666666664,75.21249999999999,1149.5833333333333,57.9625,52.25416666666666,68.70833333333333,21.2,27.3,16.7,47,0.0,1013.2,13.2,18.4,162.0
2022-12-21,53.93333333333334,84.46249999999999,754.125,47.237500000000004,40.53333333333333,64.20833333333333,20.6,26.4,15.2,46,0.0,1014.4,12.4,20.3,146.0
2022-12-22,37.666666666666664,59.36666666666667,587.375,32.074999999999996,33.59166666666667,72.45833333333333,20.1,25.9,14.9,39,0.0,1014.8,13.6,20.3,146.0
2022-12-23,57.36666666666667,91.00833333333333,985.4583333333334,55.975,55.29583333333333,52.75,19.2,25.1,13.2,44,0.0,1014.0,10.5,16.4,154.0
2022-12-24,44.00833333333333,68.20833333333333,762.2916666666666,48.67916666666667,48.38333333333333,63.208333333333336,19.2,25.0,13.8,37,0.0,1015.6,14.0,19.3,151.0
2022-12-25,58.104166666666664,86.35000000000001,716.4166666666666,35.125,40.82083333333333,92.75,19.1,24.3,13.3,43,0.0,1016.4,11.4,17.3,151.0
2022-12-26,76.85000000000001,113.70416666666667,993.2916666666666,51.8125,54.145833333333336,75.375,19.7,25.5,14.5,43,0.0,1017.4,9.8,13.5,165.0
2022-12-27,67.91666666666667,101.10833333333333,763.4166666666666,31.2,45.15,88.0,20.4,25.9,15.6,39,0.0,1018.8,12.3,17.9,165.0
2022-12-28,92.5,143.21666666666667,1454.7083333333333,56.70416666666667,72.75,106.70833333333333,20.1,24.1,15.2,61,0.0,1018.2,10.3,14.8,200.0
2022-12-29,44.18333333333334,74.40833333333333,810.5,32.50833333333333,35.199999999999996,98.79166666666667,23.3,26.5,21.2,72,0.0,1017.5,20.8,27.4,176.0
2022-12-30,34.4,61.479166666666664,516.5833333333334,24.183333333333334,35.75,74.875,20.5,25.2,15.5,45,0.0,1020.5,12.8,24.5,122.0
2022-12-31,48.19166666666666,76.20416666666667,659.3333333333334,26.8875,39.75833333333333,99.45833333333333,19.1,24.2,14.4,48,0.0,1021.7,12.2,20.5,130.0
2023-01-01,38.4625,69.53750000000001,782.7083333333334,36.375,33.40833333333333,84.91666666666667,19.8,25.1,14.6,65,0.0,1019.2,9.7,16.4,136.0
2023-01-02,59.99166666666667,98.88333333333333,905.7083333333334,47.270833333333336,49.38333333333333,71.70833333333333,19.7,25.6,14.5,52,0.0,1018.8,11.6,15.0,152.0
2023-01-03,51.512499999999996,77.68333333333334,542.7083333333334,25.3,27.175,80.125,19.7,25.4,14.7,36,0.0,1021.2,16.5,19.5,158.0
2023-01-04,40.72083333333333,60.7875,466.625,18.037499999999998,25.858333333333334,94.54166666666667,18.8,24.1,14.5,33,0.0,1021.8,20.3,26.3,140.0
2023-01-05,43.60833333333333,63.775,487.625,14.445833333333333,28.491666666666664,103.04166666666667,17.5,22.8,12.8,32,0.0,1021.9,20.0,29.3,124.0
2023-01-06,46.22083333333333,67.63333333333334,515.0833333333334,14.491666666666667,31.429166666666664,108.25,18.4,24.3,13.7,28,0.0,1021.4,21.1,25.5,126.0
2023-01-07,50.18333333333334,73.10416666666667,682.1666666666666,24.120833333333334,39.637499999999996,101.625,19.9,26.0,15.1,29,0.0,1020.2,18.2,22.1,138.0
2023-01-08,87.09583333333335,125.82916666666667,1645.7916666666667,71.02083333333333,82.84166666666667,104.625,19.2,24.6,14.2,39,0.0,1018.8,12.4,17.2,171.0
2023-01-09,87.19583333333333,128.42083333333332,1781.0833333333333,81.35416666666667,80.425,93.375,19.3,23.9,14.1,70,0.0,1019.6,9.0,14.8,190.0
2023-01-10,110.39166666666667,162.80416666666667,2022.9583333333333,88.11666666666667,84.12916666666666,79.41666666666667,19.8,23.7,15.8,73,0.0,1019.1,10.3,15.3,190.0
2023-01-11,30.45,54.75,667.0833333333334,29.075,25.650000000000002,76.79166666666667,21.5,25.4,18.1,77,0.2,1015.2,19.1,30.2,189.0
2023-01-12,24.604166666666668,77.04166666666667,348.0416666666667,17.108333333333334,18.670833333333334,68.5,18.0,22.0,14.8,29,0.0,1014.2,26.2,29.9,90.0
2023-01-13,33.55833333333333,62.78333333333333,615.6666666666666,30.291666666666668,28.53333333333333,81.54166666666667,15.2,22.3,9.8,18,0.0,1016.0,20.2,30.6,94.0
2023-01-14,27.587500000000002,46.44583333333333,589.8333333333334,32.75833333333333,23.483333333333334,68.83333333333333,15.3,21.0,9.5,29,0.0,1018.9,11.2,18.1,105.0
2023-01-15,42.52916666666667,67.01666666666667,765.375,32.84166666666667,38.62916666666667,85.95833333333333,14.8,19.4,8.9,44,0.0,1017.5,9.6,14.5,117.0
2023-01-16,60.375,96.44166666666666,738.2916666666666,35.28333333333333,60.395833333333336,76.83333333333333,16.4,21.6,10.9,55,0.0,1015.8,12.1,16.3,153.0
2023-01-17,79.125,117.58333333333333,1056.25,47.27916666666667,59.92916666666667,93.125,17.0,22.0,12.0,37,0.0,1017.1,12.0,16.2,165.0
2023-01-18,101.02083333333333,147.65833333333333,1448.25,78.41666666666667,57.199999999999996,63.416666666666664,17.7,23.6,11.4,40,0.0,1017.0,10.9,13.2,182.0
2023-01-19,66.89999999999999,99.22500000000001,839.875,42.229166666666664,31.020833333333332,77.25,18.4,24.8,13.0,35,0.0,1016.5,16.0,27.3,183.0
2023-01-20,54.833333333333336,83.5125,676.2083333333334,22.59166666666667,30.833333333333332,109.08333333333333,17.6,22.5,13.0,47,0.0,1017.2,15.5,26.3,158.0
2023-01-21,48.166666666666664,72.61666666666666,678.625,25.599999999999998,36.1625,96.41666666666667,17.2,22.0,12.9,50,0.0,1018.2,12.3,20.7,151.0
2023-01-22,50.041666666666664,75.94583333333334,862.1666666666666,37.97083333333333,45.26666666666667,84.45833333333333,16.5,21.5,11.4,48,0.0,1017.6,11.4,21.6,136.0
2023-01-23,34.68333333333333,53.49583333333334,722.4583333333334,33.25,32.108333333333334,71.125,16.5,21.8,12.0,32,0.0,1018.0,13.8,18.5,139.0
2023-01-24,50.550000000000004,78.99166666666666,869.5,41.46666666666667,40.208333333333336,82.83333333333333,15.0,20.2,10.4,41,0.0,1017.2,11.1,16.4,142.0
2023-01-25,41.329166666666666,69.38333333333334,718.0833333333334,37.68333333333333,39.637499999999996,80.70833333333333,14.8,19.9,9.3,43,0.0,1017.8,11.8,18.0,138.0
2023-01-26,31.708333333333332,49.2875,483.7083333333333,24.670833333333334,31.083333333333332,82.625,16.4,22.6,11.0,29,0.0,1019.7,17.8,24.7,125.0
2023-01-27,34.92916666666667,51.979166666666664,452.7083333333333,17.6875,25.28333333333333,104.54166666666667,17.3,23.3,12.4,26,0.0,1019.1,22.4,30.9,99.0
2023-01-28,44.30416666666667,65.15833333333333,626.125,32.604166666666664,27.620833333333334,96.25,18.0,24.1,12.9,24,0.0,1015.2,15.9,23.0,119.0
2023-01-29,38.5625,57.925000000000004,743.5833333333334,40.8125,33.762499999999996,75.25,17.4,22.7,11.7,43,0.0,1012.0,12.9,21.5,144.0
2023-01-30,58.92916666666667,91.62083333333334,1110.1666666666667,49.854166666666664,49.34166666666667,91.66666666666667,18.1,23.1,11.9,49,0.0,1016.3,12.5,18.1,149.0
2023-01-31,53.96666666666667,81.39999999999999,655.3333333333334,28.75,29.454166666666666,89.75,19.4,25.3,14.8,36,0.0,1019.9,19.2,25.8,161.0
2023-02-01,51.395833333333336,75.91666666666667,823.5,33.05833333333333,35.69166666666667,107.33333333333333,19.5,25.5,14.6,40,0.0,1019.1,18.7,26.2,150.0
2023-02-02,98.33749999999999,142.32500000000002,1881.1666666666667,74.8125,77.63333333333334,138.79166666666666,18.9,24.3,13.0,47,0.0,1017.4,13.3,17.8,229.0
2023-02-03,87.45833333333333,126.53333333333335,1975.0416666666667,97.50416666666666,73.47916666666667,83.83333333333333,18.7,25.2,11.4,53,0.0,1016.6,10.1,17.5,191.0
2023-02-04,68.09166666666667,103.47083333333335,1397.375,57.5,48.82916666666666,115.125,19.3,23.3,14.4,82,0.0,1014.7,9.4,16.2,211.0
2023-02-05,35.770833333333336,63.26666666666667,715.75,29.349999999999998,24.583333333333332,79.45833333333333,21.4,24.9,18.1,83,0.0,1012.8,16.2,25.6,159.0
2023-02-06,53.487500000000004,98.49583333333334,819.3333333333334,33.775,28.462500000000002,124.66666666666667,22.8,30.0,18.7,70,0.0,1012.8,12.5,22.6,210.0
2023-02-07,115.6875,179.6208333333333,1715.9166666666667,72.40416666666667,54.36666666666667,149.83333333333334,20.3,25.2,14.5,74,0.0,1013.7,9.8,14.8,288.0
2023-02-08,44.57083333333333,76.825,826.875,37.425,31.075,87.125,20.9,26.5,17.0,83,0.0,1013.7,11.8,18.4,193.0
2023-02-09,32.637499999999996,57.362500000000004,510.7083333333333,20.766666666666666,20.7625,83.875,21.7,25.1,18.6,85,0.0,1012.4,17.1,24.2,123.0
2023-02-10,24.712500000000002,46.81666666666666,357.9166666666667,13.200000000000001,14.633333333333333,91.625,22.6,25.7,20.8,81,0.0,1012.3,22.2,27.7,95.0
2023-02-11,68.0125,108.47500000000001,915.25,37.666666666666664,33.449999999999996,107.45833333333333,22.1,28.2,16.6,67,0.0,1015.7,12.8,22.9,175.0
2023-02-12,43.00833333333333,73.97500000000001,730.9583333333334,43.574999999999996,28.183333333333334,62.791666666666664,23.2,29.4,16.7,37,0.0,1018.9,15.2,19.5,166.0
2023-02-13,56.23333333333333,87.04166666666667,900.4583333333334,37.25833333333333,37.887499999999996,127.75,21.9,26.3,17.2,32,0.0,1018.9,15.1,20.5,218.0
2023-02-14,44.4125,76.15833333333333,884.2916666666666,34.862500000000004,32.266666666666666,119.45833333333333,21.9,26.9,18.8,79,0.0,1016.0,14.6,21.3,200.0
2023-02-15,60.949999999999996,99.47083333333335,1277.3333333333333,52.875,47.84583333333333,111.54166666666667,20.9,25.3,18.3,90,0.0,1014.6,9.1,16.5,230.0
2023-02-16,42.166666666666664,68.41250000000001,929.5416666666666,43.416666666666664,33.520833333333336,79.375,22.2,28.4,18.7,83,0.0,1014.6,13.9,21.1,154.0
2023-02-17,56.1,85.44583333333333,1069.5416666666667,46.020833333333336,36.083333333333336,107.25,22.4,29.6,17.3,81,0.0,1015.0,10.3,19.2,222.0
2023-02-18,82.46249999999999,120.65416666666665,1370.375,52.67916666666667,42.949999999999996,142.16666666666666,21.5,26.9,15.7,77,0.0,1014.6,8.7,15.0,262.0
2023-02-19,44.612500000000004,72.48333333333333,993.8333333333334,42.420833333333334,36.74583333333333,94.66666666666667,21.6,25.2,17.9,87,0.0,1013.2,10.2,18.6,194.0
2023-02-20,30.787499999999998,57.55416666666667,628.0416666666666,26.566666666666666,23.445833333333336,92.25,23.4,28.8,19.0,79,0.0,1011.5,15.8,23.2,123.0
2023-02-21,48.05416666666667,79.89166666666667,829.0416666666666,33.833333333333336,28.787499999999998,116.875,23.0,26.7,19.0,85,0.0,1012.3,12.9,18.5,204.0
2023-02-22,22.295833333333334,41.56666666666667,389.0,16.454166666666666,13.658333333333333,98.54166666666667,22.8,25.8,20.5,82,0.0,1012.5,18.3,26.3,134.0
2023-02-23,28.445833333333336,51.5625,542.9583333333334,25.837500000000002,21.2,96.66666666666667,22.4,25.7,19.1,81,0.0,1013.0,13.1,21.7,86.0
2023-02-24,32.88333333333333,69.85833333333333,623.0416666666666,26.662499999999998,23.695833333333336,97.08333333333333,21.9,26.2,18.1,85,0.0,1014.6,13.1,21.5,129.0
2023-02-25,27.837500000000002,56.52916666666667,575.7083333333334,28.4375,20.945833333333333,61.541666666666664,23.2,27.5,19.6,79,0.0,1016.0,15.9,23.9,95.0
2023-02-26,30.22083333333333,49.237500000000004,630.125,30.379166666666666,24.28333333333333,68.20833333333333,23.5,28.9,19.7,82,0.0,1017.2,15.1,20.2,90.0
2023-02-27,42.50416666666667,69.37916666666666,896.9583333333334,38.49166666666667,32.708333333333336,95.70833333333333,23.2,29.3,18.0,84,0.0,1016.8,12.9,18.5,202.0
2023-02-28,39.65,66.07083333333334,799.875,37.358333333333334,28.933333333333334,81.66666666666667,23.0,28.3,19.4,83,0.0,1016.0,14.3,21.3,146.0
2023-03-01,74.14999999999999,115.99583333333334,937.25,36.545833333333334,27.78333333333333,100.08333333333333,23.5,28.2,19.1,79,0.0,1016.7,9.9,22.7,200.0
2023-03-02,63.07083333333333,96.0,681.375,23.683333333333334,27.795833333333334,126.375,26.3,32.5,21.8,48,0.0,1017.6,15.1,22.6,177.0
2023-03-03,73.59583333333333,110.4375,699.625,28.333333333333332,32.69583333333333,130.20833333333334,26.1,31.6,20.6,51,0.0,1018.2,12.4,18.6,217.0
2023-03-04,60.512499999999996,90.40416666666665,750.4583333333334,25.916666666666668,29.6875,141.29166666666666,26.0,31.6,20.3,50,0.0,1017.9,15.3,25.0,229.0
2023-03-05,79.8625,115.97916666666667,1175.5833333333333,38.32083333333333,36.21666666666666,157.375,25.8,31.0,19.8,50,0.0,1017.5,14.6,23.2,268.0
2023-03-06,79.9875,118.52083333333333,1318.25,41.49583333333333,43.25833333333333,171.04166666666666,25.4,30.3,20.1,56,0.0,1015.2,13.2,22.0,286.0
2023-03-07,66.08749999999999,103.46249999999999,1305.4583333333333,49.8375,49.62083333333334,137.91666666666666,24.7,30.2,19.8,71,0.0,1013.9,12.8,23.1,247.0
2023-03-08,103.22916666666667,153.07916666666668,1606.9583333333333,53.3125,60.46666666666667,191.75,24.7,29.6,19.8,73,0.0,1015.0,11.2,24.0,297.0
2023-03-09,119.77083333333333,175.01666666666665,1663.1666666666667,55.7875,44.05416666666667,200.625,25.9,31.9,20.0,60,0.0,1015.4,11.9,22.9,290.0
2023-03-10,87.0625,126.19166666666666,1358.25,55.7125,44.6875,179.83333333333334,25.8,31.2,20.2,55,0.0,1015.0,12.6,21.1,297.0
2023-03-11,68.7625,100.3875,1373.5,63.041666666666664,51.11666666666667,99.58333333333333,25.4,30.6,19.6,63,0.0,1014.3,11.8,17.9,201.0
2023-03-12,57.55833333333334,84.3125,1294.2083333333333,61.59166666666667,50.875,76.70833333333333,25.7,31.3,21.4,63,0.0,1013.4,14.1,19.1,160.0
2023-03-13,48.26666666666667,73.71666666666667,1136.0833333333333,46.52916666666667,47.395833333333336,113.66666666666667,25.0,30.3,20.0,72,0.0,1013.2,13.1,20.6,202.0
2023-03-14,31.441666666666666,49.75833333333333,830.75,40.487500000000004,36.49583333333333,63.25,24.0,28.4,20.2,81,0.0,1011.4,12.9,21.6,132.0
2023-03-15,25.133333333333336,45.49583333333334,448.75,18.6125,19.120833333333334,73.95833333333333,25.1,28.5,22.6,80,0.0,1008.9,14.3,19.9,92.0
2023-03-16,23.383333333333336,42.55416666666667,505.875,21.691666666666666,20.216666666666665,74.41666666666667,25.5,29.3,22.2,80,0.0,1008.8,13.9,28.8,81.0
2023-03-17,26.287499999999998,44.77916666666667,623.5416666666666,27.920833333333334,25.96666666666667,83.54166666666667,25.6,28.7,23.2,80,0.0,1010.0,13.1,19.4,123.0
2023-03-18,54.36666666666667,84.5625,912.9583333333334,38.208333333333336,43.375,128.70833333333334,25.4,29.7,20.7,66,0.0,1010.1,11.3,21.3,232.0
2023-03-19,44.85833333333333,73.6375,752.2083333333334,30.662499999999998,40.99166666666667,123.33333333333333,24.9,29.1,21.0,69,0.0,1009.0,12.4,24.3,208.0
2023-03-20,25.8625,51.3125,523.5416666666666,22.59583333333333,26.208333333333332,84.54166666666667,24.5,27.1,21.7,77,0.0,1007.9,8.2,15.3,123.0
2023-03-21,18.662499999999998,39.99166666666667,363.0,15.295833333333334,14.862499999999999,67.125,25.1,28.1,21.4,71,0.0,1008.1,14.0,20.7,82.0
2023-03-22,18.658333333333335,34.4375,358.3333333333333,14.833333333333334,14.354166666666666,67.16666666666667,23.9,25.6,21.2,78,0.4,1009.2,14.5,24.7,69.0
2023-03-23,18.525000000000002,40.0875,319.0416666666667,13.841666666666667,11.975,59.125,23.4,25.6,21.0,81,3.8,1008.7,15.6,26.1,72.0
2023-03-24,18.383333333333333,49.104166666666664,265.3333333333333,10.508333333333333,7.9750000000000005,114.29166666666667,24.4,26.9,22.2,60,0.0,1008.5,23.9,31.7,96.0
2023-03-25,20.916666666666668,47.025,320.3333333333333,12.404166666666667,9.983333333333333,112.875,24.5,27.5,22.2,67,0.0,1011.0,17.4,19.9,101.0
2023-03-26,30.208333333333332,57.45416666666667,597.8333333333334,24.795833333333334,21.712500000000002,111.58333333333333,24.1,28.4,20.4,75,0.0,1012.7,14.8,26.6,167.0
2023-03-27,31.662499999999998,56.34166666666667,650.4583333333334,29.429166666666664,25.620833333333334,100.45833333333333,24.6,29.5,20.4,69,0.0,1011.9,15.0,22.3,153.0
2023-03-28,25.520833333333332,48.98333333333333,381.7916666666667,14.058333333333332,15.9625,94.79166666666667,24.5,27.8,21.3,78,0.0,1010.3,18.5,24.9,93.0
2023-03-29,21.429166666666664,50.916666666666664,308.9166666666667,10.504166666666666,12.520833333333334,80.625,25.3,27.5,23.5,78,0.0,1009.6,20.4,25.8,81.0
2023-03-30,23.054166666666664,56.525000000000006,316.0416666666667,10.9125,13.470833333333333,112.0,25.2,27.4,23.3,71,0.8,1008.5,18.8,25.1,107.0
2023-03-31,23.34166666666667,48.625,288.2916666666667,8.958333333333334,9.9375,112.45833333333333,25.8,28.8,23.8,76,0.0,1007.9,20.0,30.0,94.0
2023-04-01,19.395833333333332,37.97083333333333,168.04166666666666,3.4625,5.145833333333333,96.33333333333333,25.6,28.9,23.3,74,0.0,1009.3,20.3,27.7,78.0
2023-04-02,20.470833333333335,41.00833333333333,299.625,8.674999999999999,11.5,96.375,25.4,28.3,23.0,77,0.0,1008.9,21.5,29.6,72.0
2023-04-03,21.075,47.59583333333333,321.5833333333333,11.566666666666668,13.183333333333332,83.58333333333333,26.1,28.9,24.1,78,0.3,1007.6,22.6,26.5,73.0
2023-04-04,16.787499999999998,33.574999999999996,373.9583333333333,14.029166666666667,13.058333333333332,111.83333333333333,24.9,27.7,22.6,74,0.0,1009.7,16.3,22.3,124.0
2023-04-05,16.5625,29.883333333333336,435.625,17.425,15.020833333333334,116.41666666666667,25.1,29.7,21.6,69,0.0,1010.0,18.1,23.0,135.0
2023-04-06,20.229166666666668,38.725,499.8333333333333,22.712500000000002,18.025000000000002,103.875,25.0,29.2,22.1,76,0.0,1011.1,16.5,26.4,122.0
2023-04-07,27.566666666666666,48.125,710.5833333333334,29.766666666666666,25.541666666666668,111.79166666666667,25.2,29.8,21.4,78,0.0,1012.8,15.6,24.0,187.0
2023-04-08,38.3375,64.03333333333333,740.5,27.0125,25.266666666666666,126.375,25.8,30.8,21.9,76,0.0,1013.6,15.6,28.3,218.0
2023-04-09,22.875,44.137499999999996,532.625,22.462500000000002,21.7625,83.79166666666667,25.6,29.7,22.3,78,0.0,1013.6,16.5,29.5,108.0
2023-04-10,27.8625,51.80416666666667,730.9166666666666,33.32083333333333,36.891666666666666,74.04166666666667,25.2,28.3,22.2,82,0.0,1011.9,12.0,20.0,93.0
2023-04-11,24.616666666666664,46.425000000000004,684.4166666666666,31.191666666666666,28.704166666666666,75.29166666666667,25.2,29.1,21.5,82,0.0,1012.1,13.5,21.8,107.0
2023-04-12,39.895833333333336,69.96249999999999,696.9583333333334,25.795833333333334,25.354166666666668,115.54166666666667,27.0,32.0,23.4,76,0.0,1012.1,15.7,27.7,213.0
2023-04-13,26.879166666666666,50.895833333333336,590.4166666666666,24.270833333333332,22.833333333333332,79.04166666666667,27.9,33.2,24.6,70,0.0,1011.5,20.3,27.1,116.0
2023-04-14,20.7375,40.612500000000004,508.9166666666667,21.554166666666664,20.983333333333334,66.125,27.0,30.6,24.5,82,0.0,1010.1,18.1,25.1,84.0
2023-04-15,29.504166666666666,63.8375,666.375,29.412499999999998,30.7375,73.70833333333333,27.2,30.3,23.9,82,0.0,1008.5,14.7,25.0,101.0
2023-04-16,23.554166666666664,50.7875,531.9583333333334,22.254166666666666,22.708333333333332,86.70833333333333,27.4,30.5,24.6,81,0.0,1007.4,17.8,27.7,89.0
2023-04-17,21.245833333333334,47.7875,471.25,19.654166666666665,19.133333333333333,99.45833333333333,27.3,30.3,24.4,77,0.0,1008.4,17.5,23.7,116.0
2023-04-18,28.629166666666666,54.2875,534.75,23.1125,19.75,79.45833333333333,28.6,34.4,24.4,67,0.0,1010.9,18.4,36.7,100.0
2023-04-19,32.666666666666664,62.70416666666667,576.125,23.90416666666667,21.316666666666666,91.5,27.8,32.0,24.8,63,0.0,1008.9,19.5,27.9,99.0
2023-04-20,26.870833333333334,53.52916666666667,459.8333333333333,18.0125,16.320833333333333,106.625,27.9,33.8,24.8,71,0.0,1005.7,22.7,26.5,144.0
2023-04-21,20.099999999999998,40.6,388.6666666666667,15.316666666666668,14.200000000000001,72.625,27.6,31.4,24.8,77,0.0,1005.2,21.8,29.8,84.0
2023-04-22,23.837500000000002,48.87083333333334,445.9583333333333,17.645833333333332,18.091666666666665,90.58333333333333,27.6,31.3,25.0,76,0.0,1006.2,20.2,28.5,122.0
2023-04-23,23.245833333333334,44.3125,563.4583333333334,23.90416666666667,22.6875,78.20833333333333,28.2,33.0,24.9,74,0.0,1006.6,17.7,28.2,111.0
2023-04-24,28.40416666666667,52.637499999999996,640.5,29.170833333333334,25.1875,60.041666666666664,27.7,32.5,24.4,78,0.0,1008.4,16.9,22.6,87.0
2023-04-25,28.679166666666664,51.92083333333333,545.875,22.304166666666664,20.304166666666667,67.33333333333333,28.1,33.6,25.1,70,0.0,1008.9,20.4,36.0,90.0
2023-04-26,24.24166666666667,47.4,419.0,16.283333333333335,15.549999999999999,81.79166666666667,28.2,31.0,26.2,55,0.0,1007.4,20.2,28.9,87.0
2023-04-27,15.5625,30.645833333333332,305.375,10.679166666666667,10.554166666666667,66.375,27.2,30.0,25.3,72,0.3,1007.4,18.2,23.7,79.0
2023-04-28,15.583333333333334,31.191666666666666,323.875,12.049999999999999,12.158333333333333,70.58333333333333,25.9,28.7,23.5,76,3.4,1008.3,13.8,19.5,64.0
2023-04-29,15.779166666666667,29.650000000000002,384.0416666666667,13.683333333333332,18.099999999999998,88.33333333333333,25.2,28.4,22.7,76,0.8,1007.7,10.4,19.0,116.0
2023-04-30,17.3875,33.99583333333333,391.125,15.354166666666666,19.454166666666666,88.0,26.0,29.0,22.7,69,0.2,1006.3,11.1,19.0,109.0
2023-05-01,20.216666666666665,35.09583333333333,398.6666666666667,15.362499999999999,16.599999999999998,91.33333333333333,27.3,30.7,24.3,71,0.9,1005.4,15.0,22.8,115.0
2023-05-02,19.2,35.0,430.0,16.704166666666666,17.820833333333333,79.08333333333333,27.9,31.0,24.9,74,0.1,1006.6,18.0,27.2,74.0
2023-05-03,15.191666666666668,29.191666666666666,421.0,17.108333333333334,17.779166666666665,71.08333333333333,27.8,30.5,25.3,78,0.0,1008.7,15.6,22.3,69.0
2023-05-04,20.158333333333335,41.762499999999996,481.2083333333333,20.825,23.375,68.79166666666667,27.6,31.0,24.5,80,0.0,1008.1,14.5,25.7,71.0
2023-05-05,20.058333333333334,45.50416666666666,442.25,18.55,19.55,71.91666666666667,27.7,31.7,25.0,80,0.0,1007.6,15.3,25.4,77.0
2023-05-06,20.537499999999998,40.87083333333333,422.0833333333333,17.925,17.908333333333335,73.95833333333333,28.5,33.6,25.3,76,0.0,1007.5,19.6,26.8,82.0
2023-05-07,21.029166666666665,48.387499999999996,352.25,14.166666666666666,15.058333333333332,65.66666666666667,28.4,32.2,25.9,80,0.0,1006.9,20.9,28.3,74.0
2023-05-08,21.59583333333333,43.324999999999996,439.2083333333333,19.0,19.349999999999998,70.45833333333333,28.8,33.0,25.9,79,0.0,1005.9,19.0,29.1,73.0
2023-05-09,29.704166666666666,56.97083333333333,609.8333333333334,27.0,29.166666666666668,67.5,28.4,32.0,24.6,79,0.0,1007.1,15.5,26.6,89.0
2023-05-10,27.400000000000002,48.5375,647.4166666666666,28.5625,26.825,84.20833333333333,29.4,34.6,25.4,71,0.0,1007.7,16.6,26.0,147.0
2023-05-11,25.608333333333334,47.925000000000004,488.0,19.654166666666665,20.341666666666665,87.25,30.2,35.5,26.5,68,0.0,1007.4,21.2,31.1,129.0
2023-05-12,18.220833333333335,30.09583333333333,445.875,17.599999999999998,20.8375,68.58333333333333,30.3,34.5,27.1,66,0.0,1006.6,23.2,34.5,81.0
2023-05-13,17.95,30.741666666666664,514.625,21.416666666666668,24.037499999999998,60.833333333333336,30.1,34.3,27.1,71,0.0,1005.9,25.4,37.1,69.0
2023-05-14,15.041666666666666,29.28333333333333,300.5,10.1,14.387500000000001,59.875,29.6,32.6,27.3,80,0.0,1004.6,24.1,29.6,68.0
2023-05-15,16.358333333333334,34.645833333333336,263.2916666666667,10.016666666666667,13.170833333333333,57.333333333333336,29.6,32.3,27.5,80,0.1,1003.8,23.6,32.8,64.0
2023-05-16,17.654166666666665,33.53333333333333,243.58333333333334,9.295833333333333,10.8375,50.5,29.6,32.1,28.1,81,0.0,1006.1,26.8,35.1,66.0
2023-05-17,16.791666666666668,34.50416666666667,205.875,7.458333333333333,8.745833333333334,53.333333333333336,29.4,31.8,27.9,77,0.6,1007.0,27.4,32.9,69.0
2023-05-18,15.329166666666666,35.63333333333333,270.0833333333333,11.058333333333332,11.479166666666666,55.666666666666664,29.6,32.0,27.9,80,0.0,1009.4,24.5,29.0,65.0
2023-05-19,16.875,42.3375,308.6666666666667,12.75,13.625,53.291666666666664,29.3,32.4,27.6,81,0.0,1009.0,20.2,26.5,65.0
2023-05-20,15.129166666666668,35.625,237.70833333333334,8.895833333333334,9.833333333333334,51.375,29.1,31.8,26.9,78,0.0,1007.6,24.3,30.9,65.0
2023-05-21,16.570833333333333,38.050000000000004,223.125,7.783333333333334,8.904166666666667,52.166666666666664,29.7,32.2,27.8,76,0.0,1007.5,25.3,32.4,64.0
2023-05-22,15.924999999999999,37.291666666666664,234.79166666666666,8.512500000000001,9.508333333333333,54.208333333333336,29.8,32.2,28.2,80,0.0,1007.4,25.1,34.3,65.0
2023-05-23,15.799999999999999,32.27916666666667,294.3333333333333,12.466666666666667,12.9625,47.791666666666664,29.7,32.2,28.0,83,0.4,1007.2,24.2,33.6,63.0
2023-05-24,17.849999999999998,34.266666666666666,308.5,12.049999999999999,13.408333333333333,53.458333333333336,29.9,32.4,28.1,82,0.0,1005.9,26.9,35.5,67.0
2023-05-25,18.308333333333334,34.9625,271.0,9.258333333333333,11.016666666666666,50.375,30.3,32.9,28.7,80,0.0,1004.4,31.4,44.6,67.0
2023-05-26,17.5,33.670833333333334,256.9583333333333,9.262500000000001,10.445833333333333,45.833333333333336,30.2,33.0,28.3,81,0.0,1004.3,30.6,45.1,69.0
2023-05-27,17.75,33.86666666666667,283.4166666666667,11.0625,12.516666666666666,45.666666666666664,30.2,33.0,28.5,79,0.0,1004.2,28.4,38.6,66.0
2023-05-28,14.495833333333332,28.462500000000002,290.6666666666667,11.35,13.370833333333332,44.583333333333336,30.1,32.6,27.9,80,0.0,1004.6,24.0,30.9,67.0
2023-05-29,13.258333333333333,25.95,294.8333333333333,11.762500000000001,14.520833333333334,42.416666666666664,29.9,32.2,27.9,83,0.0,1006.4,21.1,31.7,61.0
2023-05-30,13.362499999999999,27.416666666666668,252.29166666666666,10.0375,11.266666666666666,43.75,29.9,32.4,28.1,76,0.2,1007.9,21.8,28.0,58.0
2023-05-31,13.0375,23.070833333333336,216.41666666666666,8.358333333333333,9.654166666666667,41.541666666666664,29.6,31.5,27.7,74,1.1,1007.5,24.2,34.1,59.0
2023-06-01,14.408333333333333,27.09583333333333,205.75,7.233333333333333,8.041666666666666,45.25,29.9,32.0,28.3,77,1.4,1005.2,30.0,33.7,60.0
2023-06-02,15.904166666666667,31.616666666666664,278.0416666666667,10.695833333333333,12.0375,54.791666666666664,30.0,32.4,28.5,81,0.1,1005.4,23.2,29.7,65.0
2023-06-03,15.450000000000001,33.28333333333333,303.9583333333333,12.429166666666667,13.654166666666667,58.041666666666664,29.9,32.9,28.0,82,0.0,1004.7,24.2,32.7,63.0
2023-06-04,19.795833333333334,47.32083333333333,334.6666666666667,13.375,15.120833333333332,67.75,30.0,33.2,28.1,81,0.0,1005.0,21.9,30.3,70.0
2023-06-05,16.891666666666666,39.50416666666667,295.25,12.370833333333332,13.529166666666667,58.041666666666664,30.0,32.6,28.0,81,0.0,1004.7,20.5,31.1,71.0
2023-06-06,17.966666666666665,37.24583333333333,347.5416666666667,15.358333333333333,16.0,61.416666666666664,30.4,33.2,28.3,81,0.0,1002.8,23.0,31.4,67.0
2023-06-07,20.179166666666667,42.483333333333334,361.0833333333333,15.799999999999999,18.116666666666667,60.041666666666664,30.6,33.2,28.8,81,0.0,1002.0,22.0,26.5,71.0
2023-06-08,16.045833333333334,34.90833333333333,245.08333333333334,9.145833333333334,11.5375,58.125,30.3,32.6,28.7,78,0.0,1003.8,20.5,27.4,71.0
2023-06-09,18.616666666666667,42.104166666666664,219.25,7.9875,9.2875,52.416666666666664,30.2,32.3,28.7,76,0.8,1002.3,23.9,30.3,68.0
2023-06-10,16.695833333333333,37.324999999999996,243.0,9.579166666666667,11.329166666666666,54.75,29.9,32.0,28.3,76,0.2,1000.5,19.7,23.4,71.0
2023-06-11,21.8625,35.11666666666667,515.625,25.170833333333334,26.066666666666666,61.708333333333336,30.0,32.7,27.4,76,0.0,999.8,10.8,19.4,73.0
2023-06-12,61.19583333333333,93.07083333333333,790.375,27.420833333333334,34.458333333333336,147.41666666666666,32.1,36.7,28.3,65,0.0,997.7,15.1,30.9,259.0
2023-06-13,14.308333333333332,33.204166666666666,216.875,12.070833333333333,18.537499999999998,61.291666666666664,31.4,35.4,29.7,64,5.4,997.0,30.6,44.0,154.0
2023-06-14,19.708333333333332,46.71666666666667,177.66666666666666,8.833333333333334,14.1875,63.75,31.0,35.0,28.6,64,0.5,996.8,33.7,40.1,70.0
2023-06-15,17.620833333333334,38.275,171.5,8.416666666666666,11.987499999999999,55.458333333333336,30.4,34.6,28.0,68,0.3,994.6,36.9,45.5,74.0
2023-06-16,21.166666666666668,40.483333333333334,296.875,14.558333333333332,13.483333333333334,66.29166666666667,31.1,34.7,28.6,71,1.3,996.4,25.0,34.9,72.0
2023-06-17,24.991666666666664,63.02916666666667,254.58333333333334,10.299999999999999,11.65,61.041666666666664,30.5,32.4,29.1,81,0.0,1000.2,24.0,32.1,85.0
2023-06-18,27.979166666666668,71.50833333333334,220.08333333333334,8.025,8.604166666666666,59.875,30.3,32.4,29.0,74,0.0,1002.1,27.7,30.1,86.0
2023-06-19,26.420833333333334,71.18333333333334,206.91666666666666,7.125,8.137500000000001,62.416666666666664,30.0,32.1,28.3,75,0.0,1001.7,26.8,29.9,86.0
2023-06-20,24.229166666666668,67.47916666666667,205.375,7.1000000000000005,8.208333333333334,66.25,30.6,32.8,28.9,69,0.0,1000.8,26.7,31.4,83.0
2023-06-21,23.316666666666666,65.55416666666666,224.83333333333334,8.420833333333333,9.5,61.208333333333336,30.6,32.7,29.3,74,1.0,1001.0,26.1,30.3,79.0
2023-06-22,20.675,54.5,224.125,8.5375,9.975,57.625,30.2,32.2,28.8,77,2.2,1001.6,24.8,29.5,77.0
2023-06-23,21.212500000000002,56.81666666666666,210.70833333333334,7.983333333333333,9.466666666666667,55.791666666666664,30.1,32.5,28.5,76,0.4,1001.3,23.9,29.0,74.0
2023-06-24,20.891666666666666,51.25416666666666,221.25,8.558333333333334,10.108333333333333,53.375,30.1,32.0,28.6,78,1.0,1000.0,22.8,27.3,73.0
2023-06-25,19.9375,47.65833333333333,252.29166666666666,9.5,11.633333333333333,58.541666666666664,30.3,32.1,28.7,79,0.5,999.3,22.2,27.2,72.0
2023-06-26,21.712500000000002,50.48333333333333,267.7916666666667,9.433333333333334,13.424999999999999,63.041666666666664,30.5,32.9,28.5,77,0.8,1000.0,22.9,28.3,74.0
2023-06-27,24.120833333333334,63.80833333333334,246.25,8.891666666666667,11.779166666666667,64.125,30.6,32.8,28.9,76,0.8,1000.6,19.7,22.2,78.0
2023-06-28,21.1375,58.112500000000004,159.91666666666666,6.666666666666667,4.366666666666666,54.875,30.8,33.3,28.9,76,0.0,1001.5,20.6,25.7,79.0
2023-06-29,15.095833333333333,38.891666666666666,148.625,6.191666666666666,3.7875,51.666666666666664,31.1,34.1,28.7,73,0.3,1001.3,25.4,29.4,73.0
2023-06-30,17.712500000000002,45.69166666666666,147.83333333333334,5.841666666666666,3.5,49.958333333333336,30.8,33.0,29.1,73,1.0,1000.0,30.1,34.7,66.0
2023-07-01,24.804166666666664,72.8125,150.875,6.491666666666667,4.016666666666667,50.5,30.8,33.7,28.9,74,1.1,1000.2,23.8,28.0,80.0
2023-07-02,25.599999999999998,94.50416666666666,165.25,7.875,5.291666666666667,58.458333333333336,30.7,32.9,28.9,76,0.4,1001.3,18.0,22.0,83.0
2023-07-03,25.020833333333332,114.375,156.0,8.145833333333334,5.541666666666667,55.875,30.7,33.5,28.7,78,0.4,1000.9,17.4,24.6,81.0
2023-07-04,25.895833333333332,107.65416666666665,156.25,6.6375,4.908333333333333,57.208333333333336,30.6,33.2,28.5,74,0.1,998.9,21.5,28.0,84.0
2023-07-05,27.395833333333332,101.91250000000001,147.70833333333334,5.9750000000000005,4.316666666666666,64.54166666666667,30.9,33.1,29.1,72,0.6,996.5,22.9,25.6,85.0
2023-07-06,34.541666666666664,142.74166666666667,181.0,8.854166666666666,6.308333333333334,68.91666666666667,30.8,33.6,28.9,74,0.1,998.6,15.9,21.3,98.0
2023-07-07,31.6375,137.5375,190.83333333333334,10.195833333333333,6.241666666666667,62.416666666666664,31.7,35.5,29.1,73,0.0,999.8,17.3,25.1,99.0
2023-07-08,38.949999999999996,201.79166666666666,193.75,11.008333333333333,5.716666666666666,61.916666666666664,31.3,34.9,29.4,73,4.0,1000.1,17.9,22.4,122.0
2023-07-09,36.579166666666666,209.97916666666666,175.875,9.320833333333333,5.5,63.333333333333336,31.0,33.9,28.8,74,0.1,1001.0,19.2,26.1,130.0
2023-07-10,29.266666666666666,142.59583333333333,144.125,6.704166666666667,4.4750000000000005,58.208333333333336,31.0,33.7,28.7,67,0.0,1002.0,21.9,27.9,129.0
2023-07-11,29.65416666666667,113.32916666666667,148.625,6.391666666666667,4.1875,58.875,31.3,34.1,29.5,64,0.0,1002.9,23.5,26.9,94.0
2023-07-12,28.075,116.82916666666667,140.04166666666666,5.8875,3.8666666666666667,56.625,31.1,33.5,29.1,65,0.0,1001.7,24.8,29.4,89.0
2023-07-13,25.870833333333334,121.05833333333334,134.25,5.7875000000000005,3.8499999999999996,57.25,31.0,33.5,29.2,67,0.1,1000.9,24.6,29.8,86.0
2023-07-14,28.770833333333332,109.41250000000001,131.08333333333334,5.591666666666666,3.9125,54.75,30.8,34.0,29.0,67,0.2,1002.0,25.0,29.8,87.0
2023-07-15,27.7625,89.37916666666666,127.29166666666667,5.6125,3.6374999999999997,51.458333333333336,30.5,33.4,28.5,69,0.0,1002.1,28.3,34.3,87.0
2023-07-16,34.525,108.42916666666667,141.0,6.075,3.720833333333333,54.208333333333336,30.4,32.9,29.0,68,0.0,1001.3,26.4,29.7,98.0
2023-07-17,29.433333333333334,97.9875,152.0,6.833333333333333,4.3875,56.0,30.8,33.5,29.0,71,0.2,1000.7,22.2,26.9,98.0
2023-07-18,24.34166666666667,79.39166666666667,149.33333333333334,6.7749999999999995,4.4125000000000005,53.958333333333336,30.2,33.1,28.5,74,0.6,999.9,23.8,30.7,89.0
2023-07-19,22.329166666666666,75.69166666666666,142.83333333333334,7.270833333333333,4.570833333333334,54.083333333333336,30.1,32.5,28.1,74,0.1,998.2,23.1,29.6,79.0
2023-07-20,28.179166666666664,110.34583333333335,182.5,10.595833333333333,6.8999999999999995,55.416666666666664,30.5,33.4,28.5,72,0.0,998.9,18.8,27.8,86.0
2023-07-21,21.0,77.78750000000001,178.20833333333334,9.549999999999999,6.145833333333333,52.166666666666664,30.4,32.7,28.5,76,4.7,1000.6,18.4,26.4,86.0
2023-07-22,22.870833333333334,85.2,187.0,10.070833333333333,6.0874999999999995,59.375,30.5,33.4,28.7,77,0.2,1001.8,16.9,20.2,76.0
2023-07-23,18.95,41.112500000000004,279.4166666666667,14.604166666666666,9.054166666666667,75.91666666666667,30.1,35.7,27.4,82,27.5,1000.5,11.1,24.4,76.0
2023-07-24,15.116666666666667,24.0,309.5,15.891666666666666,10.125,81.54166666666667,28.1,29.9,26.8,89,16.4,998.7,14.3,23.9,70.0
2023-07-25,24.066666666666666,57.37083333333334,287.3333333333333,21.412499999999998,9.0875,51.875,28.5,30.3,26.7,85,7.0,1000.8,10.8,17.1,78.0
2023-07-26,22.508333333333336,49.2125,261.4166666666667,17.425,9.5875,61.958333333333336,28.8,30.6,27.3,83,0.6,1002.8,12.5,21.0,80.0
2023-07-27,20.125,53.0875,184.5,10.5875,4.5625,51.75,28.8,30.8,27.3,83,0.9,1003.4,20.6,29.3,76.0
2023-07-28,19.704166666666666,55.93333333333334,163.83333333333334,8.15,3.7916666666666665,46.5,28.7,30.6,27.5,82,0.2,1002.2,27.2,33.4,71.0
2023-07-29,20.408333333333335,75.26666666666667,148.95833333333334,8.633333333333333,3.7125,42.333333333333336,28.7,30.5,27.3,81,0.9,1001.1,28.4,34.3,71.0
2023-07-30,23.104166666666668,85.98333333333333,163.79166666666666,9.799999999999999,4.0625,41.5,28.7,30.6,27.3,83,0.8,1000.8,24.7,30.9,77.0
2023-07-31,21.400000000000002,77.63333333333334,163.875,9.4875,4.154166666666667,39.708333333333336,28.7,30.7,27.3,85,1.3,1000.5,24.7,31.9,77.0
2023-08-01,20.724999999999998,72.02499999999999,160.83333333333334,8.770833333333334,3.9875000000000003,42.708333333333336,28.6,30.5,27.2,85,1.1,1000.2,26.7,33.0,75.0
2023-08-02,21.208333333333332,68.73333333333333,157.08333333333334,7.5375000000000005,3.716666666666667,48.791666666666664,28.6,30.6,27.3,83,1.4,1000.2,29.4,35.0,73.0
2023-08-03,23.95,91.36666666666667,156.79166666666666,7.529166666666666,4.0625,51.208333333333336,28.5,30.5,27.1,82,0.8,999.6,24.8,28.7,78.0
2023-08-04,26.754166666666666,109.07083333333333,159.625,8.529166666666667,4.495833333333334,50.958333333333336,28.4,30.5,26.9,83,0.9,1001.0,20.5,26.5,86.0
2023-08-05,23.229166666666668,108.2625,151.20833333333334,7.195833333333333,4.241666666666666,55.083333333333336,28.3,30.5,26.7,82,0.9,1003.5,21.9,29.7,83.0
2023-08-06,23.483333333333334,100.28750000000001,142.0,5.845833333333334,3.3708333333333336,50.041666666666664,28.2,30.0,26.7,80,0.7,1002.5,30.7,37.4,81.0
2023-08-07,26.541666666666668,101.7625,145.5,5.804166666666667,3.0708333333333333,48.791666666666664,28.0,30.0,26.7,80,1.7,999.9,33.2,39.3,83.0
2023-08-08,21.920833333333334,66.89166666666667,139.16666666666666,6.270833333333333,3.3666666666666667,48.125,28.0,29.9,26.7,82,2.2,1000.3,29.4,34.8,83.0
2023-08-09,20.058333333333334,58.833333333333336,145.45833333333334,6.504166666666666,3.5666666666666664,46.583333333333336,27.9,30.1,26.6,82,0.8,1003.5,28.4,35.8,74.0
2023-08-10,18.724999999999998,54.11666666666667,146.33333333333334,7.166666666666667,3.670833333333333,46.083333333333336,27.8,30.0,26.4,82,1.6,1004.5,27.6,36.8,71.0
2023-08-11,19.462500000000002,55.42083333333333,138.875,7.208333333333333,3.6916666666666664,45.708333333333336,27.7,29.8,26.2,82,1.3,1004.9,26.4,33.6,71.0
2023-08-12,18.533333333333335,50.42083333333333,136.20833333333334,6.2250000000000005,3.3166666666666664,44.833333333333336,27.6,29.5,26.1,81,0.8,1004.4,30.8,38.8,70.0
2023-08-13,18.9375,56.237500000000004,135.375,6.191666666666666,3.275,46.583333333333336,27.6,29.6,26.2,81,0.6,1001.2,31.0,37.1,69.0
2023-08-14,17.6375,54.30416666666667,136.70833333333334,7.2875000000000005,3.8874999999999997,49.041666666666664,27.7,30.4,26.1,84,0.0,1001.2,26.0,30.9,69.0
2023-08-15,16.229166666666668,58.35833333333333,136.375,8.125,4.758333333333334,46.291666666666664,27.6,29.6,26.0,84,0.5,1003.3,20.2,24.8,66.0
2023-08-16,13.899999999999999,49.74583333333334,151.875,7.295833333333333,4.358333333333333,44.833333333333336,27.5,29.7,25.8,81,0.0,1005.6,21.0,28.7,64.0
2023-08-17,13.762500000000001,34.02916666666667,140.58333333333334,5.879166666666666,3.2125,39.791666666666664,27.3,29.7,25.5,77,0.2,1006.0,29.7,37.9,60.0
2023-08-18,16.258333333333333,43.9125,138.54166666666666,5.75,3.108333333333333,42.75,27.3,30.3,25.2,76,0.0,1004.9,29.2,35.8,64.0
2023-08-19,15.691666666666668,59.07916666666667,132.25,6.354166666666667,3.5124999999999997,49.208333333333336,27.2,30.0,25.2,79,0.1,1004.6,25.3,29.9,64.0
2023-08-20,15.329166666666666,63.86666666666667,125.91666666666667,7.316666666666666,4.0,47.0,27.3,30.5,24.9,79,0.0,1004.9,22.6,27.1,63.0
2023-08-21,14.479166666666666,53.237500000000004,127.79166666666667,6.466666666666666,3.6833333333333336,44.708333333333336,27.4,30.1,25.5,80,0.0,1004.6,25.7,32.1,62.0
2023-08-22,14.620833333333332,40.80833333333333,128.08333333333334,6.366666666666667,3.5083333333333333,41.708333333333336,27.2,29.7,25.4,80,0.6,1003.8,26.1,33.6,60.0
2023-08-23,15.866666666666667,40.0,142.08333333333334,7.016666666666667,3.3000000000000003,38.5,26.8,28.8,25.4,81,1.9,1001.8,27.6,35.1,63.0
2023-08-24,16.654166666666665,42.4625,145.5,7.633333333333333,3.525,39.958333333333336,26.8,28.9,25.5,85,2.0,999.8,26.9,33.9,64.0
2023-08-25,17.983333333333334,48.26666666666667,133.29166666666666,8.358333333333333,3.954166666666667,43.291666666666664,26.8,28.8,25.5,84,2.1,1000.2,23.0,30.7,68.0
2023-08-26,16.383333333333333,46.262499999999996,127.54166666666667,7.816666666666666,4.041666666666667,40.875,26.7,28.9,25.2,85,2.4,1002.5,21.9,30.1,67.0
2023-08-27,15.591666666666667,39.979166666666664,133.83333333333334,7.929166666666667,4.0375000000000005,39.833333333333336,26.9,29.2,25.5,83,1.0,1004.3,23.3,30.4,64.0
2023-08-28,18.820833333333333,51.01666666666667,138.66666666666666,6.925,3.545833333333333,44.791666666666664,26.9,29.3,25.3,83,1.1,1003.3,26.8,33.9,68.0
2023-08-29,16.445833333333333,42.47083333333333,148.375,7.954166666666667,4.083333333333333,43.208333333333336,26.9,29.4,25.5,84,0.7,1004.1,21.8,29.6,69.0
2023-08-30,15.725,54.520833333333336,148.70833333333334,8.695833333333333,4.8875,46.916666666666664,27.0,29.7,25.3,82,0.5,1006.8,16.8,21.7,64.0
2023-08-31,16.925,72.08333333333333,140.45833333333334,8.9,5.170833333333333,45.625,27.0,30.0,25.2,81,0.2,1007.4,16.2,22.9,65.0
2023-09-01,17.979166666666668,78.8875,163.33333333333334,11.120833333333332,5.879166666666666,45.916666666666664,26.7,29.4,24.4,81,0.0,1007.7,13.9,18.4,68.0
2023-09-02,18.425,77.6125,149.95833333333334,8.770833333333334,4.95,49.458333333333336,27.2,30.3,24.8,76,0.0,1007.3,18.3,24.0,68.0
2023-09-03,19.412499999999998,61.895833333333336,147.70833333333334,7.491666666666667,4.220833333333333,46.791666666666664,27.4,30.0,25.3,76,0.9,1005.8,21.5,27.1,69.0
2023-09-04,21.733333333333334,62.98333333333333,153.08333333333334,7.845833333333334,3.9125,45.541666666666664,27.6,30.3,25.6,76,0.1,1004.6,22.3,29.2,74.0
2023-09-05,20.545833333333334,60.74583333333334,165.0,9.441666666666666,4.779166666666667,46.5,27.6,30.0,25.7,78,0.5,1004.7,17.7,24.2,74.0
2023-09-06,23.483333333333334,76.97916666666667,183.875,11.866666666666667,5.966666666666666,51.75,27.8,31.3,25.3,80,0.0,1005.7,13.8,22.0,78.0
2023-09-07,20.191666666666666,66.2625,153.95833333333334,9.383333333333335,4.5874999999999995,50.5,28.2,32.0,25.7,80,0.0,1005.5,19.4,25.9,77.0
2023-09-08,21.320833333333333,64.8625,157.41666666666666,8.200000000000001,4.083333333333333,50.125,28.1,31.6,25.9,81,0.0,1005.0,23.2,30.8,75.0
2023-09-09,16.108333333333334,49.362500000000004,154.91666666666666,7.7250000000000005,3.9125,46.958333333333336,28.0,31.2,26.1,79,0.0,1004.1,25.2,30.6,73.0
2023-09-10,14.170833333333334,32.77916666666667,152.16666666666666,7.3374999999999995,3.766666666666667,48.416666666666664,27.9,31.2,25.9,80,0.0,1002.9,26.1,32.4,63.0
2023-09-11,16.070833333333333,37.204166666666666,130.08333333333334,6.791666666666667,3.6125000000000003,49.833333333333336,28.0,31.1,26.2,78,0.0,1003.4,26.6,35.7,63.0
2023-09-12,16.150000000000002,35.725,119.16666666666667,6.504166666666666,3.5583333333333336,50.75,28.0,30.9,26.2,76,0.0,1003.9,25.2,31.8,65.0
2023-09-13,16.120833333333334,35.729166666666664,134.79166666666666,7.333333333333333,3.8833333333333333,48.75,27.8,30.8,26.0,78,0.4,1003.4,20.6,28.7,63.0
2023-09-14,17.6375,40.987500000000004,156.625,9.049999999999999,4.883333333333334,43.125,27.8,30.3,25.7,81,0.1,1004.3,16.1,22.3,66.0
2023-09-15,17.349999999999998,43.262499999999996,167.33333333333334,10.666666666666666,5.879166666666666,43.666666666666664,27.8,30.7,25.5,81,0.0,1005.1,13.7,21.4,70.0
2023-09-16,16.104166666666668,37.7875,145.20833333333334,8.408333333333333,4.829166666666667,44.25,28.5,31.2,26.3,79,0.3,1004.2,17.3,22.6,66.0
2023-09-17,20.604166666666668,58.71666666666667,157.95833333333334,9.4,5.141666666666667,48.875,28.9,32.2,26.7,79,0.0,1002.0,19.9,29.1,72.0
2023-09-18,19.645833333333332,74.40416666666667,184.75,11.254166666666668,5.375,51.291666666666664,29.3,33.1,26.5,80,0.0,1001.3,19.8,32.0,72.0
2023-09-19,22.370833333333334,72.52499999999999,249.08333333333334,15.754166666666668,6.158333333333334,55.625,29.8,34.9,26.7,77,0.0,1003.3,20.0,27.2,74.0
2023-09-20,24.087500000000002,65.76666666666667,309.0416666666667,21.71666666666667,6.508333333333333,42.916666666666664,28.9,34.1,26.8,81,12.0,1003.8,17.6,24.0,82.0
2023-09-21,19.904166666666665,44.425000000000004,330.3333333333333,20.599999999999998,10.154166666666667,73.04166666666667,29.5,34.0,26.9,80,3.5,1003.7,11.9,21.0,101.0
2023-09-22,24.575,73.58749999999999,298.5833333333333,21.629166666666666,10.054166666666667,57.166666666666664,28.2,30.9,26.0,85,0.0,1004.7,10.2,19.4,82.0
2023-09-23,24.866666666666664,92.40416666666665,199.66666666666666,13.5375,6.283333333333334,52.333333333333336,29.0,31.9,26.9,83,0.0,1005.7,13.6,22.5,80.0
2023-09-24,42.199999999999996,196.775,185.375,10.154166666666667,4.804166666666666,58.916666666666664,28.5,31.1,26.8,77,0.0,1006.1,19.0,24.9,117.0
2023-09-25,70.67916666666666,294.48333333333335,232.16666666666666,13.583333333333334,5.6875,65.29166666666667,27.9,31.1,25.5,75,0.0,1005.3,15.3,20.7,170.0
2023-09-26,61.62916666666666,229.875,496.5416666666667,29.620833333333334,11.8375,68.25,26.9,30.8,22.5,76,0.0,1007.1,10.2,19.4,185.0
2023-09-27,37.125,139.07500000000002,298.5416666666667,20.6375,10.266666666666667,72.70833333333333,28.6,34.1,24.6,74,0.0,1007.7,13.0,24.5,154.0
2023-09-28,29.9375,86.16666666666667,278.0416666666667,19.066666666666666,6.95,63.333333333333336,29.6,36.4,25.5,70,0.0,1006.9,15.0,21.4,104.0
2023-09-29,29.25,104.30416666666667,252.83333333333334,15.3125,6.133333333333333,68.29166666666667,28.8,35.1,25.0,78,0.0,1006.4,13.0,20.4,90.0
2023-09-30,40.12083333333333,155.32083333333333,373.625,24.166666666666668,8.762500000000001,74.70833333333333,30.4,39.5,24.4,58,0.0,1006.6,12.6,26.7,110.0
2023-10-01,41.449999999999996,130.99583333333334,441.2916666666667,24.704166666666666,13.983333333333334,96.83333333333333,29.9,36.9,23.2,44,0.0,1006.2,13.7,22.4,164.0
2023-10-02,25.016666666666666,79.1125,336.7083333333333,22.275000000000002,7.720833333333334,74.5,28.6,34.8,23.2,67,0.0,1007.1,13.3,24.3,115.0
2023-10-03,19.545833333333334,56.550000000000004,238.0,16.3875,6.404166666666666,57.666666666666664,28.3,31.8,25.0,84,0.0,1008.6,14.4,25.0,80.0
2023-10-04,21.96666666666667,60.17083333333333,220.04166666666666,14.25,6.0,62.0,28.6,32.0,25.9,81,0.0,1009.3,14.4,23.4,74.0
2023-10-05,23.816666666666666,66.71249999999999,205.41666666666666,10.195833333333333,5.4624999999999995,73.29166666666667,28.8,31.7,26.1,77,0.0,1008.8,16.5,24.5,77.0
2023-10-06,26.858333333333334,73.5625,194.95833333333334,8.450000000000001,4.429166666666666,70.04166666666667,28.9,31.5,26.9,73,0.0,1007.7,19.5,26.9,84.0
2023-10-07,25.02916666666667,67.60000000000001,194.83333333333334,9.141666666666667,4.1625,65.375,28.8,30.7,27.4,74,0.3,1008.3,19.4,26.5,84.0
2023-10-08,28.958333333333332,110.63333333333334,187.08333333333334,9.445833333333333,4.258333333333334,61.75,29.0,31.6,27.1,77,0.9,1009.9,19.8,27.2,87.0
2023-10-09,26.40416666666667,99.89583333333333,172.58333333333334,8.054166666666667,3.8208333333333333,62.75,29.0,32.1,27.2,78,0.0,1010.8,22.2,30.6,88.0
2023-10-10,21.95,83.30416666666666,185.875,9.383333333333333,4.129166666666666,59.708333333333336,28.8,32.0,26.8,77,0.0,1010.5,20.4,29.6,83.0
2023-10-11,17.591666666666665,55.4375,225.25,13.145833333333334,5.883333333333333,56.208333333333336,28.7,32.3,26.2,79,0.0,1011.5,14.5,22.1,74.0
2023-10-12,18.837500000000002,58.85833333333333,221.29166666666666,12.7875,6.041666666666667,55.583333333333336,28.4,31.9,25.9,78,0.0,1012.1,14.0,22.2,68.0
2023-10-13,19.8125,61.62916666666666,219.875,13.0,5.9125000000000005,56.208333333333336,28.3,31.9,25.8,75,0.0,1012.9,14.2,21.2,71.0
2023-10-14,20.954166666666666,58.85833333333334,196.54166666666666,11.529166666666667,4.870833333333334,55.166666666666664,28.2,31.5,25.3,73,0.0,1012.3,16.5,24.5,72.0
2023-10-15,29.349999999999998,102.72500000000001,181.625,10.0375,4.083333333333333,54.0,28.9,31.8,27.0,71,0.3,1010.5,20.4,26.2,88.0
2023-10-16,25.625,71.15833333333333,181.20833333333334,9.633333333333333,3.85,58.25,27.9,31.1,23.6,75,1.2,1010.5,21.4,29.7,93.0
2023-10-17,21.379166666666666,60.791666666666664,213.66666666666666,12.179166666666667,4.691666666666666,60.125,28.0,31.0,24.8,76,0.9,1012.1,15.3,24.3,81.0
2023-10-18,33.59166666666667,68.08333333333333,511.8333333333333,32.61666666666667,12.520833333333334,65.54166666666667,28.6,34.5,24.5,67,0.0,1015.1,12.2,21.3,94.0
2023-10-19,43.59166666666667,89.58749999999999,661.375,40.05416666666667,12.133333333333333,76.70833333333333,27.8,32.2,23.8,69,0.0,1014.6,12.3,20.8,124.0
2023-10-20,27.920833333333334,60.49583333333334,331.625,18.925,7.358333333333333,66.58333333333333,28.2,32.1,25.1,78,0.0,1014.0,12.2,19.4,120.0
2023-10-21,28.95,65.25416666666666,429.3333333333333,28.087500000000002,10.4125,61.583333333333336,28.5,34.3,24.7,75,0.0,1014.2,11.2,17.1,88.0
2023-10-22,27.883333333333336,73.13333333333334,397.75,27.0125,7.5249999999999995,50.0,27.8,32.6,24.5,80,0.0,1014.7,12.8,21.2,89.0
2023-10-23,30.420833333333334,65.45416666666667,445.4166666666667,28.84583333333333,10.158333333333333,62.75,28.0,33.9,24.3,79,0.0,1014.0,10.6,18.9,100.0
2023-10-24,31.766666666666666,64.94166666666666,412.4166666666667,26.40833333333333,9.75,61.875,28.0,33.9,23.5,77,0.0,1013.0,11.3,19.2,95.0
2023-10-25,29.037499999999998,61.225,437.7083333333333,25.704166666666666,7.654166666666666,57.666666666666664,28.5,34.6,24.4,76,0.0,1014.5,13.2,18.5,93.0
2023-10-26,28.3,58.5625,407.2083333333333,25.27916666666667,7.45,57.625,28.2,34.0,24.6,75,0.0,1014.5,13.5,21.7,88.0
2023-10-27,30.84583333333333,59.333333333333336,324.0416666666667,19.545833333333334,5.966666666666666,63.791666666666664,28.2,32.3,24.8,77,0.0,1012.4,14.8,21.3,91.0
2023-10-28,29.775000000000002,63.74583333333334,339.0416666666667,21.96666666666667,8.975,69.125,28.5,34.1,25.4,74,0.6,1012.3,11.5,21.6,93.0
2023-10-29,28.270833333333332,58.82083333333333,439.5416666666667,30.608333333333334,11.458333333333334,70.5,27.6,33.8,23.1,75,0.0,1013.1,9.3,18.0,109.0
2023-10-30,23.329166666666666,44.61666666666667,393.75,24.683333333333334,9.166666666666666,81.45833333333333,28.4,35.0,23.0,64,0.0,1013.2,11.7,18.0,130.0
2023-10-31,26.108333333333334,47.15416666666667,460.75,30.712500000000002,12.479166666666666,82.70833333333333,29.6,36.6,22.9,38,0.0,1013.3,12.8,18.4,100.0
2023-11-01,32.72083333333333,57.13333333333333,565.2083333333334,35.333333333333336,13.4,84.0,29.9,35.7,23.7,30,0.0,1014.0,10.3,19.8,107.0
2023-11-02,40.74166666666667,71.03333333333333,609.125,30.40833333333333,15.354166666666666,101.54166666666667,29.3,35.4,23.5,36,0.0,1013.7,12.2,25.5,160.0
2023-11-03,36.44583333333333,67.06666666666666,427.1666666666667,23.354166666666668,7.104166666666667,86.33333333333333,28.9,34.8,24.3,58,0.0,1011.7,15.5,25.6,113.0
2023-11-04,38.425000000000004,68.39999999999999,415.625,23.354166666666668,6.791666666666667,76.83333333333333,28.0,32.1,24.6,76,0.0,1011.2,12.3,21.6,107.0
2023-11-05,33.0625,60.19583333333333,500.25,28.52916666666667,8.120833333333334,74.66666666666667,28.0,34.8,23.8,72,0.0,1012.9,10.8,15.6,108.0
2023-11-06,37.9125,71.37916666666666,505.375,23.895833333333332,12.433333333333332,91.29166666666667,28.3,35.0,22.3,58,0.0,1013.5,11.2,17.9,114.0
2023-11-07,49.975,86.45,780.0833333333334,41.916666666666664,16.608333333333334,76.16666666666667,28.3,34.1,23.1,44,0.0,1013.6,11.5,18.0,132.0
2023-11-08,61.1625,104.60833333333333,885.2916666666666,44.69583333333333,18.900000000000002,65.04166666666667,27.5,32.5,22.5,49,0.0,1013.4,9.2,16.0,157.0
2023-11-09,56.395833333333336,98.08749999999999,616.0416666666666,26.745833333333334,13.0,101.375,27.5,33.4,22.3,62,0.0,1013.5,10.5,23.5,154.0
2023-11-10,29.037499999999998,62.958333333333336,495.3333333333333,29.779166666666665,10.029166666666667,68.91666666666667,27.7,34.7,22.2,51,0.0,1014.6,13.0,16.8,151.0
2023-11-11,22.150000000000002,34.94583333333333,451.2916666666667,24.266666666666666,13.208333333333334,72.0,25.9,33.4,18.8,35,0.0,1017.6,11.2,17.3,88.0
2023-11-12,26.858333333333334,41.108333333333334,579.5416666666666,30.554166666666664,22.504166666666666,81.125,25.2,31.7,18.8,44,0.0,1017.7,11.0,19.1,116.0
2023-11-13,34.1,54.04583333333333,772.9166666666666,43.80416666666667,20.545833333333334,73.66666666666667,24.5,30.3,18.8,57,0.0,1016.5,10.0,16.3,125.0
2023-11-14,27.179166666666664,41.987500000000004,570.5833333333334,32.09166666666667,16.858333333333334,66.16666666666667,25.8,31.9,19.8,42,0.0,1016.3,14.6,21.5,97.0
2023-11-15,36.40416666666667,53.74166666666667,451.2916666666667,15.208333333333334,13.858333333333334,102.75,25.7,31.3,20.4,35,0.0,1016.6,17.7,25.3,104.0
2023-11-16,49.020833333333336,72.93333333333334,529.9583333333334,18.004166666666666,17.154166666666665,103.20833333333333,25.3,31.4,19.6,33,0.0,1016.7,14.2,19.2,134.0
2023-11-17,40.77916666666667,60.6,499.0416666666667,18.291666666666668,14.237499999999999,96.625,24.8,30.1,20.3,33,0.0,1016.7,17.4,26.0,135.0
2023-11-18,75.42916666666666,114.80416666666667,733.5833333333334,29.175,17.75,94.25,24.5,30.1,19.2,31,0.0,1015.4,11.8,17.9,162.0
2023-11-19,97.7375,150.23749999999998,738.3333333333334,25.016666666666666,17.933333333333334,96.5,24.4,31.3,18.0,36,0.0,1015.6,11.0,14.5,180.0
2023-11-20,87.15416666666665,131.475,663.75,14.970833333333333,15.220833333333333,120.875,25.3,31.6,19.7,35,0.0,1016.2,18.4,25.6,185.0
2023-11-21,74.0125,110.37083333333334,645.7083333333334,14.708333333333334,18.087500000000002,119.95833333333333,25.9,31.7,20.9,33,0.0,1016.0,18.5,24.9,173.0
2023-11-22,63.800000000000004,96.88333333333333,685.7916666666666,24.21666666666667,18.520833333333332,105.66666666666667,24.1,29.9,17.7,45,0.0,1014.7,11.6,19.5,163.0
2023-11-23,46.9375,89.44583333333333,698.5,31.05,20.679166666666667,107.45833333333333,25.9,31.7,22.3,66,0.0,1011.5,10.5,17.6,166.0
2023-11-24,46.19583333333333,83.16666666666667,699.2083333333334,26.21666666666667,19.599999999999998,85.58333333333333,25.6,31.6,19.6,61,0.0,1012.9,12.4,23.2,129.0
2023-11-25,55.9125,84.075,588.2083333333334,11.870833333333332,16.791666666666668,112.16666666666667,26.6,31.8,22.5,38,0.0,1013.6,24.4,29.3,150.0
2023-11-26,55.862500000000004,85.80833333333334,449.75,15.066666666666668,11.554166666666667,99.70833333333333,22.0,26.6,18.2,59,3.8,1014.6,18.9,33.2,154.0
2023-11-27,52.92916666666667,80.10833333333333,596.25,19.841666666666665,16.004166666666666,86.54166666666667,20.7,26.4,16.3,65,0.0,1014.7,13.3,21.2,150.0
2023-11-28,59.40416666666667,88.36666666666667,677.4166666666666,19.541666666666668,19.233333333333334,101.54166666666667,21.1,27.8,16.4,58,0.0,1015.2,13.7,20.0,153.0
2023-11-29,55.0375,81.61666666666666,676.7083333333334,22.383333333333336,19.5,94.70833333333333,21.0,28.0,15.8,56,0.0,1015.5,12.9,20.5,157.0
2023-11-30,53.12083333333334,81.79583333333333,933.0416666666666,41.708333333333336,20.954166666666666,73.20833333333333,21.6,28.3,15.8,61,0.0,1015.7,9.0,15.3,149.0
2023-12-01,37.016666666666666,54.449999999999996,708.4166666666666,34.55833333333333,16.766666666666666,72.08333333333333,22.7,29.7,16.8,52,0.0,1016.5,11.4,15.1,144.0
2023-12-02,40.53333333333333,60.6875,492.3333333333333,13.4375,13.695833333333333,87.375,22.6,28.7,18.0,49,0.0,1016.5,17.2,24.7,111.0
2023-12-03,39.05833333333333,58.12083333333333,537.2916666666666,14.725,16.308333333333334,90.33333333333333,22.5,28.8,17.7,50,0.0,1017.0,17.5,23.6,124.0
2023-12-04,38.875,59.025,534.6666666666666,17.9375,18.316666666666666,86.5,22.0,29.3,16.6,51,0.0,1016.5,11.4,15.1,109.0
2023-12-05,29.666666666666668,45.8375,515.625,19.483333333333334,15.887500000000001,82.08333333333333,21.7,28.6,16.2,47,0.0,1015.8,13.3,20.7,108.0
2023-12-06,25.491666666666664,38.391666666666666,469.9583333333333,16.691666666666666,13.370833333333332,85.0,21.5,28.2,16.3,43,0.0,1016.1,16.2,23.9,89.0
2023-12-07,27.991666666666664,41.1,492.875,17.791666666666668,14.5625,90.16666666666667,21.6,28.0,16.1,40,0.0,1016.3,15.6,21.7,85.0
2023-12-08,28.270833333333332,42.175000000000004,600.2083333333334,27.4875,20.295833333333334,86.58333333333333,20.8,27.0,14.7,54,0.0,1015.6,10.0,18.3,125.0
2023-12-09,22.229166666666668,54.199999999999996,520.2083333333334,34.704166666666666,12.833333333333334,63.833333333333336,22.2,28.4,17.4,72,0.0,1015.8,8.3,18.8,86.0
2023-12-10,39.93333333333333,70.74583333333334,777.5833333333334,40.21666666666667,32.020833333333336,79.79166666666667,20.9,26.6,15.0,62,0.0,1015.4,9.0,13.8,136.0
2023-12-11,22.849999999999998,46.42083333333333,516.75,33.112500000000004,11.508333333333333,57.708333333333336,21.1,26.9,15.4,78,0.0,1014.2,10.2,18.5,111.0
2023-12-12,31.733333333333334,62.625,638.125,43.0875,23.72083333333333,68.04166666666667,21.5,27.0,16.0,70,0.0,1012.7,7.6,12.0,116.0
2023-12-13,34.6625,59.39166666666667,528.125,21.3125,22.912499999999998,82.45833333333333,22.2,28.4,16.2,46,0.0,1014.8,12.7,16.5,104.0
2023-12-14,35.03333333333333,63.13333333333333,643.3333333333334,28.787499999999998,22.45,80.54166666666667,21.3,27.6,15.2,47,0.0,1015.9,11.4,14.5,99.0
2023-12-15,32.96666666666667,55.88333333333333,601.875,33.38333333333333,25.329166666666666,84.70833333333333,21.0,27.2,14.8,47,0.0,1016.5,9.4,12.6,112.0
2023-12-16,39.550000000000004,64.60416666666667,727.5416666666666,40.699999999999996,18.379166666666666,73.04166666666667,21.2,27.3,15.3,62,0.0,1017.0,9.4,18.2,117.0
2023-12-17,40.391666666666666,74.42083333333333,625.25,29.474999999999998,21.258333333333333,81.95833333333333,21.4,26.5,15.9,57,0.0,1017.6,11.0,19.0,128.0
2023-12-18,29.733333333333334,49.416666666666664,467.5,12.416666666666666,16.541666666666668,92.54166666666667,21.2,26.6,16.7,36,0.0,1019.9,21.9,30.8,112.0
2023-12-19,34.5375,54.40416666666667,541.0,15.012500000000001,20.258333333333333,101.16666666666667,21.0,26.1,17.0,34,0.0,1020.0,20.2,28.5,111.0
2023-12-20,27.891666666666666,43.03333333333333,499.0,18.05,19.404166666666665,95.83333333333333,20.7,26.4,15.7,33,0.0,1019.2,15.3,20.1,98.0
2023-12-21,23.150000000000002,34.15833333333333,530.5416666666666,24.579166666666666,21.40416666666667,88.33333333333333,20.5,27.0,14.1,36,0.0,1017.1,10.3,15.0,99.0
2023-12-22,23.875,34.75,607.7916666666666,29.575,19.099999999999998,83.33333333333333,22.0,27.7,17.0,34,0.0,1015.8,10.5,18.6,94.0
2023-12-23,22.28333333333333,32.63333333333333,444.0416666666667,17.95,16.091666666666665,84.625,21.6,28.8,15.4,32,0.0,1017.1,15.2,20.9,78.0
2023-12-24,45.85833333333333,66.54166666666667,658.0416666666666,11.1625,22.0625,122.45833333333333,22.7,28.9,17.7,34,0.0,1019.3,22.2,27.8,129.0
2023-12-25,45.40416666666667,67.19166666666666,730.9583333333334,29.370833333333334,24.170833333333334,105.04166666666667,22.1,28.4,17.2,39,0.0,1019.0,13.5,22.2,128.0
2023-12-26,52.55416666666667,78.59583333333333,929.1666666666666,32.37916666666667,22.53333333333333,101.95833333333333,19.9,26.2,13.2,59,0.0,1018.0,9.6,16.6,170.0
2023-12-27,37.31666666666667,56.574999999999996,739.9583333333334,26.891666666666666,21.320833333333333,94.875,21.6,28.9,16.0,51,0.0,1018.9,13.1,23.7,143.0
2023-12-28,46.791666666666664,71.42083333333333,592.4583333333334,17.333333333333332,22.770833333333332,115.5,21.6,28.0,16.0,42,0.0,1017.6,16.1,23.6,133.0
2023-12-29,28.8875,43.65833333333333,510.9583333333333,20.400000000000002,17.079166666666666,98.70833333333333,21.4,28.2,15.4,42,0.0,1016.5,11.1,15.5,128.0
2023-12-30,30.075,45.74166666666667,488.125,15.391666666666666,13.558333333333332,103.16666666666667,21.8,28.3,16.7,39,0.0,1016.8,15.0,21.4,88.0
2023-12-31,40.69166666666667,62.95416666666667,570.3333333333334,15.883333333333333,19.1375,108.875,20.7,27.5,14.9,44,0.0,1017.0,14.0,20.2,113.0
2024-01-01,38.55833333333333,57.59166666666667,679.0416666666666,17.279166666666665,22.162499999999998,111.70833333333333,20.2,27.0,14.7,49,0.0,1017.5,10.8,15.0,119.0
2024-01-02,40.387499999999996,60.1,898.75,34.666666666666664,26.145833333333332,107.25,19.6,25.5,14.4,64,0.0,1016.6,9.3,21.8,155.0
2024-01-03,40.725,64.1125,677.5416666666666,28.083333333333332,21.95,96.58333333333333,20.8,25.7,16.5,55,0.0,1015.7,10.5,16.7,128.0
2024-01-04,38.766666666666666,61.87083333333334,495.8333333333333,16.5,15.966666666666667,106.29166666666667,19.9,25.0,15.7,45,0.0,1016.7,17.1,19.1,116.0
2024-01-05,53.9375,90.03750000000001,642.0,21.820833333333336,19.754166666666666,100.95833333333333,19.3,24.8,14.1,52,0.0,1016.9,12.2,17.3,146.0
2024-01-06,47.5375,76.74166666666666,633.2083333333334,14.195833333333333,18.458333333333332,106.875,19.7,25.2,15.6,53,0.0,1018.1,19.2,22.6,146.0
2024-01-07,43.479166666666664,66.77083333333333,692.125,12.950000000000001,20.591666666666665,111.20833333333333,19.1,25.5,14.4,52,0.0,1018.4,18.3,22.1,130.0
2024-01-08,44.362500000000004,67.23333333333333,914.125,28.916666666666668,22.2625,104.375,19.2,24.6,14.1,55,0.0,1018.4,12.0,17.9,121.0
2024-01-09,37.12083333333333,58.90833333333333,622.9583333333334,13.804166666666667,16.679166666666667,103.375,19.0,25.0,14.4,48,0.0,1019.8,18.8,27.8,122.0
2024-01-10,37.125,56.46666666666667,656.5,18.8625,19.7,101.83333333333333,18.3,25.2,12.9,46,0.0,1019.4,14.0,18.7,110.0
2024-01-11,33.208333333333336,50.487500000000004,842.875,36.541666666666664,22.670833333333334,74.875,17.8,25.0,11.0,50,0.0,1018.3,9.2,13.0,104.0
2024-01-12,37.012499999999996,55.137499999999996,866.375,54.25,27.95,59.416666666666664,18.4,25.4,11.4,50,0.0,1016.8,9.1,16.9,108.0
2024-01-13,34.012499999999996,53.76666666666667,840.0416666666666,49.00833333333333,13.920833333333334,52.625,18.4,24.6,11.6,76,0.0,1016.3,9.4,17.8,120.0
2024-01-14,29.633333333333336,60.12083333333334,662.875,41.170833333333334,14.5375,71.70833333333333,20.5,25.4,14.9,80,0.0,1017.0,8.0,17.3,103.0
2024-01-15,54.84583333333333,99.8,819.875,35.49166666666667,18.8875,80.83333333333333,19.5,23.7,14.1,72,0.0,1016.6,9.7,17.9,153.0
2024-01-16,25.308333333333334,67.37083333333334,438.4166666666667,28.729166666666668,7.266666666666667,66.41666666666667,22.2,26.4,18.8,78,0.0,1012.3,12.3,21.1,148.0
2024-01-17,46.775,88.85000000000001,687.2916666666666,31.675,20.2375,80.16666666666667,22.1,27.1,18.3,58,0.0,1012.5,14.0,19.0,124.0
2024-01-18,61.11666666666667,96.69583333333333,871.4166666666666,26.120833333333334,25.974999999999998,111.95833333333333,20.6,27.0,15.2,52,0.0,1015.9,11.9,17.8,155.0
2024-01-19,54.06666666666666,86.81666666666666,1053.5416666666667,46.93333333333334,30.666666666666668,100.70833333333333,20.0,26.0,14.2,49,0.0,1016.5,10.4,15.3,162.0
2024-01-20,55.85833333333333,93.4875,1182.25,49.95416666666667,22.875,89.0,20.4,24.4,16.2,78,0.5,1017.2,8.5,15.9,181.0
2024-01-21,50.72083333333333,86.91666666666667,1013.375,53.50833333333333,24.516666666666666,80.41666666666667,21.1,26.6,16.3,62,0.0,1017.4,10.5,15.5,153.0
2024-01-22,52.3125,90.925,1023.2083333333334,48.75,20.533333333333335,79.70833333333333,20.2,24.5,15.7,66,0.0,1017.2,9.5,18.3,158.0
2024-01-23,42.875,80.89166666666667,659.1666666666666,34.479166666666664,16.95,79.79166666666667,20.6,26.1,15.5,69,0.0,1017.4,10.1,21.4,142.0
2024-01-24,54.44583333333333,98.58749999999999,828.9583333333334,35.00416666666667,27.28333333333333,88.70833333333333,18.8,24.7,12.1,60,0.0,1017.7,9.5,13.8,147.0
2024-01-25,59.604166666666664,105.91666666666667,1041.5,47.51666666666667,23.087500000000002,71.5,19.1,24.0,13.3,70,0.0,1017.9,9.9,15.6,156.0
2024-01-26,54.81666666666666,92.4375,804.5416666666666,34.8375,21.037499999999998,88.04166666666667,20.2,26.0,14.0,60,0.0,1019.3,13.2,19.1,153.0
2024-01-27,60.229166666666664,96.16250000000001,869.2083333333334,26.6375,21.708333333333332,109.45833333333333,20.5,26.0,15.5,50,0.0,1019.6,15.0,20.2,154.0
2024-01-28,54.333333333333336,90.8125,823.0,21.525000000000002,19.775000000000002,100.29166666666667,19.4,24.3,12.9,66,0.0,1017.4,11.2,19.6,153.0
2024-01-29,23.875,50.05833333333334,357.0416666666667,18.900000000000002,5.9624999999999995,75.83333333333333,22.8,27.5,18.1,75,0.4,1016.7,12.7,20.6,147.0
2024-01-30,24.224999999999998,74.53750000000001,375.125,24.116666666666664,7.258333333333333,63.375,22.1,25.4,18.8,81,0.8,1016.1,8.9,17.1,78.0
2024-01-31,22.504166666666666,61.4125,344.625,20.55,6.3,71.125,22.7,26.4,20.1,80,0.3,1014.3,12.1,21.6,79.0
2024-02-01,27.925,87.56666666666666,384.0833333333333,22.695833333333336,9.950000000000001,78.29166666666667,22.9,29.8,16.0,63,0.0,1014.6,10.9,17.7,85.0
2024-02-02,40.766666666666666,134.66666666666666,409.9166666666667,27.666666666666668,11.325000000000001,59.791666666666664,23.2,26.6,20.2,73,0.0,1016.2,6.4,12.6,112.0
2024-02-03,35.237500000000004,91.78750000000001,519.0,32.362500000000004,10.666666666666666,46.291666666666664,21.9,26.0,18.0,76,3.2,1015.6,17.5,29.1,122.0
2024-02-04,24.1125,79.15833333333333,321.1666666666667,20.283333333333335,5.2124999999999995,71.0,22.8,26.5,19.6,80,1.2,1015.7,13.0,25.2,100.0
2024-02-05,26.34166666666667,48.82916666666667,481.375,27.379166666666666,11.320833333333333,79.0,21.4,25.1,17.6,77,0.0,1016.4,11.1,17.1,102.0
2024-02-06,24.358333333333334,53.72083333333333,451.0833333333333,26.5,10.25,84.08333333333333,21.5,25.5,17.4,73,0.1,1016.9,10.5,18.1,101.0
2024-02-07,31.97083333333333,68.6375,445.5416666666667,21.1125,11.825000000000001,79.375,22.5,27.0,18.9,60,0.0,1019.5,12.7,23.3,92.0
2024-02-08,28.349999999999998,52.645833333333336,482.0416666666667,24.008333333333336,13.416666666666666,89.91666666666667,20.8,26.0,16.9,44,0.0,1021.1,15.0,24.6,100.0
2024-02-09,26.858333333333334,53.35,575.8333333333334,32.55416666666667,11.866666666666667,74.95833333333333,19.4,26.3,12.5,55,0.0,1018.5,10.5,20.6,110.0
2024-02-10,25.3,53.35833333333333,496.7916666666667,30.270833333333332,11.033333333333333,85.04166666666667,21.3,27.4,16.6,66,0.0,1019.4,10.9,22.2,103.0
2024-02-11,25.733333333333334,44.95416666666667,483.9583333333333,27.979166666666668,13.35,88.20833333333333,21.4,28.2,15.3,41,0.0,1020.1,10.8,14.6,89.0
2024-02-12,32.770833333333336,50.90416666666667,624.3333333333334,36.229166666666664,16.037499999999998,84.75,21.5,27.1,16.8,39,0.0,1018.9,12.3,23.0,113.0
2024-02-13,38.81666666666667,64.31666666666666,752.5,45.87916666666666,21.2375,69.0,21.2,26.6,16.7,46,0.0,1019.0,8.3,14.2,108.0
2024-02-14,43.7875,73.55416666666666,938.875,50.07083333333333,20.425,68.41666666666667,21.3,27.7,15.2,50,0.0,1019.5,10.6,21.5,124.0
2024-02-15,48.19583333333333,79.575,955.0416666666666,51.81666666666666,17.633333333333333,71.625,21.4,28.2,14.9,54,0.0,1018.9,10.3,21.6,134.0
2024-02-16,36.862500000000004,60.19166666666666,863.2083333333334,52.72083333333333,17.279166666666665,65.125,22.2,30.4,14.8,40,0.0,1018.3,12.5,22.8,132.0
2024-02-17,30.858333333333334,50.012499999999996,730.0,44.55833333333334,15.104166666666666,70.91666666666667,22.0,29.5,14.5,46,0.0,1015.1,11.9,19.2,118.0
2024-02-18,15.045833333333334,27.900000000000002,289.4166666666667,13.012500000000001,5.395833333333333,86.5,23.1,26.8,19.6,74,0.0,1010.9,21.4,30.1,91.0
2024-02-19,17.837500000000002,44.53333333333333,254.33333333333334,8.979166666666666,3.7541666666666664,95.41666666666667,24.7,28.4,22.6,76,0.0,1009.8,26.5,33.9,67.0
2024-02-20,20.8,49.02916666666667,258.1666666666667,11.391666666666666,4.7749999999999995,99.33333333333333,23.5,26.6,20.7,75,0.0,1011.5,17.2,25.2,83.0
2024-02-21,19.729166666666668,55.62916666666666,289.875,13.170833333333334,5.0249999999999995,105.625,23.4,27.2,20.2,70,0.0,1011.6,18.5,27.4,87.0
2024-02-22,18.833333333333332,68.14583333333333,372.375,22.1375,8.058333333333334,84.75,23.2,29.3,17.9,40,0.0,1014.0,13.5,25.5,77.0
2024-02-23,29.912499999999998,87.1875,636.75,36.74583333333333,14.75,86.20833333333333,20.9,28.3,13.7,37,0.0,1015.9,10.6,23.0,144.0
2024-02-24,19.2,64.53750000000001,338.875,17.829166666666666,10.091666666666667,98.125,22.3,29.9,15.5,54,0.0,1015.0,10.9,23.6,98.0
2024-02-25,23.245833333333334,53.19166666666666,478.25,26.483333333333334,13.5375,77.5,22.8,29.3,15.8,40,0.0,1014.7,14.1,23.7,93.0
2024-02-26,21.691666666666666,48.69166666666666,287.0833333333333,8.316666666666666,10.129166666666666,111.41666666666667,23.3,29.5,19.0,29,0.0,1013.8,28.4,34.4,95.0
2024-02-27,34.833333333333336,69.875,334.625,8.8375,12.4375,106.66666666666667,21.5,27.7,16.5,47,0.0,1016.2,30.8,39.3,101.0
2024-02-28,27.3875,62.65833333333333,386.0416666666667,13.5875,13.658333333333333,110.58333333333333,23.0,29.2,17.2,41,0.0,1015.9,19.0,27.4,115.0
2024-02-29,23.575,61.8375,401.9166666666667,16.979166666666668,13.058333333333332,106.66666666666667,24.0,30.3,17.7,42,0.0,1012.5,12.2,15.9,117.0
2024-03-01,25.383333333333336,63.49166666666667,445.125,21.8,9.029166666666667,88.04166666666667,21.3,25.0,19.0,72,7.4,1011.4,10.1,22.5,86.0
2024-03-02,21.016666666666666,83.39583333333333,240.25,8.9125,6.895833333333333,81.08333333333333,17.6,20.1,14.6,50,0.0,1012.6,23.1,33.5,82.0
2024-03-03,33.80416666666667,119.99166666666667,262.25,12.195833333333333,10.458333333333334,87.04166666666667,16.0,21.7,11.2,39,0.0,1014.7,18.4,26.6,96.0
2024-03-04,29.391666666666666,79.825,421.375,21.758333333333336,15.629166666666668,83.75,17.5,24.2,10.0,46,0.0,1016.4,10.4,21.4,107.0
2024-03-05,22.325,46.4,403.8333333333333,21.358333333333334,14.366666666666667,84.41666666666667,19.9,26.2,13.5,29,0.0,1017.4,14.6,23.2,94.0
2024-03-06,21.04583333333333,49.43333333333334,362.2083333333333,15.799999999999999,15.25,105.45833333333333,20.4,25.6,14.8,37,0.0,1016.2,12.1,18.3,137.0
2024-03-07,22.34583333333333,60.05833333333334,332.5833333333333,16.491666666666667,11.325000000000001,98.79166666666667,22.5,27.9,17.7,57,0.0,1014.7,12.4,24.0,112.0
2024-03-08,28.258333333333336,56.229166666666664,487.5416666666667,24.429166666666664,16.325,97.79166666666667,22.8,28.3,17.3,49,0.0,1016.1,11.7,19.5,153.0
2024-03-09,32.15833333333333,60.362500000000004,537.125,28.287499999999998,16.566666666666666,95.41666666666667,23.3,29.7,17.1,40,0.0,1016.1,12.4,19.6,129.0
2024-03-10,43.98333333333333,90.8125,631.2916666666666,34.81666666666667,22.891666666666666,84.79166666666667,21.8,25.9,19.0,50,2.2,1015.9,11.0,19.5,121.0
2024-03-11,22.933333333333334,56.30416666666667,326.0833333333333,14.854166666666666,8.112499999999999,86.75,22.7,27.2,18.6,71,0.0,1016.5,13.7,22.2,121.0
2024-03-12,18.375,38.69583333333333,302.5,15.820833333333333,8.345833333333333,75.5,23.1,27.6,19.1,82,0.0,1016.0,13.3,24.9,77.0
2024-03-13,26.129166666666666,91.02083333333333,248.04166666666666,11.658333333333333,6.095833333333334,84.75,24.9,31.2,21.0,57,0.0,1014.1,20.6,26.7,79.0
2024-03-14,42.975,130.55833333333334,358.6666666666667,19.516666666666666,13.508333333333333,91.08333333333333,23.6,29.4,18.2,30,0.0,1014.7,17.0,25.0,123.0
2024-03-15,24.945833333333336,48.15,418.5416666666667,24.633333333333336,10.245833333333334,89.33333333333333,24.4,32.0,17.8,36,0.0,1014.6,13.3,23.8,119.0
2024-03-16,25.854166666666668,59.887499999999996,378.5833333333333,22.395833333333332,10.004166666666666,92.375,24.9,30.9,17.8,36,0.0,1014.2,14.3,22.6,123.0
2024-03-17,19.941666666666666,48.14166666666667,338.2083333333333,17.95,10.775,101.66666666666667,26.5,34.0,19.4,29,0.0,1014.1,13.6,25.1,140.0
2024-03-18,22.179166666666664,49.19166666666666,390.0,20.858333333333334,12.808333333333332,106.0,26.5,32.8,19.4,37,0.0,1013.8,12.8,20.0,166.0
2024-03-19,16.650000000000002,54.85833333333333,328.3333333333333,18.974999999999998,6.983333333333333,76.91666666666667,26.6,34.8,20.8,56,0.0,1013.2,15.2,22.4,75.0
2024-03-20,22.90833333333333,72.42916666666666,440.7083333333333,25.683333333333334,9.316666666666666,84.79166666666667,25.8,33.1,19.8,66,0.0,1013.1,12.4,22.7,136.0
2024-03-21,25.616666666666664,61.34166666666667,311.0416666666667,17.037499999999998,5.941666666666666,78.5,26.6,33.2,22.3,53,0.0,1011.1,17.5,26.8,81.0
2024-03-22,23.916666666666668,56.0875,266.8333333333333,11.354166666666666,5.108333333333333,90.41666666666667,26.3,31.8,23.1,70,0.0,1008.7,21.0,26.9,84.0
2024-03-23,22.179166666666664,71.0125,253.41666666666666,13.125,5.416666666666667,76.375,25.9,30.7,22.8,81,0.0,1009.3,17.5,25.8,78.0
2024-03-24,20.599999999999998,58.0625,250.54166666666666,13.816666666666668,4.979166666666667,71.125,26.7,31.5,23.4,73,0.0,1009.9,18.1,29.9,76.0
2024-03-25,20.287499999999998,56.15,334.5,18.929166666666667,7.574999999999999,84.58333333333333,27.1,33.2,22.6,67,0.0,1011.9,15.1,30.1,113.0
2024-03-26,17.425,40.69166666666667,287.25,15.370833333333332,5.604166666666667,70.29166666666667,27.6,34.4,23.3,66,0.0,1011.4,16.5,27.1,71.0
2024-03-27,19.3125,61.43333333333334,259.875,13.466666666666667,5.3500000000000005,75.75,27.0,31.7,23.5,73,0.0,1012.6,17.3,27.4,70.0
2024-03-28,12.391666666666666,41.608333333333334,282.4166666666667,14.729166666666666,5.5,105.95833333333333,27.7,34.6,23.5,56,0.0,1011.7,19.1,26.7,96.0
2024-03-29,23.916666666666668,78.925,275.0416666666667,12.916666666666666,5.979166666666667,107.04166666666667,25.3,29.2,22.2,68,0.0,1011.1,17.6,26.6,96.0
2024-03-30,30.191666666666666,107.81666666666666,225.25,9.008333333333333,4.5,96.20833333333333,25.3,29.2,22.3,71,0.0,1012.5,21.9,30.7,90.0
2024-03-31,46.724999999999994,159.02083333333334,325.6666666666667,16.704166666666666,9.883333333333335,105.625,27.1,33.7,21.3,54,0.0,1013.4,13.5,25.6,133.0
2024-04-01,31.683333333333334,96.08333333333333,334.9583333333333,18.245833333333334,8.916666666666666,93.33333333333333,25.9,31.8,20.7,62,0.0,1011.0,14.4,23.1,131.0
2024-04-02,22.708333333333332,59.82083333333333,225.45833333333334,9.941666666666666,5.208333333333333,102.58333333333333,26.2,30.3,23.0,72,0.0,1008.4,19.2,30.2,93.0
2024-04-03,33.295833333333334,108.53333333333335,297.4166666666667,11.7875,6.616666666666667,126.66666666666667,26.1,30.0,23.0,78,0.0,1008.6,17.6,24.5,140.0
2024-04-04,17.504166666666666,56.4375,282.5,14.137500000000001,5.875,111.125,26.7,32.1,23.0,67,0.0,1010.0,17.7,27.6,96.0
2024-04-05,17.483333333333334,57.00833333333333,261.25,11.870833333333332,5.529166666666666,111.625,27.2,31.4,24.5,58,0.0,1010.0,21.2,30.4,86.0
2024-04-06,15.304166666666667,49.0,263.4583333333333,12.020833333333334,5.7625,119.20833333333333,26.7,30.8,23.7,60,0.0,1009.4,19.8,27.3,109.0
2024-04-07,19.1375,51.15833333333333,306.9583333333333,16.925,6.5625,100.125,26.4,32.0,21.7,76,0.0,1008.9,17.1,24.9,102.0
2024-04-08,19.370833333333334,52.28333333333333,345.2083333333333,18.883333333333333,6.470833333333334,100.08333333333333,27.2,34.7,21.6,68,0.0,1009.3,13.7,22.5,106.0
2024-04-09,13.904166666666667,33.4625,312.8333333333333,17.166666666666668,5.729166666666667,84.04166666666667,27.9,35.1,22.2,57,0.0,1009.3,17.5,26.6,75.0
2024-04-10,17.083333333333332,40.62916666666667,265.75,14.920833333333334,6.129166666666666,61.208333333333336,26.6,32.2,23.0,76,0.0,1008.8,16.1,24.3,65.0
2024-04-11,17.779166666666665,45.775,289.2083333333333,17.462500000000002,6.604166666666667,79.33333333333333,26.3,31.3,22.4,80,0.0,1009.1,12.1,21.0,86.0
2024-04-12,13.379166666666668,35.5375,260.7916666666667,15.095833333333333,6.375,69.875,27.0,33.6,23.0,77,0.0,1008.2,17.0,23.3,67.0
2024-04-13,14.408333333333333,45.93333333333334,225.41666666666666,13.416666666666666,5.425,61.041666666666664,27.9,32.0,25.0,78,0.0,1008.2,14.6,23.8,60.0
2024-04-14,25.629166666666666,111.98333333333333,291.7083333333333,21.412499999999998,14.487499999999999,51.833333333333336,26.6,29.5,24.5,80,3.4,1011.2,7.5,14.8,80.0
2024-04-15,22.349999999999998,73.21249999999999,314.2083333333333,19.058333333333334,8.466666666666667,57.708333333333336,26.4,30.3,23.2,76,0.0,1012.7,11.0,19.7,95.0
2024-04-16,21.683333333333334,72.05833333333334,288.125,17.058333333333334,14.820833333333333,71.125,28.1,33.9,23.7,73,0.0,1011.7,12.6,24.5,75.0
2024-04-17,24.59583333333333,62.84166666666667,349.0416666666667,20.366666666666667,14.204166666666666,83.125,28.8,33.9,24.6,57,0.0,1009.4,10.5,18.9,91.0
2024-04-18,22.791666666666668,86.11666666666667,189.95833333333334,9.6625,5.3125,63.916666666666664,27.2,29.7,25.3,78,0.5,1008.2,18.3,28.0,79.0
2024-04-19,25.616666666666664,57.387499999999996,206.70833333333334,6.3125,3.920833333333333,113.20833333333333,26.7,29.8,24.2,71,0.0,1006.8,26.2,33.4,95.0
2024-04-20,21.691666666666666,48.67916666666667,231.41666666666666,8.245833333333334,4.575,111.20833333333333,27.7,32.8,24.6,66,0.0,1007.1,21.3,25.6,84.0
2024-04-21,23.3125,54.31666666666666,233.70833333333334,9.191666666666666,4.7875000000000005,98.91666666666667,27.5,31.5,24.3,72,0.0,1007.7,21.8,32.2,79.0
2024-04-22,20.458333333333332,57.550000000000004,196.04166666666666,8.466666666666667,4.0874999999999995,70.5,27.5,32.0,24.7,76,0.0,1008.3,23.9,33.4,77.0
2024-04-23,19.795833333333334,56.55416666666667,201.41666666666666,9.141666666666667,4.5249999999999995,78.79166666666667,27.3,31.8,24.4,79,0.0,1007.4,19.8,27.7,72.0
2024-04-24,19.320833333333333,51.10833333333333,216.95833333333334,10.200000000000001,5.120833333333333,72.79166666666667,27.3,31.8,24.2,78,0.0,1006.9,18.3,25.9,70.0
2024-04-25,16.591666666666665,46.14166666666667,216.20833333333334,11.0875,4.695833333333334,67.75,27.4,31.6,24.1,79,0.0,1006.9,21.1,31.4,70.0
2024-04-26,16.816666666666666,65.68333333333334,200.08333333333334,8.033333333333333,4.216666666666667,77.125,28.1,31.8,25.4,75,0.0,1007.1,23.0,28.9,65.0
2024-04-27,15.9125,60.03333333333333,219.83333333333334,10.241666666666667,4.8125,75.91666666666667,27.7,32.0,24.3,77,0.0,1008.3,19.1,26.8,65.0
2024-04-28,18.016666666666666,66.26666666666667,225.25,11.408333333333333,6.2124999999999995,77.79166666666667,28.4,33.9,24.6,75,0.0,1008.6,20.1,26.3,66.0
2024-04-29,26.879166666666666,118.32916666666667,259.7916666666667,13.525,6.3,90.0,30.6,37.4,25.7,42,0.0,1009.2,20.3,24.7,91.0
2024-04-30,30.208333333333332,127.33333333333333,255.66666666666666,12.129166666666668,6.566666666666666,102.29166666666667,30.7,38.1,25.0,37,0.0,1008.3,21.8,27.2,102.0
2024-05-01,35.112500000000004,146.82500000000002,257.625,13.220833333333333,9.279166666666667,100.45833333333333,29.6,36.8,23.7,21,0.0,1006.2,20.2,28.0,103.0
2024-05-02,38.175000000000004,114.87083333333334,325.375,17.258333333333333,11.5375,108.20833333333333,28.8,36.4,22.0,55,0.0,1005.5,14.7,29.5,176.0
2024-05-03,17.508333333333333,52.975,231.08333333333334,11.579166666666666,5.720833333333334,62.0,29.1,33.1,26.0,71,0.0,1006.3,22.0,30.7,107.0
2024-05-04,21.46666666666667,48.5625,207.875,8.291666666666666,4.379166666666666,79.75,29.1,33.5,26.6,70,0.0,1008.1,25.2,32.8,79.0
2024-05-05,18.224999999999998,48.958333333333336,191.41666666666666,7.370833333333334,3.891666666666667,64.70833333333333,28.8,32.7,25.9,74,0.0,1006.6,23.0,32.5,74.0
2024-05-06,15.112499999999999,60.6875,208.5,10.5,4.579166666666667,69.5,30.0,35.1,26.6,66,0.0,1005.5,21.1,29.9,67.0
2024-05-07,17.716666666666665,62.0875,237.25,12.704166666666666,5.6499999999999995,76.33333333333333,30.1,35.0,26.8,67,0.0,1006.2,18.7,28.5,70.0
2024-05-08,9.320833333333333,31.9375,205.25,11.779166666666667,5.670833333333333,61.166666666666664,29.6,34.9,26.0,78,0.0,1006.0,17.4,26.4,66.0
2024-05-09,9.904166666666667,33.52916666666667,194.95833333333334,10.125,5.5375000000000005,55.75,29.6,34.4,26.4,80,0.0,1005.0,18.5,24.6,52.0
2024-05-10,11.9375,41.93333333333333,210.66666666666666,10.066666666666666,6.279166666666666,58.375,29.3,33.1,26.6,78,0.0,1006.1,15.3,24.8,55.0
2024-05-11,16.370833333333334,58.64166666666667,206.58333333333334,10.416666666666666,7.2749999999999995,68.29166666666667,29.2,32.3,25.6,76,0.0,1007.8,13.9,21.2,64.0
2024-05-12,15.379166666666668,68.15416666666667,222.0,11.475,7.545833333333333,85.58333333333333,29.5,33.1,26.2,77,0.0,1007.9,14.4,24.1,88.0
2024-05-13,19.258333333333333,100.325,225.91666666666666,12.799999999999999,8.191666666666666,79.875,29.2,33.0,25.8,79,0.0,1007.7,13.9,24.7,82.0
2024-05-14,19.129166666666666,66.63333333333334,241.125,15.133333333333333,8.654166666666667,82.5,29.1,33.4,24.9,76,0.0,1009.0,12.9,22.5,99.0
2024-05-15,13.991666666666667,38.87916666666667,197.45833333333334,11.383333333333333,5.916666666666667,75.41666666666667,30.6,36.6,26.3,67,0.0,1009.2,16.5,22.0,70.0
2024-05-16,15.570833333333333,39.37916666666667,231.375,12.441666666666668,5.604166666666667,67.29166666666667,30.0,35.2,26.2,70,0.0,1009.4,18.0,25.7,62.0
2024-05-17,16.529166666666665,48.387499999999996,231.375,11.8375,4.966666666666667,68.79166666666667,30.8,36.3,26.4,69,0.0,1007.4,19.5,29.1,64.0
2024-05-18,11.0875,27.875,219.0,11.1875,4.754166666666666,66.625,31.3,38.1,26.5,67,0.0,1005.7,20.0,30.3,64.0
2024-05-19,8.520833333333334,25.045833333333334,186.29166666666666,10.470833333333333,5.1499999999999995,53.208333333333336,30.1,34.1,26.4,75,0.0,1003.8,18.9,27.8,54.0
2024-05-20,10.320833333333333,37.358333333333334,186.08333333333334,8.950000000000001,4.375,60.25,30.9,34.6,28.1,76,0.0,1003.3,22.6,32.1,53.0
2024-05-21,14.65,65.62083333333334,206.16666666666666,9.670833333333333,4.820833333333334,67.875,31.3,36.0,27.5,74,0.0,1003.0,21.7,31.3,60.0
2024-05-22,14.9,56.175000000000004,211.29166666666666,10.229166666666666,5.133333333333334,70.83333333333333,31.5,36.0,28.5,71,0.0,1002.4,22.8,31.6,62.0
2024-05-23,14.983333333333334,46.479166666666664,212.04166666666666,10.362499999999999,5.075,71.625,30.9,34.9,27.6,74,0.0,1001.3,20.8,31.4,62.0
2024-05-24,13.591666666666667,36.99583333333333,188.04166666666666,10.070833333333335,5.670833333333333,75.83333333333333,30.7,34.7,27.8,77,0.0,1000.3,21.5,29.7,61.0
2024-05-25,17.554166666666667,58.13333333333333,188.25,10.633333333333333,5.8374999999999995,79.66666666666667,30.7,34.3,27.6,79,0.0,1000.9,19.2,27.3,71.0
2024-05-26,18.650000000000002,56.12916666666666,178.79166666666666,8.725,4.745833333333334,71.875,30.9,34.9,28.1,77,0.0,1001.9,22.2,30.1,68.0
2024-05-27,22.087500000000002,71.29166666666667,163.83333333333334,7.295833333333333,4.05,69.41666666666667,30.9,34.6,28.0,78,0.0,1000.8,26.8,36.4,75.0
2024-05-28,18.783333333333335,56.02916666666667,155.41666666666666,6.3125,3.466666666666667,65.41666666666667,31.2,34.7,28.5,75,0.0,999.3,30.3,39.5,75.0
2024-05-29,20.891666666666666,82.37916666666666,179.33333333333334,7.875,3.775,75.66666666666667,32.8,41.5,28.8,64,0.0,997.3,30.6,36.2,73.0
2024-05-30,18.333333333333332,64.30833333333334,189.95833333333334,9.604166666666666,5.158333333333333,76.41666666666667,32.9,41.6,28.4,68,0.0,998.9,21.3,29.4,73.0
2024-05-31,20.016666666666666,87.16666666666667,186.125,8.583333333333334,5.858333333333333,73.41666666666667,30.8,35.3,28.0,79,0.0,1000.7,20.2,27.8,71.0
2024-06-01,42.78333333333333,204.33333333333334,214.25,10.254166666666666,5.408333333333334,86.45833333333333,31.9,38.3,27.9,68,0.0,1000.0,17.0,25.5,124.0
2024-06-02,16.895833333333332,56.02916666666667,171.625,7.808333333333334,5.629166666666666,63.791666666666664,30.5,33.4,28.2,78,0.0,1003.1,18.2,25.4,125.0
2024-06-03,15.933333333333332,78.12083333333334,156.54166666666666,7.0874999999999995,5.1125,61.5,30.0,32.8,27.9,74,0.0,1004.5,19.8,27.5,65.0
2024-06-04,19.041666666666668,71.67083333333333,137.375,5.45,3.8041666666666667,63.5,30.0,32.7,27.8,72,0.0,1004.2,26.3,32.7,69.0
2024-06-05,20.104166666666668,72.64583333333333,139.125,5.241666666666666,3.4791666666666665,60.416666666666664,30.2,32.6,28.2,71,0.0,1004.0,28.9,34.0,71.0
2024-06-06,21.629166666666666,67.03750000000001,142.875,5.7124999999999995,3.7583333333333333,59.958333333333336,30.4,33.0,28.4,74,0.6,1005.2,25.1,30.9,74.0
2024-06-07,19.587500000000002,71.77083333333333,164.04166666666666,6.883333333333333,4.729166666666667,61.208333333333336,30.5,33.3,27.8,73,0.0,1004.4,21.3,31.1,74.0
2024-06-08,16.337500000000002,61.708333333333336,159.66666666666666,7.116666666666667,4.395833333333333,57.583333333333336,30.4,33.5,28.1,74,0.0,1003.1,23.3,32.1,70.0
2024-06-09,14.049999999999999,50.6,152.625,7.479166666666667,4.55,58.625,30.4,33.5,28.0,75,0.0,1003.5,21.9,30.5,64.0
2024-06-10,15.495833333333332,49.73333333333333,147.5,6.670833333333333,4.245833333333334,60.166666666666664,30.4,33.4,27.8,76,0.0,1003.9,25.3,32.3,62.0
2024-06-11,18.1875,46.87083333333334,154.125,6.1125,3.908333333333333,62.666666666666664,30.5,33.3,28.3,73,0.0,1003.6,26.6,33.1,67.0
2024-06-12,19.275000000000002,45.05833333333334,152.20833333333334,5.645833333333333,3.7416666666666667,63.083333333333336,30.7,33.4,28.5,71,0.0,1003.6,27.1,33.0,69.0
2024-06-13,21.4375,53.95416666666667,155.04166666666666,5.533333333333334,3.725,64.95833333333333,30.9,33.2,28.9,71,0.3,1002.8,26.0,31.1,73.0
2024-06-14,21.349999999999998,66.97500000000001,145.375,5.820833333333333,4.054166666666666,62.875,30.9,33.5,28.9,73,0.4,1001.3,22.9,29.8,75.0
2024-06-15,19.595833333333335,70.71666666666667,158.75,7.3500000000000005,5.104166666666667,62.291666666666664,31.0,33.6,29.0,74,0.4,1001.1,17.8,22.5,73.0
2024-06-16,20.645833333333332,70.3875,181.54166666666666,7.720833333333334,5.2375,65.33333333333333,31.0,34.2,28.8,74,0.1,1001.8,20.3,28.2,73.0
2024-06-17,19.933333333333334,97.54583333333333,175.95833333333334,7.454166666666667,5.1375,63.666666666666664,30.9,33.3,29.1,71,0.5,1002.0,19.3,25.2,72.0
2024-06-18,15.862499999999999,57.5375,150.70833333333334,5.966666666666666,4.2124999999999995,58.75,31.2,33.5,29.6,70,0.7,1000.8,22.6,28.1,71.0
2024-06-19,18.241666666666667,85.36666666666667,156.33333333333334,6.754166666666666,4.529166666666667,64.20833333333333,31.1,34.0,29.1,76,0.0,996.9,23.5,31.8,68.0
2024-06-20,30.5625,134.475,176.91666666666666,9.195833333333333,5.3625,72.70833333333333,31.0,33.8,28.9,81,0.0,994.5,23.3,29.6,90.0
2024-06-21,28.641666666666666,129.775,169.91666666666666,8.454166666666667,5.733333333333333,68.875,31.1,33.7,29.1,79,0.4,996.5,19.7,25.7,95.0
2024-06-22,34.15416666666667,189.03333333333333,210.25,12.049999999999999,10.875,78.83333333333333,31.4,34.5,29.2,76,0.0,998.7,14.9,23.7,117.0
2024-06-23,26.554166666666664,139.20000000000002,199.04166666666666,11.204166666666666,6.6499999999999995,61.958333333333336,31.6,35.3,28.9,74,0.0,999.6,18.6,26.4,117.0
2024-06-24,27.879166666666666,127.99166666666667,194.83333333333334,11.045833333333334,6.308333333333334,63.791666666666664,32.3,38.5,28.4,71,0.0,997.4,20.7,31.4,92.0
2024-06-25,26.675,111.32916666666667,190.75,11.429166666666667,7.2250000000000005,72.70833333333333,31.9,37.2,28.4,74,0.0,995.3,22.3,35.8,86.0
2024-06-26,25.804166666666664,115.29583333333333,204.5,12.683333333333332,8.4375,77.0,31.5,34.9,28.9,75,0.0,995.8,15.7,23.7,89.0
2024-06-27,25.604166666666668,122.10416666666667,209.04166666666666,12.695833333333333,7.666666666666667,66.45833333333333,32.3,35.9,29.8,71,0.0,996.6,15.8,25.3,84.0
2024-06-28,23.583333333333332,71.53750000000001,220.75,11.645833333333334,13.104166666666666,74.66666666666667,32.5,37.5,29.7,68,8.8,996.3,15.1,26.6,84.0
2024-06-29,15.7875,34.208333333333336,221.66666666666666,11.8125,13.354166666666666,71.83333333333333,32.1,36.4,29.6,72,0.0,996.2,18.2,27.4,78.0
2024-06-30,15.799999999999999,29.900000000000002,207.95833333333334,11.158333333333333,10.820833333333333,68.91666666666667,32.0,35.0,29.9,72,0.0,996.6,14.9,25.5,64.0
2024-07-01,24.333333333333332,88.0125,170.33333333333334,7.3875,5.5125,69.04166666666667,32.3,35.9,30.3,74,0.0,994.2,22.6,31.4,77.0
2024-07-02,27.59166666666667,98.85416666666667,164.66666666666666,7.125,5.504166666666666,67.20833333333333,32.5,34.9,30.5,70,0.0,992.8,22.1,26.9,87.0
2024-07-03,22.175,93.86666666666667,154.20833333333334,6.783333333333334,5.329166666666667,58.75,32.2,34.8,30.4,73,0.3,994.5,22.2,28.3,85.0
2024-07-04,22.991666666666664,101.2625,153.45833333333334,6.991666666666667,5.966666666666666,58.375,31.6,34.0,29.8,73,0.4,997.2,18.3,22.9,76.0
2024-07-05,24.775000000000002,103.825,147.375,6.925,5.904166666666666,61.125,31.4,33.5,29.7,71,0.6,995.9,18.9,22.9,79.0
2024-07-06,30.662499999999998,113.21666666666665,150.79166666666666,6.758333333333333,5.008333333333334,74.41666666666667,31.9,35.2,29.9,68,0.0,993.3,23.7,31.3,91.0
2024-07-07,34.362500000000004,125.91666666666667,174.375,8.445833333333333,5.7749999999999995,77.66666666666667,32.1,35.2,30.2,75,0.3,994.6,25.3,32.3,102.0
2024-07-08,40.387499999999996,172.42499999999998,230.20833333333334,12.4375,15.445833333333333,87.54166666666667,31.6,34.4,29.8,75,0.3,998.7,14.0,22.0,117.0
2024-07-09,34.90416666666667,121.10833333333333,273.0416666666667,16.625,14.158333333333333,89.58333333333333,31.6,34.7,29.8,78,0.9,1000.4,13.0,20.4,148.0
2024-07-10,32.920833333333334,109.75833333333333,251.58333333333334,15.695833333333333,8.75,66.5,31.8,35.0,29.5,78,0.1,1001.7,17.4,23.9,107.0
2024-07-11,25.5,76.35416666666667,180.875,9.045833333333333,4.429166666666666,53.458333333333336,31.5,34.4,29.5,74,0.6,1000.6,28.2,34.0,95.0
2024-07-12,25.616666666666664,69.05833333333334,152.25,7.108333333333333,3.3333333333333335,47.541666666666664,31.0,33.2,29.5,75,1.2,997.0,34.6,39.8,81.0
2024-07-13,26.962500000000002,77.86666666666666,180.41666666666666,9.308333333333334,3.8708333333333336,48.666666666666664,30.8,33.1,29.3,78,2.2,996.7,28.3,32.5,85.0
2024-07-14,23.787499999999998,79.88333333333334,184.41666666666666,9.995833333333334,4.808333333333334,46.166666666666664,30.7,33.1,28.8,78,0.6,996.9,23.1,28.1,84.0
2024-07-15,32.93333333333333,162.88750000000002,235.16666666666666,14.666666666666666,8.6875,64.41666666666667,31.1,34.1,28.9,75,0.0,998.3,15.9,21.4,103.0
2024-07-16,31.479166666666668,135.91666666666666,242.79166666666666,16.008333333333333,8.1,68.91666666666667,31.9,35.9,29.2,74,0.1,998.2,17.6,26.9,105.0
2024-07-17,29.599999999999998,110.64999999999999,239.41666666666666,14.679166666666667,9.5375,74.5,31.8,35.3,29.7,77,0.0,996.9,16.3,30.7,92.0
2024-07-18,29.0625,98.75416666666666,185.54166666666666,9.375,6.904166666666666,70.375,32.1,34.8,30.2,77,0.0,997.1,17.8,29.5,92.0
2024-07-19,33.47083333333334,95.19583333333333,216.0,10.466666666666667,6.229166666666667,77.20833333333333,31.8,34.7,29.5,72,0.0,995.7,18.7,24.8,96.0
2024-07-20,35.30833333333333,110.18333333333334,266.2916666666667,15.708333333333334,10.358333333333333,84.58333333333333,32.8,38.6,29.6,71,0.2,995.9,13.8,22.0,108.0
2024-07-21,36.62083333333333,80.56666666666666,347.75,18.320833333333333,17.775000000000002,108.83333333333333,33.3,37.4,30.0,69,4.2,996.6,10.8,16.1,178.0
2024-07-22,24.995833333333334,65.31666666666666,232.79166666666666,10.941666666666668,6.808333333333334,73.29166666666667,31.9,35.2,30.0,77,3.4,997.4,21.2,30.9,103.0
2024-07-23,25.5,85.7375,186.33333333333334,8.416666666666666,4.995833333333334,61.541666666666664,30.9,33.0,29.5,77,0.1,997.1,24.8,29.3,81.0
2024-07-24,31.045833333333334,134.30833333333334,174.75,7.708333333333333,4.875,57.166666666666664,30.6,32.4,29.3,76,0.0,994.6,25.1,31.2,95.0
2024-07-25,34.375,152.17083333333332,177.91666666666666,8.704166666666667,5.6375,54.958333333333336,30.7,32.9,28.9,76,0.3,993.4,20.8,25.5,98.0
2024-07-26,33.32083333333333,137.06666666666666,174.125,8.058333333333334,5.333333333333333,62.958333333333336,31.2,33.8,29.4,76,0.4,994.9,21.9,28.5,102.0
2024-07-27,33.5625,150.65,169.54166666666666,7.766666666666667,5.370833333333334,63.833333333333336,31.2,34.0,29.3,74,0.0,996.4,22.5,28.7,97.0
2024-07-28,38.96666666666667,174.8166666666667,218.25,12.704166666666666,9.408333333333333,63.833333333333336,31.1,33.3,29.3,74,0.0,995.8,14.9,19.5,116.0
2024-07-29,34.78333333333333,164.87083333333334,237.54166666666666,14.9,15.329166666666666,62.875,30.4,33.0,28.8,77,3.3,995.6,12.1,22.8,112.0
2024-07-30,30.162499999999998,95.8,260.0833333333333,16.683333333333334,9.216666666666667,59.625,29.2,32.8,28.0,85,18.4,997.6,9.7,20.4,105.0
2024-07-31,17.349999999999998,35.979166666666664,263.75,16.4375,8.820833333333333,64.25,29.2,30.5,28.1,86,2.3,999.7,13.5,22.0,90.0
2024-08-01,21.920833333333334,55.625,192.04166666666666,9.595833333333333,4.175,56.5,29.5,31.1,28.4,83,1.4,998.2,27.9,33.9,73.0
2024-08-02,26.40833333333333,94.05416666666667,188.58333333333334,10.666666666666666,4.220833333333333,44.166666666666664,29.3,31.1,27.8,84,1.0,997.4,22.8,27.7,84.0
2024-08-03,32.11666666666667,116.32916666666667,231.95833333333334,15.495833333333332,5.520833333333333,42.666666666666664,29.2,30.8,27.9,82,0.2,998.1,19.5,25.3,94.0
2024-08-04,33.90833333333333,138.27083333333334,239.04166666666666,14.891666666666666,5.745833333333334,49.208333333333336,28.9,30.8,27.7,83,2.5,998.0,16.1,21.6,97.0
2024-08-05,28.191666666666666,113.37083333333334,220.70833333333334,13.379166666666668,6.945833333333334,49.708333333333336,28.6,30.7,26.4,82,1.6,1000.4,13.1,20.4,98.0
2024-08-06,23.004166666666666,85.02916666666667,206.91666666666666,12.929166666666667,5.404166666666666,44.166666666666664,28.4,29.6,27.2,83,1.1,1001.0,17.6,25.0,86.0
2024-08-07,20.316666666666666,73.25833333333334,167.45833333333334,7.4624999999999995,3.829166666666666,49.75,28.9,30.5,27.8,78,0.4,1001.0,27.1,33.5,76.0
2024-08-08,20.079166666666666,66.60833333333333,185.5,8.541666666666666,4.4125000000000005,51.708333333333336,29.3,31.3,27.7,76,0.7,1002.3,22.0,25.4,73.0
2024-08-09,18.329166666666666,65.72500000000001,186.41666666666666,8.295833333333333,4.358333333333333,50.041666666666664,29.6,31.8,27.9,75,0.5,1003.7,22.2,29.0,71.0
2024-08-10,16.116666666666667,55.333333333333336,154.95833333333334,6.658333333333334,3.6625,47.333333333333336,29.8,32.9,27.9,74,0.4,1003.3,28.3,35.0,68.0
2024-08-11,15.85,52.1875,156.25,6.8625,3.470833333333333,44.416666666666664,29.1,31.6,27.5,79,1.1,1000.8,29.8,34.7,64.0
2024-08-12,18.837500000000002,87.15833333333335,179.45833333333334,9.1875,4.558333333333334,42.125,29.0,30.9,27.6,81,1.4,1001.4,21.8,27.2,68.0
2024-08-13,17.1125,87.79583333333333,194.5,10.458333333333334,5.625,44.541666666666664,29.4,31.9,27.8,80,0.4,1003.3,17.0,23.2,69.0
2024-08-14,18.441666666666666,117.72083333333335,173.0,8.066666666666666,4.9750000000000005,45.333333333333336,29.5,32.2,27.4,78,0.0,1003.9,18.8,23.5,86.0
2024-08-15,19.037499999999998,82.10416666666667,170.79166666666666,7.1625000000000005,4.629166666666666,45.375,29.2,32.1,27.5,80,1.9,1002.7,21.1,25.7,81.0
2024-08-16,19.254166666666666,65.46666666666667,167.79166666666666,7.9125000000000005,4.641666666666667,40.583333333333336,28.7,31.3,27.2,80,1.1,1001.0,19.1,25.2,71.0
2024-08-17,20.783333333333335,78.07083333333334,192.45833333333334,11.083333333333334,5.5,37.625,29.0,30.9,27.6,77,0.1,1002.3,16.2,19.3,72.0
2024-08-18,20.179166666666667,72.47083333333333,202.33333333333334,12.2875,5.758333333333333,36.083333333333336,29.0,31.6,27.4,77,0.2,1003.9,18.0,25.2,73.0
2024-08-19,17.929166666666667,54.020833333333336,213.08333333333334,11.458333333333334,5.5125,42.666666666666664,28.9,31.2,27.3,77,1.0,1004.4,18.2,25.1,71.0
2024-08-20,16.395833333333332,43.074999999999996,193.0,8.920833333333333,4.55,43.583333333333336,29.3,31.9,27.0,74,0.8,1003.9,22.6,27.2,67.0
2024-08-21,16.745833333333334,44.53333333333333,176.79166666666666,7.533333333333332,4.183333333333334,47.0,29.3,31.6,27.6,74,0.0,1004.5,22.8,26.5,64.0
2024-08-22,18.883333333333333,63.59166666666667,178.04166666666666,7.791666666666667,4.4875,50.75,30.0,33.4,27.5,71,0.0,1004.0,20.7,24.9,70.0
2024-08-23,18.004166666666666,63.225,173.79166666666666,7.066666666666666,4.2,52.416666666666664,29.7,32.6,27.7,73,0.0,1004.1,21.6,27.7,69.0
2024-08-24,21.133333333333333,79.80833333333334,176.79166666666666,7.304166666666667,4.341666666666667,53.458333333333336,29.4,32.7,27.2,74,0.0,1004.1,21.8,28.3,72.0
2024-08-25,23.6875,81.96249999999999,170.45833333333334,6.6000000000000005,4.041666666666667,55.708333333333336,29.4,33.1,27.3,74,0.0,1002.4,25.1,29.9,79.0
2024-08-26,21.233333333333334,68.47083333333333,192.875,9.945833333333335,5.1875,60.291666666666664,29.7,33.2,27.0,74,0.0,999.9,23.7,31.1,78.0
2024-08-27,20.791666666666668,50.62083333333334,284.625,13.975,8.254166666666666,84.70833333333333,29.0,33.4,27.1,82,51.2,998.7,16.3,22.3,99.0
2024-08-28,11.629166666666668,17.604166666666668,364.9583333333333,17.325,8.85,81.125,27.5,29.2,26.5,87,22.8,1000.0,17.7,23.0,72.0
2024-08-29,15.520833333333334,28.0625,354.3333333333333,20.045833333333334,9.158333333333333,74.95833333333333,27.6,29.8,26.7,89,21.8,998.8,19.5,25.8,62.0
2024-08-30,14.033333333333333,23.129166666666666,207.16666666666666,8.458333333333334,6.829166666666667,71.95833333333333,27.3,30.3,24.9,83,25.7,997.5,34.4,45.9,63.0
2024-08-31,11.9,34.770833333333336,182.16666666666666,9.775,7.2124999999999995,42.333333333333336,26.3,28.3,25.0,87,8.5,1002.6,33.6,46.6,60.0
2024-09-01,14.025,41.204166666666666,260.2083333333333,14.875,10.6,34.583333333333336,27.0,29.0,25.4,88,1.0,1004.8,15.6,23.3,59.0
2024-09-02,15.362499999999999,48.1625,302.875,21.270833333333332,10.033333333333333,42.5,27.0,29.3,24.9,87,0.0,1004.5,9.0,17.5,64.0
2024-09-03,16.191666666666666,62.262499999999996,284.9583333333333,20.645833333333332,8.720833333333333,46.041666666666664,27.3,29.9,25.4,86,0.0,1004.7,11.3,21.4,63.0
2024-09-04,18.883333333333333,63.40416666666667,241.41666666666666,17.7375,6.133333333333333,34.958333333333336,27.7,30.2,26.1,83,2.2,1004.6,15.1,20.2,69.0
2024-09-05,16.816666666666666,40.666666666666664,194.16666666666666,10.858333333333334,4.2625,46.125,28.0,30.1,26.4,84,0.2,1002.3,22.1,29.8,69.0
2024-09-06,19.058333333333334,50.875,213.33333333333334,12.533333333333333,4.6625000000000005,45.041666666666664,27.9,30.1,26.5,84,0.9,1003.4,20.1,26.4,69.0
2024-09-07,17.479166666666668,49.925000000000004,227.41666666666666,14.225,5.454166666666667,44.583333333333336,27.5,29.6,25.9,83,0.2,1005.0,15.4,20.9,69.0
2024-09-08,14.8375,48.041666666666664,229.5,14.454166666666666,5.629166666666666,47.458333333333336,27.5,29.9,25.6,84,0.1,1005.6,15.5,20.7,66.0
2024-09-09,17.366666666666667,66.27916666666667,200.91666666666666,12.045833333333334,4.816666666666666,51.708333333333336,27.6,30.3,25.7,82,0.0,1003.3,18.3,26.2,65.0
2024-09-10,24.695833333333336,90.07916666666667,234.125,14.254166666666668,5.3625,53.208333333333336,27.5,30.0,25.8,83,0.5,1001.9,16.5,22.9,79.0
2024-09-11,37.17916666666667,168.1875,247.45833333333334,14.575000000000001,6.758333333333333,64.95833333333333,27.5,30.2,25.2,82,0.2,1002.7,14.5,19.6,106.0
2024-09-12,36.32083333333333,172.32916666666665,213.125,11.391666666666666,5.291666666666667,62.666666666666664,27.9,30.6,25.7,79,0.0,1003.4,18.4,25.4,111.0
2024-09-13,22.804166666666664,83.99583333333334,168.33333333333334,7.795833333333333,3.6999999999999997,57.083333333333336,28.0,30.8,26.2,74,0.1,1002.9,25.2,31.4,109.0
2024-09-14,23.266666666666666,74.40416666666667,169.375,7.716666666666666,3.6875,59.25,28.2,31.2,26.3,72,0.0,1002.6,25.9,32.4,78.0
2024-09-15,21.287499999999998,51.612500000000004,181.375,8.366666666666667,4.120833333333334,57.75,28.0,30.7,26.3,72,0.0,1004.4,21.2,27.4,77.0
2024-09-16,21.425,50.7875,181.375,9.033333333333333,4.341666666666667,54.708333333333336,27.9,29.9,26.1,75,0.5,1006.3,19.7,26.1,75.0
2024-09-17,17.895833333333332,51.875,187.83333333333334,9.620833333333334,4.6875,53.583333333333336,28.3,31.5,25.9,77,0.0,1007.1,18.7,25.8,73.0
2024-09-18,16.008333333333333,47.61666666666667,205.70833333333334,11.0875,5.6125,59.125,28.3,32.1,25.5,78,0.0,1005.8,16.2,23.8,67.0
2024-09-19,17.054166666666667,57.03333333333333,221.41666666666666,13.987499999999999,7.295833333333333,62.083333333333336,28.2,31.5,25.0,80,0.0,1006.3,13.4,23.5,65.0
2024-09-20,16.679166666666667,53.354166666666664,220.04166666666666,12.65,6.245833333333334,60.041666666666664,28.2,31.9,25.6,81,0.0,1006.3,16.7,25.0,65.0
2024-09-21,20.108333333333334,62.112500000000004,197.20833333333334,9.220833333333333,5.179166666666666,59.458333333333336,28.3,31.3,25.9,75,0.0,1006.9,18.2,25.5,71.0
2024-09-22,22.25,70.82916666666667,195.79166666666666,8.854166666666666,4.925,60.958333333333336,28.5,31.6,26.2,73,0.0,1007.0,19.0,25.9,75.0
2024-09-23,20.4375,62.324999999999996,197.25,8.637500000000001,4.858333333333333,61.125,28.9,32.0,26.7,73,0.0,1006.5,19.8,26.8,75.0
2024-09-24,19.5,55.5375,192.75,8.983333333333333,5.154166666666667,60.208333333333336,29.0,32.0,26.8,73,0.0,1005.1,20.4,26.9,72.0
2024-09-25,18.695833333333333,43.43333333333334,192.79166666666666,10.575000000000001,5.5125,56.333333333333336,28.9,32.4,26.5,75,0.0,1004.1,17.8,24.7,70.0
2024-09-26,18.650000000000002,47.775,200.08333333333334,10.866666666666667,5.3,55.291666666666664,29.1,32.8,26.6,74,0.0,1003.3,17.4,25.1,69.0
2024-09-27,17.954166666666666,50.3125,179.70833333333334,8.404166666666667,4.445833333333334,52.791666666666664,29.1,32.4,26.8,76,0.0,1003.2,22.2,28.8,68.0
2024-09-28,17.8875,51.57916666666667,177.375,8.1875,4.2875000000000005,53.416666666666664,29.2,32.8,26.9,74,0.0,1005.0,20.1,25.2,69.0
2024-09-29,17.154166666666665,64.3,182.29166666666666,9.841666666666667,5.058333333333334,53.208333333333336,28.7,32.6,26.6,74,0.0,1008.5,16.7,23.7,67.0
2024-09-30,13.391666666666666,33.237500000000004,177.79166666666666,10.295833333333333,5.116666666666666,49.375,28.7,32.2,26.3,75,0.0,1010.0,18.2,25.7,65.0
2024-10-01,11.529166666666667,24.541666666666668,204.0,10.458333333333334,4.691666666666666,47.375,28.9,32.8,26.4,77,0.0,1008.1,19.3,27.2,58.0
2024-10-02,12.862499999999999,28.666666666666668,197.41666666666666,9.520833333333334,4.504166666666666,49.583333333333336,28.9,32.4,26.5,79,0.0,1007.8,20.6,28.4,57.0
2024-10-03,13.879166666666668,32.02916666666667,191.66666666666666,7.866666666666667,3.9583333333333335,52.833333333333336,28.8,32.0,26.7,79,0.0,1006.8,23.8,30.6,60.0
2024-10-04,15.458333333333334,35.050000000000004,180.875,7.279166666666666,3.704166666666667,51.333333333333336,28.7,32.0,26.8,80,0.0,1005.8,24.2,31.0,62.0
2024-10-05,15.479166666666666,39.520833333333336,175.95833333333334,8.862499999999999,4.375,49.875,28.7,32.3,26.3,78,0.0,1007.1,20.7,26.3,63.0
2024-10-06,17.179166666666667,46.93333333333334,222.5,12.579166666666666,7.020833333333333,54.041666666666664,28.4,32.1,26.0,78,0.0,1010.0,13.6,22.8,65.0
2024-10-07,19.545833333333334,47.84583333333333,275.8333333333333,17.154166666666665,12.266666666666666,72.25,29.1,34.1,24.9,68,0.0,1012.3,11.5,19.6,91.0
2024-10-08,22.1125,43.324999999999996,337.4166666666667,20.075,11.9,85.83333333333333,31.2,37.6,24.8,49,0.0,1011.6,13.9,21.8,111.0
2024-10-09,26.379166666666666,47.25416666666666,343.0416666666667,19.587500000000002,7.829166666666667,79.75,31.6,38.0,26.8,49,0.0,1009.7,14.0,26.9,83.0
2024-10-10,27.070833333333336,49.32916666666667,445.25,27.983333333333334,9.820833333333333,73.41666666666667,31.0,37.0,25.8,56,0.0,1008.3,12.0,24.0,96.0
2024-10-11,27.5125,55.77916666666667,455.5416666666667,25.329166666666666,11.958333333333334,81.70833333333333,31.7,37.5,26.5,46,0.0,1008.0,12.5,27.0,88.0
2024-10-12,41.22083333333333,79.75416666666666,481.8333333333333,23.308333333333334,17.712500000000002,116.75,30.5,36.1,25.2,58,0.0,1008.2,10.1,25.6,173.0
2024-10-13,28.295833333333334,46.15,413.8333333333333,23.758333333333336,15.658333333333333,79.04166666666667,29.9,33.6,26.2,69,0.0,1009.1,9.1,20.3,116.0
2024-10-14,24.704166666666666,38.074999999999996,370.375,19.145833333333332,16.133333333333333,86.04166666666667,30.6,34.4,28.3,61,0.0,1010.1,8.0,14.7,86.0
2024-10-15,26.004166666666666,40.954166666666666,352.375,17.041666666666668,14.329166666666666,110.0,31.1,36.4,26.9,56,0.3,1010.2,13.3,28.8,132.0
2024-10-16,21.666666666666668,35.083333333333336,315.9166666666667,14.695833333333333,8.733333333333333,100.08333333333333,30.8,36.1,26.7,64,0.0,1009.1,14.3,25.2,110.0
2024-10-17,20.666666666666668,35.625,305.2083333333333,15.325000000000001,6.5249999999999995,74.375,29.9,34.5,27.3,74,0.0,1008.1,15.3,23.0,74.0
2024-10-18,22.3875,35.78333333333333,409.4583333333333,22.974999999999998,13.791666666666666,77.66666666666667,29.2,34.6,25.2,76,0.0,1008.6,9.8,20.0,112.0
2024-10-19,25.6125,41.6,384.25,20.729166666666668,11.683333333333332,92.16666666666667,30.6,36.8,25.6,59,0.0,1009.6,11.5,23.0,149.0
2024-10-20,23.508333333333336,39.275,390.9583333333333,21.125,8.929166666666667,87.58333333333333,30.7,37.3,26.0,58,0.0,1010.0,12.6,21.7,121.0
2024-10-21,19.183333333333334,34.449999999999996,332.3333333333333,17.266666666666666,8.475,81.91666666666667,29.5,35.3,25.9,71,0.0,1010.6,13.8,26.5,100.0
2024-10-22,26.337500000000002,47.824999999999996,346.6666666666667,17.0625,8.720833333333333,90.125,29.7,36.3,24.7,66,0.0,1011.4,13.0,29.4,105.0
2024-10-23,33.65833333333333,58.82083333333333,417.7916666666667,22.708333333333332,9.799999999999999,85.66666666666667,29.3,34.9,25.0,72,0.2,1012.1,13.7,25.6,115.0
2024-10-24,24.650000000000002,46.012499999999996,516.9583333333334,29.191666666666666,11.237499999999999,80.875,30.0,36.6,23.7,59,0.0,1012.1,10.1,23.2,141.0
2024-10-25,15.775,36.416666666666664,362.5,21.308333333333334,7.341666666666666,74.79166666666667,30.5,37.9,25.0,59,0.0,1011.4,14.4,21.3,80.0
2024-10-26,16.141666666666666,47.9375,401.4166666666667,18.883333333333333,5.916666666666667,70.83333333333333,30.1,35.7,26.5,70,0.0,1010.6,16.2,23.0,63.0
2024-10-27,26.979166666666668,77.10833333333333,794.5833333333334,27.0,9.454166666666667,70.70833333333333,30.1,36.4,24.6,67,0.0,1008.6,10.7,20.1,82.0
2024-10-28,30.787499999999998,77.3,572.0833333333334,20.554166666666667,6.6499999999999995,68.125,29.2,34.5,25.1,77,0.0,1006.7,13.0,19.9,92.0
2024-10-29,41.36666666666667,119.19166666666666,579.0833333333334,17.679166666666667,5.966666666666666,71.58333333333333,28.7,32.7,25.5,81,0.0,1008.0,13.0,22.1,114.0
2024-10-30,38.775,141.03333333333333,494.5416666666667,21.2375,6.691666666666666,68.125,28.3,32.2,25.7,83,0.0,1010.0,14.4,23.9,123.0
2024-10-31,37.887499999999996,101.10833333333333,517.25,26.2,10.058333333333334,73.41666666666667,28.2,33.4,25.4,79,0.0,1012.4,11.1,18.6,108.0
2024-11-01,29.7375,68.59166666666667,463.5833333333333,25.354166666666668,7.979166666666667,63.875,28.7,34.5,24.3,72,0.0,1013.2,13.4,21.2,106.0
2024-11-02,24.25,51.800000000000004,541.3333333333334,21.275000000000002,6.25,63.5,28.2,32.2,25.2,80,0.0,1012.7,14.5,20.4,89.0
2024-11-03,27.40833333333333,59.10833333333334,749.5833333333334,29.420833333333334,9.4125,59.541666666666664,27.5,31.6,24.2,83,0.0,1012.8,8.9,16.3,87.0
2024-11-04,25.795833333333334,49.8125,729.5833333333334,31.041666666666668,11.041666666666666,68.54166666666667,27.3,32.9,23.5,75,0.0,1012.6,10.0,19.9,99.0
2024-11-05,28.03333333333333,48.729166666666664,583.1666666666666,29.354166666666668,9.345833333333333,73.08333333333333,27.3,33.1,22.7,72,0.0,1013.5,9.6,17.0,96.0
2024-11-06,25.708333333333332,42.55833333333333,626.625,28.770833333333332,8.924999999999999,73.83333333333333,27.5,34.1,22.8,72,0.0,1015.1,11.0,20.3,87.0
2024-11-07,27.208333333333332,48.041666666666664,553.2916666666666,22.575,6.7875000000000005,72.70833333333333,27.7,31.8,23.7,80,0.0,1013.9,14.2,22.0,86.0
2024-11-08,19.483333333333334,39.56666666666667,776.2916666666666,20.420833333333334,7.233333333333333,68.45833333333333,28.1,31.8,25.2,77,0.0,1013.1,12.1,20.1,84.0
2024-11-09,21.4875,43.24166666666667,642.75,24.683333333333334,7.55,65.20833333333333,27.3,31.1,24.2,78,0.0,1013.7,11.0,19.4,74.0
2024-11-10,20.770833333333332,40.71666666666667,570.8333333333334,25.054166666666664,6.6499999999999995,57.333333333333336,27.2,31.3,23.9,77,0.0,1014.4,12.1,20.7,74.0
2024-11-11,23.425,48.275,806.0,26.145833333333332,7.1125,55.291666666666664,27.0,31.3,23.2,78,0.0,1013.9,10.5,20.1,78.0
2024-11-12,29.34166666666667,59.9625,938.4583333333334,34.708333333333336,12.383333333333333,49.041666666666664,27.3,31.1,24.1,76,0.0,1013.0,8.3,17.7,87.0
2024-11-13,41.454166666666666,56.675000000000004,803.4166666666666,42.641666666666666,25.891666666666666,56.125,27.1,31.6,23.5,68,0.0,1012.1,5.7,10.6,114.0
2024-11-14,37.97083333333333,45.604166666666664,754.0833333333334,38.22083333333333,22.666666666666668,65.70833333333333,26.8,31.7,22.9,61,0.0,1012.9,6.8,10.7,115.0
2024-11-15,39.92916666666667,43.39166666666667,692.0,28.991666666666664,20.866666666666667,91.79166666666667,26.8,32.1,22.7,53,0.0,1013.6,7.6,10.6,149.0
2024-11-16,33.59166666666667,38.574999999999996,807.125,28.983333333333334,20.375,83.95833333333333,26.8,31.4,22.4,65,0.0,1013.2,6.8,12.4,115.0
2024-11-17,30.454166666666666,40.09166666666667,917.875,31.65416666666667,19.991666666666667,69.75,26.6,31.8,22.6,69,0.0,1013.3,6.8,14.9,96.0
2024-11-18,42.112500000000004,51.0375,972.2083333333334,42.925000000000004,22.354166666666668,62.541666666666664,27.2,32.3,23.1,55,0.0,1014.4,7.4,17.1,114.0
2024-11-19,41.9625,48.137499999999996,929.6666666666666,40.458333333333336,21.229166666666668,63.833333333333336,26.9,31.5,22.8,53,0.0,1015.5,7.6,12.6,130.0
2024-11-20,28.504166666666666,32.90833333333333,851.5416666666666,28.087500000000002,18.025000000000002,72.20833333333333,26.3,30.7,22.5,57,0.0,1014.6,7.1,12.8,116.0
2024-11-21,32.6625,36.016666666666666,1046.75,35.833333333333336,21.120833333333334,59.583333333333336,25.8,30.2,21.5,66,0.0,1014.1,6.5,12.1,98.0
2024-11-22,23.366666666666664,26.333333333333332,973.4583333333334,27.120833333333334,18.6375,75.45833333333333,26.1,30.4,22.7,66,0.0,1013.5,7.4,14.4,95.0
2024-11-23,21.370833333333334,25.05,962.9583333333334,26.495833333333334,16.504166666666666,67.91666666666667,26.4,30.2,22.9,65,0.0,1013.7,7.9,12.5,77.0
2024-11-24,28.870833333333334,33.80833333333333,1013.9583333333334,34.47083333333333,23.545833333333334,72.0,26.2,29.9,22.9,67,0.0,1014.2,6.2,10.1,108.0
2024-11-25,40.729166666666664,46.525,959.2916666666666,53.52916666666667,28.445833333333336,65.875,25.8,31.1,21.5,53,0.0,1015.2,6.8,11.5,122.0
2024-11-26,41.99583333333333,48.62083333333334,1009.1666666666666,48.99166666666667,28.454166666666666,60.25,25.6,30.8,21.1,58,0.0,1015.0,6.1,12.3,137.0
2024-11-27,28.46666666666667,38.0375,1102.5,40.65416666666667,20.204166666666666,53.875,26.1,30.0,22.2,71,0.0,1013.3,6.2,12.4,116.0
2024-11-28,36.225,43.24583333333334,1461.4583333333333,44.0,29.295833333333334,52.333333333333336,25.9,30.0,22.0,75,0.0,1013.6,5.2,11.5,106.0
2024-11-29,25.770833333333332,32.199999999999996,869.875,33.40833333333333,23.40833333333333,63.25,25.5,30.1,22.0,73,0.0,1014.6,6.0,11.4,102.0
2024-11-30,37.375,40.737500000000004,829.125,37.74583333333333,18.629166666666666,65.29166666666667,25.9,30.7,21.8,56,0.0,1014.0,7.8,11.5,103.0
2024-12-01,50.237500000000004,52.699999999999996,1113.7916666666667,36.87083333333333,23.212500000000002,78.75,24.8,29.4,20.4,42,0.0,1012.4,7.1,11.1,136.0
2024-12-02,42.17916666666667,44.833333333333336,938.7916666666666,36.608333333333334,17.57916666666667,74.25,25.1,30.3,20.1,39,0.0,1012.1,6.9,9.9,137.0
2024-12-03,43.74583333333334,47.625,613.4166666666666,15.908333333333333,15.995833333333332,94.95833333333333,25.3,30.3,20.9,44,0.0,1014.4,11.2,13.6,124.0
2024-12-04,47.73333333333333,53.90416666666667,701.7083333333334,15.441666666666668,18.995833333333334,96.25,25.5,29.6,21.7,42,0.0,1015.6,12.8,16.1,130.0
2024-12-05,50.04583333333333,58.88333333333333,1093.7083333333333,28.925,22.59166666666667,72.33333333333333,24.1,28.4,19.5,50,0.0,1015.0,6.9,10.9,138.0
2024-12-06,36.65833333333333,57.38333333333333,1179.2916666666667,38.44166666666667,28.704166666666666,62.416666666666664,23.5,28.1,18.5,57,0.0,1013.6,6.3,9.3,136.0
2024-12-07,32.1,35.27916666666667,828.8333333333334,47.34583333333333,29.962500000000002,56.916666666666664,22.6,28.6,16.1,33,0.0,1012.6,7.0,10.0,103.0
2024-12-08,29.204166666666666,38.975,460.8333333333333,37.920833333333334,18.566666666666666,54.333333333333336,22.3,28.2,17.9,14,0.0,1014.3,11.0,14.8,101.0
2024-12-09,25.866666666666664,37.145833333333336,1039.25,35.6625,14.391666666666666,52.75,20.4,26.1,14.5,22,0.0,1016.6,7.7,10.9,88.0
2024-12-10,29.6875,32.46666666666667,1030.7916666666667,28.3,16.570833333333333,65.75,20.4,25.6,15.2,27,0.0,1017.2,7.0,10.3,87.0
2024-12-11,39.949999999999996,44.94166666666666,1033.5833333333333,43.225,26.229166666666668,60.791666666666664,20.2,25.9,14.7,31,0.0,1016.9,5.9,8.0,111.0
2024-12-12,28.616666666666664,32.88333333333333,643.6666666666666,33.59583333333333,15.075000000000001,61.041666666666664,19.6,25.1,14.4,30,0.0,1017.3,8.0,11.4,112.0
2024-12-13,17.525000000000002,20.662499999999998,535.875,14.125,13.441666666666668,81.33333333333333,19.1,24.0,15.0,26,0.0,1018.7,13.4,18.2,87.0
2024-12-14,27.733333333333334,28.916666666666668,695.0,15.8375,18.291666666666668,93.625,19.9,24.8,15.6,26,0.0,1018.0,11.9,14.1,85.0
2024-12-15,25.416666666666668,26.129166666666666,883.75,29.008333333333336,20.875,79.70833333333333,19.4,25.6,14.0,29,0.0,1018.1,7.8,11.2,91.0
2024-12-16,28.804166666666664,29.162499999999998,1062.3333333333333,38.32083333333333,23.954166666666666,65.0,20.3,26.4,14.8,31,0.0,1017.0,6.5,10.6,87.0
2024-12-17,38.09166666666666,57.074999999999996,904.0833333333334,28.6375,20.412499999999998,69.54166666666667,20.1,26.0,14.0,36,0.0,1015.8,6.0,9.8,114.0
2024-12-18,36.87916666666667,41.65,729.75,21.420833333333334,18.966666666666665,86.25,20.8,25.9,16.6,28,0.0,1015.1,8.3,12.7,106.0
2024-12-19,39.72083333333333,43.93333333333334,928.5,27.116666666666664,22.804166666666664,86.875,19.8,25.2,14.8,34,0.0,1014.3,6.9,9.9,112.0
2024-12-20,29.941666666666666,33.6,777.6666666666666,20.825,19.779166666666665,80.70833333333333,19.4,24.5,15.2,32,0.0,1016.2,10.0,12.1,111.0
2024-12-21,40.208333333333336,41.824999999999996,790.5416666666666,18.454166666666666,23.570833333333336,104.875,18.7,24.2,13.7,30,0.0,1015.4,10.3,12.0,116.0
2024-12-22,47.19166666666666,53.6875,1076.875,26.879166666666666,24.287499999999998,86.33333333333333,18.7,24.2,13.5,43,0.0,1013.8,7.5,11.4,131.0
2024-12-23,56.76666666666667,70.54583333333333,1171.0,40.699999999999996,26.8,66.91666666666667,19.4,24.2,14.6,55,0.0,1014.6,6.4,10.5,150.0
2024-12-24,68.07916666666667,69.425,880.2916666666666,20.116666666666667,21.59583333333333,95.83333333333333,19.1,24.4,14.7,37,0.0,1017.6,9.9,11.8,160.0
2024-12-25,66.79166666666667,67.75833333333334,878.3333333333334,14.9,23.212500000000002,113.83333333333333,18.7,23.5,14.3,40,0.0,1019.0,11.3,14.1,160.0
2024-12-26,59.362500000000004,60.979166666666664,838.4583333333334,17.258333333333333,24.77916666666667,105.75,18.9,23.8,14.4,38,0.0,1020.0,11.0,12.4,159.0
2024-12-27,42.3125,43.775,1341.8333333333333,28.004166666666666,22.27916666666667,84.83333333333333,18.9,24.4,13.8,36,0.0,1019.8,6.8,10.8,153.0
2024-12-28,25.412499999999998,27.349999999999998,976.8333333333334,34.4375,21.633333333333336,65.25,18.6,25.2,12.9,31,0.0,1019.9,7.1,11.5,117.0
2024-12-29,28.266666666666666,31.458333333333332,931.5416666666666,31.945833333333336,17.283333333333335,69.125,19.0,25.2,13.4,35,0.0,1020.3,8.4,11.3,86.0
2024-12-30,39.72083333333333,40.458333333333336,1220.125,28.900000000000002,19.3,86.08333333333333,19.6,25.1,15.0,33,0.0,1019.4,8.2,11.5,109.0
2024-12-31,39.079166666666666,40.02916666666667,1384.0833333333333,30.84583333333333,18.658333333333335,73.08333333333333,19.8,25.8,14.4,35,0.0,1018.8,6.2,8.7,122.0
2025-01-01,37.52916666666667,40.68333333333333,972.75,20.754166666666666,17.966666666666665,90.91666666666667,20.4,26.2,15.3,35,0.0,1017.5,8.1,10.5,109.0
2025-01-02,51.3375,55.4,1431.6666666666667,32.391666666666666,23.758333333333336,89.875,19.8,25.6,14.9,45,0.0,1016.8,7.1,9.6,138.0
2025-01-03,66.60833333333333,72.95833333333333,1241.0416666666667,35.795833333333334,30.425,98.16666666666667,19.9,24.6,14.9,55,0.0,1016.5,6.3,11.5,158.0
2025-01-04,51.67916666666667,69.32916666666667,776.3333333333334,36.06666666666667,24.8125,65.79166666666667,20.6,24.2,17.2,55,0.0,1015.2,9.6,14.1,163.0
2025-01-05,40.22083333333333,55.06666666666666,908.6666666666666,39.32083333333333,26.183333333333334,67.33333333333333,18.1,22.5,13.2,47,0.0,1016.0,6.6,10.7,140.0
2025-01-06,31.079166666666666,35.25833333333333,1103.7083333333333,41.30833333333333,21.633333333333336,53.666666666666664,18.5,24.5,13.2,38,0.0,1018.5,6.6,9.4,118.0
2025-01-07,21.925,22.954166666666666,958.9166666666666,31.349999999999998,15.595833333333333,73.95833333333333,18.8,24.9,13.5,24,0.0,1019.5,7.7,11.8,92.0
2025-01-08,27.829166666666666,28.087500000000002,1175.4166666666667,37.4375,30.141666666666666,75.5,17.7,23.5,11.5,37,0.0,1016.6,6.1,9.6,98.0
2025-01-09,33.829166666666666,34.52916666666667,1418.375,44.02916666666667,24.170833333333334,70.0,18.6,24.2,12.3,51,0.0,1014.8,6.1,7.7,105.0
2025-01-10,45.6875,46.35833333333333,1071.2083333333333,53.05833333333334,24.416666666666668,63.625,19.9,25.4,15.4,39,0.0,1015.7,7.0,13.6,125.0
2025-01-11,45.12916666666666,45.47083333333333,1102.5,41.833333333333336,28.900000000000002,74.83333333333333,20.0,25.9,14.8,43,0.0,1016.7,6.0,10.6,137.0
2025-01-12,41.62083333333333,41.75416666666667,1100.9583333333333,35.40833333333333,22.983333333333334,87.375,19.9,25.8,14.7,35,0.0,1018.8,8.6,13.6,138.0
2025-01-13,53.12083333333334,53.9375,893.7083333333334,13.700000000000001,16.433333333333334,104.375,18.7,23.5,14.7,41,0.0,1019.4,12.8,15.1,146.0
2025-01-14,55.854166666666664,57.770833333333336,951.75,30.587500000000002,19.358333333333334,85.875,18.4,24.1,13.5,52,0.0,1018.2,8.0,10.4,150.0
2025-01-15,55.60833333333333,61.24166666666667,1064.6666666666667,37.358333333333334,21.054166666666667,74.41666666666667,19.4,25.1,14.9,52,0.0,1019.0,7.2,10.5,151.0
2025-01-16,69.3,78.47500000000001,1367.6666666666667,45.82916666666667,34.137499999999996,80.95833333333333,18.9,22.7,14.7,54,0.0,1020.0,6.3,11.1,159.0
2025-01-17,37.275,42.329166666666666,769.4583333333334,22.52916666666667,17.275000000000002,90.08333333333333,19.4,24.5,14.8,39,0.0,1019.0,11.7,15.9,160.0
2025-01-18,43.68333333333334,45.75,782.7916666666666,19.833333333333332,17.95,102.0,19.8,24.9,15.5,35,0.0,1015.8,11.4,13.8,120.0
2025-01-19,46.44583333333333,47.62916666666666,1000.9166666666666,25.979166666666668,19.412499999999998,97.125,19.8,25.7,14.5,34,0.0,1015.8,7.5,10.7,127.0
2025-01-20,56.425000000000004,57.62916666666666,1320.125,29.395833333333332,24.2375,98.125,20.4,26.0,16.1,39,0.0,1015.8,8.6,12.4,151.0
2025-01-21,49.11666666666667,53.025,1226.2083333333333,27.354166666666668,24.329166666666666,101.83333333333333,19.7,24.7,14.6,50,0.0,1015.0,7.3,11.7,151.0
2025-01-22,30.96666666666667,41.12916666666667,728.875,27.65833333333333,17.6375,79.33333333333333,20.6,25.0,16.8,60,0.0,1014.5,7.8,13.4,134.0
2025-01-23,31.825,38.175000000000004,657.25,30.104166666666668,15.1,70.04166666666667,20.6,26.4,15.1,36,0.0,1017.2,8.4,12.0,105.0
2025-01-24,16.204166666666666,19.645833333333332,640.8333333333334,17.0125,11.549999999999999,89.79166666666667,20.5,25.9,15.0,25,0.0,1016.9,11.3,13.3,93.0
2025-01-25,22.575,26.008333333333336,1166.7083333333333,29.991666666666664,17.345833333333335,79.5,20.4,26.2,15.2,28,0.0,1016.2,8.4,11.3,82.0
2025-01-26,34.09583333333333,39.075,967.8333333333334,46.458333333333336,27.608333333333334,61.0,19.6,25.8,14.1,40,0.0,1015.1,6.9,12.2,103.0
2025-01-27,38.50833333333333,44.62083333333334,970.5833333333334,46.9625,28.03333333333333,53.833333333333336,19.8,27.1,14.3,63,0.0,1013.2,6.4,11.8,110.0
2025-01-28,31.016666666666666,33.583333333333336,803.0,42.391666666666666,25.516666666666666,53.25,19.8,25.7,14.0,75,0.0,1012.0,6.7,11.4,108.0
2025-01-29,22.116666666666664,40.12083333333333,543.3333333333334,24.34166666666667,12.879166666666668,68.875,21.4,26.3,17.0,80,0.0,1012.9,8.7,12.7,92.0
2025-01-30,33.324999999999996,74.84166666666667,591.0833333333334,22.166666666666668,14.408333333333333,78.45833333333333,21.4,26.6,16.3,52,0.0,1012.8,8.4,13.1,95.0
2025-01-31,34.170833333333334,91.175,429.1666666666667,18.3875,14.916666666666666,75.16666666666667,19.4,24.1,15.0,29,0.0,1011.8,11.5,13.8,106.0
2025-02-01,43.708333333333336,102.58333333333333,666.75,35.99583333333333,17.708333333333332,65.5,18.8,24.5,12.7,44,0.0,1013.6,7.4,11.4,119.0
2025-02-02,24.616666666666664,30.962500000000002,678.0416666666666,25.099999999999998,13.041666666666666,80.45833333333333,20.8,26.7,14.8,27,0.0,1015.4,9.1,13.4,121.0
2025-02-03,27.349999999999998,35.42916666666667,648.4166666666666,15.295833333333334,17.904166666666665,105.25,20.7,25.0,16.7,33,0.0,1014.5,9.6,15.7,109.0
2025-02-04,18.3125,34.520833333333336,481.5833333333333,16.379166666666666,11.025,93.375,20.8,24.8,16.7,50,0.0,1015.8,10.1,14.5,85.0
2025-02-05,22.370833333333334,37.583333333333336,731.8333333333334,29.34583333333333,16.95,73.125,20.1,25.8,14.4,43,0.0,1016.3,7.8,13.4,74.0
2025-02-06,24.441666666666666,31.71666666666667,746.4583333333334,34.00416666666667,14.679166666666667,64.25,21.1,27.4,14.8,29,0.0,1016.9,9.4,12.7,86.0
2025-02-07,18.008333333333333,25.275000000000002,563.375,21.116666666666667,12.0375,83.58333333333333,22.8,28.4,17.9,18,0.0,1016.9,10.5,13.8,79.0
2025-02-08,29.712500000000002,37.5375,801.9583333333334,27.27916666666667,18.379166666666666,86.41666666666667,21.9,28.1,16.8,27,0.0,1015.0,8.5,10.1,96.0
2025-02-09,35.71666666666667,38.233333333333334,864.3333333333334,35.0,24.083333333333332,80.375,21.1,27.0,15.4,39,0.0,1013.7,7.4,11.3,121.0
2025-02-10,26.229166666666668,28.829166666666666,551.5416666666666,23.858333333333334,16.095833333333335,87.08333333333333,21.5,26.3,17.1,71,0.0,1014.1,9.2,13.4,101.0
2025-02-11,29.516666666666666,79.67916666666666,447.9166666666667,18.0375,12.541666666666666,79.125,23.0,27.7,20.4,76,0.0,1014.5,10.5,12.7,87.0
2025-02-12,50.79583333333333,114.40416666666665,853.2083333333334,34.93333333333333,22.65833333333333,70.875,23.3,29.0,17.9,59,0.0,1016.1,7.0,10.7,135.0
2025-02-13,49.95416666666667,85.99583333333334,989.7083333333334,42.07083333333333,29.358333333333334,68.66666666666667,23.2,28.3,18.2,48,0.0,1016.2,6.6,11.1,150.0
2025-02-14,27.462500000000002,57.6,428.8333333333333,22.55,12.700000000000001,72.875,24.0,29.7,19.8,65,0.0,1014.2,10.4,14.7,136.0
2025-02-15,29.412499999999998,67.01666666666667,359.7083333333333,16.983333333333334,11.008333333333333,81.625,24.7,29.4,22.0,67,0.0,1011.7,12.8,16.2,88.0
2025-02-16,24.620833333333334,57.375,424.6666666666667,17.275000000000002,10.566666666666666,78.70833333333333,24.8,30.3,21.3,68,0.0,1011.6,10.5,14.1,89.0
2025-02-17,27.395833333333332,50.85,774.4583333333334,28.320833333333336,17.370833333333334,83.375,25.2,30.6,20.7,60,0.0,1013.7,7.2,13.2,108.0
2025-02-18,22.308333333333334,50.9375,603.6666666666666,24.245833333333334,12.5,67.125,25.3,30.9,21.4,61,0.0,1014.3,9.0,13.5,92.0
2025-02-19,18.708333333333332,49.00416666666666,343.0,13.424999999999999,9.220833333333333,79.33333333333333,25.5,29.5,22.7,61,0.0,1012.3,14.2,20.7,75.0
2025-02-20,35.96666666666667,120.53750000000001,641.4166666666666,24.379166666666666,16.916666666666668,83.0,25.9,31.4,20.7,47,0.0,1012.5,8.1,14.4,99.0
2025-02-21,48.15,128.275,1043.125,35.71666666666667,24.166666666666668,56.75,24.7,29.3,20.9,47,0.0,1015.6,5.6,8.4,127.0
2025-02-22,36.55416666666667,55.10833333333333,883.4583333333334,35.125,26.195833333333336,84.58333333333333,23.7,29.2,18.6,44,0.0,1016.8,7.3,11.7,141.0
2025-02-23,30.3,42.69166666666666,655.4583333333334,31.15833333333333,20.816666666666666,77.375,23.0,27.6,19.4,75,0.0,1016.3,7.1,12.6,105.0
2025-02-24,22.808333333333334,47.979166666666664,627.9166666666666,34.074999999999996,24.27916666666667,58.125,23.3,28.8,19.6,80,0.0,1016.1,6.8,12.1,90.0
2025-02-25,34.00833333333333,79.82916666666667,881.5833333333334,47.02916666666667,33.329166666666666,40.333333333333336,24.2,29.1,20.2,66,0.0,1016.3,5.7,8.0,96.0
2025-02-26,21.833333333333332,51.52916666666667,555.75,37.77916666666667,21.525000000000002,41.291666666666664,24.2,29.8,20.1,70,0.0,1016.3,6.8,10.4,97.0
2025-02-27,16.570833333333333,28.075,365.6666666666667,23.65833333333333,14.870833333333332,52.958333333333336,23.5,27.0,20.7,80,0.0,1014.0,9.6,12.9,74.0
2025-02-28,28.020833333333332,59.40833333333333,299.5416666666667,12.950000000000001,10.55,89.79166666666667,24.3,27.2,22.0,74,0.0,1011.7,15.0,20.0,86.0
2025-03-01,29.229166666666668,56.57916666666667,427.3333333333333,17.608333333333334,14.025,97.83333333333333,24.0,27.9,21.2,71,0.0,1012.5,10.9,16.8,96.0
2025-03-02,27.391666666666666,43.050000000000004,608.1666666666666,22.079166666666666,16.720833333333335,92.25,22.7,27.6,18.1,69,0.0,1012.8,8.5,15.0,128.0
2025-03-03,27.916666666666668,74.97500000000001,363.625,14.929166666666667,11.620833333333332,86.04166666666667,24.2,28.7,21.3,72,0.0,1012.9,12.1,17.8,85.0
2025-03-04,36.358333333333334,102.96249999999999,582.5416666666666,25.941666666666666,14.058333333333332,79.125,24.2,29.4,19.1,31,0.0,1017.0,7.9,12.2,116.0
2025-03-05,21.120833333333334,36.375,600.0416666666666,23.4875,15.237499999999999,90.5,23.1,30.1,16.8,23,0.0,1018.2,8.4,11.8,109.0
2025-03-06,20.3625,33.46666666666667,547.4583333333334,25.054166666666664,17.1375,88.04166666666667,24.8,32.3,19.7,57,0.0,1014.7,9.0,13.9,89.0
2025-03-07,22.666666666666668,46.30416666666667,753.875,25.474999999999998,16.229166666666668,88.70833333333333,26.1,33.1,19.6,55,0.0,1011.8,7.5,11.9,111.0
2025-03-08,22.820833333333336,69.52083333333333,524.5,20.354166666666668,12.154166666666667,74.25,28.0,36.6,22.2,42,0.0,1008.8,9.8,16.5,81.0
2025-03-09,27.7375,59.275,619.2916666666666,28.662499999999998,18.370833333333334,84.79166666666667,28.7,36.5,22.6,42,0.0,1009.7,8.0,13.7,143.0
2025-03-10,25.429166666666664,45.24583333333334,697.9583333333334,34.199999999999996,17.775000000000002,60.416666666666664,28.5,36.3,22.2,43,0.0,1012.1,8.0,12.0,88.0
2025-03-11,22.558333333333334,32.1,680.5,36.829166666666666,17.516666666666666,60.625,27.5,34.5,21.5,48,0.0,1012.8,8.1,11.8,82.0
2025-03-12,18.25,26.891666666666666,524.0416666666666,25.204166666666666,13.645833333333334,63.291666666666664,26.9,32.8,21.9,62,0.0,1010.8,9.1,14.3,76.0
2025-03-13,15.5875,30.537499999999998,412.25,16.537499999999998,10.516666666666667,81.95833333333333,27.8,33.1,24.3,63,0.0,1008.7,11.9,15.2,67.0
2025-03-14,24.5625,66.83749999999999,344.6666666666667,12.870833333333332,10.200000000000001,89.33333333333333,27.5,31.7,25.2,61,0.0,1008.6,14.4,17.0,78.0
2025-03-15,28.854166666666668,66.58749999999999,450.9583333333333,16.570833333333333,14.783333333333333,103.66666666666667,27.0,33.0,22.2,49,0.0,1010.6,9.7,15.4,133.0
2025-03-16,26.395833333333332,64.0,509.25,20.941666666666666,14.987499999999999,99.125,26.8,32.5,22.7,43,0.0,1012.6,9.7,16.9,120.0
2025-03-17,29.108333333333334,58.99166666666667,574.875,35.00833333333333,19.070833333333333,70.95833333333333,26.4,31.8,20.6,44,0.0,1013.2,9.0,14.1,95.0
2025-03-18,16.533333333333335,37.199999999999996,644.0833333333334,21.308333333333334,13.770833333333334,82.45833333333333,25.4,30.8,20.4,62,0.0,1012.2,8.2,14.2,88.0
2025-03-19,14.370833333333332,26.8,442.25,17.658333333333335,11.604166666666666,81.66666666666667,25.7,31.0,22.4,65,0.0,1012.5,11.1,14.6,65.0
2025-03-20,15.920833333333334,28.849999999999998,445.0,17.7,13.733333333333334,85.79166666666667,26.2,32.0,22.7,70,0.0,1014.0,9.9,18.9,97.0
2025-03-21,18.316666666666666,34.7875,540.0,18.6125,13.954166666666666,91.33333333333333,26.8,33.4,22.0,64,0.0,1015.2,9.5,17.8,107.0
2025-03-22,20.875,42.42916666666667,501.2916666666667,19.816666666666666,12.958333333333334,90.20833333333333,26.7,31.7,23.0,64,0.0,1013.3,9.7,15.1,87.0
2025-03-23,13.85,18.599999999999998,468.5416666666667,22.545833333333334,13.870833333333332,84.79166666666667,27.8,34.0,23.3,53,0.0,1013.2,9.9,15.0,90.0
2025-03-24,9.916666666666666,12.154166666666667,394.7083333333333,19.766666666666666,12.0625,84.45833333333333,27.6,33.7,23.1,46,0.0,1013.0,11.8,15.9,80.0
2025-03-25,13.979166666666666,19.575,329.4583333333333,17.2625,12.970833333333333,82.375,25.7,29.7,22.3,72,0.0,1010.0,11.9,16.1,70.0
2025-03-26,15.883333333333333,28.179166666666664,349.8333333333333,14.945833333333333,11.604166666666666,105.04166666666667,26.0,29.5,23.8,70,0.0,1007.4,12.9,17.2,115.0
2025-03-27,27.170833333333334,82.35833333333333,414.9583333333333,14.679166666666667,11.095833333333333,110.91666666666667,27.1,33.9,22.8,42,0.0,1009.9,11.4,16.7,111.0
2025-03-28,27.454166666666666,93.35833333333333,549.2916666666666,22.608333333333334,16.412499999999998,108.95833333333333,26.2,32.1,20.9,24,0.0,1012.2,9.8,15.1,158.0
2025-03-29,28.587500000000002,55.916666666666664,776.4166666666666,34.61666666666667,15.804166666666667,88.79166666666667,26.9,33.4,22.4,22,0.0,1011.6,7.7,13.7,120.0
2025-03-30,21.579166666666666,38.6,530.7083333333334,23.03333333333333,18.866666666666667,117.54166666666667,26.5,33.8,21.2,40,0.0,1011.3,9.6,15.4,158.0
2025-03-31,19.0,38.50833333333333,627.3333333333334,22.583333333333332,15.954166666666667,93.54166666666667,26.0,32.0,20.5,65,0.0,1010.8,8.1,13.6,119.0
2025-04-01,25.320833333333336,62.512499999999996,588.625,27.433333333333334,18.483333333333334,89.66666666666667,27.2,34.6,21.6,62,0.0,1009.1,8.0,13.7,134.0
2025-04-02,25.825,44.02916666666667,689.0,34.99583333333333,21.745833333333334,80.70833333333333,27.1,33.7,21.7,60,0.0,1008.6,6.9,12.1,131.0
2025-04-03,22.545833333333334,37.3,571.5,29.1375,16.508333333333333,83.125,27.3,32.8,22.8,66,0.0,1010.0,9.0,14.5,114.0
2025-04-04,18.879166666666666,29.087500000000002,646.0833333333334,26.40416666666667,16.266666666666666,99.375,28.0,34.0,22.9,61,0.0,1011.6,8.7,13.9,156.0
2025-04-05,11.245833333333332,14.7125,402.2916666666667,18.0625,11.4,90.375,28.5,33.9,24.0,61,0.0,1010.9,11.0,15.3,87.0
2025-04-06,12.245833333333332,28.695833333333336,348.625,13.516666666666666,8.983333333333333,96.0,30.3,36.6,25.8,42,0.0,1008.9,15.3,19.7,74.0
2025-04-07,13.295833333333334,21.34583333333333,390.5,14.65,9.612499999999999,96.0,29.1,33.3,26.6,54,0.0,1008.6,14.1,17.9,80.0
2025-04-08,22.745833333333334,37.69166666666667,450.5833333333333,20.5625,13.458333333333334,82.83333333333333,28.0,31.6,25.1,71,0.0,1009.9,9.5,14.3,81.0
2025-04-09,21.045833333333334,41.84166666666667,449.9583333333333,21.412499999999998,13.758333333333333,74.95833333333333,27.7,31.5,24.6,77,0.0,1009.5,9.9,15.2,78.0
2025-04-10,17.1625,35.22083333333333,308.375,15.816666666666668,12.120833333333332,80.375,27.7,31.7,24.7,77,0.0,1005.9,11.9,15.4,73.0
2025-04-11,22.391666666666666,47.68333333333334,347.2083333333333,14.529166666666667,11.020833333333334,82.58333333333333,28.0,32.4,25.3,77,0.0,1003.0,11.7,16.1,75.0
2025-04-12,21.641666666666666,48.38333333333333,379.5416666666667,15.112499999999999,10.75,87.83333333333333,29.4,35.3,25.5,66,0.0,1005.5,10.7,14.5,79.0
2025-04-13,15.762500000000001,32.270833333333336,294.4166666666667,10.575000000000001,9.8125,78.58333333333333,28.6,33.0,25.8,73,0.0,1009.0,13.7,17.9,74.0
2025-04-14,15.954166666666666,29.429166666666664,287.1666666666667,10.450000000000001,9.195833333333333,76.16666666666667,28.3,32.0,25.8,76,0.0,1008.7,16.3,20.9,63.0
2025-04-15,17.745833333333334,37.0,279.7083333333333,10.483333333333333,9.954166666666667,76.95833333333333,28.7,32.7,25.9,77,0.0,1007.4,14.8,18.1,68.0
2025-04-16,18.662499999999998,41.791666666666664,281.8333333333333,9.9125,9.354166666666666,75.20833333333333,29.0,33.2,26.0,72,0.0,1006.6,14.6,19.1,69.0
2025-04-17,14.716666666666667,31.425,276.5416666666667,9.816666666666666,8.570833333333333,73.20833333333333,29.3,33.6,26.4,67,0.0,1005.7,16.8,21.7,68.0
2025-04-18,17.254166666666666,37.516666666666666,269.9166666666667,9.375,9.674999999999999,92.91666666666667,28.8,32.2,26.3,71,0.0,1005.5,15.0,18.5,71.0
2025-04-19,52.29583333333333,209.775,314.2083333333333,9.866666666666665,10.983333333333334,105.5,30.0,34.7,26.3,60,0.0,1004.4,13.9,16.7,136.0
2025-04-20,51.387499999999996,183.67499999999998,454.0,14.799999999999999,11.745833333333332,99.625,31.2,38.8,25.5,40,0.0,1006.2,11.6,16.9,160.0
2025-04-21,45.1,135.11249999999998,471.9166666666667,18.116666666666667,15.545833333333334,100.91666666666667,30.3,38.2,25.2,45,0.0,1009.1,10.0,18.1,140.0
2025-04-22,34.65,89.41666666666667,532.8333333333334,19.945833333333333,16.170833333333334,97.08333333333333,29.3,35.7,25.0,59,0.0,1010.7,7.9,14.0,137.0
2025-04-23,28.833333333333332,81.21249999999999,440.0416666666667,17.129166666666666,12.283333333333333,88.29166666666667,28.9,35.2,24.3,66,0.0,1008.3,9.4,15.4,98.0
2025-04-24,20.900000000000002,44.59583333333333,383.5833333333333,14.533333333333333,11.075000000000001,96.0,29.1,33.8,25.6,69,0.0,1005.9,11.5,18.3,97.0
2025-04-25,22.504166666666666,54.17083333333333,405.2083333333333,14.720833333333333,11.479166666666666,86.33333333333333,28.9,33.1,25.5,76,0.0,1005.9,9.3,15.4,84.0
2025-04-26,25.849999999999998,69.31666666666666,369.7083333333333,18.104166666666668,12.700000000000001,96.16666666666667,31.1,37.4,27.0,56,0.0,1005.1,11.6,18.0,121.0
2025-04-27,28.212500000000002,71.2625,409.0416666666667,18.658333333333335,11.758333333333333,79.54166666666667,30.4,35.0,26.6,63,0.0,1006.2,10.4,17.3,89.0
2025-04-28,22.233333333333334,47.9,367.8333333333333,15.362499999999999,10.283333333333333,83.0,31.0,35.7,27.0,60,0.0,1004.6,11.9,18.4,86.0
2025-04-29,13.508333333333333,20.395833333333332,322.3333333333333,12.870833333333332,8.758333333333333,90.45833333333333,31.6,35.3,29.1,52,0.0,1003.8,14.7,20.3,75.0
2025-04-30,14.645833333333334,24.425,294.75,11.112499999999999,8.870833333333334,82.08333333333333,31.0,35.5,28.3,57,0.0,1005.3,14.7,20.2,62.0
2025-05-01,15.679166666666667,25.241666666666664,282.0833333333333,10.008333333333335,9.066666666666666,81.79166666666667,30.2,33.6,27.7,65,0.0,1006.2,14.7,20.5,62.0
2025-05-02,16.495833333333334,27.354166666666668,271.1666666666667,10.395833333333334,9.570833333333333,77.54166666666667,29.9,33.2,27.7,71,0.0,1005.9,14.6,19.8,64.0
2025-05-03,17.333333333333332,31.308333333333334,305.0833333333333,14.924999999999999,11.845833333333333,80.95833333333333,30.1,34.4,27.2,71,0.0,1004.2,12.3,18.2,75.0
2025-05-04,18.741666666666667,30.883333333333336,351.4583333333333,14.0625,11.095833333333333,82.45833333333333,30.0,33.5,27.3,71,0.0,1002.5,11.3,18.0,68.0
2025-05-05,25.96666666666667,69.09166666666667,525.5,17.5125,14.516666666666666,84.375,29.7,33.0,26.4,69,0.0,1002.7,7.4,13.4,81.0
2025-05-06,36.06666666666667,93.61666666666667,492.625,25.5625,21.879166666666666,83.16666666666667,29.6,32.8,27.2,75,0.0,1004.4,8.6,13.0,140.0
2025-05-07,21.8875,53.84166666666667,397.125,15.641666666666666,21.220833333333335,74.66666666666667,29.7,33.5,27.3,76,0.0,1003.4,7.7,14.9,108.0
2025-05-08,21.325,47.04583333333333,313.5416666666667,18.995833333333334,17.208333333333332,53.791666666666664,29.6,32.2,27.2,76,0.0,1004.4,7.2,12.1,78.0
2025-05-09,28.429166666666664,70.41250000000001,341.0,16.466666666666665,18.016666666666666,63.166666666666664,29.8,32.4,27.3,72,0.0,1006.6,8.3,13.6,86.0
2025-05-10,29.583333333333332,69.45,275.8333333333333,13.6,16.879166666666666,70.54166666666667,30.0,34.0,27.0,70,0.0,1007.1,11.1,17.2,89.0
2025-05-11,33.90833333333333,77.57083333333334,259.2916666666667,10.458333333333334,13.245833333333332,77.08333333333333,29.7,32.5,27.3,76,0.0,1006.0,12.9,18.0,96.0
2025-05-12,30.666666666666668,75.21249999999999,240.25,9.25,12.079166666666666,86.66666666666667,29.5,32.1,27.4,76,0.1,1004.5,13.8,18.5,107.0
2025-05-13,19.645833333333332,37.4375,244.75,9.6875,12.200000000000001,85.41666666666667,29.5,32.7,26.8,77,0.0,1004.5,12.6,17.3,91.0
2025-05-14,22.504166666666666,45.25833333333333,294.3333333333333,12.629166666666668,13.304166666666667,83.0,30.5,34.5,27.3,76,0.0,1004.3,10.7,15.5,75.0
2025-05-15,21.754166666666666,44.94166666666666,314.8333333333333,15.566666666666668,13.670833333333334,80.66666666666667,30.5,33.7,27.6,76,0.0,1004.2,10.3,16.2,83.0
2025-05-16,19.516666666666666,37.31666666666667,289.0,14.470833333333333,12.35,72.83333333333333,30.1,32.8,27.8,79,0.0,1003.7,11.2,14.9,74.0
2025-05-17,18.412499999999998,37.87083333333333,250.20833333333334,12.541666666666666,13.095833333333333,66.04166666666667,30.1,32.5,28.1,75,0.0,1003.5,12.0,16.2,70.0
2025-05-18,16.883333333333333,33.737500000000004,256.0833333333333,11.8125,14.391666666666666,62.083333333333336,30.2,32.8,28.1,73,0.0,1003.9,10.2,15.4,68.0
2025-05-19,18.474999999999998,40.045833333333334,222.625,11.391666666666666,13.004166666666668,58.125,30.0,32.7,27.9,73,0.0,1003.5,12.1,16.7,68.0
2025-05-20,23.045833333333334,69.88333333333334,208.41666666666666,8.483333333333333,12.091666666666667,62.625,30.4,33.3,28.2,71,0.0,1003.0,13.7,17.2,76.0
2025-05-21,27.40833333333333,105.09583333333335,218.95833333333334,8.9125,13.270833333333334,70.20833333333333,30.2,32.9,28.1,73,0.0,1002.8,14.0,16.3,84.0
2025-05-22,22.941666666666666,83.22500000000001,221.79166666666666,10.112499999999999,12.887500000000001,65.29166666666667,29.9,32.5,27.9,75,0.2,1001.8,13.7,17.3,85.0
2025-05-23,18.754166666666666,54.175000000000004,211.66666666666666,10.4625,11.433333333333332,64.83333333333333,30.2,33.8,27.7,74,0.0,999.5,15.0,17.1,76.0
2025-05-24,21.72083333333333,57.24583333333334,209.125,8.737499999999999,11.541666666666666,67.70833333333333,30.5,33.2,28.5,73,0.0,999.1,15.4,18.3,73.0
2025-05-25,27.670833333333334,68.5625,213.08333333333334,8.670833333333333,11.591666666666667,67.08333333333333,30.9,33.9,28.8,75,0.0,1000.5,14.5,17.7,85.0
2025-05-26,28.395833333333332,62.32083333333333,222.375,10.029166666666667,12.158333333333333,67.33333333333333,31.2,35.5,28.8,74,0.0,1001.3,14.3,17.2,87.0
2025-05-27,22.8625,47.43333333333334,211.83333333333334,8.291666666666666,10.674999999999999,66.54166666666667,30.8,34.0,28.6,75,0.0,999.5,16.0,19.1,87.0
2025-05-28,26.77916666666667,67.37916666666666,275.0833333333333,11.329166666666666,12.9125,75.5,30.8,34.5,28.5,79,0.0,998.2,13.1,17.7,83.0
2025-05-29,33.958333333333336,126.78750000000001,386.5,12.829166666666666,12.762500000000001,94.66666666666667,32.3,36.8,28.2,66,0.0,996.4,11.1,21.6,116.0
2025-05-30,38.17916666666667,149.11666666666667,256.9166666666667,9.083333333333334,7.695833333333333,97.95833333333333,32.6,38.3,29.8,59,0.0,995.5,18.1,24.7,112.0
2025-05-31,35.00416666666667,136.88333333333333,234.41666666666666,7.0625,8.3375,87.79166666666667,31.3,36.3,28.6,73,0.0,998.0,18.2,21.2,107.0
2025-06-01,36.333333333333336,141.975,289.375,9.583333333333334,9.345833333333333,83.0,31.9,37.7,28.7,65,0.0,998.1,15.3,19.8,102.0
2025-06-02,43.34166666666667,188.15833333333333,253.58333333333334,8.979166666666666,10.191666666666666,82.91666666666667,30.7,33.8,28.6,75,0.0,997.4,15.6,18.5,119.0
2025-06-03,29.6125,90.02083333333333,245.875,8.170833333333333,9.275,82.83333333333333,29.8,32.2,28.0,79,0.0,999.2,15.9,18.4,122.0
2025-06-04,29.2,84.20416666666667,217.625,8.666666666666666,11.15,77.0,30.1,32.6,28.0,74,0.1,1001.9,15.3,18.9,95.0
2025-06-05,24.416666666666668,72.89583333333333,211.5,8.991666666666667,11.854166666666666,67.16666666666667,30.3,32.7,28.3,70,0.0,1005.9,12.7,15.4,88.0
2025-06-06,25.3875,65.8125,197.25,8.575000000000001,11.825000000000001,68.875,30.4,33.2,28.4,68,0.0,1007.9,14.3,17.9,82.0
2025-06-07,24.308333333333334,67.27083333333333,187.375,7.904166666666666,10.4,70.29166666666667,29.9,32.6,27.9,71,0.0,1007.3,17.0,20.6,81.0
2025-06-08,21.95,53.30416666666667,194.0,7.708333333333333,10.495833333333334,75.75,30.0,32.5,28.1,71,0.0,1006.7,16.5,20.1,79.0
2025-06-09,22.554166666666664,50.145833333333336,191.08333333333334,8.104166666666666,10.4375,71.125,30.0,32.4,28.1,70,0.0,1005.8,16.9,20.8,78.0
2025-06-10,20.770833333333332,48.1875,196.45833333333334,7.070833333333333,9.775,71.29166666666667,30.4,33.1,28.4,68,0.0,1003.6,17.8,21.7,76.0
2025-06-11,21.537499999999998,48.083333333333336,199.83333333333334,7.541666666666667,10.495833333333334,70.04166666666667,30.4,32.9,28.5,71,0.0,1002.7,16.6,20.9,74.0
2025-06-12,17.558333333333334,35.604166666666664,197.125,8.095833333333333,10.933333333333332,67.625,30.3,33.0,28.5,77,0.0,1001.2,15.8,20.0,74.0
2025-06-13,20.1625,52.88333333333333,242.125,10.700000000000001,12.420833333333334,71.625,30.7,35.4,28.2,80,0.0,999.5,13.3,19.1,70.0
2025-06-14,31.058333333333334,105.69583333333333,308.8333333333333,13.820833333333333,14.579166666666666,77.125,30.4,32.8,28.4,82,0.0,997.7,11.1,15.0,91.0
2025-06-15,34.050000000000004,126.3625,339.3333333333333,15.8125,14.825000000000001,70.83333333333333,30.3,33.4,27.8,80,0.0,996.5,8.7,13.0,98.0
2025-06-16,40.545833333333334,117.09583333333335,339.5,27.645833333333332,27.733333333333334,74.91666666666667,31.9,38.0,28.9,74,2.4,996.3,7.6,15.8,125.0
2025-06-17,33.025,100.62083333333334,289.4583333333333,16.291666666666668,14.987499999999999,70.875,31.9,36.1,29.1,75,0.0,997.2,11.1,16.4,113.0
2025-06-18,22.0,47.85833333333333,214.45833333333334,7.2749999999999995,10.433333333333334,73.20833333333333,30.6,33.5,28.3,77,0.2,998.4,17.7,22.0,95.0
2025-06-19,20.3625,48.395833333333336,197.91666666666666,6.083333333333333,8.154166666666667,65.625,30.3,32.4,28.8,76,0.4,997.1,21.3,26.8,75.0
2025-06-20,21.158333333333335,50.9625,224.66666666666666,7.508333333333333,8.612499999999999,63.333333333333336,30.0,31.5,28.7,82,3.4,997.9,18.6,23.6,73.0
2025-06-21,20.054166666666667,43.6,226.25,8.362499999999999,9.966666666666667,61.916666666666664,30.1,31.8,28.7,83,4.0,999.3,17.1,22.3,74.0
2025-06-22,23.133333333333336,57.23333333333333,245.125,10.458333333333334,11.758333333333333,64.91666666666667,29.9,32.1,28.7,81,1.1,998.1,14.7,19.2,76.0
2025-06-23,26.604166666666668,64.375,241.33333333333334,11.012500000000001,13.112499999999999,66.0,30.2,32.5,28.5,80,0.7,996.7,13.4,18.1,83.0
2025-06-24,30.3125,85.29583333333333,260.9166666666667,10.979166666666666,14.112499999999999,68.25,30.3,32.8,28.3,79,0.4,995.4,12.3,17.2,93.0
2025-06-25,32.25,83.03333333333333,367.2083333333333,16.304166666666667,17.129166666666666,66.16666666666667,30.0,32.2,28.4,79,0.0,996.1,9.4,13.9,94.0
2025-06-26,30.058333333333334,96.22500000000001,409.625,17.104166666666668,18.091666666666665,56.25,30.9,34.2,28.6,77,0.0,997.7,6.8,12.6,94.0
2025-06-27,34.27916666666667,71.84166666666667,502.0416666666667,26.825,20.9375,69.58333333333333,29.8,35.9,27.0,82,17.1,997.6,8.1,12.5,98.0
2025-06-28,23.020833333333332,46.74583333333334,436.8333333333333,16.845833333333335,14.379166666666668,79.58333333333333,28.0,29.6,26.7,89,36.2,997.2,11.3,16.5,98.0
2025-06-29,15.125,26.429166666666664,332.5416666666667,16.441666666666666,14.920833333333334,67.66666666666667,28.9,30.3,27.2,84,1.5,996.6,12.1,17.1,77.0
2025-06-30,24.412499999999998,61.583333333333336,257.3333333333333,12.254166666666668,11.012500000000001,57.125,29.8,31.6,28.3,82,1.1,996.9,16.4,22.1,79.0
2025-07-01,23.420833333333334,56.770833333333336,246.5,10.929166666666667,10.816666666666668,53.875,29.8,32.0,28.2,82,0.8,998.1,14.3,18.3,79.0
2025-07-02,23.075,68.82083333333334,250.08333333333334,11.520833333333334,11.950000000000001,53.458333333333336,29.8,31.6,27.9,81,1.2,998.0,13.6,16.8,77.0
2025-07-03,27.691666666666666,84.2375,322.25,16.370833333333334,16.462500000000002,48.791666666666664,29.9,32.5,28.1,80,0.4,998.0,10.5,13.5,85.0
2025-07-04,29.058333333333334,84.57916666666667,286.5416666666667,16.554166666666667,15.9,50.625,30.4,33.1,28.7,78,0.2,998.7,10.0,15.1,88.0
2025-07-05,33.27916666666667,93.98333333333333,242.29166666666666,11.195833333333333,12.741666666666667,68.16666666666667,30.9,33.8,28.7,76,0.5,998.1,11.8,16.6,96.0
2025-07-06,27.9875,77.71249999999999,228.54166666666666,11.658333333333333,12.558333333333332,69.58333333333333,30.6,32.4,28.7,76,0.8,997.1,14.2,17.8,96.0
2025-07-07,33.829166666666666,92.66666666666667,313.7916666666667,19.412499999999998,19.599999999999998,60.5,30.4,33.1,28.6,76,0.0,997.2,9.0,13.5,97.0
2025-07-08,34.800000000000004,100.04583333333333,312.8333333333333,16.554166666666667,17.958333333333332,70.5,30.7,33.7,28.6,74,0.2,998.6,9.2,17.0,98.0
2025-07-09,32.604166666666664,91.84583333333335,265.25,15.475,15.379166666666665,58.5,30.5,32.7,28.3,78,0.6,998.8,11.0,14.7,99.0
2025-07-10,32.37916666666667,99.40416666666665,270.4166666666667,16.195833333333333,14.887500000000001,53.833333333333336,30.2,32.3,28.4,77,0.5,999.6,10.5,13.5,95.0
2025-07-11,27.9875,76.96666666666667,259.0416666666667,15.391666666666666,15.208333333333334,52.5,30.4,32.8,28.3,76,0.2,1001.0,11.1,16.0,94.0
2025-07-12,25.47083333333333,73.87083333333334,233.08333333333334,12.762500000000001,12.85,55.458333333333336,30.1,32.1,28.4,74,0.1,1002.3,12.9,16.1,86.0
2025-07-13,24.620833333333334,79.7625,223.625,9.770833333333334,11.295833333333334,60.5,29.9,32.2,28.2,75,0.6,1001.8,15.2,17.7,81.0
2025-07-14,25.212500000000002,85.36666666666667,220.0,9.0375,11.220833333333333,64.66666666666667,29.9,32.3,28.0,78,0.7,999.8,15.6,18.2,81.0
2025-07-15,29.287499999999998,82.0625,234.16666666666666,11.591666666666667,13.304166666666667,59.916666666666664,29.9,32.2,27.8,74,0.0,999.6,12.7,15.8,88.0
2025-07-16,27.858333333333334,74.47083333333333,242.875,11.620833333333332,12.483333333333334,56.375,29.8,32.1,27.7,73,0.1,1000.1,11.7,16.6,91.0
2025-07-17,28.15833333333333,76.37916666666666,254.875,11.320833333333333,13.8375,54.916666666666664,29.7,31.7,28.1,76,1.1,1001.2,12.0,16.5,89.0
2025-07-18,26.008333333333336,68.875,248.54166666666666,10.5625,14.491666666666667,56.125,30.4,33.2,28.1,69,0.0,1001.8,10.9,14.7,86.0
2025-07-19,25.041666666666668,66.14583333333333,206.91666666666666,8.566666666666666,12.645833333333334,56.833333333333336,30.2,33.0,28.2,73,0.5,998.6,15.4,18.3,82.0
2025-07-20,25.316666666666666,65.22500000000001,250.625,10.904166666666667,13.908333333333333,50.916666666666664,29.7,32.1,28.0,76,0.0,997.3,13.2,15.4,81.0
2025-07-21,28.558333333333334,67.70833333333333,264.4166666666667,13.316666666666668,14.475,54.333333333333336,30.0,32.3,27.6,76,1.8,999.1,11.6,16.3,86.0
2025-07-22,27.454166666666666,66.30416666666666,232.04166666666666,10.641666666666667,11.883333333333333,56.5,30.2,32.6,28.4,75,0.4,1000.0,13.5,17.8,89.0
2025-07-23,23.741666666666664,60.1625,221.70833333333334,8.137500000000001,8.920833333333333,57.708333333333336,29.4,30.8,28.2,78,1.8,997.3,18.5,21.5,85.0
2025-07-24,25.8875,63.44583333333333,246.29166666666666,9.0875,10.7125,60.666666666666664,29.7,32.1,27.7,77,1.8,996.1,14.4,16.6,82.0
2025-07-25,24.270833333333332,65.19166666666666,249.625,10.270833333333334,11.829166666666666,60.375,29.7,32.1,27.6,77,0.6,996.7,12.9,16.0,83.0
2025-07-26,26.391666666666666,72.40416666666667,233.20833333333334,9.4625,11.404166666666667,64.0,29.7,32.0,27.6,76,1.0,997.5,15.2,18.9,82.0
2025-07-27,26.162499999999998,67.94583333333334,222.95833333333334,9.295833333333333,11.329166666666666,63.25,29.4,31.5,27.8,75,0.6,997.9,15.4,19.4,86.0
2025-07-28,22.391666666666666,68.54583333333333,218.33333333333334,7.966666666666666,9.741666666666667,61.0,29.3,31.4,27.9,75,0.2,998.4,17.3,21.1,82.0
2025-07-29,20.337500000000002,53.97083333333333,202.20833333333334,7.175,8.362499999999999,59.375,29.2,31.4,27.8,76,0.3,998.6,19.8,24.2,75.0
2025-07-30,24.4875,65.79166666666667,222.75,8.391666666666667,9.8375,59.166666666666664,28.9,31.1,27.4,79,1.5,997.5,17.3,21.1,79.0
2025-07-31,26.920833333333334,74.75416666666666,252.25,11.120833333333332,12.0625,56.25,28.8,31.0,26.9,80,1.2,998.8,12.1,15.1,84.0
2025-08-01,23.212500000000002,59.18333333333334,244.04166666666666,11.012500000000001,11.120833333333332,52.958333333333336,28.4,30.6,26.6,80,2.1,1001.0,14.2,19.3,84.0
2025-08-02,21.645833333333332,62.00416666666667,230.83333333333334,11.820833333333333,10.674999999999999,50.666666666666664,28.1,29.9,26.5,81,2.1,1001.8,15.8,19.6,77.0
2025-08-03,20.679166666666667,60.43333333333334,233.45833333333334,9.700000000000001,10.933333333333332,57.5,28.3,30.2,26.5,80,1.3,1002.6,14.2,17.8,74.0
2025-08-04,18.120833333333334,49.76666666666667,218.04166666666666,10.079166666666667,10.35,55.333333333333336,28.3,30.7,26.3,79,1.5,1004.0,15.0,19.5,72.0
2025-08-05,19.229166666666668,47.26666666666667,223.375,9.683333333333334,9.233333333333333,53.041666666666664,28.0,30.1,26.3,80,2.0,1003.4,16.9,20.9,69.0
2025-08-06,20.9375,50.0625,246.95833333333334,9.4,9.970833333333333,53.5,28.0,30.1,26.2,80,1.9,1003.8,16.1,19.6,72.0
2025-08-07,21.566666666666666,50.68333333333334,251.0,10.825000000000001,11.083333333333334,52.708333333333336,28.0,30.2,26.1,80,2.2,1004.2,15.0,19.0,74.0
2025-08-08,18.650000000000002,42.59166666666667,223.04166666666666,8.7125,9.754166666666666,53.666666666666664,28.2,30.7,26.2,77,0.9,1004.6,16.4,19.3,74.0
2025-08-09,17.291666666666668,39.275,212.125,8.820833333333333,10.091666666666667,50.25,28.2,30.6,26.5,78,1.9,1006.1,15.9,18.6,68.0
2025-08-10,19.412499999999998,43.3125,214.25,8.879166666666666,10.341666666666667,50.208333333333336,28.0,30.1,26.3,79,1.7,1005.2,15.4,18.7,69.0
2025-08-11,19.3875,46.84166666666667,223.33333333333334,8.9125,9.237499999999999,45.708333333333336,27.7,29.3,26.2,80,1.6,1004.5,17.2,21.4,71.0
2025-08-12,18.741666666666667,39.62083333333333,223.95833333333334,8.512500000000001,8.941666666666666,46.375,28.0,29.5,26.7,77,1.8,1002.4,18.2,22.0,70.0
2025-08-13,21.433333333333334,46.5875,265.4166666666667,11.166666666666666,11.808333333333332,47.791666666666664,28.1,29.8,26.4,81,1.2,1000.4,13.0,17.6,75.0
2025-08-14,21.78333333333333,50.8375,396.2083333333333,17.958333333333332,16.391666666666666,41.166666666666664,28.5,30.6,26.7,82,0.1,1001.2,7.3,13.7,75.0
2025-08-15,27.40416666666667,69.17083333333333,471.875,20.954166666666666,20.900000000000002,53.25,29.3,32.7,27.2,77,0.3,1001.5,6.1,13.4,84.0
2025-08-16,27.879166666666666,64.25833333333334,323.1666666666667,21.208333333333332,21.791666666666668,61.458333333333336,29.5,32.9,27.1,78,0.0,1000.2,7.5,14.6,86.0
2025-08-17,23.041666666666668,46.9,329.4166666666667,17.591666666666665,18.483333333333334,62.25,30.0,33.1,27.5,76,0.0,999.6,8.6,13.1,86.0
2025-08-18,25.504166666666666,40.166666666666664,470.4583333333333,21.620833333333334,19.537499999999998,72.0,30.5,35.4,27.8,78,7.4,1000.5,7.8,12.7,116.0
2025-08-19,28.008333333333336,45.56666666666666,416.625,26.825,18.354166666666668,64.29166666666667,28.7,32.2,26.8,86,22.3,1000.7,7.1,10.6,86.0
2025-08-20,29.1125,35.725,1137.5833333333333,23.25,13.683333333333332,86.91666666666667,28.7,33.0,26.3,87,26.8,999.2,6.3,12.2,115.0
2025-08-21,25.754166666666666,31.395833333333332,1403.3333333333333,33.170833333333334,19.0,54.125,28.1,31.6,26.3,90,40.2,1001.3,4.7,11.3,93.0
2025-08-22,24.766666666666666,32.24583333333333,359.25,26.224999999999998,17.6125,67.45833333333333,28.1,29.8,26.7,88,1.4,1001.5,12.5,16.8,86.0
2025-08-23,25.2625,50.76666666666667,254.25,10.4,9.512500000000001,57.958333333333336,28.2,29.9,26.9,85,1.6,1000.2,17.3,21.1,81.0
2025-08-24,22.133333333333336,55.6625,250.45833333333334,10.825000000000001,9.708333333333334,52.375,28.2,30.1,26.9,87,2.1,1000.9,16.2,22.6,81.0
2025-08-25,22.370833333333334,65.05416666666666,297.4583333333333,13.983333333333334,12.879166666666668,47.708333333333336,28.2,29.9,26.5,87,0.7,1001.7,12.4,15.4,75.0
2025-08-26,26.599999999999998,85.5,334.2916666666667,16.224999999999998,13.700000000000001,44.875,28.1,30.0,26.3,85,0.1,1002.7,9.3,13.2,83.0
2025-08-27,27.650000000000002,73.57916666666667,306.4166666666667,15.629166666666668,13.429166666666667,48.875,28.0,30.3,26.2,85,0.1,1002.9,10.8,13.0,86.0
2025-08-28,29.275000000000002,73.41250000000001,291.5833333333333,13.825000000000001,13.404166666666667,54.0,28.0,30.9,26.0,84,0.1,1002.5,11.0,14.7,88.0
2025-08-29,33.40416666666667,90.24583333333334,324.375,14.9375,13.858333333333333,55.583333333333336,27.8,29.8,25.9,85,0.1,1002.0,10.9,15.0,95.0
2025-08-30,39.37916666666667,100.82916666666667,324.875,18.287499999999998,16.016666666666666,54.416666666666664,28.3,30.9,26.1,83,0.0,1003.7,9.1,13.6,111.0
2025-08-31,28.8,78.93333333333334,252.04166666666666,13.920833333333334,13.066666666666668,53.041666666666664,28.3,30.8,26.4,80,0.0,1003.2,13.1,18.3,110.0
2025-09-01,22.866666666666664,54.770833333333336,222.04166666666666,10.729166666666666,9.929166666666667,54.708333333333336,28.1,30.7,26.4,78,0.8,1000.7,16.6,19.5,87.0
2025-09-02,25.9375,54.75416666666666,253.79166666666666,12.4125,11.5625,55.083333333333336,28.1,30.4,26.1,77,0.5,1001.3,13.0,15.5,81.0
2025-09-03,31.433333333333334,65.41250000000001,271.25,17.037499999999998,14.158333333333333,51.708333333333336,28.5,31.5,25.9,73,0.0,1003.3,10.9,15.2,92.0
2025-09-04,26.90416666666667,63.97083333333333,254.70833333333334,15.195833333333333,14.516666666666666,54.791666666666664,28.2,31.4,25.6,77,0.0,1004.5,10.8,14.8,92.0
2025-09-05,25.9875,54.362500000000004,254.16666666666666,12.858333333333334,13.116666666666667,61.208333333333336,28.7,32.9,25.8,78,0.0,1004.4,12.5,16.9,84.0
2025-09-06,27.070833333333336,54.925000000000004,229.33333333333334,13.066666666666668,11.933333333333332,56.333333333333336,28.6,32.3,26.3,79,0.0,1004.0,13.6,17.9,85.0
2025-09-07,23.166666666666668,44.362500000000004,231.83333333333334,12.145833333333334,11.5,55.25,28.4,31.9,26.4,78,0.0,1002.7,14.3,19.6,84.0
2025-09-08,25.77916666666667,50.0625,315.7916666666667,18.337500000000002,13.170833333333334,46.458333333333336,27.2,29.2,26.1,85,6.6,1001.8,12.6,18.9,82.0
2025-09-09,21.208333333333332,35.512499999999996,313.8333333333333,25.483333333333334,13.004166666666668,38.458333333333336,26.1,27.9,25.5,92,64.4,1003.4,14.8,21.0,83.0
2025-09-10,18.320833333333333,35.375,381.7916666666667,21.604166666666668,11.858333333333334,34.875,26.4,28.2,25.4,88,23.1,1006.4,14.0,19.0,73.0
2025-09-11,17.204166666666666,32.97083333333333,398.5,19.620833333333334,13.129166666666668,35.583333333333336,26.5,27.7,25.4,88,3.8,1006.8,10.0,13.4,73.0
2025-09-12,14.370833333333332,26.412499999999998,330.4166666666667,16.412499999999998,12.270833333333334,36.166666666666664,27.2,28.8,25.5,84,1.5,1007.6,11.0,14.4,65.0
2025-09-13,13.704166666666666,23.47083333333333,310.2083333333333,16.316666666666666,12.85,37.791666666666664,27.5,29.3,25.8,81,0.0,1008.2,10.6,13.9,61.0
2025-09-14,12.504166666666668,21.537499999999998,248.25,12.083333333333334,10.933333333333332,41.875,27.6,29.6,26.0,81,0.3,1007.9,13.6,17.1,59.0
2025-09-15,13.608333333333334,25.15833333333333,236.66666666666666,9.775,9.012500000000001,41.333333333333336,27.4,28.8,26.2,82,0.5,1006.1,17.5,21.8,59.0
2025-09-16,16.933333333333334,36.78333333333333,264.5,11.979166666666666,9.679166666666667,39.583333333333336,27.7,29.1,26.5,83,0.9,1004.6,15.3,19.0,64.0
2025-09-17,22.879166666666666,60.02916666666667,353.2083333333333,16.9375,13.991666666666667,40.791666666666664,27.7,29.7,26.2,84,0.6,1005.5,10.0,13.6,76.0
2025-09-18,27.025000000000002,77.60000000000001,344.5833333333333,19.724999999999998,14.387500000000001,44.416666666666664,27.5,29.8,25.7,86,0.4,1005.8,9.6,13.6,84.0
2025-09-19,28.474999999999998,90.99583333333334,316.5,19.391666666666666,13.783333333333333,40.75,27.3,29.3,25.6,83,0.3,1007.0,10.3,14.8,88.0
2025-09-20,26.504166666666666,77.69166666666666,301.7916666666667,20.0,13.170833333333334,36.5,27.4,29.6,25.5,81,0.6,1007.3,11.2,15.4,87.0
2025-09-21,24.224999999999998,70.12083333333334,262.25,17.1375,12.5625,39.916666666666664,27.5,30.2,25.3,76,0.0,1007.0,12.0,16.6,83.0
2025-09-22,20.029166666666665,48.9625,239.95833333333334,12.816666666666668,11.241666666666667,47.5,27.7,30.1,25.6,75,0.2,1007.4,13.6,16.5,79.0
2025-09-23,18.2,38.5375,231.54166666666666,12.245833333333332,10.858333333333334,47.583333333333336,27.6,29.3,26.2,78,0.8,1007.1,14.7,19.7,71.0
2025-09-24,21.9375,50.916666666666664,271.0833333333333,14.512500000000001,11.299999999999999,42.625,27.5,28.9,26.1,80,2.0,1005.1,13.9,17.7,74.0
2025-09-25,25.354166666666668,56.81666666666666,339.9166666666667,18.2375,14.258333333333333,42.666666666666664,27.6,29.8,25.5,82,0.5,1005.1,9.3,13.5,80.0
2025-09-26,29.854166666666668,58.487500000000004,404.625,23.866666666666664,17.533333333333335,48.166666666666664,27.9,31.9,25.0,77,0.0,1007.0,7.8,13.3,91.0
2025-09-27,22.287499999999998,35.625,323.8333333333333,22.166666666666668,17.2375,53.916666666666664,28.3,33.9,24.8,78,0.0,1008.4,9.2,13.2,89.0
2025-09-28,24.854166666666668,43.00833333333333,271.3333333333333,17.691666666666666,14.641666666666666,59.958333333333336,28.9,33.9,25.6,81,0.0,1006.0,11.5,15.7,79.0
2025-09-29,31.879166666666666,47.025,556.2916666666666,25.816666666666666,14.383333333333333,77.70833333333333,32.5,40.2,25.9,58,0.0,1001.5,9.5,16.5,122.0
2025-09-30,30.162499999999998,42.391666666666666,855.75,33.387499999999996,14.595833333333333,66.0,30.5,35.6,28.3,70,5.2,1000.3,7.5,12.2,101.0
2025-10-01,16.533333333333335,17.516666666666666,617.7083333333334,13.691666666666668,9.108333333333333,77.91666666666667,29.9,33.5,26.7,70,0.3,1001.1,9.9,13.7,90.0
2025-10-02,11.966666666666667,15.154166666666667,573.4583333333334,11.674999999999999,8.1625,67.70833333333333,30.2,34.1,27.2,66,0.3,1003.9,11.1,16.1,64.0
2025-10-03,9.299999999999999,12.737499999999999,503.0416666666667,10.9125,7.891666666666667,58.958333333333336,28.8,31.5,26.8,74,2.2,1007.3,12.8,18.7,56.0
2025-10-04,13.583333333333334,19.787499999999998,505.6666666666667,16.216666666666665,10.875,45.25,28.0,31.4,25.5,81,6.7,1008.7,11.6,15.1,58.0
2025-10-05,14.512500000000001,21.070833333333333,322.5416666666667,12.879166666666668,11.0,57.833333333333336,28.5,31.4,26.5,78,2.0,1007.7,12.5,18.1,61.0
2025-10-06,33.579166666666666,119.35000000000001,276.5,9.345833333333333,8.854166666666666,78.625,28.9,31.8,27.2,68,0.0,1007.7,19.2,21.9,96.0
2025-10-07,36.733333333333334,148.92083333333332,528.4166666666666,17.283333333333335,14.004166666666668,67.41666666666667,28.8,32.6,26.3,62,0.1,1009.5,11.3,17.8,101.0
2025-10-08,41.6,119.3625,613.4166666666666,33.19166666666667,22.320833333333336,56.625,27.6,32.1,23.8,68,0.2,1011.5,6.5,13.4,124.0
2025-10-09,40.53333333333333,100.59583333333335,629.625,30.0125,21.095833333333335,61.458333333333336,27.5,32.4,23.7,66,0.0,1013.3,7.4,13.5,118.0
2025-10-10,38.858333333333334,81.70416666666667,582.5,27.383333333333336,19.224999999999998,68.375,27.4,31.7,24.1,65,0.2,1012.2,7.8,12.5,113.0
2025-10-11,41.454166666666666,74.15416666666667,727.3333333333334,27.458333333333332,19.733333333333334,74.16666666666667,27.2,31.5,23.7,65,0.5,1012.3,6.4,10.9,115.0
2025-10-12,38.38333333333333,60.275,582.9166666666666,24.3,18.883333333333333,86.0,27.9,33.1,23.6,58,0.0,1012.4,7.2,11.0,135.0
2025-10-13,38.28333333333333,52.0,603.5833333333334,22.254166666666666,16.25,88.95833333333333,27.6,32.5,23.2,62,0.0,1012.6,8.0,13.0,114.0
2025-10-14,35.1625,43.958333333333336,526.7916666666666,22.579166666666666,16.2625,90.625,27.7,33.5,23.5,62,0.0,1011.1,8.9,13.6,126.0
2025-10-15,29.354166666666668,33.61666666666667,524.125,21.59166666666667,16.016666666666666,99.33333333333333,28.1,34.3,23.6,54,0.0,1010.2,9.5,15.7,140.0
2025-10-16,29.2,32.487500000000004,637.5,25.170833333333334,18.537499999999998,101.625,29.0,34.8,24.2,42,0.0,1010.6,8.4,13.1,151.0
2025-10-17,32.479166666666664,38.979166666666664,693.5416666666666,30.995833333333334,19.995833333333334,99.45833333333333,29.0,35.2,23.9,39,0.0,1011.9,7.5,14.1,153.0
2025-10-18,32.4125,38.512499999999996,739.125,31.21666666666667,21.337500000000002,101.04166666666667,28.4,35.2,23.3,55,0.0,1011.3,8.1,14.8,159.0
2025-10-19,27.483333333333334,35.05416666666667,621.5833333333334,26.75,19.0,92.875,28.8,35.3,24.1,51,0.0,1009.9,9.0,13.5,139.0
2025-10-20,24.108333333333334,30.433333333333334,595.75,28.604166666666668,18.008333333333333,89.66666666666667,29.2,36.1,24.4,43,0.0,1009.5,8.7,14.8,128.0
2025-10-21,33.78333333333333,40.35,886.6666666666666,37.333333333333336,19.933333333333334,77.95833333333333,29.5,36.0,23.8,39,0.0,1011.3,7.0,11.2,122.0
2025-10-22,36.170833333333334,43.60833333333333,702.25,32.324999999999996,16.120833333333334,91.83333333333333,31.0,36.5,26.1,29,0.0,1012.6,10.3,13.1,124.0
2025-10-23,38.770833333333336,49.90416666666667,902.75,43.895833333333336,18.191666666666666,82.25,29.8,36.1,24.4,33,0.0,1011.4,7.6,12.7,133.0
2025-10-24,36.704166666666666,41.85,1223.25,52.9625,21.520833333333332,75.66666666666667,29.7,36.1,24.2,32,0.0,1010.6,7.5,11.4,146.0
2025-10-25,27.224999999999998,31.0,1102.4166666666667,36.4,14.6875,84.54166666666667,30.2,36.3,24.8,27,0.0,1009.3,7.6,11.0,126.0
2025-10-26,22.8125,25.675,571.2916666666666,19.075,11.345833333333333,100.79166666666667,30.6,35.7,24.8,24,0.0,1009.1,12.3,17.3,117.0
2025-10-27,24.958333333333332,28.954166666666666,506.5416666666667,13.75,10.783333333333333,105.16666666666667,30.4,35.2,26.3,24,0.0,1009.0,15.7,21.7,105.0
2025-10-28,34.65,41.329166666666666,500.4583333333333,11.387500000000001,13.058333333333332,115.04166666666667,29.5,33.6,25.5,33,0.0,1009.8,16.6,22.8,126.0
2025-10-29,35.025,39.09583333333333,469.7916666666667,12.0625,11.470833333333333,100.20833333333333,29.0,32.9,24.9,36,0.0,1009.7,16.2,22.5,115.0
2025-10-30,31.920833333333334,36.166666666666664,464.75,15.208333333333334,11.091666666666667,91.91666666666667,29.5,33.4,25.1,36,0.0,1009.3,14.6,20.3,99.0
2025-10-31,55.725,68.83333333333333,929.0416666666666,28.833333333333332,19.462500000000002,89.0,29.5,33.9,25.3,35,0.0,1010.3,7.6,12.5,145.0
2025-11-01,72.42083333333333,82.17916666666666,1176.8333333333333,50.03333333333333,24.84166666666667,68.66666666666667,27.8,33.0,23.3,39,0.0,1010.7,7.8,10.6,165.0
2025-11-02,54.9,61.37916666666666,963.5,43.21666666666667,26.945833333333336,70.54166666666667,27.5,33.9,22.5,51,0.0,1011.1,8.0,11.5,162.0
2025-11-03,33.170833333333334,56.49166666666667,710.7916666666666,23.4375,14.116666666666667,60.375,25.8,30.4,21.5,78,0.0,1010.0,9.1,13.8,148.0
2025-11-04,28.037499999999998,45.041666666666664,452.875,22.21666666666667,12.620833333333332,69.41666666666667,28.2,34.9,21.6,45,0.0,1009.5,12.7,16.5,96.0
2025-11-05,31.833333333333332,44.78333333333333,984.6666666666666,35.858333333333334,13.616666666666667,65.5,27.2,34.2,21.7,24,0.0,1011.3,9.0,16.0,90.0
2025-11-06,52.15,67.56666666666666,1097.2916666666667,48.85,26.75,73.125,25.1,31.6,20.3,39,0.0,1013.3,6.9,12.1,144.0
2025-11-07,43.666666666666664,61.50833333333333,796.4583333333334,34.07083333333333,19.537499999999998,74.08333333333333,24.7,31.7,19.1,51,0.0,1015.1,7.7,12.1,142.0
2025-11-08,42.44583333333333,55.75,936.0833333333334,30.425,17.962500000000002,73.25,23.9,28.6,18.4,67,0.0,1015.9,7.5,12.8,120.0
2025-11-09,43.541666666666664,70.74583333333334,1460.0416666666667,38.6875,22.979166666666668,51.333333333333336,23.6,27.8,19.3,69,0.0,1014.6,5.5,10.3,129.0
2025-11-10,35.012499999999996,48.025,1276.0,41.15416666666667,23.079166666666666,53.375,23.5,27.5,18.7,66,0.0,1013.6,5.6,12.0,120.0
2025-11-11,41.225,48.5,1232.25,47.512499999999996,30.45,55.958333333333336,23.4,27.4,19.3,69,0.0,1014.8,5.4,10.9,116.0
2025-11-12,31.22083333333333,37.895833333333336,819.25,39.43333333333333,25.2375,65.45833333333333,23.7,28.6,19.3,70,0.0,1016.4,6.5,12.4,114.0
2025-11-13,27.47083333333333,38.175000000000004,778.9166666666666,29.77916666666667,25.400000000000002,79.125,24.0,29.1,19.3,67,0.0,1017.3,6.9,11.2,125.0
2025-11-14,27.645833333333332,34.762499999999996,808.125,33.6,23.962500000000002,68.91666666666667,23.9,29.8,18.9,60,0.0,1016.7,7.5,13.6,107.0
2025-11-15,29.575,34.15833333333333,875.0833333333334,40.05416666666667,25.224999999999998,64.83333333333333,24.0,30.0,19.0,48,0.0,1017.2,7.8,13.7,109.0
2025-11-16,30.929166666666664,31.495833333333334,1228.5833333333333,46.45416666666667,24.375,71.125,24.5,30.6,19.1,38,0.0,1019.1,7.1,9.4,122.0
2025-11-17,34.166666666666664,34.69583333333333,1008.7083333333334,48.020833333333336,33.00833333333333,79.75,23.7,29.3,18.1,40,0.0,1018.4,6.6,10.0,156.0
2025-11-18,41.9125,44.12083333333334,781.0,42.604166666666664,32.34583333333333,78.58333333333333,23.2,29.2,17.6,58,0.0,1016.5,6.5,12.9,154.0
2025-11-19,41.47083333333333,44.0875,810.9583333333334,40.725,30.620833333333334,73.75,23.1,28.1,18.3,63,0.0,1015.8,6.6,9.8,137.0
2025-11-20,35.56666666666667,36.725,801.4166666666666,31.7625,30.129166666666666,84.16666666666667,23.1,28.5,17.8,67,0.0,1016.6,7.0,10.3,146.0
2025-11-21,40.09166666666667,40.987500000000004,956.5416666666666,41.766666666666666,33.3125,72.08333333333333,23.6,29.4,18.6,55,0.0,1017.6,6.4,9.3,144.0
2025-11-22,55.25833333333333,59.1625,1009.5416666666666,43.88333333333333,30.608333333333334,80.20833333333333,23.5,28.7,19.0,51,0.0,1016.8,6.8,11.4,153.0
2025-11-23,65.78333333333333,72.97500000000001,1134.4583333333333,48.74583333333334,33.47083333333333,68.58333333333333,22.9,27.8,18.3,53,0.0,1016.1,6.6,9.7,157.0
2025-11-24,48.92083333333333,51.737500000000004,1151.0833333333333,48.59583333333333,25.587500000000002,60.666666666666664,22.9,28.6,17.8,44,0.0,1017.0,7.2,10.3,157.0
2025-11-25,38.791666666666664,40.37916666666667,720.4583333333334,25.945833333333336,19.0625,90.625,22.9,28.6,17.2,32,0.0,1017.2,10.2,12.2,134.0
2025-11-26,38.550000000000004,39.612500000000004,862.375,26.620833333333334,18.625,92.25,23.3,28.3,19.1,31,0.0,1016.2,7.7,11.6,117.0
2025-11-27,33.675000000000004,34.63333333333333,617.7083333333334,16.075,16.183333333333334,103.5,22.9,28.0,18.3,28,0.0,1017.7,12.0,15.9,108.0
2025-11-28,37.541666666666664,38.52916666666667,704.5,16.441666666666666,20.420833333333334,111.29166666666667,22.5,27.5,18.0,29,0.0,1017.8,11.8,13.4,105.0
2025-11-29,40.77916666666667,41.7125,797.2916666666666,19.541666666666668,23.712500000000002,112.625,22.3,27.6,17.4,32,0.0,1016.4,10.0,12.0,120.0
2025-11-30,35.729166666666664,36.275,915.2916666666666,32.06666666666667,28.129166666666666,92.375,21.7,28.1,16.0,36,0.0,1015.5,7.9,11.2,113.0
2025-12-01,30.058333333333334,34.975,1097.625,42.7125,23.47083333333333,54.916666666666664,21.4,27.2,16.0,48,0.0,1014.6,7.0,10.6,103.0
2025-12-02,40.03333333333333,49.65,1257.2083333333333,49.76666666666667,35.854166666666664,62.791666666666664,20.7,26.1,15.2,43,0.0,1014.8,6.2,8.6,110.0
2025-12-03,25.770833333333332,27.224999999999998,664.0,24.370833333333334,15.7875,85.66666666666667,21.3,27.5,15.9,27,0.0,1017.4,10.0,12.3,113.0
2025-12-04,25.925,26.675,752.25,19.908333333333335,17.474999999999998,90.04166666666667,22.3,27.9,17.5,27,0.0,1018.6,8.6,11.9,83.0
2025-12-05,22.045833333333334,22.229166666666668,1134.6666666666667,27.53333333333333,18.358333333333334,78.375,21.7,28.3,15.2,33,0.0,1019.1,6.6,9.8,91.0
2025-12-06,25.0,25.195833333333336,720.2916666666666,21.170833333333334,14.9,80.75,22.8,28.1,17.9,28,0.0,1019.2,10.1,11.9,79.0
2025-12-07,45.60833333333333,45.925000000000004,928.0833333333334,33.69583333333333,22.0125,70.75,22.5,28.6,17.1,28,0.0,1018.8,7.1,9.8,125.0
2025-12-08,29.925,30.2375,931.7083333333334,31.891666666666666,16.7625,71.25,22.6,29.8,16.4,29,0.0,1019.1,6.9,10.1,125.0
2025-12-09,27.791666666666668,29.224999999999998,1244.1666666666667,34.025,23.858333333333334,74.75,22.7,29.6,17.1,32,0.0,1018.6,6.2,10.4,89.0
2025-12-10,29.770833333333332,30.1125,1229.4166666666667,49.17916666666667,32.229166666666664,56.333333333333336,21.6,28.3,14.3,43,0.0,1018.3,5.8,9.8,95.0
2025-12-11,25.579166666666666,28.983333333333334,1121.5,42.104166666666664,26.47083333333333,62.375,20.7,26.2,15.0,75,0.0,1017.1,5.2,10.2,89.0
2025-12-12,26.545833333333334,29.633333333333336,842.625,39.916666666666664,21.71666666666667,54.666666666666664,20.3,25.4,15.2,80,0.0,1015.8,6.2,11.1,86.0
2025-12-13,23.233333333333334,25.375,936.625,34.67916666666667,21.3625,60.958333333333336,21.6,26.6,16.6,73,0.0,1015.4,5.9,10.1,83.0
2025-12-14,37.125,40.604166666666664,1077.875,47.24166666666667,31.766666666666666,56.291666666666664,21.1,26.6,16.2,63,0.0,1016.8,6.2,9.9,100.0
2025-12-15,57.43333333333334,61.24583333333334,924.2916666666666,28.724999999999998,20.383333333333333,85.95833333333333,21.6,27.5,16.5,45,0.0,1017.7,8.1,11.1,153.0
2025-12-16,50.30416666666667,52.82083333333333,957.1666666666666,13.916666666666666,20.054166666666667,107.375,22.1,28.1,17.5,43,0.0,1016.7,12.0,14.1,151.0
2025-12-17,50.112500000000004,52.26666666666667,1051.6666666666667,23.375,25.28333333333333,99.04166666666667,22.4,28.0,17.1,40,0.0,1017.4,9.9,12.8,145.0
2025-12-18,43.39166666666667,45.95416666666667,1180.125,40.0875,32.2875,82.91666666666667,21.6,27.6,16.2,45,0.0,1018.0,7.2,9.7,137.0
2025-12-19,49.458333333333336,51.73333333333333,1752.4166666666667,47.074999999999996,30.170833333333334,81.29166666666667,22.6,28.6,17.7,43,0.0,1016.0,5.7,7.7,135.0
2025-12-20,59.300000000000004,61.26666666666667,1492.625,54.958333333333336,34.94583333333333,72.75,23.2,27.6,19.0,48,0.0,1013.9,4.7,8.5,154.0
2025-12-21,33.987500000000004,44.0375,952.7083333333334,32.949999999999996,19.479166666666668,58.708333333333336,22.5,26.7,18.9,72,0.0,1014.9,5.9,10.8,153.0
2025-12-22,35.30416666666667,46.13333333333333,787.5,35.916666666666664,20.666666666666668,64.79166666666667,22.2,26.8,17.9,50,0.0,1016.2,7.3,9.7,97.0
2025-12-23,53.18333333333334,57.987500000000004,800.9583333333334,22.46666666666667,22.962500000000002,91.375,22.0,26.9,17.7,48,0.0,1017.1,10.1,11.7,154.0
2025-12-24,38.00833333333333,44.75833333333333,861.875,34.44166666666667,21.7,72.08333333333333,20.6,26.4,16.4,47,0.0,1016.7,7.6,10.5,144.0
2025-12-25,44.01666666666667,47.15833333333333,972.8333333333334,46.87916666666666,36.737500000000004,61.916666666666664,19.6,24.2,14.8,57,0.0,1015.9,6.1,8.9,129.0
2025-12-26,39.86666666666667,42.454166666666666,964.4583333333334,38.3375,32.71666666666667,63.708333333333336,19.7,24.6,14.9,67,0.0,1015.7,6.0,8.7,121.0
2025-12-27,49.38333333333333,51.541666666666664,954.75,55.15833333333333,32.5,69.41666666666667,20.2,25.6,15.1,49,0.0,1016.1,7.0,10.5,134.0
2025-12-28,41.166666666666664,41.775,974.7916666666666,49.137499999999996,33.55833333333333,70.45833333333333,20.3,25.7,15.6,42,0.0,1016.2,6.7,8.6,135.0
2025-12-29,46.64166666666667,47.6,1040.875,37.49583333333333,33.362500000000004,83.45833333333333,20.2,25.5,15.1,48,0.0,1015.7,6.8,8.5,138.0
2025-12-30,46.458333333333336,48.90416666666667,1119.875,27.979166666666668,20.529166666666665,75.75,20.4,24.4,16.2,68,0.3,1013.6,7.3,12.1,132.0
2025-12-31,20.204166666666666,31.6375,627.9166666666666,26.504166666666666,15.195833333333333,65.16666666666667,21.2,24.2,18.5,64,1.1,1010.6,9.6,19.7,127.0
2026-01-01,50.875,64.73333333333333,951.375,41.083333333333336,23.554166666666664,62.208333333333336,19.9,24.7,15.9,60,0.0,1014.5,6.6,10.4,134.0
2026-01-02,56.69583333333333,78.375,1000.8333333333334,45.854166666666664,27.075,62.458333333333336,19.8,24.6,15.5,53,0.0,1018.3,6.9,11.6,153.0
2026-01-03,53.375,67.83333333333333,1212.7916666666667,48.01666666666667,30.704166666666666,67.125,18.9,23.1,14.6,58,0.0,1018.4,5.8,8.2,151.0
2026-01-04,60.01666666666667,97.14583333333333,1132.5833333333333,41.80833333333333,30.441666666666666,64.29166666666667,18.9,23.7,14.5,72,0.0,1018.7,5.9,8.9,156.0
2026-01-05,57.57916666666667,87.31666666666666,1032.9583333333333,48.15416666666667,29.891666666666666,71.625,19.6,24.4,15.5,67,0.0,1019.6,6.0,9.4,153.0
2026-01-06,38.0875,46.18333333333334,743.8333333333334,20.400000000000002,14.166666666666666,91.33333333333333,20.0,24.8,15.8,49,0.0,1020.2,10.0,12.8,151.0
2026-01-07,41.40833333333333,46.30416666666667,648.1666666666666,15.154166666666667,14.575000000000001,99.58333333333333,19.1,23.8,15.3,45,0.0,1021.0,11.7,14.4,121.0
2026-01-08,30.03333333333333,31.166666666666668,687.25,16.170833333333334,13.674999999999999,97.04166666666667,18.1,22.7,14.6,38,0.0,1021.4,12.2,14.4,115.0
2026-01-09,23.974999999999998,25.34583333333333,917.0,24.6875,16.358333333333334,89.29166666666667,17.8,23.1,13.2,35,0.0,1020.8,7.5,11.6,94.0
2026-01-10,28.8125,30.325,940.875,27.641666666666666,20.875,89.58333333333333,18.1,23.3,13.4,35,0.0,1020.9,8.4,11.2,100.0
2026-01-11,35.56666666666667,37.68333333333333,784.5,20.099999999999998,15.2875,90.04166666666667,17.4,23.8,12.1,37,0.0,1022.2,9.6,11.8,107.0
2026-01-12,50.06666666666666,52.32916666666667,1271.4166666666667,40.40833333333333,25.5625,87.5,17.0,22.8,11.3,49,0.0,1020.8,6.2,10.5,133.0
2026-01-13,42.84583333333333,44.46666666666667,1513.9166666666667,46.77916666666667,26.570833333333336,70.66666666666667,18.3,24.4,12.6,46,0.0,1020.6,5.7,9.8,141.0
2026-01-14,42.520833333333336,49.112500000000004,1540.3333333333333,41.22083333333333,21.8875,54.916666666666664,19.3,23.9,14.3,61,0.0,1018.1,5.4,10.8,140.0
2026-01-15,33.80416666666667,40.770833333333336,1272.9166666666667,37.291666666666664,19.0625,57.041666666666664,20.6,24.7,16.1,77,0.0,1016.2,6.3,12.1,118.0
2026-01-16,40.30416666666667,49.57083333333333,1285.7083333333333,45.645833333333336,22.120833333333334,48.583333333333336,20.9,25.1,16.8,73,0.0,1015.1,6.5,11.9,117.0
2026-01-17,29.3875,55.887499999999996,600.5833333333334,25.870833333333334,14.275,70.29166666666667,22.0,25.4,19.3,70,0.0,1013.3,8.6,13.0,112.0
2026-01-18,33.37916666666667,55.262499999999996,1092.5416666666667,29.675,22.97083333333333,68.04166666666667,20.6,23.7,16.8,70,0.3,1012.8,6.5,10.0,95.0
2026-01-19,41.36666666666667,86.97500000000001,1207.0,32.67916666666667,20.545833333333334,60.875,20.5,24.3,16.6,69,0.0,1015.2,5.7,10.7,115.0
2026-01-20,33.0375,61.51666666666667,1233.625,28.820833333333336,18.516666666666666,61.875,20.0,24.0,15.6,59,0.0,1015.9,5.7,10.5,115.0
2026-01-21,29.645833333333332,45.04583333333333,895.0,31.891666666666666,21.145833333333332,62.666666666666664,19.6,23.7,15.0,63,0.0,1016.4,6.1,8.9,95.0
2026-01-22,30.3,59.34583333333333,758.7083333333334,31.516666666666666,15.954166666666666,55.125,18.8,23.6,14.2,68,14.6,1014.7,11.6,23.8,97.0
2026-01-23,34.104166666666664,114.62916666666666,397.2916666666667,19.870833333333334,16.787499999999998,69.16666666666667,13.6,17.6,9.8,43,0.0,1018.4,11.8,17.4,96.0
2026-01-24,25.991666666666664,53.32916666666667,522.4166666666666,23.47083333333333,11.766666666666666,65.91666666666667,14.6,19.6,9.3,43,0.0,1021.5,12.4,16.9,109.0
2026-01-25,20.320833333333333,23.504166666666666,581.4166666666666,12.154166666666667,10.987499999999999,88.79166666666667,15.7,20.4,12.0,38,0.0,1020.5,15.3,17.7,82.0
2026-01-26,25.525000000000002,27.083333333333332,577.0416666666666,22.71666666666667,20.170833333333334,93.29166666666667,17.1,21.6,13.6,38,0.0,1018.0,11.5,15.6,98.0
2026-01-27,19.1375,23.958333333333332,745.0416666666666,23.429166666666664,25.483333333333334,83.58333333333333,17.8,22.7,13.4,40,0.0,1019.7,8.1,12.6,86.0
2026-01-28,34.766666666666666,38.358333333333334,1053.4583333333333,44.55833333333334,25.0625,62.916666666666664,18.5,23.5,13.9,48,0.0,1021.0,7.2,10.5,96.0
2026-01-29,25.441666666666666,32.800000000000004,752.9583333333334,32.391666666666666,15.866666666666667,69.625,19.0,23.7,13.9,44,0.0,1019.3,8.1,11.6,101.0
2026-01-30,23.8,31.516666666666666,701.2916666666666,29.683333333333334,18.008333333333333,83.875,19.5,24.6,15.5,44,0.0,1017.9,9.0,12.3,101.0
2026-01-31,34.82083333333333,41.516666666666666,850.375,34.4125,24.05,83.875,19.5,24.9,14.8,51,0.0,1017.7,7.6,12.7,137.0
2026-02-01,31.224999999999998,50.67083333333333,862.625,28.804166666666664,18.575,71.83333333333333,20.5,25.5,16.1,70,0.0,1018.4,6.6,12.7,99.0
2026-02-02,37.47083333333333,53.725,807.2916666666666,37.170833333333334,16.879166666666666,61.958333333333336,22.0,27.6,17.0,51,0.0,1019.2,7.9,11.5,104.0
2026-02-03,44.27916666666667,66.03333333333333,871.2916666666666,38.62916666666667,16.5125,64.29166666666667,22.3,27.9,17.6,43,0.0,1019.0,8.3,10.5,119.0
2026-02-04,29.316666666666666,40.295833333333334,655.4583333333334,26.329166666666666,12.595833333333333,76.29166666666667,23.4,28.7,17.9,35,0.0,1019.1,11.2,15.1,126.0
2026-02-05,39.65,45.97083333333333,831.1666666666666,30.145833333333332,19.020833333333332,85.33333333333333,23.7,28.9,19.5,33,0.0,1018.9,10.7,14.2,106.0
2026-02-06,32.43333333333333,36.19166666666667,818.5416666666666,37.11666666666667,23.349999999999998,83.79166666666667,22.2,27.9,17.1,43,0.0,1019.2,7.8,13.4,141.0
2026-02-07,36.362500000000004,48.88333333333333,904.5416666666666,30.370833333333334,20.204166666666666,81.16666666666667,21.9,27.3,16.9,72,0.0,1017.5,7.0,12.1,101.0
2026-02-08,48.854166666666664,61.916666666666664,965.8333333333334,40.02916666666667,25.620833333333334,69.91666666666667,21.4,26.5,16.9,72,0.0,1015.5,6.5,10.8,136.0
2026-02-09,32.270833333333336,59.99166666666667,441.3333333333333,19.3875,12.129166666666668,63.833333333333336,22.1,25.7,18.7,75,0.3,1013.8,10.9,16.2,133.0
2026-02-10,33.65833333333333,68.8125,545.5,21.7375,14.141666666666666,74.5,22.8,27.0,19.7,75,0.5,1015.4,7.7,13.5,94.0
2026-02-11,46.875,60.77916666666667,689.5,29.912499999999998,17.474999999999998,79.08333333333333,24.0,29.3,19.4,49,0.0,1019.3,11.3,16.5,133.0
2026-02-12,39.112500000000004,48.23333333333333,655.4583333333334,28.604166666666668,18.537499999999998,89.20833333333333,23.8,29.5,19.0,45,0.0,1018.4,8.9,13.0,128.0
2026-02-13,44.21666666666667,56.47083333333333,905.9583333333334,40.291666666666664,26.05,69.95833333333333,22.4,27.1,17.9,69,0.0,1016.0,7.4,13.1,140.0
2026-02-14,25.787499999999998,32.59166666666667,739.2916666666666,28.245833333333334,18.820833333333333,67.45833333333333,22.0,27.5,16.9,78,0.0,1015.1,6.7,11.7,122.0
2026-02-15,33.25833333333333,54.07083333333333,527.1666666666666,26.354166666666668,17.329166666666666,61.458333333333336,22.0,26.9,18.6,85,0.0,1014.5,7.4,12.0,95.0
2026-02-16,31.879166666666666,52.175000000000004,458.2083333333333,22.866666666666664,14.079166666666666,65.45833333333333,22.6,25.6,20.4,76,0.0,1011.6,10.0,15.1,103.0
2026-02-17,30.866666666666664,53.4,865.5416666666666,27.458333333333332,20.991666666666667,73.08333333333333,21.9,25.1,19.8,75,1.3,1012.1,5.7,10.4,93.0
2026-02-18,32.35,48.40416666666667,656.5,25.958333333333332,18.683333333333334,94.45833333333333,21.7,26.6,17.5,57,0.0,1014.1,8.8,16.3,108.0
2026-02-19,26.925,38.40416666666667,566.75,19.7,12.566666666666668,97.875,24.9,30.0,20.1,40,0.0,1015.1,12.3,17.7,101.0
2026-02-20,25.729166666666668,40.833333333333336,484.875,14.320833333333333,10.620833333333334,107.70833333333333,26.1,30.6,21.6,33,0.0,1016.5,13.0,17.1,115.0
2026-02-21,34.57083333333333,80.94166666666666,554.1666666666666,17.829166666666666,16.708333333333332,125.41666666666667,25.6,30.3,21.8,38,0.0,1013.6,10.6,16.0,165.0
2026-02-22,30.96666666666667,49.987500000000004,548.5416666666666,24.583333333333332,16.724999999999998,102.375,23.7,27.9,20.4,69,0.0,1009.6,9.8,14.7,119.0
2026-02-23,33.97083333333334,61.89166666666667,641.2083333333334,25.90416666666667,16.6375,88.79166666666667,23.7,28.8,20.1,75,0.0,1009.4,7.8,11.5,101.0
2026-02-24,32.579166666666666,62.949999999999996,819.6666666666666,25.933333333333334,14.458333333333334,76.08333333333333,24.0,30.0,19.1,70,0.0,1010.8,7.3,13.0,102.0
2026-02-25,27.90833333333333,37.72083333333333,699.2916666666666,28.724999999999998,18.8875,74.125,24.2,29.1,19.4,66,0.0,1012.0,7.6,13.9,101.0
2026-02-26,22.4875,29.925,545.4583333333334,20.679166666666667,13.549999999999999,77.375,24.7,30.1,19.7,70,0.0,1010.9,8.8,14.6,86.0
2026-02-27,23.983333333333334,40.583333333333336,386.0,16.620833333333334,12.841666666666667,85.79166666666667,24.3,27.6,21.4,71,0.0,1008.7,12.0,15.6,78.0
2026-02-28,26.349999999999998,62.92916666666667,401.2916666666667,18.5625,13.170833333333334,90.54166666666667,24.4,28.3,21.6,74,0.0,1008.8,10.7,15.0,95.0
2026-03-01,26.287499999999998,44.637499999999996,479.6666666666667,22.1875,16.55,84.16666666666667,23.5,27.3,20.8,78,0.0,1010.7,8.1,13.4,109.0
2026-03-02,28.270833333333332,47.04583333333333,509.4583333333333,26.833333333333332,17.1875,85.33333333333333,23.6,29.3,20.3,80,0.0,1012.8,7.8,14.3,120.0
2026-03-03,28.150000000000002,47.25833333333333,570.9583333333334,28.6375,19.425,79.25,24.2,30.3,19.7,75,0.0,1014.1,7.7,11.4,118.0
2026-03-04,25.458333333333332,43.40416666666667,382.5833333333333,21.974999999999998,15.125,74.33333333333333,23.2,28.1,19.9,76,0.0,1015.0,9.3,12.8,86.0
2026-03-05,15.245833333333332,22.3875,332.9166666666667,14.875,10.883333333333333,76.54166666666667,23.7,28.0,20.7,75,0.0,1013.9,12.9,17.1,81.0
2026-03-06,23.125,50.050000000000004,306.0833333333333,13.908333333333333,10.841666666666667,70.5,25.0,29.0,22.4,79,0.0,1011.0,13.3,16.2,76.0
2026-03-07,33.34166666666667,88.24583333333334,508.7916666666667,20.270833333333332,13.987499999999999,80.66666666666667,25.2,29.8,22.1,82,0.0,1010.8,8.3,12.6,96.0
2026-03-08,35.47083333333333,60.15,515.2916666666666,30.291666666666668,17.091666666666665,87.375,24.3,28.7,21.2,84,0.0,1012.6,6.2,11.1,126.0
2026-03-09,35.68333333333333,65.09583333333333,540.7916666666666,36.13333333333333,19.495833333333334,68.125,25.3,31.9,21.1,74,0.0,1013.1,6.6,11.4,102.0
2026-03-10,26.349999999999998,47.92083333333333,430.2083333333333,28.920833333333334,15.870833333333332,65.0,25.5,32.6,21.5,72,0.0,1014.3,8.3,13.1,100.0
2026-03-11,35.11666666666667,83.90416666666667,467.8333333333333,22.954166666666666,14.104166666666666,64.75,24.9,29.9,20.3,81,0.0,1013.7,8.9,14.2,97.0
2026-03-12,43.737500000000004,107.52916666666665,462.4583333333333,19.641666666666666,12.325000000000001,71.625,27.8,35.2,22.6,52,0.0,1010.8,10.3,15.1,131.0
2026-03-13,54.32083333333333,148.1625,707.4166666666666,23.8125,20.045833333333334,73.625,26.9,33.6,21.8,50,0.0,1009.3,9.3,15.0,147.0
2026-03-14,31.741666666666664,79.81666666666666,459.3333333333333,17.275000000000002,12.591666666666667,77.875,27.0,32.7,22.6,57,0.0,1009.5,11.5,16.9,147.0
2026-03-15,18.870833333333334,46.48333333333333,451.5833333333333,15.887500000000001,10.520833333333334,86.08333333333333,28.4,35.3,22.4,46,0.0,1010.1,11.6,15.7,93.0
2026-03-16,19.745833333333334,55.6,408.5833333333333,15.85,11.241666666666667,82.95833333333333,27.9,34.8,23.1,47,0.0,1008.4,11.9,15.4,70.0
2026-03-17,17.837500000000002,38.3125,441.25,19.179166666666667,13.508333333333333,80.0,25.9,28.9,23.3,73,0.0,1007.8,9.7,14.8,72.0
2026-03-18,23.704166666666666,37.9375,719.0416666666666,22.833333333333332,17.983333333333334,66.66666666666667,25.8,29.7,23.0,81,2.3,1009.0,7.6,17.8,80.0
2026-03-19,28.891666666666666,68.17916666666666,861.9583333333334,30.104166666666668,20.320833333333333,65.29166666666667,22.9,25.8,20.5,77,10.8,1012.3,5.1,9.7,85.0
2026-03-20,30.870833333333334,73.94583333333334,698.0,31.3625,19.108333333333334,64.25,23.2,26.8,18.8,74,0.0,1011.8,6.6,12.7,100.0
2026-03-21,22.645833333333332,41.416666666666664,486.7916666666667,21.454166666666666,14.75,59.958333333333336,25.3,27.8,22.9,78,0.1,1011.8,8.7,13.7,91.0
2026-03-22,25.733333333333334,36.016666666666666,472.375,23.745833333333334,18.866666666666667,57.625,25.3,29.0,22.3,77,0.1,1013.6,7.5,13.9,82.0
2026-03-23,14.783333333333333,21.329166666666666,349.0833333333333,17.470833333333335,14.950000000000001,65.25,26.1,30.7,23.1,72,0.0,1012.4,10.0,15.4,82.0
2026-03-24,14.154166666666667,23.333333333333332,368.5416666666667,16.5,15.387500000000001,68.41666666666667,26.4,29.8,23.8,76,0.0,1010.9,9.6,13.1,61.0
2026-03-25,20.599999999999998,49.86666666666667,377.375,16.412499999999998,13.066666666666668,52.458333333333336,26.8,30.5,24.0,68,0.0,1010.6,11.1,15.7,70.0
2026-03-26,23.662499999999998,43.800000000000004,332.2916666666667,21.712500000000002,16.141666666666666,53.25,26.7,30.3,24.8,67,0.1,1012.7,9.8,16.0,83.0
2026-03-27,13.441666666666668,20.979166666666668,344.6666666666667,13.375,14.504166666666668,62.041666666666664,26.6,31.0,23.7,74,0.0,1012.1,10.8,20.6,78.0
2026-03-28,8.0625,21.604166666666668,204.54166666666666,6.758333333333333,8.533333333333333,57.041666666666664,26.8,30.3,24.8,70,0.0,1007.6,19.4,23.4,58.0
2026-03-29,17.8875,47.12916666666666,248.875,7.7625,9.529166666666667,110.75,26.5,29.2,24.6,59,0.0,1007.5,18.1,21.5,98.0
2026-03-30,19.245833333333334,42.262499999999996,276.25,9.358333333333333,11.054166666666667,119.95833333333333,25.7,28.3,23.8,54,0.0,1008.8,14.6,16.5,107.0
2026-03-31,23.650000000000002,50.00416666666666,338.2916666666667,11.816666666666668,12.424999999999999,115.33333333333333,25.2,27.4,23.4,55,0.0,1009.7,11.7,14.6,97.0
2026-04-01,20.741666666666667,40.55416666666667,347.5,14.1,13.85,100.75,25.8,29.0,23.4,61,0.0,1009.8,11.6,15.9,88.0
2026-04-02,22.479166666666668,59.887499999999996,388.9583333333333,16.883333333333333,16.295833333333334,73.45833333333333,22.6,25.0,18.2,81,10.4,1010.7,7.5,21.7,78.0
2026-04-03,15.170833333333333,26.47083333333333,605.8333333333334,18.370833333333334,19.433333333333334,74.875,21.9,25.4,17.7,74,1.4,1010.2,8.5,13.5,75.0
2026-04-04,16.400000000000002,27.96666666666667,454.4166666666667,17.3125,12.208333333333334,97.54166666666667,24.2,27.5,20.5,66,0.0,1010.4,9.9,14.5,98.0
2026-04-05,18.537499999999998,27.2,516.2083333333334,20.1125,14.870833333333332,93.04166666666667,24.6,27.7,22.1,67,0.0,1010.9,8.7,12.5,102.0
2026-04-06,21.554166666666664,48.12916666666666,364.9166666666667,14.237499999999999,10.070833333333333,77.75,25.7,28.6,23.3,73,0.9,1009.5,14.9,22.5,76.0
2026-04-07,22.599999999999998,51.7125,292.0416666666667,8.9375,9.229166666666666,90.91666666666667,26.4,29.3,24.7,73,0.2,1006.9,17.4,21.5,87.0
2026-04-08,29.983333333333334,60.541666666666664,528.5,15.429166666666667,16.570833333333333,123.29166666666667,25.8,29.0,23.2,76,0.0,1007.3,8.6,13.9,161.0
2026-04-09,40.49583333333333,81.45416666666667,674.5416666666666,22.275000000000002,18.733333333333334,109.875,25.6,30.2,21.7,78,0.0,1011.2,7.3,15.3,158.0
2026-04-10,31.09166666666667,63.75,571.9583333333334,20.591666666666665,18.349999999999998,102.70833333333333,27.2,31.8,23.9,65,0.0,1013.5,8.0,13.6,150.0
2026-04-11,38.74583333333333,105.30416666666667,378.6666666666667,15.658333333333333,12.316666666666668,89.29166666666667,27.9,33.1,24.0,66,0.0,1011.7,10.8,14.8,107.0
2026-04-12,37.708333333333336,114.41250000000001,589.0416666666666,18.591666666666665,15.625,97.75,28.4,34.9,23.3,60,0.0,1009.1,8.5,14.2,148.0
2026-04-13,30.587500000000002,81.65833333333333,378.25,12.466666666666667,10.200000000000001,89.45833333333333,28.3,33.4,24.5,62,0.0,1008.9,11.4,17.7,106.0
2026-04-14,32.475,107.71666666666665,394.9583333333333,12.154166666666667,9.933333333333334,97.70833333333333,28.6,33.4,25.8,62,0.0,1008.0,11.1,15.0,94.0
2026-04-15,29.7375,67.95416666666667,449.9166666666667,18.554166666666667,13.870833333333332,108.125,27.6,32.3,24.6,71,0.0,1006.4,8.9,13.5,148.0
2026-04-16,18.904166666666665,31.849999999999998,347.4166666666667,15.945833333333333,12.133333333333333,103.41666666666667,27.2,30.3,24.9,65,0.0,1006.3,11.9,16.4,95.0
2026-04-17,23.025000000000002,46.87916666666666,372.5,18.320833333333333,11.725,97.04166666666667,28.3,33.5,24.8,63,0.0,1008.4,11.2,15.7,97.0
2026-04-18,24.133333333333336,70.60000000000001,355.4583333333333,17.087500000000002,13.200000000000001,97.58333333333333,26.6,30.4,23.9,71,0.0,1008.9,10.8,14.6,114.0
2026-04-19,20.3,37.28333333333334,396.0833333333333,16.908333333333335,13.875,104.41666666666667,26.8,30.9,23.6,72,0.0,1008.6,10.3,14.9,118.0
2026-04-20,22.454166666666666,46.333333333333336,326.375,15.65,13.75,101.20833333333333,27.2,31.6,24.1,75,0.0,1008.2,10.5,14.1,112.0
2026-04-21,21.1,48.6875,310.4166666666667,15.375,12.3375,73.79166666666667,27.1,31.1,24.4,74,0.0,1008.1,11.3,15.7,76.0
2026-04-22,15.641666666666666,28.991666666666664,267.7916666666667,12.424999999999999,11.029166666666667,62.833333333333336,27.4,31.3,24.7,79,0.0,1007.3,12.0,17.1,73.0
2026-04-23,15.458333333333334,26.741666666666664,276.9166666666667,12.325000000000001,11.283333333333333,66.33333333333333,28.0,31.6,25.5,79,0.0,1007.1,11.9,16.4,63.0
2026-04-24,18.041666666666668,33.458333333333336,294.1666666666667,15.579166666666666,12.720833333333333,63.25,28.0,31.3,25.6,82,0.0,1007.6,10.1,16.5,67.0
2026-04-25,22.212500000000002,47.99583333333334,343.2916666666667,18.42083333333333,13.541666666666666,75.66666666666667,28.5,33.1,25.0,78,0.0,1008.0,9.0,13.9,77.0
2026-04-26,21.170833333333334,44.82916666666667,375.0833333333333,17.679166666666667,11.416666666666666,78.54166666666667,30.1,35.3,26.0,64,0.0,1006.6,10.5,15.5,76.0
2026-04-27,19.220833333333335,39.65833333333333,377.625,14.329166666666666,10.424999999999999,81.375,29.5,33.3,26.2,70,0.0,1004.0,11.1,15.7,73.0
2026-04-28,18.679166666666667,38.61666666666667,325.5,10.829166666666666,9.487499999999999,100.0,29.8,32.9,27.1,68,0.0,1003.0,13.0,16.7,82.0
2026-04-29,26.854166666666668,60.69583333333333,377.75,13.408333333333333,12.295833333333334,101.79166666666667,29.5,32.9,26.7,75,0.0,1003.2,9.4,13.8,115.0
2026-04-30,25.320833333333336,55.68333333333334,331.5,12.9625,10.737499999999999,99.625,29.9,34.0,26.8,72,0.0,1003.3,10.2,14.2,89.0
2026-05-01,26.545833333333334,80.15416666666667,344.2916666666667,11.979166666666666,9.258333333333333,94.54166666666667,31.5,35.9,28.4,60,0.0,1002.8,13.0,15.7,83.0
2026-05-02,28.84583333333333,91.35833333333333,303.5,9.379166666666666,7.904166666666666,103.16666666666667,31.7,35.6,29.1,53,0.0,1001.7,15.5,19.4,91.0
2026-05-03,24.141666666666666,74.45416666666667,414.875,13.137500000000001,10.091666666666667,117.16666666666667,31.7,36.7,28.4,57,0.0,1001.3,11.4,16.7,120.0
2026-05-04,41.704166666666666,197.41666666666666,387.7916666666667,15.3375,10.545833333333333,105.45833333333333,34.2,41.2,29.1,29,0.0,1002.1,12.2,16.7,125.0
2026-05-05,36.4,126.325,492.2083333333333,20.0125,13.700000000000001,96.45833333333333,30.3,34.6,27.3,63,0.0,1005.8,9.9,16.9,133.0
2026-05-06,31.241666666666664,79.08333333333333,433.4583333333333,21.870833333333334,16.383333333333333,68.875,28.9,33.4,25.4,78,0.0,1007.3,8.9,16.4,102.0
2026-05-07,19.125,43.30833333333334,267.5833333333333,11.762500000000001,11.279166666666667,70.58333333333333,29.1,32.5,26.3,80,0.0,1005.3,13.4,17.1,92.0
2026-05-08,18.695833333333333,37.045833333333334,297.7083333333333,12.345833333333333,13.891666666666666,74.75,29.3,32.1,26.9,80,0.0,1006.2,10.5,14.3,69.0
2026-05-09,19.495833333333334,40.574999999999996,287.0416666666667,15.5,14.970833333333333,68.04166666666667,29.3,32.1,27.0,81,0.2,1007.7,9.8,14.6,69.0
2026-05-10,20.029166666666665,44.34166666666667,275.0,13.9125,13.120833333333332,71.75,29.4,32.5,26.9,79,0.0,1006.8,11.1,16.0,71.0
2026-05-11,20.537499999999998,42.6,286.4583333333333,15.466666666666667,13.770833333333334,76.04166666666667,29.6,32.9,26.9,80,0.0,1005.6,10.7,15.6,72.0
2026-05-12,24.104166666666668,61.145833333333336,328.5833333333333,18.2,15.816666666666668,80.79166666666667,30.7,34.9,27.7,74,0.0,1003.5,9.1,12.5,89.0
2026-05-13,28.575,63.4125,430.2916666666667,17.55,7.8374999999999995,81.95833333333333,31.9,36.6,27.3,61,0.0,1001.8,11.9,22.4,96.0
2026-05-14,12.866666666666667,22.52916666666667,216.75,8.083333333333334,4.629166666666666,64.625,30.1,32.8,27.9,73,0.0,1002.6,16.5,20.6,87.0
2026-05-15,12.200000000000001,29.175,203.95833333333334,7.545833333333333,4.570833333333334,56.125,30.1,32.9,28.2,73,0.1,1003.4,15.2,18.7,57.0
2026-05-16,19.133333333333333,54.72083333333333,229.29166666666666,9.799999999999999,5.666666666666667,65.83333333333333,29.8,33.3,27.6,73,0.0,1004.8,11.6,14.4,68.0
2026-05-17,22.808333333333334,67.68333333333334,185.41666666666666,7.979166666666667,5.341666666666666,66.33333333333333,29.6,33.9,27.0,71,0.0,1006.2,13.4,15.4,77.0
2026-05-18,22.333333333333332,56.46666666666667,189.04166666666666,6.6125,4.5249999999999995,61.958333333333336,29.3,32.2,27.0,73,0.0,1004.8,17.0,19.8,77.0
2026-05-19,19.833333333333332,49.99583333333334,201.08333333333334,7.245833333333334,4.616666666666666,63.208333333333336,30.1,33.1,28.2,76,0.0,1003.4,16.8,21.3,75.0
2026-05-20,23.683333333333334,58.99583333333334,223.58333333333334,8.816666666666666,5.329166666666667,76.04166666666667,29.9,33.3,27.7,77,0.0,1003.7,14.5,17.4,77.0
2026-05-21,32.333333333333336,89.66250000000001,210.83333333333334,7.629166666666666,5.191666666666666,71.04166666666667,30.1,32.6,28.1,75,0.0,1004.3,14.7,17.1,93.0
2026-05-22,41.9125,123.57916666666667,225.29166666666666,8.112499999999999,5.883333333333333,66.83333333333333,30.0,33.0,27.9,75,0.0,1006.9,12.6,15.7,115.0
2026-05-23,40.87083333333333,106.74583333333334,215.04166666666666,7.808333333333334,5.445833333333333,77.08333333333333,29.7,32.6,27.7,73,0.0,1008.2,13.0,16.7,125.0
2026-05-24,36.61666666666667,93.84166666666665,165.08333333333334,5.075,4.2250000000000005,70.5,29.8,32.9,27.8,72,0.0,1007.7,17.0,20.0,113.0
2026-05-25,27.28333333333333,69.62916666666666,196.5,7.1375,4.675,61.75,30.2,32.9,28.1,77,0.0,1006.0,16.5,20.3,103.0
2026-05-26,21.1375,47.25416666666666,230.54166666666666,9.404166666666667,5.641666666666667,66.5,30.5,33.8,28.0,80,0.0,1005.2,12.6,16.2,84.0
2026-05-27,21.212500000000002,43.31666666666666,230.54166666666666,10.0375,5.841666666666666,62.166666666666664,30.3,33.4,27.9,81,0.0,1006.2,13.2,16.7,73.0
2026-05-28,22.766666666666666,44.54583333333333,206.58333333333334,8.420833333333333,5.041666666666667,60.833333333333336,30.5,33.6,28.3,81,0.0,1005.4,15.4,18.0,76.0
2026-05-29,22.65833333333333,45.395833333333336,220.54166666666666,8.291666666666666,4.95,63.916666666666664,30.9,34.5,28.6,79,0.0,1003.5,15.1,17.5,78.0
2026-05-30,21.158333333333335,43.85,221.29166666666666,8.275,4.808333333333334,67.875,31.2,35.1,28.7,79,0.0,1001.6,14.6,18.5,76.0
2026-05-31,20.075,38.6875,170.04166666666666,5.979166666666667,4.779166666666667,58.041666666666664,30.6,33.0,28.7,79,1.8,1004.6,14.6,17.0,74.0
2026-06-01,25.40416666666667,56.083333333333336,201.5,7.941666666666666,5.970833333333334,65.16666666666667,30.8,33.0,28.6,74,0.0,1005.8,11.2,14.8,80.0
2026-06-02,30.616666666666664,68.9375,245.58333333333334,11.804166666666667,8.083333333333334,66.75,30.8,34.2,29.0,73,0.0,1005.6,11.1,16.1,90.0
2026-06-03,29.3875,71.85416666666667,243.625,11.5625,8.174999999999999,61.041666666666664,30.2,33.1,27.7,73,0.0,1003.8,9.6,16.1,94.0
2026-06-04,32.75,83.49166666666666,212.0,8.570833333333333,5.879166666666666,67.625,30.7,32.8,29.1,75,0.2,1001.8,13.7,16.8,95.0
2026-06-05,31.287499999999998,85.50416666666666,230.125,9.0375,6.220833333333334,72.625,30.7,33.3,28.7,76,0.0,1001.6,12.4,15.4,96.0
2026-06-06,24.962500000000002,67.24583333333334,213.20833333333334,8.487499999999999,5.658333333333334,67.29166666666667,30.7,33.3,28.5,75,0.0,1003.2,13.5,18.2,92.0
2026-06-07,27.416666666666668,75.75,170.75,5.958333333333333,4.829166666666667,73.20833333333333,31.0,33.9,28.9,74,0.0,1004.0,15.2,18.1,84.0
2026-06-08,27.34166666666667,70.73333333333333,199.0,7.308333333333334,4.983333333333333,74.54166666666667,31.1,34.1,29.1,76,0.0,1002.5,15.5,19.7,87.0
2026-06-09,20.316666666666666,44.95416666666667,200.25,7.5249999999999995,4.7625,61.958333333333336,31.1,34.0,29.2,80,0.0,1001.2,17.3,21.8,85.0
2026-06-10,21.104166666666668,50.12916666666666,211.41666666666666,8.775,4.779166666666667,61.708333333333336,31.3,34.1,29.1,79,0.0,1001.0,16.7,22.9,73.0
2026-06-11,35.0625,106.09166666666665,233.375,9.525,5.2250000000000005,76.5,32.2,36.9,29.2,73,0.0,1000.0,14.3,18.0,99.0
2026-06-12,23.204166666666666,64.2625,203.75,7.4750000000000005,4.608333333333333,64.58333333333333,31.0,34.2,29.0,78,0.0,1001.3,17.3,19.9,99.0
2026-06-13,21.875,62.425000000000004,174.95833333333334,6.129166666666666,4.083333333333333,57.25,30.9,33.4,29.1,71,0.0,1004.1,18.3,21.0,77.0
2026-06-14,15.25,37.75,145.54166666666666,4.9624999999999995,4.0625,55.583333333333336,30.5,32.9,28.9,70,0.4,1004.9,19.6,22.1,75.0
2026-06-15,14.612499999999999,33.63333333333333,171.58333333333334,5.8125,4.233333333333333,55.666666666666664,30.4,32.5,28.7,71,1.2,1003.7,19.3,22.1,63.0
2026-06-16,19.925,49.87083333333334,196.66666666666666,7.741666666666667,5.183333333333334,55.25,30.4,32.8,28.5,74,0.6,1003.9,14.9,19.2,70.0
2026-06-17,22.1375,53.083333333333336,194.25,8.283333333333333,5.341666666666666,54.416666666666664,30.6,32.9,29.1,70,0.4,1005.1,14.5,17.2,76.0
2026-06-18,22.254166666666666,52.675000000000004,195.95833333333334,8.566666666666666,5.545833333333333,53.625,30.5,32.9,29.2,71,0.6,1004.7,14.6,17.0,75.0
2026-06-19,24.0125,62.32916666666667,192.08333333333334,7.75,5.375,54.75,30.5,32.8,28.5,72,0.0,1004.5,14.5,17.8,78.0
2026-06-20,21.65416666666667,63.68333333333334,188.29166666666666,6.979166666666667,4.866666666666666,54.833333333333336,30.5,32.4,28.8,72,0.1,1005.3,14.7,18.3,80.0
2026-06-21,19.070833333333333,49.916666666666664,155.79166666666666,4.9875,4.470833333333333,57.041666666666664,30.3,32.5,28.4,70,0.0,1004.2,16.0,18.8,74.0
2026-06-22,24.229166666666668,59.020833333333336,177.45833333333334,6.0249999999999995,4.620833333333334,54.875,30.3,32.3,28.6,71,0.3,1003.3,16.9,19.0,78.0
2026-06-23,23.2625,56.458333333333336,183.0,6.541666666666667,4.670833333333333,54.375,30.4,32.6,28.9,69,0.5,1002.5,17.5,21.1,79.0
2026-06-24,20.75,48.56666666666666,184.04166666666666,6.075,4.204166666666667,51.666666666666664,30.1,31.8,28.6,72,1.1,1001.7,19.6,22.8,77.0
2026-06-25,18.037499999999998,39.87916666666667,190.41666666666666,6.733333333333333,4.595833333333333,54.083333333333336,30.2,31.9,28.7,72,0.7,1002.6,16.9,19.7,72.0
2026-06-26,19.854166666666668,46.137499999999996,198.0,7.654166666666666,5.3999999999999995,53.25,30.3,32.9,28.4,73,0.1,1004.0,13.1,15.9,72.0
2026-06-27,19.1375,44.39166666666667,196.33333333333334,7.7625,5.5375000000000005,57.041666666666664,30.1,32.4,28.8,73,0.1,1004.0,12.4,15.2,71.0
2026-06-28,21.037499999999998,49.34166666666667,154.83333333333334,5.166666666666667,4.454166666666667,56.208333333333336,30.0,32.1,28.3,74,0.8,1002.3,16.1,19.6,73.0
2026-06-29,25.479166666666668,60.69583333333333,174.29166666666666,5.870833333333334,4.366666666666666,56.041666666666664,29.9,32.2,28.2,72,0.1,1001.2,17.3,19.9,81.0
2026-06-30,22.25,51.362500000000004,186.41666666666666,6.8374999999999995,4.620833333333334,54.041666666666664,30.0,32.3,28.6,72,1.1,1000.5,18.4,20.9,82.0
2026-07-01,19.891666666666666,45.29583333333333,199.20833333333334,8.008333333333333,5.029166666666667,53.083333333333336,29.9,31.8,28.5,76,1.7,999.5,16.6,18.8,75.0
2026-07-02,23.270833333333332,58.520833333333336,206.33333333333334,9.6875,6.079166666666667,49.083333333333336,30.2,32.4,28.5,77,1.3,1000.4,13.8,16.5,77.0
2026-07-03,23.53333333333333,61.32916666666667,193.95833333333334,8.700000000000001,5.879166666666666,53.833333333333336,30.4,32.9,28.5,74,0.1,1001.7,14.4,17.2,78.0
2026-07-04,31.483333333333334,92.16250000000001,183.79166666666666,7.566666666666666,5.233333333333333,59.541666666666664,30.2,32.3,28.6,76,0.2,1000.0,15.6,17.6,91.0
2026-07-05,36.512499999999996,103.79583333333333,154.33333333333334,6.075,5.3875,64.54166666666667,30.5,33.2,28.4,75,0.1,998.3,14.4,18.5,103.0
2026-07-06,36.40416666666667,92.52083333333333,207.16666666666666,10.0875,7.108333333333333,65.54166666666667,30.6,33.3,28.6,78,0.0,997.7,11.3,14.4,109.0
2026-07-07,27.395833333333332,58.38333333333333,249.45833333333334,11.308333333333332,7.808333333333334,72.83333333333333,30.6,33.7,28.4,79,0.0,997.5,10.2,16.5,102.0
2026-07-08,28.820833333333336,67.07083333333334,216.75,8.754166666666666,5.9375,66.5,30.2,32.1,28.5,79,0.0,997.3,14.3,19.4,87.0
2026-07-09,24.520833333333332,57.62916666666666,189.91666666666666,7.1625000000000005,5.133333333333334,56.666666666666664,29.8,32.0,28.2,76,0.5,999.9,17.9,21.4,87.0
2026-07-10,23.325,52.9,177.125,5.720833333333334,4.3999999999999995,53.333333333333336,29.4,31.0,28.1,77,0.8,1002.4,21.1,24.0,79.0
2026-07-11,21.045833333333334,49.90416666666667,181.16666666666666,5.604166666666667,3.9375,55.083333333333336,29.2,31.1,27.9,79,0.9,1000.4,21.5,25.0,77.0
2026-07-12,25.020833333333332,67.57083333333334,167.75,5.5125,4.170833333333333,59.125,30.0,32.8,28.1,77,0.0,996.3,17.8,22.6,80.0
2026-07-13,21.900000000000002,53.44166666666666,179.66666666666666,5.854166666666667,4.116666666666666,52.916666666666664,29.7,31.9,28.0,75,1.3,999.0,18.8,22.7,81.0
2026-07-14,21.229166666666668,55.275,195.08333333333334,7.866666666666667,4.991666666666666,45.958333333333336,28.9,30.8,27.5,80,2.8,1001.5,18.0,20.4,76.0
2026-07-15,22.6125,54.175000000000004,205.58333333333334,8.737499999999999,5.829166666666667,46.458333333333336,29.1,31.0,27.4,76,1.2,1002.6,14.8,17.1,75.0
2026-07-16,21.0,52.90833333333333,214.45833333333334,9.966666666666667,6.854166666666667,46.208333333333336,29.1,31.6,27.2,77,0.8,1003.7,11.6,14.4,78.0
2026-07-17,19.316666666666666,44.07916666666667,201.54166666666666,8.845833333333333,5.9750000000000005,46.75,29.0,31.2,27.3,76,1.4,1003.3,14.8,18.8,73.0
2026-07-18,16.375,35.46666666666667,186.875,7.1000000000000005,4.675,50.375,29.0,31.1,27.5,74,1.0,1002.4,17.8,20.6,69.0
2026-07-19,19.941666666666666,48.46666666666667,168.41666666666666,6.3999999999999995,5.020833333333333,53.041666666666664,28.6,29.9,27.5,79,1.3,1001.2,14.8,17.3,71.0
2026-07-20,20.7375,50.074999999999996,210.29166666666666,8.841666666666667,6.016666666666667,51.541666666666664,28.9,31.2,27.4,80,1.7,1000.7,12.7,15.7,72.0
2026-07-21,21.033333333333335,48.333333333333336,246.0,10.783333333333333,6.8625,46.75,28.9,30.4,27.6,81,0.7,1000.3,11.1,13.8,75.0
2026-07-22,23.09583333333333,57.104166666666664,255.58333333333334,11.779166666666667,8.095833333333333,49.125,29.4,31.4,27.6,79,0.5,999.4,10.1,14.2,76.0
2026-07-23,27.162499999999998,73.58333333333333,297.0416666666667,10.75,9.645833333333334,64.41666666666667,29.9,32.8,28.1,76,0.4,998.4,9.2,15.5,84.0
2026-07-24,27.474999999999998,74.35833333333333,256.25,11.370833333333332,8.5375,58.5,30.2,33.1,28.4,77,0.0,998.9,9.3,15.1,87.0
2026-07-25,26.1375,70.65833333333333,218.45833333333334,10.629166666666666,7.329166666666667,51.375,29.5,31.6,28.2,76,0.0,1000.5,10.6,14.5,86.0
2026-07-26,26.34166666666667,80.25416666666666,174.70833333333334,7.7875000000000005,6.945833333333333,60.708333333333336,29.7,32.5,28.1,73,0.0,1001.8,10.5,15.6,83.0
2026-07-27,27.683333333333334,83.3875,186.20833333333334,7.204166666666667,5.616666666666667,58.458333333333336,29.8,32.2,28.1,73,0.1,1000.8,14.3,17.3,85.0
2026-07-28,22.212500000000002,58.64166666666667,198.125,7.425,5.3,58.958333333333336,29.4,31.8,27.7,76,0.3,998.5,15.6,19.0,85.0
2026-07-29,24.875,56.55833333333333,222.5,9.025,5.679166666666667,61.375,29.7,33.2,27.7,79,0.0,998.8,13.8,18.1,81.0
2026-07-30,27.179166666666664,66.87916666666666,267.5833333333333,11.700000000000001,7.958333333333333,71.5,30.0,32.9,27.8,79,0.0,997.7,10.2,13.5,84.0
2026-07-31,30.75,73.5125,280.75,15.520833333333334,9.5375,76.54166666666667,30.3,33.3,27.8,80,0.0,996.6,8.4,12.5,92.0
2026-08-01,28.8125,76.1875,258.5416666666667,15.254166666666668,9.479166666666666,58.875,30.2,32.6,28.3,79,0.0,998.3,9.6,16.3,91.0
2026-08-02,23.804166666666664,66.31666666666666,181.58333333333334,7.091666666666666,5.6125,53.291666666666664,28.7,29.6,28.2,77,0.7,1001.0,11.4,15.0,87.0
2026-08-03,27.099999999999998,69.09583333333333,211.125,10.870833333333332,6.095833333333334,44.0,28.8,31.0,27.2,76,0.5,1002.2,13.3,17.0,84.0
2026-08-04,26.2375,64.4375,214.29166666666666,9.683333333333334,6.020833333333333,54.5,29.2,31.4,27.4,73,0.0,1003.0,12.8,15.4,84.0
2026-08-05,25.833333333333332,60.80416666666667,202.54166666666666,8.566666666666666,5.370833333333334,57.5,29.3,31.7,27.5,76,0.0,1001.2,15.1,18.5,83.0
2026-08-06,24.34166666666667,54.425000000000004,199.5,7.875,5.158333333333333,55.708333333333336,28.9,30.9,27.4,78,1.1,999.9,15.9,19.5,86.0
2026-08-07,21.895833333333332,50.69583333333333,205.33333333333334,8.395833333333334,5.375,53.458333333333336,28.9,31.7,27.3,76,0.0,1000.9,13.7,16.8,79.0
2026-08-08,23.629166666666666,60.699999999999996,208.04166666666666,8.629166666666666,5.954166666666667,52.416666666666664,28.8,30.9,27.0,76,0.2,1002.0,12.2,15.4,78.0
2026-08-09,22.224999999999998,57.9125,168.70833333333334,7.5375000000000005,6.241666666666667,57.458333333333336,28.8,31.1,26.7,76,0.0,1003.7,11.6,15.9,78.0
2026-08-10,19.341666666666665,46.762499999999996,183.83333333333334,7.183333333333334,5.05,54.583333333333336,28.6,31.1,27.0,76,0.3,1003.0,15.6,20.2,75.0
2026-08-11,23.191666666666666,49.99166666666667,200.625,8.570833333333333,5.154166666666667,49.875,28.4,30.2,27.1,79,1.2,1001.4,15.1,19.2,77.0
2026-08-12,21.775000000000002,46.395833333333336,224.16666666666666,9.516666666666667,6.0625,55.833333333333336,28.4,30.6,26.4,78,0.2,1002.6,12.2,15.2,77.0
2026-08-13,21.59583333333333,48.0,201.25,8.4,5.5874999999999995,56.041666666666664,28.5,30.9,26.8,77,0.9,1003.9,14.0,16.8,76.0
2026-08-14,22.3125,47.6625,196.20833333333334,7.995833333333334,4.791666666666667,51.791666666666664,28.1,30.2,26.6,76,1.2,1003.2,15.7,19.6,76.0
2026-08-15,20.783333333333335,43.958333333333336,205.95833333333334,9.225,5.333333333333333,50.875,28.2,30.2,26.9,78,0.6,1003.3,13.9,16.9,75.0
2026-08-16,19.891666666666666,44.574999999999996,162.41666666666666,6.929166666666666,4.995833333333334,52.375,28.1,29.9,26.6,80,1.0,1002.6,14.6,18.0,72.0
2026-08-17,19.879166666666666,44.84166666666667,188.70833333333334,7.066666666666666,4.829166666666667,52.666666666666664,28.0,30.3,26.7,78,1.0,1003.1,16.0,19.1,71.0
2026-08-18,17.7,35.958333333333336,195.79166666666666,7.429166666666667,4.770833333333333,49.375,28.3,30.5,26.7,77,0.9,1004.1,17.0,21.0,72.0
2026-08-19,14.950000000000001,28.46666666666667,188.66666666666666,7.387499999999999,4.5249999999999995,45.083333333333336,28.2,30.6,26.7,75,0.8,1004.6,17.7,20.7,66.0
2026-08-20,15.329166666666666,33.675000000000004,197.83333333333334,7.9624999999999995,4.795833333333333,42.416666666666664,28.1,30.2,26.7,77,1.2,1004.8,16.1,17.8,62.0
2026-08-21,17.104166666666668,42.09583333333333,199.08333333333334,8.333333333333334,4.958333333333333,45.25,27.9,29.9,26.6,79,0.8,1004.3,15.2,18.0,65.0
2026-08-22,19.05,47.00833333333333,203.58333333333334,7.675,4.4750000000000005,47.625,27.7,30.1,26.4,79,1.0,1003.4,16.3,20.6,69.0
2026-08-23,23.570833333333336,63.725,189.79166666666666,7.616666666666667,5.341666666666666,49.833333333333336,27.5,29.2,26.4,81,0.5,1003.3,13.1,15.3,77.0
2026-08-24,30.670833333333334,95.94166666666666,238.58333333333334,10.354166666666666,7.233333333333333,59.541666666666664,27.9,30.5,26.1,82,0.0,1004.8,9.9,13.0,91.0
2026-08-25,30.891666666666666,89.95833333333333,229.08333333333334,10.304166666666667,6.9624999999999995,54.958333333333336,27.9,30.2,26.1,78,0.0,1005.5,11.2,15.0,92.0
2026-08-26,31.65833333333333,85.94583333333333,206.95833333333334,9.2125,5.829166666666667,53.833333333333336,28.1,30.4,26.4,75,0.5,1005.7,13.9,16.6,94.0
2026-08-27,22.704166666666666,54.137499999999996,196.5,7.891666666666667,4.791666666666667,52.833333333333336,27.7,29.8,26.3,76,0.5,1004.8,17.1,20.4,93.0
2026-08-28,16.891666666666666,33.94583333333333,194.45833333333334,7.754166666666666,4.75,52.541666666666664,27.4,30.2,25.7,80,0.3,1004.2,16.4,19.2,76.0
2026-08-29,16.358333333333334,32.02916666666667,189.125,7.379166666666666,4.108333333333333,48.583333333333336,27.1,29.3,25.8,81,1.4,1004.4,17.8,22.2,65.0
