date,actual_AQI,predicted_AQI,error,absolute_error,squared_error,actual_category,predicted_category,category_correct,horizon,model
2025-05-01,64.0,66.670419458913,2.6704194589130026,2.6704194589130026,7.131140086541214,Moderate,Moderate,True,AQI_t+1,SVR + StandardScaler + Recency
2025-05-02,75.0,71.63112316439825,-3.3688768356017533,3.3688768356017533,11.349331133454083,Moderate,Moderate,True,AQI_t+1,SVR + StandardScaler + Recency
2025-05-03,68.0,68.82548460139068,0.8254846013906842,0.8254846013906842,0.6814248271331369,Moderate,Moderate,True,AQI_t+1,SVR + StandardScaler + Recency
2025-05-04,81.0,71.74763053237297,-9.252369467627034,9.252369467627034,85.60634076547696,Moderate,Moderate,True,AQI_t+1,SVR + StandardScaler + Recency
2025-05-05,140.0,91.41680463504619,-48.58319536495381,48.58319536495381,2360.3268718692693,Unhealthy for Sensitive Groups,Moderate,False,AQI_t+1,SVR + StandardScaler + Recency
2025-05-06,108.0,114.3466674789903,6.346667478990298,6.346667478990298,40.28018808887307,Unhealthy for Sensitive Groups,Unhealthy for Sensitive Groups,True,AQI_t+1,SVR + StandardScaler + Recency
2025-05-07,78.0,89.27533851884775,11.275338518847747,11.275338518847747,127.1332587146117,Moderate,Moderate,True,AQI_t+1,SVR + StandardScaler + Recency
2025-05-08,86.0,79.47440048299339,-6.5255995170066114,6.5255995170066114,42.58344905635692,Moderate,Moderate,True,AQI_t+1,SVR + StandardScaler + Recency
2025-05-09,89.0,92.38566119765085,3.3856611976508475,3.3856611976508475,11.46270174527857,Moderate,Moderate,True,AQI_t+1,SVR + StandardScaler + Recency
2025-05-10,96.0,97.31109681925096,1.311096819250963,1.311096819250963,1.7189748694499927,Moderate,Moderate,True,AQI_t+1,SVR + StandardScaler + Recency
2025-05-11,107.0,101.78034007172369,-5.2196599282763145,5.2196599282763145,27.244849766853502,Unhealthy for Sensitive Groups,Unhealthy for Sensitive Groups,True,AQI_t+1,SVR + StandardScaler + Recency
2025-05-12,91.0,95.36084612893211,4.36084612893211,4.36084612893211,19.01697896022217,Moderate,Moderate,True,AQI_t+1,SVR + StandardScaler + Recency
2025-05-13,75.0,65.1119197486073,-9.888080251392694,9.888080251392694,97.7741310579822,Moderate,Moderate,True,AQI_t+1,SVR + StandardScaler + Recency
2025-05-14,83.0,76.04833931519848,-6.951660684801524,6.951660684801524,48.3255862766152,Moderate,Moderate,True,AQI_t+1,SVR + StandardScaler + Recency
2025-05-15,74.0,74.78103783394829,0.7810378339482895,0.7810378339482895,0.6100200980586359,Moderate,Moderate,True,AQI_t+1,SVR + StandardScaler + Recency
2025-05-16,70.0,75.33917605027914,5.339176050279136,5.339176050279136,28.50680089587431,Moderate,Moderate,True,AQI_t+1,SVR + StandardScaler + Recency
2025-05-17,68.0,72.45754863033605,4.457548630336049,4.457548630336049,19.869739791810787,Moderate,Moderate,True,AQI_t+1,SVR + StandardScaler + Recency
2025-05-18,68.0,66.83197381227279,-1.1680261877272073,1.1680261877272073,1.3642851752165535,Moderate,Moderate,True,AQI_t+1,SVR + StandardScaler + Recency
2025-05-19,76.0,65.62956300879372,-10.370436991206276,10.370436991206276,107.54596338857948,Moderate,Moderate,True,AQI_t+1,SVR + StandardScaler + Recency
2025-05-20,84.0,82.1018897978057,-1.898110202194303,1.898110202194303,3.602822339674098,Moderate,Moderate,True,AQI_t+1,SVR + StandardScaler + Recency
2025-05-21,85.0,102.00382900448786,17.003829004487855,17.003829004487855,289.1302008138624,Moderate,Unhealthy for Sensitive Groups,False,AQI_t+1,SVR + StandardScaler + Recency
2025-05-22,76.0,90.37997886194347,14.37997886194347,14.37997886194347,206.78379206994103,Moderate,Moderate,True,AQI_t+1,SVR + StandardScaler + Recency
2025-05-23,73.0,73.87087926115123,0.8708792611512308,0.8708792611512308,0.7584306875033137,Moderate,Moderate,True,AQI_t+1,SVR + StandardScaler + Recency
2025-05-24,85.0,80.79038531411527,-4.2096146858847305,4.2096146858847305,17.7208558036164,Moderate,Moderate,True,AQI_t+1,SVR + StandardScaler + Recency
2025-05-25,87.0,89.15218251701495,2.15218251701495,2.15218251701495,4.631889586544805,Moderate,Moderate,True,AQI_t+1,SVR + StandardScaler + Recency
2025-05-26,87.0,84.2922347051524,-2.7077652948476043,2.7077652948476043,7.331992891981134,Moderate,Moderate,True,AQI_t+1,SVR + StandardScaler + Recency
2025-05-27,83.0,74.85847923728839,-8.141520762711608,8.141520762711608,66.2843603296642,Moderate,Moderate,True,AQI_t+1,SVR + StandardScaler + Recency
2025-05-28,116.0,88.79109489624146,-27.20890510375854,27.20890510375854,740.3245169453375,Unhealthy for Sensitive Groups,Moderate,False,AQI_t+1,SVR + StandardScaler + Recency
2025-05-29,112.0,119.20495852455659,7.204958524556588,7.204958524556588,51.911427340580644,Unhealthy for Sensitive Groups,Unhealthy for Sensitive Groups,True,AQI_t+1,SVR + StandardScaler + Recency
2025-05-30,107.0,120.55449760583376,13.55449760583376,13.55449760583376,183.7244053465531,Unhealthy for Sensitive Groups,Unhealthy for Sensitive Groups,True,AQI_t+1,SVR + StandardScaler + Recency
2025-05-31,102.0,115.28157266085852,13.281572660858515,13.281572660858515,176.40017234566434,Unhealthy for Sensitive Groups,Unhealthy for Sensitive Groups,True,AQI_t+1,SVR + StandardScaler + Recency
2025-06-01,119.0,112.3461254719459,-6.653874528054104,6.653874528054104,44.27404623508722,Unhealthy for Sensitive Groups,Unhealthy for Sensitive Groups,True,AQI_t+1,SVR + StandardScaler + Recency
2025-06-02,122.0,108.08450786066847,-13.915492139331533,13.915492139331533,193.6409214797977,Unhealthy for Sensitive Groups,Unhealthy for Sensitive Groups,True,AQI_t+1,SVR + StandardScaler + Recency
2025-06-03,95.0,88.38500517056306,-6.614994829436938,6.614994829436938,43.75815659347742,Moderate,Moderate,True,AQI_t+1,SVR + StandardScaler + Recency
2025-06-04,88.0,84.27670448200891,-3.7232955179910903,3.7232955179910903,13.86292951429254,Moderate,Moderate,True,AQI_t+1,SVR + StandardScaler + Recency
2025-06-05,82.0,77.4767182026763,-4.523281797323705,4.523281797323705,20.460078217999964,Moderate,Moderate,True,AQI_t+1,SVR + StandardScaler + Recency
2025-06-06,81.0,81.52256256422207,0.5225625642220706,0.5225625642220706,0.27307163352634567,Moderate,Moderate,True,AQI_t+1,SVR + StandardScaler + Recency
2025-06-07,79.0,81.29088198702097,2.290881987020967,2.290881987020967,5.248140278457133,Moderate,Moderate,True,AQI_t+1,SVR + StandardScaler + Recency
2025-06-08,78.0,76.16022637481598,-1.8397736251840229,1.8397736251840229,3.3847669919227616,Moderate,Moderate,True,AQI_t+1,SVR + StandardScaler + Recency
2025-06-09,76.0,72.3936039712714,-3.6063960287285965,3.6063960287285965,13.006092316029392,Moderate,Moderate,True,AQI_t+1,SVR + StandardScaler + Recency
2025-06-10,74.0,69.08245992593442,-4.917540074065585,4.917540074065585,24.182200380040953,Moderate,Moderate,True,AQI_t+1,SVR + StandardScaler + Recency
2025-06-11,74.0,71.08012118057441,-2.919878819425591,2.919878819425591,8.525692320130183,Moderate,Moderate,True,AQI_t+1,SVR + StandardScaler + Recency
2025-06-12,70.0,66.58135465853408,-3.4186453414659184,3.4186453414659184,11.687135970726626,Moderate,Moderate,True,AQI_t+1,SVR + StandardScaler + Recency
2025-06-13,91.0,78.3252647323414,-12.674735267658605,12.674735267658605,160.64891410522884,Moderate,Moderate,True,AQI_t+1,SVR + StandardScaler + Recency
2025-06-14,98.0,111.24667232634911,13.246672326349113,13.246672326349113,175.47432772166343,Moderate,Unhealthy for Sensitive Groups,False,AQI_t+1,SVR + StandardScaler + Recency
2025-06-15,125.0,120.04750777081246,-4.952492229187541,4.952492229187541,24.527179280162983,Unhealthy for Sensitive Groups,Unhealthy for Sensitive Groups,True,AQI_t+1,SVR + StandardScaler + Recency
2025-06-16,113.0,113.26600173650225,0.2660017365022469,0.2660017365022469,0.07075692382221078,Unhealthy for Sensitive Groups,Unhealthy for Sensitive Groups,True,AQI_t+1,SVR + StandardScaler + Recency
2025-06-17,95.0,92.59679226790806,-2.4032077320919427,2.4032077320919427,5.775407403586499,Moderate,Moderate,True,AQI_t+1,SVR + StandardScaler + Recency
2025-06-18,75.0,76.33130478903433,1.3313047890343341,1.3313047890343341,1.7723724413057529,Moderate,Moderate,True,AQI_t+1,SVR + StandardScaler + Recency
2025-06-19,73.0,76.77111236829538,3.771112368295377,3.771112368295377,14.221288494310366,Moderate,Moderate,True,AQI_t+1,SVR + StandardScaler + Recency
2025-06-20,74.0,76.28990530258432,2.289905302584316,2.289905302584316,5.243666294803767,Moderate,Moderate,True,AQI_t+1,SVR + StandardScaler + Recency
2025-06-21,76.0,72.62588208617547,-3.3741179138245343,3.3741179138245343,11.384671696391628,Moderate,Moderate,True,AQI_t+1,SVR + StandardScaler + Recency
2025-06-22,83.0,79.6992748265099,-3.3007251734900933,3.3007251734900933,10.894786670911207,Moderate,Moderate,True,AQI_t+1,SVR + StandardScaler + Recency
2025-06-23,93.0,82.19668217754798,-10.803317822452016,10.803317822452016,116.71167597290936,Moderate,Moderate,True,AQI_t+1,SVR + StandardScaler + Recency
2025-06-24,94.0,91.90924514816957,-2.0907548518304253,2.0907548518304253,4.371255850452464,Moderate,Moderate,True,AQI_t+1,SVR + StandardScaler + Recency
2025-06-25,94.0,96.10204921360393,2.1020492136039337,2.1020492136039337,4.4186108964129165,Moderate,Moderate,True,AQI_t+1,SVR + StandardScaler + Recency
2025-06-26,98.0,99.92090225450082,1.9209022545008168,1.9209022545008168,3.6898654713463204,Moderate,Moderate,True,AQI_t+1,SVR + StandardScaler + Recency
2025-06-27,98.0,94.45536006437612,-3.544639935623877,3.544639935623877,12.564472273219645,Moderate,Moderate,True,AQI_t+1,SVR + StandardScaler + Recency
2025-06-28,77.0,87.60748727673692,10.607487276736919,10.607487276736919,112.51878632613561,Moderate,Moderate,True,AQI_t+1,SVR + StandardScaler + Recency
2025-06-29,79.0,78.21755322423837,-0.7824467757616276,0.7824467757616276,0.6122229568997667,Moderate,Moderate,True,AQI_t+1,SVR + StandardScaler + Recency
2025-06-30,79.0,88.93667296857868,9.936672968578677,9.936672968578677,98.73746968448216,Moderate,Moderate,True,AQI_t+1,SVR + StandardScaler + Recency
2025-07-01,77.0,81.5263325344179,4.526332534417904,4.526332534417904,20.487686212130004,Moderate,Moderate,True,AQI_t+1,SVR + StandardScaler + Recency
2025-07-02,85.0,83.16393826266828,-1.8360617373317183,1.8360617373317183,3.3711227032935676,Moderate,Moderate,True,AQI_t+1,SVR + StandardScaler + Recency
2025-07-03,88.0,90.42740109881694,2.4274010988169437,2.4274010988169437,5.8922760945377055,Moderate,Moderate,True,AQI_t+1,SVR + StandardScaler + Recency
2025-07-04,96.0,93.7439670976213,-2.2560329023787062,2.2560329023787062,5.089684456615289,Moderate,Moderate,True,AQI_t+1,SVR + StandardScaler + Recency
2025-07-05,96.0,100.32000753942526,4.320007539425262,4.320007539425262,18.662465140691108,Moderate,Unhealthy for Sensitive Groups,False,AQI_t+1,SVR + StandardScaler + Recency
2025-07-06,97.0,93.26635745287201,-3.7336425471279853,3.7336425471279853,13.94008666972435,Moderate,Moderate,True,AQI_t+1,SVR + StandardScaler + Recency
2025-07-07,98.0,108.16886032056154,10.168860320561535,10.168860320561535,103.40572021909085,Moderate,Unhealthy for Sensitive Groups,False,AQI_t+1,SVR + StandardScaler + Recency
2025-07-08,99.0,101.94695648404797,2.9469564840479734,2.9469564840479734,8.684552518872394,Moderate,Unhealthy for Sensitive Groups,False,AQI_t+1,SVR + StandardScaler + Recency
2025-07-09,95.0,94.27593517306494,-0.7240648269350629,0.7240648269350629,0.5242698736045026,Moderate,Moderate,True,AQI_t+1,SVR + StandardScaler + Recency
2025-07-10,94.0,101.16810320777637,7.168103207776369,7.168103207776369,51.38170359733387,Moderate,Unhealthy for Sensitive Groups,False,AQI_t+1,SVR + StandardScaler + Recency
2025-07-11,86.0,91.39457934674707,5.394579346747065,5.394579346747065,29.101486328349992,Moderate,Moderate,True,AQI_t+1,SVR + StandardScaler + Recency
2025-07-12,81.0,91.1891096294263,10.189109629426298,10.189109629426298,103.81795504046771,Moderate,Moderate,True,AQI_t+1,SVR + StandardScaler + Recency
2025-07-13,81.0,89.19044214016967,8.190442140169665,8.190442140169665,67.08334245146705,Moderate,Moderate,True,AQI_t+1,SVR + StandardScaler + Recency
2025-07-14,88.0,88.20087559964674,0.20087559964673574,0.20087559964673574,0.04035100653343566,Moderate,Moderate,True,AQI_t+1,SVR + StandardScaler + Recency
2025-07-15,91.0,91.99238419519855,0.9923841951985537,0.9923841951985537,0.9848263908798811,Moderate,Moderate,True,AQI_t+1,SVR + StandardScaler + Recency
2025-07-16,89.0,83.70454908204874,-5.295450917951257,5.295450917951257,28.04180042443081,Moderate,Moderate,True,AQI_t+1,SVR + StandardScaler + Recency
2025-07-17,86.0,84.42469760153858,-1.5753023984614174,1.5753023984614174,2.481577646598294,Moderate,Moderate,True,AQI_t+1,SVR + StandardScaler + Recency
2025-07-18,82.0,85.44495143879546,3.4449514387954565,3.4449514387954565,11.867690415658886,Moderate,Moderate,True,AQI_t+1,SVR + StandardScaler + Recency
2025-07-19,81.0,88.4557858995889,7.4557858995889035,7.4557858995889035,55.58874338050872,Moderate,Moderate,True,AQI_t+1,SVR + StandardScaler + Recency
2025-07-20,86.0,89.09076364743083,3.0907636474308333,3.0907636474308333,9.552819924279948,Moderate,Moderate,True,AQI_t+1,SVR + StandardScaler + Recency
2025-07-21,89.0,91.11449669697117,2.114496696971173,2.114496696971173,4.4710962815020014,Moderate,Moderate,True,AQI_t+1,SVR + StandardScaler + Recency
2025-07-22,85.0,84.48458856967858,-0.5154114303214214,0.5154114303214214,0.2656489425059735,Moderate,Moderate,True,AQI_t+1,SVR + StandardScaler + Recency
2025-07-23,82.0,82.88632924611804,0.8863292461180379,0.8863292461180379,0.7855795325241693,Moderate,Moderate,True,AQI_t+1,SVR + StandardScaler + Recency
2025-07-24,83.0,87.99678282822981,4.9967828282298115,4.9967828282298115,24.967838632492313,Moderate,Moderate,True,AQI_t+1,SVR + StandardScaler + Recency
2025-07-25,82.0,87.09597242421944,5.09597242421944,5.09597242421944,25.968934948404954,Moderate,Moderate,True,AQI_t+1,SVR + StandardScaler + Recency
2025-07-26,86.0,92.19251787054498,6.192517870544975,6.192517870544975,38.34727757701887,Moderate,Moderate,True,AQI_t+1,SVR + StandardScaler + Recency
2025-07-27,82.0,90.33102876119327,8.331028761193267,8.331028761193267,69.4060402198294,Moderate,Moderate,True,AQI_t+1,SVR + StandardScaler + Recency
2025-07-28,75.0,84.3951092177925,9.395109217792495,9.395109217792495,88.2680772142495,Moderate,Moderate,True,AQI_t+1,SVR + StandardScaler + Recency
2025-07-29,79.0,74.99554155861334,-4.00445844138666,4.00445844138666,16.035687408792878,Moderate,Moderate,True,AQI_t+1,SVR + StandardScaler + Recency
2025-07-30,84.0,80.51477530984212,-3.485224690157878,3.485224690157878,12.146791140886076,Moderate,Moderate,True,AQI_t+1,SVR + StandardScaler + Recency
2025-07-31,84.0,85.66478212130764,1.6647821213076384,1.6647821213076384,2.7714995114255605,Moderate,Moderate,True,AQI_t+1,SVR + StandardScaler + Recency
2025-08-01,77.0,79.59291532523024,2.592915325230237,2.592915325230237,6.723209883813826,Moderate,Moderate,True,AQI_t+1,SVR + StandardScaler + Recency
2025-08-02,74.0,80.97912652150048,6.979126521500476,6.979126521500476,48.708207003111326,Moderate,Moderate,True,AQI_t+1,SVR + StandardScaler + Recency
2025-08-03,72.0,79.49202768627818,7.492027686278178,7.492027686278178,56.13047885195874,Moderate,Moderate,True,AQI_t+1,SVR + StandardScaler + Recency
2025-08-04,69.0,72.6982182664056,3.698218266405604,3.698218266405604,13.676818345976072,Moderate,Moderate,True,AQI_t+1,SVR + StandardScaler + Recency
2025-08-05,72.0,73.123042508216,1.1230425082160025,1.1230425082160025,1.26122447526009,Moderate,Moderate,True,AQI_t+1,SVR + StandardScaler + Recency
2025-08-06,74.0,73.80398636663662,-0.1960136333633784,0.1960136333633784,0.03842134446431293,Moderate,Moderate,True,AQI_t+1,SVR + StandardScaler + Recency
2025-08-07,74.0,74.29156099088962,0.2915609908896215,0.2915609908896215,0.08500781140853796,Moderate,Moderate,True,AQI_t+1,SVR + StandardScaler + Recency
2025-08-08,68.0,71.2096436859859,3.2096436859858954,3.2096436859858954,10.301812590989126,Moderate,Moderate,True,AQI_t+1,SVR + StandardScaler + Recency
2025-08-09,69.0,70.02796234231909,1.0279623423190856,1.0279623423190856,1.0567065772261408,Moderate,Moderate,True,AQI_t+1,SVR + StandardScaler + Recency
2025-08-10,71.0,74.73012877496913,3.730128774969131,3.730128774969131,13.913860677852712,Moderate,Moderate,True,AQI_t+1,SVR + StandardScaler + Recency
2025-08-11,70.0,74.69722878402743,4.6972287840274305,4.6972287840274305,22.063958249495812,Moderate,Moderate,True,AQI_t+1,SVR + StandardScaler + Recency
2025-08-12,75.0,73.01916247435673,-1.9808375256432669,1.9808375256432669,3.9237173029965398,Moderate,Moderate,True,AQI_t+1,SVR + StandardScaler + Recency
2025-08-13,75.0,75.92490516655386,0.9249051665538559,0.9249051665538559,0.8554495671180159,Moderate,Moderate,True,AQI_t+1,SVR + StandardScaler + Recency
2025-08-14,84.0,79.04356844532325,-4.956431554676755,4.956431554676755,24.56621375619543,Moderate,Moderate,True,AQI_t+1,SVR + StandardScaler + Recency
2025-08-15,86.0,96.03886560686762,10.038865606867617,10.038865606867617,100.77882267274953,Moderate,Moderate,True,AQI_t+1,SVR + StandardScaler + Recency
2025-08-16,86.0,99.42880489303943,13.428804893039427,13.428804893039427,180.33280085531965,Moderate,Moderate,True,AQI_t+1,SVR + StandardScaler + Recency
2025-08-17,116.0,93.9449781799094,-22.0550218200906,22.0550218200906,486.4239874846726,Unhealthy for Sensitive Groups,Moderate,False,AQI_t+1,SVR + StandardScaler + Recency
2025-08-18,86.0,97.20798854642004,11.20798854642004,11.20798854642004,125.6190072566828,Moderate,Moderate,True,AQI_t+1,SVR + StandardScaler + Recency
2025-08-19,115.0,92.54712302665308,-22.452876973346918,22.452876973346918,504.13168438025224,Unhealthy for Sensitive Groups,Moderate,False,AQI_t+1,SVR + StandardScaler + Recency
2025-08-20,93.0,101.54139686939354,8.541396869393537,8.541396869393537,72.95546048048573,Moderate,Unhealthy for Sensitive Groups,False,AQI_t+1,SVR + StandardScaler + Recency
2025-08-21,86.0,96.04808876024249,10.048088760242493,10.048088760242493,100.96408773371152,Moderate,Moderate,True,AQI_t+1,SVR + StandardScaler + Recency
2025-08-22,81.0,97.95793568193585,16.95793568193585,16.95793568193585,287.5715825926731,Moderate,Moderate,True,AQI_t+1,SVR + StandardScaler + Recency
2025-08-23,81.0,96.69656430399564,15.696564303995643,15.696564303995643,246.38213094947022,Moderate,Moderate,True,AQI_t+1,SVR + StandardScaler + Recency
2025-08-24,75.0,92.19153315656742,17.191533156567417,17.191533156567417,295.5488122733568,Moderate,Moderate,True,AQI_t+1,SVR + StandardScaler + Recency
2025-08-25,83.0,84.42163372337555,1.4216337233755496,1.4216337233755496,2.0210424434386285,Moderate,Moderate,True,AQI_t+1,SVR + StandardScaler + Recency
2025-08-26,86.0,89.84278325129927,3.8427832512992666,3.8427832512992666,14.766983116466163,Moderate,Moderate,True,AQI_t+1,SVR + StandardScaler + Recency
2025-08-27,88.0,84.33846058080402,-3.661539419195975,3.661539419195975,13.406870918326,Moderate,Moderate,True,AQI_t+1,SVR + StandardScaler + Recency
2025-08-28,95.0,90.38969640375512,-4.610303596244876,4.610303596244876,21.254899249548433,Moderate,Moderate,True,AQI_t+1,SVR + StandardScaler + Recency
2025-08-29,111.0,101.7598952332854,-9.240104766714595,9.240104766714595,85.37953609986177,Unhealthy for Sensitive Groups,Unhealthy for Sensitive Groups,True,AQI_t+1,SVR + StandardScaler + Recency
2025-08-30,110.0,115.58533354469864,5.585333544698642,5.585333544698642,31.195950805535897,Unhealthy for Sensitive Groups,Unhealthy for Sensitive Groups,True,AQI_t+1,SVR + StandardScaler + Recency
2025-08-31,87.0,94.03390360089439,7.033903600894391,7.033903600894391,49.475799866675075,Moderate,Moderate,True,AQI_t+1,SVR + StandardScaler + Recency
2025-09-01,81.0,82.46205508998635,1.4620550899863503,1.4620550899863503,2.137605086154995,Moderate,Moderate,True,AQI_t+1,SVR + StandardScaler + Recency
2025-09-02,92.0,87.03571814359304,-4.964281856406956,4.964281856406956,24.64409434985129,Moderate,Moderate,True,AQI_t+1,SVR + StandardScaler + Recency
2025-09-03,92.0,97.4862624061626,5.486262406162595,5.486262406162595,30.099075189272988,Moderate,Moderate,True,AQI_t+1,SVR + StandardScaler + Recency
2025-09-04,84.0,93.07602162751942,9.076021627519424,9.076021627519424,82.37416858320033,Moderate,Moderate,True,AQI_t+1,SVR + StandardScaler + Recency
2025-09-05,85.0,86.2059960721793,1.2059960721793033,1.2059960721793033,1.4544265261119074,Moderate,Moderate,True,AQI_t+1,SVR + StandardScaler + Recency
2025-09-06,84.0,87.82817353315725,3.828173533157255,3.828173533157255,14.6549125999657,Moderate,Moderate,True,AQI_t+1,SVR + StandardScaler + Recency
2025-09-07,82.0,83.49408212035127,1.4940821203512655,1.4940821203512655,2.2322813823533334,Moderate,Moderate,True,AQI_t+1,SVR + StandardScaler + Recency
2025-09-08,83.0,89.68511643448323,6.685116434483234,6.685116434483234,44.69078174259783,Moderate,Moderate,True,AQI_t+1,SVR + StandardScaler + Recency
2025-09-09,73.0,79.32750618754633,6.327506187546334,6.327506187546334,40.03733455343714,Moderate,Moderate,True,AQI_t+1,SVR + StandardScaler + Recency
2025-09-10,73.0,76.63875000197687,3.6387500019768737,3.6387500019768737,13.240501576886698,Moderate,Moderate,True,AQI_t+1,SVR + StandardScaler + Recency
2025-09-11,65.0,75.37799852580757,10.37799852580757,10.37799852580757,107.70285340166409,Moderate,Moderate,True,AQI_t+1,SVR + StandardScaler + Recency
2025-09-12,61.0,75.54906460785128,14.549064607851278,14.549064607851278,211.67528096343068,Moderate,Moderate,True,AQI_t+1,SVR + StandardScaler + Recency
2025-09-13,59.0,77.65762035957685,18.657620359576853,18.657620359576853,348.1067974820967,Moderate,Moderate,True,AQI_t+1,SVR + StandardScaler + Recency
2025-09-14,59.0,76.43662921221616,17.43662921221616,17.43662921221616,304.03603828431,Moderate,Moderate,True,AQI_t+1,SVR + StandardScaler + Recency
2025-09-15,64.0,72.9026539741816,8.902653974181604,8.902653974181604,79.2572477840115,Moderate,Moderate,True,AQI_t+1,SVR + StandardScaler + Recency
2025-09-16,76.0,74.23709729085557,-1.7629027091444271,1.7629027091444271,3.1078259619087607,Moderate,Moderate,True,AQI_t+1,SVR + StandardScaler + Recency
2025-09-17,84.0,83.62422837486108,-0.37577162513892404,0.37577162513892404,0.14120431425954805,Moderate,Moderate,True,AQI_t+1,SVR + StandardScaler + Recency
2025-09-18,88.0,94.49703038426567,6.4970303842656705,6.4970303842656705,42.211403814071325,Moderate,Moderate,True,AQI_t+1,SVR + StandardScaler + Recency
2025-09-19,87.0,100.75213647938139,13.752136479381392,13.752136479381392,189.1212577475324,Moderate,Unhealthy for Sensitive Groups,False,AQI_t+1,SVR + StandardScaler + Recency
2025-09-20,83.0,94.68867551884153,11.688675518841535,11.688675518841535,136.62513538476543,Moderate,Moderate,True,AQI_t+1,SVR + StandardScaler + Recency
2025-09-21,79.0,91.84715033923845,12.847150339238453,12.847150339238453,165.0492718389947,Moderate,Moderate,True,AQI_t+1,SVR + StandardScaler + Recency
2025-09-22,71.0,79.59252049045986,8.592520490459862,8.592520490459862,73.83140837897258,Moderate,Moderate,True,AQI_t+1,SVR + StandardScaler + Recency
2025-09-23,74.0,74.84279383621622,0.8427938362162166,0.8427938362162166,0.710301450364047,Moderate,Moderate,True,AQI_t+1,SVR + StandardScaler + Recency
2025-09-24,80.0,79.736552211201,-0.26344778879899877,0.26344778879899877,0.06940473742308187,Moderate,Moderate,True,AQI_t+1,SVR + StandardScaler + Recency
2025-09-25,91.0,86.08100816814908,-4.918991831850917,4.918991831850917,24.19648064181604,Moderate,Moderate,True,AQI_t+1,SVR + StandardScaler + Recency
2025-09-26,89.0,95.67055376399563,6.670553763995628,6.670553763995628,44.49628751835623,Moderate,Moderate,True,AQI_t+1,SVR + StandardScaler + Recency
2025-09-27,79.0,85.63376686318995,6.633766863189948,6.633766863189948,44.006862795157,Moderate,Moderate,True,AQI_t+1,SVR + StandardScaler + Recency
2025-09-28,122.0,90.42122604128537,-31.578773958714635,31.578773958714635,997.2189647355935,Unhealthy for Sensitive Groups,Moderate,False,AQI_t+1,SVR + StandardScaler + Recency
2025-09-29,101.0,108.53770657886021,7.53770657886021,7.53770657886021,56.81702046899248,Unhealthy for Sensitive Groups,Unhealthy for Sensitive Groups,True,AQI_t+1,SVR + StandardScaler + Recency
2025-09-30,90.0,102.3056304186344,12.305630418634394,12.305630418634394,151.4285400000201,Moderate,Unhealthy for Sensitive Groups,False,AQI_t+1,SVR + StandardScaler + Recency
2025-10-01,64.0,86.69102669211114,22.691026692111137,22.691026692111137,514.8826923421001,Moderate,Moderate,True,AQI_t+1,SVR + StandardScaler + Recency
2025-10-02,56.0,80.44461026664821,24.444610266648212,24.444610266648212,597.5389710883231,Moderate,Moderate,True,AQI_t+1,SVR + StandardScaler + Recency
2025-10-03,58.0,77.03500261958888,19.03500261958888,19.03500261958888,362.33132472775554,Moderate,Moderate,True,AQI_t+1,SVR + StandardScaler + Recency
2025-10-04,61.0,81.73227500051638,20.73227500051638,20.73227500051638,429.8272266970365,Moderate,Moderate,True,AQI_t+1,SVR + StandardScaler + Recency
2025-10-05,96.0,84.5377683114172,-11.462231688582804,11.462231688582804,131.38275528275182,Moderate,Moderate,True,AQI_t+1,SVR + StandardScaler + Recency
2025-10-06,101.0,118.48206911001031,17.482069110010315,17.482069110010315,305.62274036717685,Unhealthy for Sensitive Groups,Unhealthy for Sensitive Groups,True,AQI_t+1,SVR + StandardScaler + Recency
2025-10-07,124.0,125.26114028615049,1.2611402861504928,1.2611402861504928,1.5904748213517468,Unhealthy for Sensitive Groups,Unhealthy for Sensitive Groups,True,AQI_t+1,SVR + StandardScaler + Recency
2025-10-08,118.0,125.05673066641165,7.056730666411653,7.056730666411653,49.79744769827465,Unhealthy for Sensitive Groups,Unhealthy for Sensitive Groups,True,AQI_t+1,SVR + StandardScaler + Recency
2025-10-09,113.0,107.50186796330269,-5.498132036697314,5.498132036697314,30.22945589295735,Unhealthy for Sensitive Groups,Unhealthy for Sensitive Groups,True,AQI_t+1,SVR + StandardScaler + Recency
2025-10-10,115.0,103.19412425755412,-11.805875742445878,11.805875742445878,139.378702046072,Unhealthy for Sensitive Groups,Unhealthy for Sensitive Groups,True,AQI_t+1,SVR + StandardScaler + Recency
2025-10-11,135.0,115.60632942788824,-19.39367057211176,19.39367057211176,376.1144582595936,Unhealthy for Sensitive Groups,Unhealthy for Sensitive Groups,True,AQI_t+1,SVR + StandardScaler + Recency
2025-10-12,114.0,122.39408360849382,8.394083608493816,8.394083608493816,70.46063962638455,Unhealthy for Sensitive Groups,Unhealthy for Sensitive Groups,True,AQI_t+1,SVR + StandardScaler + Recency
2025-10-13,126.0,122.94715017186218,-3.0528498281378234,3.0528498281378234,9.319892073161137,Unhealthy for Sensitive Groups,Unhealthy for Sensitive Groups,True,AQI_t+1,SVR + StandardScaler + Recency
2025-10-14,140.0,122.92234980303306,-17.077650196966943,17.077650196966943,291.646136249965,Unhealthy for Sensitive Groups,Unhealthy for Sensitive Groups,True,AQI_t+1,SVR + StandardScaler + Recency
2025-10-15,151.0,115.82072967532348,-35.17927032467652,35.17927032467652,1237.5810605766662,Unhealthy,Unhealthy for Sensitive Groups,False,AQI_t+1,SVR + StandardScaler + Recency
2025-10-16,153.0,122.36557741384816,-30.634422586151842,30.634422586151842,938.4678471869302,Unhealthy,Unhealthy for Sensitive Groups,False,AQI_t+1,SVR + StandardScaler + Recency
2025-10-17,159.0,133.01940209257145,-25.980597907428546,25.980597907428546,674.9914676274806,Unhealthy,Unhealthy for Sensitive Groups,False,AQI_t+1,SVR + StandardScaler + Recency
2025-10-18,139.0,133.2868349996615,-5.713165000338506,5.713165000338506,32.64025432109288,Unhealthy for Sensitive Groups,Unhealthy for Sensitive Groups,True,AQI_t+1,SVR + StandardScaler + Recency
2025-10-19,128.0,130.68933426593338,2.6893342659333825,2.6893342659333825,7.232518793923446,Unhealthy for Sensitive Groups,Unhealthy for Sensitive Groups,True,AQI_t+1,SVR + StandardScaler + Recency
2025-10-20,122.0,133.01741348917693,11.017413489176931,11.017413489176931,121.38339999149781,Unhealthy for Sensitive Groups,Unhealthy for Sensitive Groups,True,AQI_t+1,SVR + StandardScaler + Recency
2025-10-21,124.0,133.32557100894152,9.325571008941523,9.325571008941523,86.96627464281062,Unhealthy for Sensitive Groups,Unhealthy for Sensitive Groups,True,AQI_t+1,SVR + StandardScaler + Recency
2025-10-22,133.0,127.4793276041261,-5.520672395873902,5.520672395873902,30.477823702564088,Unhealthy for Sensitive Groups,Unhealthy for Sensitive Groups,True,AQI_t+1,SVR + StandardScaler + Recency
2025-10-23,146.0,121.09570298482632,-24.904297015173682,24.904297015173682,620.2240098199887,Unhealthy for Sensitive Groups,Unhealthy for Sensitive Groups,True,AQI_t+1,SVR + StandardScaler + Recency
2025-10-24,126.0,111.8443109706688,-14.1556890293312,14.1556890293312,200.38353189512767,Unhealthy for Sensitive Groups,Unhealthy for Sensitive Groups,True,AQI_t+1,SVR + StandardScaler + Recency
2025-10-25,117.0,104.14029123336846,-12.859708766631542,12.859708766631542,165.37210956258014,Unhealthy for Sensitive Groups,Unhealthy for Sensitive Groups,True,AQI_t+1,SVR + StandardScaler + Recency
2025-10-26,105.0,105.97482549937504,0.9748254993750436,0.9748254993750436,0.9502847542318031,Unhealthy for Sensitive Groups,Unhealthy for Sensitive Groups,True,AQI_t+1,SVR + StandardScaler + Recency
2025-10-27,126.0,117.74159096220907,-8.258409037790926,8.258409037790926,68.20131983546685,Unhealthy for Sensitive Groups,Unhealthy for Sensitive Groups,True,AQI_t+1,SVR + StandardScaler + Recency
2025-10-28,115.0,130.10837460040568,15.108374600405682,15.108374600405682,228.26298306618355,Unhealthy for Sensitive Groups,Unhealthy for Sensitive Groups,True,AQI_t+1,SVR + StandardScaler + Recency
2025-10-29,99.0,130.52517674533803,31.52517674533803,31.52517674533803,993.8367688248017,Moderate,Unhealthy for Sensitive Groups,False,AQI_t+1,SVR + StandardScaler + Recency
2025-10-30,145.0,124.61836604675304,-20.38163395324696,20.38163395324696,415.41100260414936,Unhealthy for Sensitive Groups,Unhealthy for Sensitive Groups,True,AQI_t+1,SVR + StandardScaler + Recency
2025-10-31,165.0,144.40027689339246,-20.59972310660754,20.59972310660754,424.34859206890064,Unhealthy,Unhealthy for Sensitive Groups,False,AQI_t+1,SVR + StandardScaler + Recency
2025-11-01,162.0,151.1301578612439,-10.869842138756098,10.869842138756098,118.15346812147776,Unhealthy,Unhealthy,True,AQI_t+1,SVR + StandardScaler + Recency
2025-11-02,148.0,127.19778207323034,-20.802217926769657,20.802217926769657,432.73227067281687,Unhealthy for Sensitive Groups,Unhealthy for Sensitive Groups,True,AQI_t+1,SVR + StandardScaler + Recency
2025-11-03,96.0,106.67293080219427,10.672930802194273,10.672930802194273,113.91145190842728,Moderate,Unhealthy for Sensitive Groups,False,AQI_t+1,SVR + StandardScaler + Recency
2025-11-04,90.0,107.74650842068354,17.74650842068354,17.74650842068354,314.9385611253918,Moderate,Unhealthy for Sensitive Groups,False,AQI_t+1,SVR + StandardScaler + Recency
2025-11-05,144.0,108.39037658974972,-35.60962341025028,35.60962341025028,1268.0452794198447,Unhealthy for Sensitive Groups,Unhealthy for Sensitive Groups,True,AQI_t+1,SVR + StandardScaler + Recency
2025-11-06,142.0,125.68567955262142,-16.314320447378577,16.314320447378577,266.15705165975476,Unhealthy for Sensitive Groups,Unhealthy for Sensitive Groups,True,AQI_t+1,SVR + StandardScaler + Recency
2025-11-07,120.0,114.81743372021597,-5.182566279784027,5.182566279784027,26.858993244354444,Unhealthy for Sensitive Groups,Unhealthy for Sensitive Groups,True,AQI_t+1,SVR + StandardScaler + Recency
2025-11-08,129.0,109.80775339931054,-19.192246600689458,19.192246600689458,368.34232958167604,Unhealthy for Sensitive Groups,Unhealthy for Sensitive Groups,True,AQI_t+1,SVR + StandardScaler + Recency
2025-11-09,120.0,121.88756115546208,1.8875611554620804,1.8875611554620804,3.562887115609344,Unhealthy for Sensitive Groups,Unhealthy for Sensitive Groups,True,AQI_t+1,SVR + StandardScaler + Recency
2025-11-10,116.0,111.37760283893273,-4.622397161067269,4.622397161067269,21.366555514642748,Unhealthy for Sensitive Groups,Unhealthy for Sensitive Groups,True,AQI_t+1,SVR + StandardScaler + Recency
2025-11-11,114.0,118.35469136364055,4.354691363640555,4.354691363640555,18.963336872565634,Unhealthy for Sensitive Groups,Unhealthy for Sensitive Groups,True,AQI_t+1,SVR + StandardScaler + Recency
2025-11-12,125.0,109.99264618668909,-15.007353813310914,15.007353813310914,225.22066847789762,Unhealthy for Sensitive Groups,Unhealthy for Sensitive Groups,True,AQI_t+1,SVR + StandardScaler + Recency
2025-11-13,107.0,111.56750195037519,4.567501950375188,4.567501950375188,20.86207406668115,Unhealthy for Sensitive Groups,Unhealthy for Sensitive Groups,True,AQI_t+1,SVR + StandardScaler + Recency
2025-11-14,109.0,107.37751192823146,-1.6224880717685437,1.6224880717685437,2.6324675430312072,Unhealthy for Sensitive Groups,Unhealthy for Sensitive Groups,True,AQI_t+1,SVR + StandardScaler + Recency
2025-11-15,122.0,109.09933596363676,-12.900664036363239,12.900664036363239,166.42713257911583,Unhealthy for Sensitive Groups,Unhealthy for Sensitive Groups,True,AQI_t+1,SVR + StandardScaler + Recency
2025-11-16,156.0,116.10940978194313,-39.89059021805687,39.89059021805687,1591.2591879449346,Unhealthy,Unhealthy for Sensitive Groups,False,AQI_t+1,SVR + StandardScaler + Recency
2025-11-17,154.0,127.47829220755014,-26.52170779244986,26.52170779244986,703.4009842280956,Unhealthy,Unhealthy for Sensitive Groups,False,AQI_t+1,SVR + StandardScaler + Recency
2025-11-18,137.0,130.0118340622858,-6.9881659377142,6.9881659377142,48.834463173028986,Unhealthy for Sensitive Groups,Unhealthy for Sensitive Groups,True,AQI_t+1,SVR + StandardScaler + Recency
2025-11-19,146.0,125.84390030143966,-20.15609969856034,20.15609969856034,406.2683550583042,Unhealthy for Sensitive Groups,Unhealthy for Sensitive Groups,True,AQI_t+1,SVR + StandardScaler + Recency
2025-11-20,144.0,126.3650282977492,-17.634971702250795,17.634971702250795,310.9922269391863,Unhealthy for Sensitive Groups,Unhealthy for Sensitive Groups,True,AQI_t+1,SVR + StandardScaler + Recency
2025-11-21,153.0,136.72172734449708,-16.278272655502917,16.278272655502917,264.982160646894,Unhealthy,Unhealthy for Sensitive Groups,False,AQI_t+1,SVR + StandardScaler + Recency
2025-11-22,157.0,153.84978073363257,-3.1502192663674293,3.1502192663674293,9.923881426192544,Unhealthy,Unhealthy,True,AQI_t+1,SVR + StandardScaler + Recency
2025-11-23,157.0,157.06647479798147,0.0664747979814706,0.0664747979814706,0.004418898766677328,Unhealthy,Unhealthy,True,AQI_t+1,SVR + StandardScaler + Recency
2025-11-24,134.0,132.1921372187291,-1.8078627812708987,1.8078627812708987,3.2683678359045496,Unhealthy for Sensitive Groups,Unhealthy for Sensitive Groups,True,AQI_t+1,SVR + StandardScaler + Recency
2025-11-25,117.0,127.26519656415334,10.265196564153342,10.265196564153342,105.37426050070559,Unhealthy for Sensitive Groups,Unhealthy for Sensitive Groups,True,AQI_t+1,SVR + StandardScaler + Recency
2025-11-26,108.0,123.5895406070616,15.589540607061593,15.589540607061593,243.03377633922236,Unhealthy for Sensitive Groups,Unhealthy for Sensitive Groups,True,AQI_t+1,SVR + StandardScaler + Recency
2025-11-27,105.0,122.03811161091181,17.038111610911812,17.038111610911812,290.2972472658879,Unhealthy for Sensitive Groups,Unhealthy for Sensitive Groups,True,AQI_t+1,SVR + StandardScaler + Recency
2025-11-28,120.0,132.61797243695418,12.617972436954176,12.617972436954176,159.21322841973532,Unhealthy for Sensitive Groups,Unhealthy for Sensitive Groups,True,AQI_t+1,SVR + StandardScaler + Recency
2025-11-29,113.0,142.24794855510663,29.247948555106632,29.247948555106632,855.4424946821641,Unhealthy for Sensitive Groups,Unhealthy for Sensitive Groups,True,AQI_t+1,SVR + StandardScaler + Recency
2025-11-30,103.0,134.0205311517182,31.02053115171819,31.02053115171819,962.2733529347186,Unhealthy for Sensitive Groups,Unhealthy for Sensitive Groups,True,AQI_t+1,SVR + StandardScaler + Recency
2025-12-01,110.0,100.75670191231079,-9.243298087689212,9.243298087689212,85.43855953787904,Unhealthy for Sensitive Groups,Unhealthy for Sensitive Groups,True,AQI_t+1,SVR + StandardScaler + Recency
2025-12-02,113.0,111.41921969815684,-1.5807803018431628,1.5807803018431628,2.498866362695361,Unhealthy for Sensitive Groups,Unhealthy for Sensitive Groups,True,AQI_t+1,SVR + StandardScaler + Recency
2025-12-03,83.0,96.29579524678888,13.295795246788884,13.295795246788884,176.7781712445339,Moderate,Moderate,True,AQI_t+1,SVR + StandardScaler + Recency
2025-12-04,91.0,102.19192023648806,11.191920236488059,11.191920236488059,125.25907857991093,Moderate,Unhealthy for Sensitive Groups,False,AQI_t+1,SVR + StandardScaler + Recency
2025-12-05,79.0,91.78171829190497,12.781718291904966,12.781718291904966,163.372322493618,Moderate,Moderate,True,AQI_t+1,SVR + StandardScaler + Recency
2025-12-06,125.0,97.2846380339445,-27.715361966055497,27.715361966055497,768.1412889094756,Unhealthy for Sensitive Groups,Moderate,False,AQI_t+1,SVR + StandardScaler + Recency
2025-12-07,125.0,119.62497310995111,-5.375026890048886,5.375026890048886,28.8909140687486,Unhealthy for Sensitive Groups,Unhealthy for Sensitive Groups,True,AQI_t+1,SVR + StandardScaler + Recency
2025-12-08,89.0,104.5179718791529,15.517971879152896,15.517971879152896,240.80745124218004,Moderate,Unhealthy for Sensitive Groups,False,AQI_t+1,SVR + StandardScaler + Recency
2025-12-09,95.0,103.81284475814218,8.812844758142177,8.812844758142177,77.66623273111404,Moderate,Unhealthy for Sensitive Groups,False,AQI_t+1,SVR + StandardScaler + Recency
2025-12-10,89.0,90.39111144132866,1.3911114413286612,1.3911114413286612,1.935191042195505,Moderate,Moderate,True,AQI_t+1,SVR + StandardScaler + Recency
2025-12-11,86.0,86.87961800905926,0.8796180090592571,0.8796180090592571,0.7737278418613713,Moderate,Moderate,True,AQI_t+1,SVR + StandardScaler + Recency
2025-12-12,83.0,102.14895954145057,19.148959541450566,19.148959541450566,366.68265152011065,Moderate,Unhealthy for Sensitive Groups,False,AQI_t+1,SVR + StandardScaler + Recency
2025-12-13,100.0,106.31359509499413,6.3135950949941275,6.3135950949941275,39.86148302353391,Moderate,Unhealthy for Sensitive Groups,False,AQI_t+1,SVR + StandardScaler + Recency
2025-12-14,153.0,118.82170098787353,-34.17829901212647,34.17829901212647,1168.1561233623254,Unhealthy,Unhealthy for Sensitive Groups,False,AQI_t+1,SVR + StandardScaler + Recency
2025-12-15,151.0,142.08820660420423,-8.911793395795769,8.911793395795769,79.42006152934908,Unhealthy,Unhealthy for Sensitive Groups,False,AQI_t+1,SVR + StandardScaler + Recency
2025-12-16,145.0,143.17453781799298,-1.8254621820070156,1.8254621820070156,3.3323121779378146,Unhealthy for Sensitive Groups,Unhealthy for Sensitive Groups,True,AQI_t+1,SVR + StandardScaler + Recency
2025-12-17,137.0,149.82906026638898,12.829060266388979,12.829060266388979,164.58478731864045,Unhealthy for Sensitive Groups,Unhealthy for Sensitive Groups,True,AQI_t+1,SVR + StandardScaler + Recency
2025-12-18,135.0,132.9247958221579,-2.075204177842096,2.075204177842096,4.30647237973329,Unhealthy for Sensitive Groups,Unhealthy for Sensitive Groups,True,AQI_t+1,SVR + StandardScaler + Recency
2025-12-19,154.0,137.27947320416362,-16.720526795836378,16.720526795836378,279.5760163302823,Unhealthy,Unhealthy for Sensitive Groups,False,AQI_t+1,SVR + StandardScaler + Recency
2025-12-20,153.0,149.58090275510025,-3.4190972448997456,3.4190972448997456,11.69022597008103,Unhealthy,Unhealthy for Sensitive Groups,False,AQI_t+1,SVR + StandardScaler + Recency
2025-12-21,97.0,119.97086879420053,22.970868794200527,22.970868794200527,527.6608131603756,Moderate,Unhealthy for Sensitive Groups,False,AQI_t+1,SVR + StandardScaler + Recency
2025-12-22,154.0,119.12283268281573,-34.87716731718427,34.87716731718427,1216.4168000708669,Unhealthy,Unhealthy for Sensitive Groups,False,AQI_t+1,SVR + StandardScaler + Recency
2025-12-23,144.0,139.65458536274173,-4.345414637258273,4.345414637258273,18.882628369698445,Unhealthy for Sensitive Groups,Unhealthy for Sensitive Groups,True,AQI_t+1,SVR + StandardScaler + Recency
2025-12-24,129.0,119.31618642572077,-9.683813574279228,9.683813574279228,93.77624534139463,Unhealthy for Sensitive Groups,Unhealthy for Sensitive Groups,True,AQI_t+1,SVR + StandardScaler + Recency
2025-12-25,121.0,118.02921293172477,-2.9707870682752286,2.9707870682752286,8.825575805031328,Unhealthy for Sensitive Groups,Unhealthy for Sensitive Groups,True,AQI_t+1,SVR + StandardScaler + Recency
2025-12-26,134.0,114.0862087733573,-19.9137912266427,19.9137912266427,396.5590810183118,Unhealthy for Sensitive Groups,Unhealthy for Sensitive Groups,True,AQI_t+1,SVR + StandardScaler + Recency
2025-12-27,135.0,134.1879205236968,-0.8120794763032109,0.8120794763032109,0.6594730758328973,Unhealthy for Sensitive Groups,Unhealthy for Sensitive Groups,True,AQI_t+1,SVR + StandardScaler + Recency
2025-12-28,138.0,134.54720722954627,-3.4527927704537262,3.4527927704537262,11.921777915697518,Unhealthy for Sensitive Groups,Unhealthy for Sensitive Groups,True,AQI_t+1,SVR + StandardScaler + Recency
2025-12-29,132.0,146.2910536885555,14.291053688555508,14.291053688555508,204.23421552917597,Unhealthy for Sensitive Groups,Unhealthy for Sensitive Groups,True,AQI_t+1,SVR + StandardScaler + Recency
2025-12-30,127.0,128.94959791986577,1.9495979198657665,1.9495979198657665,3.8009320491449237,Unhealthy for Sensitive Groups,Unhealthy for Sensitive Groups,True,AQI_t+1,SVR + StandardScaler + Recency
2025-12-31,134.0,88.949916810808,-45.050083189191994,45.050083189191994,2029.5099953531192,Unhealthy for Sensitive Groups,Moderate,False,AQI_t+1,SVR + StandardScaler + Recency
2026-01-01,153.0,118.93714619542324,-34.06285380457676,34.06285380457676,1160.2780093119695,Unhealthy,Unhealthy for Sensitive Groups,False,AQI_t+1,SVR + StandardScaler + Recency
2026-01-02,151.0,137.39403532770646,-13.605964672293538,13.605964672293538,185.1222746636998,Unhealthy,Unhealthy for Sensitive Groups,False,AQI_t+1,SVR + StandardScaler + Recency
2025-05-01,75.0,69.45751176609193,-5.542488233908074,5.542488233908074,30.71917582300944,Moderate,Moderate,True,AQI_t+2,SVR + RobustScaler
2025-05-02,68.0,69.88233368006945,1.8823336800694506,1.8823336800694506,3.5431800831238007,Moderate,Moderate,True,AQI_t+2,SVR + RobustScaler
2025-05-03,81.0,71.83714504825481,-9.162854951745189,9.162854951745189,83.95791086672132,Moderate,Moderate,True,AQI_t+2,SVR + RobustScaler
2025-05-04,140.0,75.32276954742287,-64.67723045257713,64.67723045257713,4183.144139015771,Unhealthy for Sensitive Groups,Moderate,False,AQI_t+2,SVR + RobustScaler
2025-05-05,108.0,82.93437027687173,-25.065629723128268,25.065629723128268,628.2857934169713,Unhealthy for Sensitive Groups,Moderate,False,AQI_t+2,SVR + RobustScaler
2025-05-06,78.0,95.49960350419552,17.49960350419552,17.49960350419552,306.2361228040521,Moderate,Moderate,True,AQI_t+2,SVR + RobustScaler
2025-05-07,86.0,93.74494692049136,7.744946920491358,7.744946920491358,59.98420280122858,Moderate,Moderate,True,AQI_t+2,SVR + RobustScaler
2025-05-08,89.0,76.08472381188753,-12.915276188112472,12.915276188112472,166.80435901522503,Moderate,Moderate,True,AQI_t+2,SVR + RobustScaler
2025-05-09,96.0,89.68661853824585,-6.3133814617541475,6.3133814617541475,39.858785481620934,Moderate,Moderate,True,AQI_t+2,SVR + RobustScaler
2025-05-10,107.0,87.45407594244429,-19.54592405755571,19.54592405755571,382.043147263735,Unhealthy for Sensitive Groups,Moderate,False,AQI_t+2,SVR + RobustScaler
2025-05-11,91.0,90.04207389137049,-0.9579261086295077,0.9579261086295077,0.9176224295940714,Moderate,Moderate,True,AQI_t+2,SVR + RobustScaler
2025-05-12,75.0,88.65156767184205,13.651567671842045,13.651567671842045,186.36529989888282,Moderate,Moderate,True,AQI_t+2,SVR + RobustScaler
2025-05-13,83.0,75.69431555549987,-7.30568444450013,7.30568444450013,53.37302520261118,Moderate,Moderate,True,AQI_t+2,SVR + RobustScaler
2025-05-14,74.0,75.21723407979428,1.2172340797942809,1.2172340797942809,1.4816588050126298,Moderate,Moderate,True,AQI_t+2,SVR + RobustScaler
2025-05-15,70.0,75.84297221635387,5.842972216353871,5.842972216353871,34.14032432108327,Moderate,Moderate,True,AQI_t+2,SVR + RobustScaler
2025-05-16,68.0,74.1235871935853,6.123587193585294,6.123587193585294,37.49832011744182,Moderate,Moderate,True,AQI_t+2,SVR + RobustScaler
2025-05-17,68.0,72.37319227127837,4.37319227127837,4.37319227127837,19.124810641568867,Moderate,Moderate,True,AQI_t+2,SVR + RobustScaler
2025-05-18,76.0,70.90432706535837,-5.095672934641627,5.095672934641627,25.96588265683921,Moderate,Moderate,True,AQI_t+2,SVR + RobustScaler
2025-05-19,84.0,70.19440019766543,-13.80559980233457,13.80559980233457,190.5945859022203,Moderate,Moderate,True,AQI_t+2,SVR + RobustScaler
2025-05-20,85.0,79.23718541158394,-5.762814588416063,5.762814588416063,33.210031980461,Moderate,Moderate,True,AQI_t+2,SVR + RobustScaler
2025-05-21,76.0,91.05763947422858,15.05763947422858,15.05763947422858,226.73250653584674,Moderate,Moderate,True,AQI_t+2,SVR + RobustScaler
2025-05-22,73.0,82.6899845553493,9.689984555349298,9.689984555349298,93.89580068290793,Moderate,Moderate,True,AQI_t+2,SVR + RobustScaler
2025-05-23,85.0,72.82208877806649,-12.177911221933513,12.177911221933513,148.3015217292942,Moderate,Moderate,True,AQI_t+2,SVR + RobustScaler
2025-05-24,87.0,76.05811424321041,-10.941885756789588,10.941885756789588,119.72486391463487,Moderate,Moderate,True,AQI_t+2,SVR + RobustScaler
2025-05-25,87.0,80.38140024349917,-6.618599756500828,6.618599756500828,43.805862736752815,Moderate,Moderate,True,AQI_t+2,SVR + RobustScaler
2025-05-26,83.0,79.67327028325715,-3.3267297167428467,3.3267297167428467,11.06713060825994,Moderate,Moderate,True,AQI_t+2,SVR + RobustScaler
2025-05-27,116.0,74.80282612662319,-41.19717387337681,41.19717387337681,1697.207135153241,Unhealthy for Sensitive Groups,Moderate,False,AQI_t+2,SVR + RobustScaler
2025-05-28,112.0,81.51096531750846,-30.489034682491535,30.489034682491535,929.5812358701718,Unhealthy for Sensitive Groups,Moderate,False,AQI_t+2,SVR + RobustScaler
2025-05-29,107.0,100.07102045967967,-6.928979540320327,6.928979540320327,48.010757470177694,Unhealthy for Sensitive Groups,Unhealthy for Sensitive Groups,True,AQI_t+2,SVR + RobustScaler
2025-05-30,102.0,106.69788111121997,4.697881111219971,4.697881111219971,22.070086935157388,Unhealthy for Sensitive Groups,Unhealthy for Sensitive Groups,True,AQI_t+2,SVR + RobustScaler
2025-05-31,119.0,102.570839672475,-16.429160327524997,16.429160327524997,269.9173090675213,Unhealthy for Sensitive Groups,Unhealthy for Sensitive Groups,True,AQI_t+2,SVR + RobustScaler
2025-06-01,122.0,101.04409901046685,-20.95590098953315,20.95590098953315,439.1497862831164,Unhealthy for Sensitive Groups,Unhealthy for Sensitive Groups,True,AQI_t+2,SVR + RobustScaler
2025-06-02,95.0,100.74811922005796,5.7481192200579585,5.7481192200579585,33.040874567999715,Moderate,Unhealthy for Sensitive Groups,False,AQI_t+2,SVR + RobustScaler
2025-06-03,88.0,91.24041522190149,3.240415221901486,3.240415221901486,10.500290810330858,Moderate,Moderate,True,AQI_t+2,SVR + RobustScaler
2025-06-04,82.0,85.81582909691627,3.815829096916275,3.815829096916275,14.560551696872874,Moderate,Moderate,True,AQI_t+2,SVR + RobustScaler
2025-06-05,81.0,84.39605546451045,3.3960554645104537,3.3960554645104537,11.533192718031314,Moderate,Moderate,True,AQI_t+2,SVR + RobustScaler
2025-06-06,79.0,81.72324499530058,2.7232449953005755,2.7232449953005755,7.416063304429631,Moderate,Moderate,True,AQI_t+2,SVR + RobustScaler
2025-06-07,78.0,81.21810439581674,3.218104395816738,3.218104395816738,10.356195902375012,Moderate,Moderate,True,AQI_t+2,SVR + RobustScaler
2025-06-08,76.0,78.64085947515173,2.6408594751517285,2.6408594751517285,6.974138767498663,Moderate,Moderate,True,AQI_t+2,SVR + RobustScaler
2025-06-09,74.0,74.74953325585355,0.7495332558535495,0.7495332558535495,0.5618001016304225,Moderate,Moderate,True,AQI_t+2,SVR + RobustScaler
2025-06-10,74.0,73.29120990788502,-0.708790092114981,0.708790092114981,0.5023833946803633,Moderate,Moderate,True,AQI_t+2,SVR + RobustScaler
2025-06-11,70.0,73.52729471660538,3.5272947166053825,3.5272947166053825,12.441808017792246,Moderate,Moderate,True,AQI_t+2,SVR + RobustScaler
2025-06-12,91.0,70.19469178828714,-20.805308211712855,20.805308211712855,432.8608497843664,Moderate,Moderate,True,AQI_t+2,SVR + RobustScaler
2025-06-13,98.0,75.80021746404745,-22.19978253595255,22.19978253595255,492.8303446435839,Moderate,Moderate,True,AQI_t+2,SVR + RobustScaler
2025-06-14,125.0,91.26949649150242,-33.73050350849758,33.73050350849758,1137.7468669367674,Unhealthy for Sensitive Groups,Moderate,False,AQI_t+2,SVR + RobustScaler
2025-06-15,113.0,97.82067038144501,-15.179329618554988,15.179329618554988,230.4120476687407,Unhealthy for Sensitive Groups,Moderate,False,AQI_t+2,SVR + RobustScaler
2025-06-16,95.0,95.56470846599196,0.5647084659919557,0.5647084659919557,0.31889565156298777,Moderate,Moderate,True,AQI_t+2,SVR + RobustScaler
2025-06-17,75.0,89.20746979821698,14.207469798216977,14.207469798216977,201.85219806724754,Moderate,Moderate,True,AQI_t+2,SVR + RobustScaler
2025-06-18,73.0,82.27392929076228,9.273929290762283,9.273929290762283,86.00576449005861,Moderate,Moderate,True,AQI_t+2,SVR + RobustScaler
2025-06-19,74.0,83.36805514079433,9.368055140794326,9.368055140794326,87.760457120963,Moderate,Moderate,True,AQI_t+2,SVR + RobustScaler
2025-06-20,76.0,76.2812019978634,0.2812019978634055,0.2812019978634055,0.07907456360237071,Moderate,Moderate,True,AQI_t+2,SVR + RobustScaler
2025-06-21,83.0,72.54387503583334,-10.456124964166662,10.456124964166662,109.33054926626927,Moderate,Moderate,True,AQI_t+2,SVR + RobustScaler
2025-06-22,93.0,76.38994067576996,-16.610059324230036,16.610059324230036,275.89407075444115,Moderate,Moderate,True,AQI_t+2,SVR + RobustScaler
2025-06-23,94.0,78.98183271036368,-15.018167289636324,15.018167289636324,225.54534873950246,Moderate,Moderate,True,AQI_t+2,SVR + RobustScaler
2025-06-24,94.0,85.9680730458506,-8.031926954149398,8.031926954149398,64.51185059679163,Moderate,Moderate,True,AQI_t+2,SVR + RobustScaler
2025-06-25,98.0,86.95965795962293,-11.04034204037707,11.04034204037707,121.88915236851732,Moderate,Moderate,True,AQI_t+2,SVR + RobustScaler
2025-06-26,98.0,87.71711948006416,-10.282880519935844,10.282880519935844,105.73763178727606,Moderate,Moderate,True,AQI_t+2,SVR + RobustScaler
2025-06-27,77.0,88.11953604965197,11.11953604965197,11.11953604965197,123.64408195950973,Moderate,Moderate,True,AQI_t+2,SVR + RobustScaler
2025-06-28,79.0,85.65993100661092,6.659931006610918,6.659931006610918,44.35468101281752,Moderate,Moderate,True,AQI_t+2,SVR + RobustScaler
2025-06-29,79.0,80.43210722038742,1.4321072203874223,1.4321072203874223,2.050931090685789,Moderate,Moderate,True,AQI_t+2,SVR + RobustScaler
2025-06-30,77.0,85.49371430437833,8.49371430437833,8.49371430437833,72.14318268440105,Moderate,Moderate,True,AQI_t+2,SVR + RobustScaler
2025-07-01,85.0,79.70348300339522,-5.29651699660478,5.29651699660478,28.053092295323314,Moderate,Moderate,True,AQI_t+2,SVR + RobustScaler
2025-07-02,88.0,80.60874882572064,-7.391251174279361,7.391251174279361,54.630593921286035,Moderate,Moderate,True,AQI_t+2,SVR + RobustScaler
2025-07-03,96.0,85.32617385568764,-10.673826144312358,10.673826144312358,113.93056455900602,Moderate,Moderate,True,AQI_t+2,SVR + RobustScaler
2025-07-04,96.0,85.81734643308987,-10.182653566910133,10.182653566910133,103.68643366370766,Moderate,Moderate,True,AQI_t+2,SVR + RobustScaler
2025-07-05,97.0,92.51736245527445,-4.482637544725549,4.482637544725549,20.094039357383096,Moderate,Moderate,True,AQI_t+2,SVR + RobustScaler
2025-07-06,98.0,90.5592765354302,-7.4407234645698,7.4407234645698,55.364365676199604,Moderate,Moderate,True,AQI_t+2,SVR + RobustScaler
2025-07-07,99.0,92.5824578545551,-6.417542145444898,6.417542145444898,41.184847188561506,Moderate,Moderate,True,AQI_t+2,SVR + RobustScaler
2025-07-08,95.0,93.00755351792569,-1.992446482074314,1.992446482074314,3.9698429839303095,Moderate,Moderate,True,AQI_t+2,SVR + RobustScaler
2025-07-09,94.0,91.34908417820546,-2.650915821794541,2.650915821794541,7.0273546942406275,Moderate,Moderate,True,AQI_t+2,SVR + RobustScaler
2025-07-10,86.0,94.62790157638534,8.62790157638534,8.62790157638534,74.44068561179265,Moderate,Moderate,True,AQI_t+2,SVR + RobustScaler
2025-07-11,81.0,89.78938056302513,8.789380563025134,8.789380563025134,77.25321068168401,Moderate,Moderate,True,AQI_t+2,SVR + RobustScaler
2025-07-12,81.0,88.68604836438902,7.686048364389023,7.686048364389023,59.07533945972718,Moderate,Moderate,True,AQI_t+2,SVR + RobustScaler
2025-07-13,88.0,89.09319735657023,1.0931973565702293,1.0931973565702293,1.195080460412137,Moderate,Moderate,True,AQI_t+2,SVR + RobustScaler
2025-07-14,91.0,88.10430708143475,-2.8956929185652456,2.8956929185652456,8.38503747862891,Moderate,Moderate,True,AQI_t+2,SVR + RobustScaler
2025-07-15,89.0,86.63980563780311,-2.360194362196893,2.360194362196893,5.570517427345997,Moderate,Moderate,True,AQI_t+2,SVR + RobustScaler
2025-07-16,86.0,82.55372154905153,-3.446278450948469,3.446278450948469,11.87683516147178,Moderate,Moderate,True,AQI_t+2,SVR + RobustScaler
2025-07-17,82.0,83.1268554163301,1.1268554163301019,1.1268554163301019,1.2698031293124872,Moderate,Moderate,True,AQI_t+2,SVR + RobustScaler
2025-07-18,81.0,84.26016192995493,3.2601619299549327,3.2601619299549327,10.628655809527471,Moderate,Moderate,True,AQI_t+2,SVR + RobustScaler
2025-07-19,86.0,84.37733672871084,-1.6226632712891558,1.6226632712891558,2.6330360919908244,Moderate,Moderate,True,AQI_t+2,SVR + RobustScaler
2025-07-20,89.0,85.0030603330957,-3.9969396669042965,3.9969396669042965,15.97552670087303,Moderate,Moderate,True,AQI_t+2,SVR + RobustScaler
2025-07-21,85.0,82.72417335642044,-2.2758266435795633,2.2758266435795633,5.1793869116266205,Moderate,Moderate,True,AQI_t+2,SVR + RobustScaler
2025-07-22,82.0,82.8102756409468,0.8102756409467986,0.8102756409467986,0.6565466143117453,Moderate,Moderate,True,AQI_t+2,SVR + RobustScaler
2025-07-23,83.0,81.69752864507464,-1.302471354925359,1.302471354925359,1.6964316304011007,Moderate,Moderate,True,AQI_t+2,SVR + RobustScaler
2025-07-24,82.0,85.71945265694286,3.719452656942863,3.719452656942863,13.834328067239325,Moderate,Moderate,True,AQI_t+2,SVR + RobustScaler
2025-07-25,86.0,84.75198506798903,-1.2480149320109746,1.2480149320109746,1.5575412705223575,Moderate,Moderate,True,AQI_t+2,SVR + RobustScaler
2025-07-26,82.0,86.67435112226434,4.674351122264341,4.674351122264341,21.8495584142139,Moderate,Moderate,True,AQI_t+2,SVR + RobustScaler
2025-07-27,75.0,86.15916586369931,11.159165863699315,11.159165863699315,124.52698277355206,Moderate,Moderate,True,AQI_t+2,SVR + RobustScaler
2025-07-28,79.0,83.00376175999551,4.003761759995513,4.003761759995513,16.030108230802366,Moderate,Moderate,True,AQI_t+2,SVR + RobustScaler
2025-07-29,84.0,77.40584517627697,-6.594154823723031,6.594154823723031,43.482877839229715,Moderate,Moderate,True,AQI_t+2,SVR + RobustScaler
2025-07-30,84.0,79.63099285784915,-4.369007142150849,4.369007142150849,19.08822340816513,Moderate,Moderate,True,AQI_t+2,SVR + RobustScaler
2025-07-31,77.0,82.20135786516391,5.201357865163914,5.201357865163914,27.054123641502507,Moderate,Moderate,True,AQI_t+2,SVR + RobustScaler
2025-08-01,74.0,78.17268805377782,4.172688053777819,4.172688053777819,17.41132559414012,Moderate,Moderate,True,AQI_t+2,SVR + RobustScaler
2025-08-02,72.0,78.13973984469021,6.139739844690212,6.139739844690212,37.69640536047658,Moderate,Moderate,True,AQI_t+2,SVR + RobustScaler
2025-08-03,69.0,79.57509276005544,10.57509276005544,10.57509276005544,111.832586883777,Moderate,Moderate,True,AQI_t+2,SVR + RobustScaler
2025-08-04,72.0,74.52413798091352,2.5241379809135225,2.5241379809135225,6.371272546690194,Moderate,Moderate,True,AQI_t+2,SVR + RobustScaler
2025-08-05,74.0,73.46250644859107,-0.5374935514089287,0.5374935514089287,0.2888993178061827,Moderate,Moderate,True,AQI_t+2,SVR + RobustScaler
2025-08-06,74.0,74.0812902113357,0.08129021133569836,0.08129021133569836,0.006608098459002502,Moderate,Moderate,True,AQI_t+2,SVR + RobustScaler
2025-08-07,68.0,74.70138176773868,6.701381767738681,6.701381767738681,44.90851759698041,Moderate,Moderate,True,AQI_t+2,SVR + RobustScaler
2025-08-08,69.0,73.42062632004651,4.420626320046509,4.420626320046509,19.54193706148794,Moderate,Moderate,True,AQI_t+2,SVR + RobustScaler
2025-08-09,71.0,72.93577145971298,1.9357714597129814,1.9357714597129814,3.7472111442393268,Moderate,Moderate,True,AQI_t+2,SVR + RobustScaler
2025-08-10,70.0,74.5183926737937,4.518392673793699,4.518392673793699,20.41587235459257,Moderate,Moderate,True,AQI_t+2,SVR + RobustScaler
2025-08-11,75.0,72.85940808974536,-2.140591910254642,2.140591910254642,4.582133726247617,Moderate,Moderate,True,AQI_t+2,SVR + RobustScaler
2025-08-12,75.0,71.53211227750006,-3.4678877224999383,3.4678877224999383,12.026245255865808,Moderate,Moderate,True,AQI_t+2,SVR + RobustScaler
2025-08-13,84.0,74.26675342374365,-9.733246576256349,9.733246576256349,94.73608891420594,Moderate,Moderate,True,AQI_t+2,SVR + RobustScaler
2025-08-14,86.0,77.09851022561722,-8.901489774382782,8.901489774382782,79.23652020344123,Moderate,Moderate,True,AQI_t+2,SVR + RobustScaler
2025-08-15,86.0,84.90277862494676,-1.0972213750532376,1.0972213750532376,1.2038947458737175,Moderate,Moderate,True,AQI_t+2,SVR + RobustScaler
2025-08-16,116.0,87.83072670818083,-28.169273291819167,28.169273291819167,793.5079577891967,Unhealthy for Sensitive Groups,Moderate,False,AQI_t+2,SVR + RobustScaler
2025-08-17,86.0,86.46198239475538,0.46198239475538116,0.46198239475538116,0.21342773306391682,Moderate,Moderate,True,AQI_t+2,SVR + RobustScaler
2025-08-18,115.0,89.28729658206302,-25.71270341793698,25.71270341793698,661.143117058788,Unhealthy for Sensitive Groups,Moderate,False,AQI_t+2,SVR + RobustScaler
2025-08-19,93.0,88.50807139243963,-4.491928607560368,4.491928607560368,20.177422615419225,Moderate,Moderate,True,AQI_t+2,SVR + RobustScaler
2025-08-20,86.0,94.14923576099211,8.149235760992113,8.149235760992113,66.4100434882327,Moderate,Moderate,True,AQI_t+2,SVR + RobustScaler
2025-08-21,81.0,91.43028914211062,10.430289142110624,10.430289142110624,108.79093158803077,Moderate,Moderate,True,AQI_t+2,SVR + RobustScaler
2025-08-22,81.0,91.90014594763619,10.90014594763619,10.90014594763619,118.81318167976966,Moderate,Moderate,True,AQI_t+2,SVR + RobustScaler
2025-08-23,75.0,92.25774033096158,17.25774033096158,17.25774033096158,297.82960133089796,Moderate,Moderate,True,AQI_t+2,SVR + RobustScaler
2025-08-24,83.0,87.55944885544125,4.5594488554412465,4.5594488554412465,20.788573865384492,Moderate,Moderate,True,AQI_t+2,SVR + RobustScaler
2025-08-25,86.0,80.57811722034381,-5.421882779656187,5.421882779656187,29.396812876332298,Moderate,Moderate,True,AQI_t+2,SVR + RobustScaler
2025-08-26,88.0,82.77317668808294,-5.226823311917059,5.226823311917059,27.31968193399961,Moderate,Moderate,True,AQI_t+2,SVR + RobustScaler
2025-08-27,95.0,81.80734320941296,-13.192656790587037,13.192656790587037,174.04619319422227,Moderate,Moderate,True,AQI_t+2,SVR + RobustScaler
2025-08-28,111.0,84.63912037916299,-26.36087962083701,26.36087962083701,694.8959743842601,Unhealthy for Sensitive Groups,Moderate,False,AQI_t+2,SVR + RobustScaler
2025-08-29,110.0,90.53876555737949,-19.46123444262051,19.46123444262051,378.73964603063877,Unhealthy for Sensitive Groups,Moderate,False,AQI_t+2,SVR + RobustScaler
2025-08-30,87.0,94.45129629765361,7.451296297653613,7.451296297653613,55.521816515426444,Moderate,Moderate,True,AQI_t+2,SVR + RobustScaler
2025-08-31,81.0,85.91945148717923,4.919451487179231,4.919451487179231,24.201002934709944,Moderate,Moderate,True,AQI_t+2,SVR + RobustScaler
2025-09-01,92.0,78.26310889840141,-13.736891101598587,13.736891101598587,188.70217713717844,Moderate,Moderate,True,AQI_t+2,SVR + RobustScaler
2025-09-02,92.0,82.09319619077876,-9.906803809221245,9.906803809221245,98.14476171440056,Moderate,Moderate,True,AQI_t+2,SVR + RobustScaler
2025-09-03,84.0,85.25793518624675,1.2579351862467547,1.2579351862467547,1.5824009327976574,Moderate,Moderate,True,AQI_t+2,SVR + RobustScaler
2025-09-04,85.0,83.85353876090436,-1.1464612390956432,1.1464612390956432,1.3143733727487177,Moderate,Moderate,True,AQI_t+2,SVR + RobustScaler
2025-09-05,84.0,82.89019638611586,-1.1098036138841394,1.1098036138841394,1.231664061390296,Moderate,Moderate,True,AQI_t+2,SVR + RobustScaler
2025-09-06,82.0,84.1410960369848,2.1410960369848056,2.1410960369848056,4.58429223959204,Moderate,Moderate,True,AQI_t+2,SVR + RobustScaler
2025-09-07,83.0,79.87619007530552,-3.123809924694484,3.123809924694484,9.758188445619759,Moderate,Moderate,True,AQI_t+2,SVR + RobustScaler
2025-09-08,73.0,78.22522085775591,5.2252208577559145,5.2252208577559145,27.302933012327454,Moderate,Moderate,True,AQI_t+2,SVR + RobustScaler
2025-09-09,73.0,73.6591501343132,0.6591501343131938,0.6591501343131938,0.43447889956510144,Moderate,Moderate,True,AQI_t+2,SVR + RobustScaler
2025-09-10,65.0,73.6246149480669,8.624614948066906,8.624614948066906,74.38398300241911,Moderate,Moderate,True,AQI_t+2,SVR + RobustScaler
2025-09-11,61.0,77.46883021698459,16.468830216984585,16.468830216984585,271.22236871586455,Moderate,Moderate,True,AQI_t+2,SVR + RobustScaler
2025-09-12,59.0,77.8200156406545,18.820015640654503,18.820015640654503,354.1929887144801,Moderate,Moderate,True,AQI_t+2,SVR + RobustScaler
2025-09-13,59.0,78.35978543875818,19.35978543875818,19.35978543875818,374.80129223475325,Moderate,Moderate,True,AQI_t+2,SVR + RobustScaler
2025-09-14,64.0,76.07576998535139,12.075769985351386,12.075769985351386,145.8242207391134,Moderate,Moderate,True,AQI_t+2,SVR + RobustScaler
2025-09-15,76.0,73.68187350470598,-2.318126495294024,2.318126495294024,5.373710448184155,Moderate,Moderate,True,AQI_t+2,SVR + RobustScaler
2025-09-16,84.0,73.62203751053161,-10.377962489468388,10.377962489468388,107.7021054328129,Moderate,Moderate,True,AQI_t+2,SVR + RobustScaler
2025-09-17,88.0,79.46882300773245,-8.531176992267547,8.531176992267547,72.78098087339514,Moderate,Moderate,True,AQI_t+2,SVR + RobustScaler
2025-09-18,87.0,83.77095439592044,-3.229045604079559,3.229045604079559,10.426735513225523,Moderate,Moderate,True,AQI_t+2,SVR + RobustScaler
2025-09-19,83.0,86.17922490935753,3.1792249093575293,3.1792249093575293,10.107471024279391,Moderate,Moderate,True,AQI_t+2,SVR + RobustScaler
2025-09-20,79.0,83.39083720372201,4.390837203722015,4.390837203722015,19.279451349589362,Moderate,Moderate,True,AQI_t+2,SVR + RobustScaler
2025-09-21,71.0,82.13934325698199,11.139343256981988,11.139343256981988,124.08496819687008,Moderate,Moderate,True,AQI_t+2,SVR + RobustScaler
2025-09-22,74.0,77.08059715998809,3.0805971599880877,3.0805971599880877,9.490078862126671,Moderate,Moderate,True,AQI_t+2,SVR + RobustScaler
2025-09-23,80.0,74.30383165979777,-5.6961683402022345,5.6961683402022345,32.44633375992228,Moderate,Moderate,True,AQI_t+2,SVR + RobustScaler
2025-09-24,91.0,76.1197948546646,-14.880205145335395,14.880205145335395,221.420505167266,Moderate,Moderate,True,AQI_t+2,SVR + RobustScaler
2025-09-25,89.0,79.88596357409338,-9.114036425906619,9.114036425906619,83.0656599727527,Moderate,Moderate,True,AQI_t+2,SVR + RobustScaler
2025-09-26,79.0,84.24219859185662,5.242198591856621,5.242198591856621,27.480646076463536,Moderate,Moderate,True,AQI_t+2,SVR + RobustScaler
2025-09-27,122.0,81.14352935149526,-40.85647064850474,40.85647064850474,1669.2511938521293,Unhealthy for Sensitive Groups,Moderate,False,AQI_t+2,SVR + RobustScaler
2025-09-28,101.0,85.38509519647847,-15.614904803521526,15.614904803521526,243.8252520230396,Unhealthy for Sensitive Groups,Moderate,False,AQI_t+2,SVR + RobustScaler
2025-09-29,90.0,96.03227609742646,6.032276097426461,6.032276097426461,36.38835491558262,Moderate,Moderate,True,AQI_t+2,SVR + RobustScaler
2025-09-30,64.0,97.6156431501283,33.61564315012831,33.61564315012831,1130.0114643967681,Moderate,Moderate,True,AQI_t+2,SVR + RobustScaler
2025-10-01,56.0,86.3293436127457,30.329343612745703,30.329343612745703,919.8690839799985,Moderate,Moderate,True,AQI_t+2,SVR + RobustScaler
2025-10-02,58.0,85.23737226750039,27.23737226750039,27.23737226750039,741.8744480383994,Moderate,Moderate,True,AQI_t+2,SVR + RobustScaler
2025-10-03,61.0,82.60592262598101,21.60592262598101,21.60592262598101,466.8158925198781,Moderate,Moderate,True,AQI_t+2,SVR + RobustScaler
2025-10-04,96.0,79.0235547907561,-16.976445209243906,16.976445209243906,288.19969194246033,Moderate,Moderate,True,AQI_t+2,SVR + RobustScaler
2025-10-05,101.0,78.41022987824928,-22.589770121750718,22.589770121750718,510.29771415354145,Unhealthy for Sensitive Groups,Moderate,False,AQI_t+2,SVR + RobustScaler
2025-10-06,124.0,100.06325706524306,-23.936742934756936,23.936742934756936,572.9676623246361,Unhealthy for Sensitive Groups,Unhealthy for Sensitive Groups,True,AQI_t+2,SVR + RobustScaler
2025-10-07,118.0,109.11147077749722,-8.888529222502783,8.888529222502783,79.00595173928592,Unhealthy for Sensitive Groups,Unhealthy for Sensitive Groups,True,AQI_t+2,SVR + RobustScaler
2025-10-08,113.0,97.65245868341124,-15.34754131658876,15.34754131658876,235.54702446439904,Unhealthy for Sensitive Groups,Moderate,False,AQI_t+2,SVR + RobustScaler
2025-10-09,115.0,92.74234052733124,-22.257659472668763,22.257659472668763,495.40340520128154,Unhealthy for Sensitive Groups,Moderate,False,AQI_t+2,SVR + RobustScaler
2025-10-10,135.0,100.58805997168434,-34.411940028315655,34.411940028315655,1184.1816165123932,Unhealthy for Sensitive Groups,Unhealthy for Sensitive Groups,True,AQI_t+2,SVR + RobustScaler
2025-10-11,114.0,112.02357432109011,-1.9764256789098908,1.9764256789098908,3.906258464254423,Unhealthy for Sensitive Groups,Unhealthy for Sensitive Groups,True,AQI_t+2,SVR + RobustScaler
2025-10-12,126.0,113.93336432073438,-12.066635679265616,12.066635679265616,145.60369661612597,Unhealthy for Sensitive Groups,Unhealthy for Sensitive Groups,True,AQI_t+2,SVR + RobustScaler
2025-10-13,140.0,111.09971338704321,-28.90028661295679,28.90028661295679,835.2265663110495,Unhealthy for Sensitive Groups,Unhealthy for Sensitive Groups,True,AQI_t+2,SVR + RobustScaler
2025-10-14,151.0,110.12194900989562,-40.878050990104384,40.878050990104384,1671.0150527495741,Unhealthy,Unhealthy for Sensitive Groups,False,AQI_t+2,SVR + RobustScaler
2025-10-15,153.0,109.10916092801253,-43.89083907198747,43.89083907198747,1926.405754443102,Unhealthy,Unhealthy for Sensitive Groups,False,AQI_t+2,SVR + RobustScaler
2025-10-16,159.0,110.44895923917983,-48.55104076082017,48.55104076082017,2357.2035589588218,Unhealthy,Unhealthy for Sensitive Groups,False,AQI_t+2,SVR + RobustScaler
2025-10-17,139.0,114.03130895052038,-24.968691049479617,24.968691049479617,623.4355327243635,Unhealthy for Sensitive Groups,Unhealthy for Sensitive Groups,True,AQI_t+2,SVR + RobustScaler
2025-10-18,128.0,116.50901194430365,-11.490988055696349,11.490988055696349,132.04280649615615,Unhealthy for Sensitive Groups,Unhealthy for Sensitive Groups,True,AQI_t+2,SVR + RobustScaler
2025-10-19,122.0,116.2166433586039,-5.783356641396097,5.783356641396097,33.44721404158034,Unhealthy for Sensitive Groups,Unhealthy for Sensitive Groups,True,AQI_t+2,SVR + RobustScaler
2025-10-20,124.0,113.00396480366253,-10.996035196337473,10.996035196337473,120.9127900390925,Unhealthy for Sensitive Groups,Unhealthy for Sensitive Groups,True,AQI_t+2,SVR + RobustScaler
2025-10-21,133.0,115.5064472742208,-17.493552725779196,17.493552725779196,306.0243869696167,Unhealthy for Sensitive Groups,Unhealthy for Sensitive Groups,True,AQI_t+2,SVR + RobustScaler
2025-10-22,146.0,115.63193815011228,-30.368061849887724,30.368061849887724,922.2191805186062,Unhealthy for Sensitive Groups,Unhealthy for Sensitive Groups,True,AQI_t+2,SVR + RobustScaler
2025-10-23,126.0,118.35280482386342,-7.647195176136577,7.647195176136577,58.47959406192654,Unhealthy for Sensitive Groups,Unhealthy for Sensitive Groups,True,AQI_t+2,SVR + RobustScaler
2025-10-24,117.0,117.515664259206,0.5156642592060052,0.5156642592060052,0.26590962822247816,Unhealthy for Sensitive Groups,Unhealthy for Sensitive Groups,True,AQI_t+2,SVR + RobustScaler
2025-10-25,105.0,112.26808243610382,7.268082436103825,7.268082436103825,52.82502229800091,Unhealthy for Sensitive Groups,Unhealthy for Sensitive Groups,True,AQI_t+2,SVR + RobustScaler
2025-10-26,126.0,113.64345485818473,-12.356545141815275,12.356545141815275,152.68420784171866,Unhealthy for Sensitive Groups,Unhealthy for Sensitive Groups,True,AQI_t+2,SVR + RobustScaler
2025-10-27,115.0,113.92370133818449,-1.076298661815514,1.076298661815514,1.158418809425866,Unhealthy for Sensitive Groups,Unhealthy for Sensitive Groups,True,AQI_t+2,SVR + RobustScaler
2025-10-28,99.0,113.87931471223744,14.879314712237445,14.879314712237445,221.39400630580568,Moderate,Unhealthy for Sensitive Groups,False,AQI_t+2,SVR + RobustScaler
2025-10-29,145.0,114.44059782828408,-30.559402171715917,30.559402171715917,933.8770610926755,Unhealthy for Sensitive Groups,Unhealthy for Sensitive Groups,True,AQI_t+2,SVR + RobustScaler
2025-10-30,165.0,105.35351745924069,-59.64648254075931,59.64648254075931,3557.702879485105,Unhealthy,Unhealthy for Sensitive Groups,False,AQI_t+2,SVR + RobustScaler
2025-10-31,162.0,120.09729512489935,-41.90270487510065,41.90270487510065,1755.8366758497841,Unhealthy,Unhealthy for Sensitive Groups,False,AQI_t+2,SVR + RobustScaler
2025-11-01,148.0,126.57541054796482,-21.42458945203518,21.42458945203518,459.013033188257,Unhealthy for Sensitive Groups,Unhealthy for Sensitive Groups,True,AQI_t+2,SVR + RobustScaler
2025-11-02,96.0,118.37981022573634,22.379810225736335,22.379810225736335,500.8559057399726,Moderate,Unhealthy for Sensitive Groups,False,AQI_t+2,SVR + RobustScaler
2025-11-03,90.0,115.13708069675025,25.137080696750246,25.137080696750246,631.8728259549339,Moderate,Unhealthy for Sensitive Groups,False,AQI_t+2,SVR + RobustScaler
2025-11-04,144.0,115.54665052373922,-28.453349476260783,28.453349476260783,809.5930964182297,Unhealthy for Sensitive Groups,Unhealthy for Sensitive Groups,True,AQI_t+2,SVR + RobustScaler
2025-11-05,142.0,112.05489287706328,-29.94510712293672,29.94510712293672,896.7094406041554,Unhealthy for Sensitive Groups,Unhealthy for Sensitive Groups,True,AQI_t+2,SVR + RobustScaler
2025-11-06,120.0,122.50940062948067,2.509400629480666,2.509400629480666,6.297091519237964,Unhealthy for Sensitive Groups,Unhealthy for Sensitive Groups,True,AQI_t+2,SVR + RobustScaler
2025-11-07,129.0,122.77016173071104,-6.229838269288962,6.229838269288962,38.810884861497286,Unhealthy for Sensitive Groups,Unhealthy for Sensitive Groups,True,AQI_t+2,SVR + RobustScaler
2025-11-08,120.0,119.16068875336957,-0.8393112466304302,0.8393112466304302,0.7044433687203269,Unhealthy for Sensitive Groups,Unhealthy for Sensitive Groups,True,AQI_t+2,SVR + RobustScaler
2025-11-09,116.0,125.27084075318314,9.270840753183137,9.270840753183137,85.94848827088127,Unhealthy for Sensitive Groups,Unhealthy for Sensitive Groups,True,AQI_t+2,SVR + RobustScaler
2025-11-10,114.0,115.25567490157354,1.255674901573542,1.255674901573542,1.5767194584417243,Unhealthy for Sensitive Groups,Unhealthy for Sensitive Groups,True,AQI_t+2,SVR + RobustScaler
2025-11-11,125.0,114.89153142821888,-10.108468571781117,10.108468571781117,102.18113686668657,Unhealthy for Sensitive Groups,Unhealthy for Sensitive Groups,True,AQI_t+2,SVR + RobustScaler
2025-11-12,107.0,117.07502543188313,10.075025431883134,10.075025431883134,101.50613745309192,Unhealthy for Sensitive Groups,Unhealthy for Sensitive Groups,True,AQI_t+2,SVR + RobustScaler
2025-11-13,109.0,121.74373164935753,12.743731649357528,12.743731649357528,162.40269635083675,Unhealthy for Sensitive Groups,Unhealthy for Sensitive Groups,True,AQI_t+2,SVR + RobustScaler
2025-11-14,122.0,118.98114935261474,-3.018850647385264,3.018850647385264,9.113459231218428,Unhealthy for Sensitive Groups,Unhealthy for Sensitive Groups,True,AQI_t+2,SVR + RobustScaler
2025-11-15,156.0,113.69433017406021,-42.30566982593979,42.30566982593979,1789.7696994214323,Unhealthy,Unhealthy for Sensitive Groups,False,AQI_t+2,SVR + RobustScaler
2025-11-16,154.0,115.61109963100519,-38.38890036899481,38.38890036899481,1473.70767154061,Unhealthy,Unhealthy for Sensitive Groups,False,AQI_t+2,SVR + RobustScaler
2025-11-17,137.0,121.95744463889943,-15.042555361100568,15.042555361100568,226.27847179177544,Unhealthy for Sensitive Groups,Unhealthy for Sensitive Groups,True,AQI_t+2,SVR + RobustScaler
2025-11-18,146.0,127.83622926331428,-18.16377073668572,18.16377073668572,329.9225673748805,Unhealthy for Sensitive Groups,Unhealthy for Sensitive Groups,True,AQI_t+2,SVR + RobustScaler
2025-11-19,144.0,128.9842393556886,-15.0157606443114,15.0157606443114,225.47306772725108,Unhealthy for Sensitive Groups,Unhealthy for Sensitive Groups,True,AQI_t+2,SVR + RobustScaler
2025-11-20,153.0,132.08266669708988,-20.917333302910123,20.917333302910123,437.5348325050329,Unhealthy,Unhealthy for Sensitive Groups,False,AQI_t+2,SVR + RobustScaler
2025-11-21,157.0,133.1660782767608,-23.8339217232392,23.8339217232392,568.0558247094934,Unhealthy,Unhealthy for Sensitive Groups,False,AQI_t+2,SVR + RobustScaler
2025-11-22,157.0,139.0539736283973,-17.9460263716027,17.9460263716027,322.0598625302595,Unhealthy,Unhealthy for Sensitive Groups,False,AQI_t+2,SVR + RobustScaler
2025-11-23,134.0,142.81452095435645,8.814520954356453,8.814520954356453,77.695779654789,Unhealthy for Sensitive Groups,Unhealthy for Sensitive Groups,True,AQI_t+2,SVR + RobustScaler
2025-11-24,117.0,135.07831734149426,18.078317341494255,18.078317341494255,326.8255578997719,Unhealthy for Sensitive Groups,Unhealthy for Sensitive Groups,True,AQI_t+2,SVR + RobustScaler
2025-11-25,108.0,129.43082532749474,21.430825327494745,21.430825327494745,459.2802742175902,Unhealthy for Sensitive Groups,Unhealthy for Sensitive Groups,True,AQI_t+2,SVR + RobustScaler
2025-11-26,105.0,129.56429491492585,24.564294914925853,24.564294914925853,603.4045846674521,Unhealthy for Sensitive Groups,Unhealthy for Sensitive Groups,True,AQI_t+2,SVR + RobustScaler
2025-11-27,120.0,126.91802490392395,6.91802490392395,6.91802490392395,47.85906857131197,Unhealthy for Sensitive Groups,Unhealthy for Sensitive Groups,True,AQI_t+2,SVR + RobustScaler
2025-11-28,113.0,127.31540060451519,14.31540060451519,14.31540060451519,204.93069446775388,Unhealthy for Sensitive Groups,Unhealthy for Sensitive Groups,True,AQI_t+2,SVR + RobustScaler
2025-11-29,103.0,131.64405342488226,28.64405342488226,28.64405342488226,820.4817966075091,Unhealthy for Sensitive Groups,Unhealthy for Sensitive Groups,True,AQI_t+2,SVR + RobustScaler
2025-11-30,110.0,126.71101437604773,16.71101437604773,16.71101437604773,279.25800147647385,Unhealthy for Sensitive Groups,Unhealthy for Sensitive Groups,True,AQI_t+2,SVR + RobustScaler
2025-12-01,113.0,106.90401542062213,-6.09598457937787,6.09598457937787,37.161027992012784,Unhealthy for Sensitive Groups,Unhealthy for Sensitive Groups,True,AQI_t+2,SVR + RobustScaler
2025-12-02,83.0,112.33903442388987,29.33903442388987,29.33903442388987,860.7789409261949,Moderate,Unhealthy for Sensitive Groups,False,AQI_t+2,SVR + RobustScaler
2025-12-03,91.0,113.7674835910147,22.767483591014695,22.767483591014695,518.3583090671234,Moderate,Unhealthy for Sensitive Groups,False,AQI_t+2,SVR + RobustScaler
2025-12-04,79.0,115.9342105828129,36.934210582812895,36.934210582812895,1364.135911375568,Moderate,Unhealthy for Sensitive Groups,False,AQI_t+2,SVR + RobustScaler
2025-12-05,125.0,111.7691625765622,-13.230837423437805,13.230837423437805,175.05505892544232,Unhealthy for Sensitive Groups,Unhealthy for Sensitive Groups,True,AQI_t+2,SVR + RobustScaler
2025-12-06,125.0,109.01562339345938,-15.984376606540621,15.984376606540621,255.50029549972308,Unhealthy for Sensitive Groups,Unhealthy for Sensitive Groups,True,AQI_t+2,SVR + RobustScaler
2025-12-07,89.0,113.88839804429854,24.88839804429854,24.88839804429854,619.4323572114434,Moderate,Unhealthy for Sensitive Groups,False,AQI_t+2,SVR + RobustScaler
2025-12-08,95.0,116.08580364640153,21.08580364640153,21.08580364640153,444.6111154146001,Moderate,Unhealthy for Sensitive Groups,False,AQI_t+2,SVR + RobustScaler
2025-12-09,89.0,105.17057253217928,16.17057253217928,16.17057253217928,261.487416018471,Moderate,Unhealthy for Sensitive Groups,False,AQI_t+2,SVR + RobustScaler
2025-12-10,86.0,103.78379182496671,17.783791824966713,17.783791824966713,316.2632516737529,Moderate,Unhealthy for Sensitive Groups,False,AQI_t+2,SVR + RobustScaler
2025-12-11,83.0,107.03136844455354,24.031368444553536,24.031368444553536,577.5066693178834,Moderate,Unhealthy for Sensitive Groups,False,AQI_t+2,SVR + RobustScaler
2025-12-12,100.0,107.87792104314744,7.877921043147438,7.877921043147438,62.06163996206522,Moderate,Unhealthy for Sensitive Groups,False,AQI_t+2,SVR + RobustScaler
2025-12-13,153.0,109.69383490583711,-43.30616509416289,43.30616509416289,1875.4239351628926,Unhealthy,Unhealthy for Sensitive Groups,False,AQI_t+2,SVR + RobustScaler
2025-12-14,151.0,112.03214332390479,-38.96785667609521,38.96785667609521,1518.493853928698,Unhealthy,Unhealthy for Sensitive Groups,False,AQI_t+2,SVR + RobustScaler
2025-12-15,145.0,127.83884513321064,-17.16115486678936,17.16115486678936,294.50523636192816,Unhealthy for Sensitive Groups,Unhealthy for Sensitive Groups,True,AQI_t+2,SVR + RobustScaler
2025-12-16,137.0,133.86089112615642,-3.1391088738435826,3.1391088738435826,9.854004521843525,Unhealthy for Sensitive Groups,Unhealthy for Sensitive Groups,True,AQI_t+2,SVR + RobustScaler
2025-12-17,135.0,132.44072772159677,-2.5592722784032276,2.5592722784032276,6.5498745950032475,Unhealthy for Sensitive Groups,Unhealthy for Sensitive Groups,True,AQI_t+2,SVR + RobustScaler
2025-12-18,154.0,125.0852925765866,-28.914707423413404,28.914707423413404,836.0603053815983,Unhealthy,Unhealthy for Sensitive Groups,False,AQI_t+2,SVR + RobustScaler
2025-12-19,153.0,127.91805383791458,-25.081946162085416,25.081946162085416,629.1040232777513,Unhealthy,Unhealthy for Sensitive Groups,False,AQI_t+2,SVR + RobustScaler
2025-12-20,97.0,135.99181695313703,38.99181695313703,38.99181695313703,1520.3617893069445,Moderate,Unhealthy for Sensitive Groups,False,AQI_t+2,SVR + RobustScaler
2025-12-21,154.0,127.65446016908466,-26.345539830915342,26.345539830915342,694.0874689823468,Unhealthy,Unhealthy for Sensitive Groups,False,AQI_t+2,SVR + RobustScaler
2025-12-22,144.0,120.78992094891613,-23.210079051083866,23.210079051083866,538.7077695575622,Unhealthy for Sensitive Groups,Unhealthy for Sensitive Groups,True,AQI_t+2,SVR + RobustScaler
2025-12-23,129.0,133.07803041868516,4.0780304186851595,4.0780304186851595,16.630332095721457,Unhealthy for Sensitive Groups,Unhealthy for Sensitive Groups,True,AQI_t+2,SVR + RobustScaler
2025-12-24,121.0,131.24185918153518,10.241859181535176,10.241859181535176,104.89567949439639,Unhealthy for Sensitive Groups,Unhealthy for Sensitive Groups,True,AQI_t+2,SVR + RobustScaler
2025-12-25,134.0,121.87471822738154,-12.125281772618465,12.125281772618465,147.02245806539358,Unhealthy for Sensitive Groups,Unhealthy for Sensitive Groups,True,AQI_t+2,SVR + RobustScaler
2025-12-26,135.0,120.37969848657586,-14.620301513424138,14.620301513424138,213.75321634343214,Unhealthy for Sensitive Groups,Unhealthy for Sensitive Groups,True,AQI_t+2,SVR + RobustScaler
2025-12-27,138.0,131.3681991627824,-6.631800837217611,6.631800837217611,43.98078234452021,Unhealthy for Sensitive Groups,Unhealthy for Sensitive Groups,True,AQI_t+2,SVR + RobustScaler
2025-12-28,132.0,133.08524200057633,1.0852420005763292,1.0852420005763292,1.1777501998149134,Unhealthy for Sensitive Groups,Unhealthy for Sensitive Groups,True,AQI_t+2,SVR + RobustScaler
2025-12-29,127.0,134.50140646297552,7.501406462975524,7.501406462975524,56.27109892277096,Unhealthy for Sensitive Groups,Unhealthy for Sensitive Groups,True,AQI_t+2,SVR + RobustScaler
2025-12-30,134.0,133.27131728899198,-0.7286827110080196,0.7286827110080196,0.5309784933219971,Unhealthy for Sensitive Groups,Unhealthy for Sensitive Groups,True,AQI_t+2,SVR + RobustScaler
2025-12-31,153.0,114.14255170661694,-38.85744829338306,38.85744829338306,1509.901287872938,Unhealthy,Unhealthy for Sensitive Groups,False,AQI_t+2,SVR + RobustScaler
2026-01-01,151.0,120.49397577626539,-30.506024223734613,30.506024223734613,930.617513939083,Unhealthy,Unhealthy for Sensitive Groups,False,AQI_t+2,SVR + RobustScaler
2026-01-02,156.0,125.76662192407127,-30.233378075928727,30.233378075928727,914.0571498820478,Unhealthy,Unhealthy for Sensitive Groups,False,AQI_t+2,SVR + RobustScaler
2025-05-01,68.0,80.45524872583793,12.455248725837933,12.455248725837933,155.13322082248746,Moderate,Moderate,True,AQI_t+3,CatBoost Regressor
2025-05-02,81.0,79.38428840852116,-1.615711591478842,1.615711591478842,2.6105239468390926,Moderate,Moderate,True,AQI_t+3,CatBoost Regressor
2025-05-03,140.0,80.06393542498706,-59.936064575012935,59.936064575012935,3592.3318367401207,Unhealthy for Sensitive Groups,Moderate,False,AQI_t+3,CatBoost Regressor
2025-05-04,108.0,80.94216898008857,-27.057831019911433,27.057831019911433,732.1262195020813,Unhealthy for Sensitive Groups,Moderate,False,AQI_t+3,CatBoost Regressor
2025-05-05,78.0,84.06318462345602,6.063184623456024,6.063184623456024,36.76220777811357,Moderate,Moderate,True,AQI_t+3,CatBoost Regressor
2025-05-06,86.0,91.4694555867402,5.469455586740196,5.469455586740196,29.91494441532354,Moderate,Moderate,True,AQI_t+3,CatBoost Regressor
2025-05-07,89.0,82.23925277863273,-6.760747221367268,6.760747221367268,45.70770299122523,Moderate,Moderate,True,AQI_t+3,CatBoost Regressor
2025-05-08,96.0,79.97399499665005,-16.02600500334995,16.02600500334995,256.83283636739765,Moderate,Moderate,True,AQI_t+3,CatBoost Regressor
2025-05-09,107.0,89.2460896953537,-17.753910304646297,17.753910304646297,315.201331105426,Unhealthy for Sensitive Groups,Moderate,False,AQI_t+3,CatBoost Regressor
2025-05-10,91.0,82.41943878425931,-8.580561215740687,8.580561215740687,73.6260307770733,Moderate,Moderate,True,AQI_t+3,CatBoost Regressor
2025-05-11,75.0,88.841840068506,13.841840068506002,13.841840068506002,191.59653648209826,Moderate,Moderate,True,AQI_t+3,CatBoost Regressor
2025-05-12,83.0,85.86712238562392,2.867122385623915,2.867122385623915,8.22039077414577,Moderate,Moderate,True,AQI_t+3,CatBoost Regressor
2025-05-13,74.0,80.97027542838468,6.9702754283846815,6.9702754283846815,48.58473954754326,Moderate,Moderate,True,AQI_t+3,CatBoost Regressor
2025-05-14,70.0,80.28735701812218,10.28735701812218,10.28735701812218,105.82971441830766,Moderate,Moderate,True,AQI_t+3,CatBoost Regressor
2025-05-15,68.0,78.90357429653137,10.903574296531374,10.903574296531374,118.88793243997965,Moderate,Moderate,True,AQI_t+3,CatBoost Regressor
2025-05-16,68.0,80.81186666203865,12.811866662038653,12.811866662038653,164.14392736585748,Moderate,Moderate,True,AQI_t+3,CatBoost Regressor
2025-05-17,76.0,78.50126311945354,2.50126311945354,2.50126311945354,6.256317192738455,Moderate,Moderate,True,AQI_t+3,CatBoost Regressor
2025-05-18,84.0,77.25213932090229,-6.7478606790977125,6.7478606790977125,45.533623744513044,Moderate,Moderate,True,AQI_t+3,CatBoost Regressor
2025-05-19,85.0,77.11500788705006,-7.884992112949945,7.884992112949945,62.173100621282835,Moderate,Moderate,True,AQI_t+3,CatBoost Regressor
2025-05-20,76.0,78.3160199616022,2.316019961602194,2.316019961602194,5.363948462539829,Moderate,Moderate,True,AQI_t+3,CatBoost Regressor
2025-05-21,73.0,83.9777882631561,10.9777882631561,10.9777882631561,120.51183515068782,Moderate,Moderate,True,AQI_t+3,CatBoost Regressor
2025-05-22,85.0,80.70765508107057,-4.29234491892943,4.29234491892943,18.424224903059297,Moderate,Moderate,True,AQI_t+3,CatBoost Regressor
2025-05-23,87.0,78.39377700162147,-8.606222998378527,8.606222998378527,74.06707429781949,Moderate,Moderate,True,AQI_t+3,CatBoost Regressor
2025-05-24,87.0,79.63791212979532,-7.362087870204675,7.362087870204675,54.20033780861481,Moderate,Moderate,True,AQI_t+3,CatBoost Regressor
2025-05-25,83.0,80.6429016474383,-2.3570983525617066,2.3570983525617066,5.555912643649111,Moderate,Moderate,True,AQI_t+3,CatBoost Regressor
2025-05-26,116.0,80.8922759887302,-35.107724011269795,35.107724011269795,1232.5522852514898,Unhealthy for Sensitive Groups,Moderate,False,AQI_t+3,CatBoost Regressor
2025-05-27,112.0,94.46901047859151,-17.530989521408486,17.530989521408486,307.3355935997341,Unhealthy for Sensitive Groups,Moderate,False,AQI_t+3,CatBoost Regressor
2025-05-28,107.0,111.0072250683441,4.007225068344098,4.007225068344098,16.057852748365363,Unhealthy for Sensitive Groups,Unhealthy for Sensitive Groups,True,AQI_t+3,CatBoost Regressor
2025-05-29,102.0,116.34529069703156,14.345290697031558,14.345290697031558,205.78736518234015,Unhealthy for Sensitive Groups,Unhealthy for Sensitive Groups,True,AQI_t+3,CatBoost Regressor
2025-05-30,119.0,103.79840599411853,-15.201594005881475,15.201594005881475,231.08846031965157,Unhealthy for Sensitive Groups,Unhealthy for Sensitive Groups,True,AQI_t+3,CatBoost Regressor
2025-05-31,122.0,103.85465934696974,-18.14534065303026,18.14534065303026,329.25338741451264,Unhealthy for Sensitive Groups,Unhealthy for Sensitive Groups,True,AQI_t+3,CatBoost Regressor
2025-06-01,95.0,101.71832766567952,6.718327665679524,6.718327665679524,45.135926623434884,Moderate,Unhealthy for Sensitive Groups,False,AQI_t+3,CatBoost Regressor
2025-06-02,88.0,100.10964006889027,12.109640068890272,12.109640068890272,146.64338259807278,Moderate,Unhealthy for Sensitive Groups,False,AQI_t+3,CatBoost Regressor
2025-06-03,82.0,88.29000122185572,6.290001221855718,6.290001221855718,39.564115370946425,Moderate,Moderate,True,AQI_t+3,CatBoost Regressor
2025-06-04,81.0,83.51037969688673,2.51037969688673,2.51037969688673,6.30200622254111,Moderate,Moderate,True,AQI_t+3,CatBoost Regressor
2025-06-05,79.0,81.41295393082194,2.412953930821942,2.412953930821942,5.822346672269061,Moderate,Moderate,True,AQI_t+3,CatBoost Regressor
2025-06-06,78.0,81.8185820402978,3.818582040297798,3.818582040297798,14.581568798484895,Moderate,Moderate,True,AQI_t+3,CatBoost Regressor
2025-06-07,76.0,76.93091333493923,0.930913334939234,0.930913334939234,0.8665996371676865,Moderate,Moderate,True,AQI_t+3,CatBoost Regressor
2025-06-08,74.0,75.87721071966857,1.8772107196685681,1.8772107196685681,3.5239200860385833,Moderate,Moderate,True,AQI_t+3,CatBoost Regressor
2025-06-09,74.0,76.93344588662781,2.9334458866278084,2.9334458866278084,8.60510476977361,Moderate,Moderate,True,AQI_t+3,CatBoost Regressor
2025-06-10,70.0,76.50432346531201,6.504323465312012,6.504323465312012,42.306223741408466,Moderate,Moderate,True,AQI_t+3,CatBoost Regressor
2025-06-11,91.0,76.48027820495525,-14.519721795044745,14.519721795044745,210.8223210054974,Moderate,Moderate,True,AQI_t+3,CatBoost Regressor
2025-06-12,98.0,76.72176514999958,-21.278234850000416,21.278234850000416,452.76327833177226,Moderate,Moderate,True,AQI_t+3,CatBoost Regressor
2025-06-13,125.0,78.24740332490279,-46.75259667509721,46.75259667509721,2185.8052958643107,Unhealthy for Sensitive Groups,Moderate,False,AQI_t+3,CatBoost Regressor
2025-06-14,113.0,86.40400160592561,-26.595998394074385,26.595998394074385,707.3471305776072,Unhealthy for Sensitive Groups,Moderate,False,AQI_t+3,CatBoost Regressor
2025-06-15,95.0,88.96474497800668,-6.035255021993322,6.035255021993322,36.42430318049561,Moderate,Moderate,True,AQI_t+3,CatBoost Regressor
2025-06-16,75.0,93.04142290308508,18.041422903085078,18.041422903085078,325.4929403679628,Moderate,Moderate,True,AQI_t+3,CatBoost Regressor
2025-06-17,73.0,98.59164819285543,25.59164819285543,25.59164819285543,654.9324572268806,Moderate,Moderate,True,AQI_t+3,CatBoost Regressor
2025-06-18,74.0,91.16863198782187,17.16863198782187,17.16863198782187,294.76192433326025,Moderate,Moderate,True,AQI_t+3,CatBoost Regressor
2025-06-19,76.0,97.78551194759639,21.78551194759639,21.78551194759639,474.60853081886506,Moderate,Moderate,True,AQI_t+3,CatBoost Regressor
2025-06-20,83.0,86.51201547301524,3.5120154730152393,3.5120154730152393,12.334252682698455,Moderate,Moderate,True,AQI_t+3,CatBoost Regressor
2025-06-21,93.0,79.06159901881229,-13.938400981187712,13.938400981187712,194.2790219123746,Moderate,Moderate,True,AQI_t+3,CatBoost Regressor
2025-06-22,94.0,81.82155784429305,-12.178442155706946,12.178442155706946,148.31445333990007,Moderate,Moderate,True,AQI_t+3,CatBoost Regressor
2025-06-23,94.0,83.47027393745688,-10.52972606254312,10.52972606254312,110.87513095219983,Moderate,Moderate,True,AQI_t+3,CatBoost Regressor
2025-06-24,98.0,87.79074416832468,-10.209255831675321,10.209255831675321,104.22890463659655,Moderate,Moderate,True,AQI_t+3,CatBoost Regressor
2025-06-25,98.0,87.70310549390054,-10.296894506099463,10.296894506099463,106.0260364697413,Moderate,Moderate,True,AQI_t+3,CatBoost Regressor
2025-06-26,77.0,85.999696685603,8.999696685602999,8.999696685602999,80.9945404328536,Moderate,Moderate,True,AQI_t+3,CatBoost Regressor
2025-06-27,79.0,90.37156661745543,11.371566617455429,11.371566617455429,129.3125273352267,Moderate,Moderate,True,AQI_t+3,CatBoost Regressor
2025-06-28,79.0,85.79692400024717,6.796924000247174,6.796924000247174,46.19817586513604,Moderate,Moderate,True,AQI_t+3,CatBoost Regressor
2025-06-29,77.0,86.17522553089749,9.175225530897492,9.175225530897492,84.18476354283317,Moderate,Moderate,True,AQI_t+3,CatBoost Regressor
2025-06-30,85.0,84.7136579821447,-0.2863420178553042,0.2863420178553042,0.08199175118944736,Moderate,Moderate,True,AQI_t+3,CatBoost Regressor
2025-07-01,88.0,85.15279981130524,-2.8472001886947567,2.8472001886947567,8.106548914503458,Moderate,Moderate,True,AQI_t+3,CatBoost Regressor
2025-07-02,96.0,84.71617691538677,-11.283823084613232,11.283823084613232,127.32466340485047,Moderate,Moderate,True,AQI_t+3,CatBoost Regressor
2025-07-03,96.0,85.21104483039838,-10.788955169601621,10.788955169601621,116.40155365167355,Moderate,Moderate,True,AQI_t+3,CatBoost Regressor
2025-07-04,97.0,84.86966681118818,-12.130333188811818,12.130333188811818,147.1449832715895,Moderate,Moderate,True,AQI_t+3,CatBoost Regressor
2025-07-05,98.0,93.46426385783691,-4.535736142163088,4.535736142163088,20.572902351324498,Moderate,Moderate,True,AQI_t+3,CatBoost Regressor
2025-07-06,99.0,89.08552877931712,-9.914471220682884,9.914471220682884,98.29673958574917,Moderate,Moderate,True,AQI_t+3,CatBoost Regressor
2025-07-07,95.0,96.61369837353845,1.6136983735384547,1.6136983735384547,2.6040224407606543,Moderate,Moderate,True,AQI_t+3,CatBoost Regressor
2025-07-08,94.0,93.15191361379158,-0.848086386208422,0.848086386208422,0.7192505184720608,Moderate,Moderate,True,AQI_t+3,CatBoost Regressor
2025-07-09,86.0,99.36407702251734,13.364077022517336,13.364077022517336,178.59855466377581,Moderate,Moderate,True,AQI_t+3,CatBoost Regressor
2025-07-10,81.0,93.16171160420629,12.161711604206289,12.161711604206289,147.9072291438859,Moderate,Moderate,True,AQI_t+3,CatBoost Regressor
2025-07-11,81.0,84.50639280192537,3.5063928019253723,3.5063928019253723,12.294790481394063,Moderate,Moderate,True,AQI_t+3,CatBoost Regressor
2025-07-12,88.0,84.92197397886376,-3.078026021136239,3.078026021136239,9.474244186791786,Moderate,Moderate,True,AQI_t+3,CatBoost Regressor
2025-07-13,91.0,86.91835960470976,-4.081640395290236,4.081640395290236,16.659788316465036,Moderate,Moderate,True,AQI_t+3,CatBoost Regressor
2025-07-14,89.0,85.14431065672721,-3.855689343272786,3.855689343272786,14.86634031182733,Moderate,Moderate,True,AQI_t+3,CatBoost Regressor
2025-07-15,86.0,89.088783596462,3.088783596461994,3.088783596461994,9.54058410577269,Moderate,Moderate,True,AQI_t+3,CatBoost Regressor
2025-07-16,82.0,109.71197858582106,27.711978585821058,27.711978585821058,767.9537571410049,Moderate,Unhealthy for Sensitive Groups,False,AQI_t+3,CatBoost Regressor
2025-07-17,81.0,102.31349848126857,21.313498481268567,21.313498481268567,454.2652175110375,Moderate,Unhealthy for Sensitive Groups,False,AQI_t+3,CatBoost Regressor
2025-07-18,86.0,98.86025253277008,12.860252532770076,12.860252532770076,165.38609520661916,Moderate,Moderate,True,AQI_t+3,CatBoost Regressor
2025-07-19,89.0,99.10295366153973,10.102953661539729,10.102953661539729,102.06967268721903,Moderate,Moderate,True,AQI_t+3,CatBoost Regressor
2025-07-20,85.0,109.73575283661881,24.735752836618815,24.735752836618815,611.8574683942958,Moderate,Unhealthy for Sensitive Groups,False,AQI_t+3,CatBoost Regressor
2025-07-21,82.0,103.99366586939544,21.993665869395443,21.993665869395443,483.72133837461,Moderate,Unhealthy for Sensitive Groups,False,AQI_t+3,CatBoost Regressor
2025-07-22,83.0,97.49897556085853,14.498975560858526,14.498975560858526,210.22029231437278,Moderate,Moderate,True,AQI_t+3,CatBoost Regressor
2025-07-23,82.0,98.87097710869065,16.870977108690653,16.870977108690653,284.629868601964,Moderate,Moderate,True,AQI_t+3,CatBoost Regressor
2025-07-24,86.0,97.76566115334032,11.765661153340318,11.765661153340318,138.4307823752214,Moderate,Moderate,True,AQI_t+3,CatBoost Regressor
2025-07-25,82.0,95.99370413752835,13.993704137528354,13.993704137528354,195.8237554886782,Moderate,Moderate,True,AQI_t+3,CatBoost Regressor
2025-07-26,75.0,91.68977878031549,16.689778780315493,16.689778780315493,278.5487157358693,Moderate,Moderate,True,AQI_t+3,CatBoost Regressor
2025-07-27,79.0,95.83395957633758,16.833959576337577,16.833959576337577,283.38219501776763,Moderate,Moderate,True,AQI_t+3,CatBoost Regressor
2025-07-28,84.0,95.29577228505781,11.295772285057808,11.295772285057808,127.59447151588009,Moderate,Moderate,True,AQI_t+3,CatBoost Regressor
2025-07-29,84.0,92.76687961198371,8.766879611983711,8.766879611983711,76.85817813101566,Moderate,Moderate,True,AQI_t+3,CatBoost Regressor
2025-07-30,77.0,92.76672641953031,15.766726419530315,15.766726419530315,248.5896619883152,Moderate,Moderate,True,AQI_t+3,CatBoost Regressor
2025-07-31,74.0,86.25055043201304,12.250550432013043,12.250550432013043,150.07598588729493,Moderate,Moderate,True,AQI_t+3,CatBoost Regressor
2025-08-01,72.0,85.11875348686502,13.118753486865018,13.118753486865018,172.10169304913305,Moderate,Moderate,True,AQI_t+3,CatBoost Regressor
2025-08-02,69.0,83.46940083788571,14.469400837885715,14.469400837885715,209.36356060740783,Moderate,Moderate,True,AQI_t+3,CatBoost Regressor
2025-08-03,72.0,80.77208189828897,8.772081898288974,8.772081898288974,76.94942083028909,Moderate,Moderate,True,AQI_t+3,CatBoost Regressor
2025-08-04,74.0,82.54628424900835,8.546284249008352,8.546284249008352,73.03897446484825,Moderate,Moderate,True,AQI_t+3,CatBoost Regressor
2025-08-05,74.0,77.20295502774671,3.202955027746711,3.202955027746711,10.258920909767934,Moderate,Moderate,True,AQI_t+3,CatBoost Regressor
2025-08-06,68.0,77.90099655171788,9.900996551717881,9.900996551717881,98.02973271712938,Moderate,Moderate,True,AQI_t+3,CatBoost Regressor
2025-08-07,69.0,79.86843992195506,10.868439921955058,10.868439921955058,118.12298633714647,Moderate,Moderate,True,AQI_t+3,CatBoost Regressor
2025-08-08,71.0,81.77582315158482,10.775823151584817,10.775823151584817,116.11836459423132,Moderate,Moderate,True,AQI_t+3,CatBoost Regressor
2025-08-09,70.0,80.8636311081947,10.863631108194696,10.863631108194696,118.01848085493552,Moderate,Moderate,True,AQI_t+3,CatBoost Regressor
2025-08-10,75.0,78.33430626712047,3.3343062671204677,3.3343062671204677,11.117598282958827,Moderate,Moderate,True,AQI_t+3,CatBoost Regressor
2025-08-11,75.0,76.46280501559073,1.4628050155907317,1.4628050155907317,2.139798513637401,Moderate,Moderate,True,AQI_t+3,CatBoost Regressor
2025-08-12,84.0,75.96574729491203,-8.034252705087965,8.034252705087965,64.54921652921328,Moderate,Moderate,True,AQI_t+3,CatBoost Regressor
2025-08-13,86.0,78.20029711339258,-7.79970288660742,7.79970288660742,60.835365119352126,Moderate,Moderate,True,AQI_t+3,CatBoost Regressor
2025-08-14,86.0,80.61764239219174,-5.38235760780826,5.38235760780826,28.96977341833145,Moderate,Moderate,True,AQI_t+3,CatBoost Regressor
2025-08-15,116.0,95.69019389649566,-20.309806103504343,20.309806103504343,412.48822396194225,Unhealthy for Sensitive Groups,Moderate,False,AQI_t+3,CatBoost Regressor
2025-08-16,86.0,103.24148127216762,17.24148127216762,17.24148127216762,297.2686764585067,Moderate,Unhealthy for Sensitive Groups,False,AQI_t+3,CatBoost Regressor
2025-08-17,115.0,106.88108350129649,-8.118916498703513,8.118916498703513,65.9168051129201,Unhealthy for Sensitive Groups,Unhealthy for Sensitive Groups,True,AQI_t+3,CatBoost Regressor
2025-08-18,93.0,113.91643917036758,20.916439170367582,20.916439170367582,437.4974275676873,Moderate,Unhealthy for Sensitive Groups,False,AQI_t+3,CatBoost Regressor
2025-08-19,86.0,100.27688760286533,14.27688760286533,14.27688760286533,203.82951962484972,Moderate,Unhealthy for Sensitive Groups,False,AQI_t+3,CatBoost Regressor
2025-08-20,81.0,94.85230675657324,13.852306756573242,13.852306756573242,191.8864024782047,Moderate,Moderate,True,AQI_t+3,CatBoost Regressor
2025-08-21,81.0,93.0771132264625,12.077113226462501,12.077113226462501,145.85666388479547,Moderate,Moderate,True,AQI_t+3,CatBoost Regressor
2025-08-22,75.0,94.35551015628573,19.35551015628573,19.35551015628573,374.6357734100801,Moderate,Moderate,True,AQI_t+3,CatBoost Regressor
2025-08-23,83.0,89.76890263665388,6.768902636653877,6.768902636653877,45.818042904499805,Moderate,Moderate,True,AQI_t+3,CatBoost Regressor
2025-08-24,86.0,83.54769837554015,-2.4523016244598494,2.4523016244598494,6.0137832573284165,Moderate,Moderate,True,AQI_t+3,CatBoost Regressor
2025-08-25,88.0,87.23573313675803,-0.7642668632419714,0.7642668632419714,0.5841038382497221,Moderate,Moderate,True,AQI_t+3,CatBoost Regressor
2025-08-26,95.0,85.04190638819246,-9.958093611807541,9.958093611807541,99.16362838152216,Moderate,Moderate,True,AQI_t+3,CatBoost Regressor
2025-08-27,111.0,83.88699629206312,-27.113003707936883,27.113003707936883,735.1149700665992,Unhealthy for Sensitive Groups,Moderate,False,AQI_t+3,CatBoost Regressor
2025-08-28,110.0,87.03784952196241,-22.962150478037586,22.962150478037586,527.2603545760418,Unhealthy for Sensitive Groups,Moderate,False,AQI_t+3,CatBoost Regressor
2025-08-29,87.0,94.15530687931324,7.155306879313244,7.155306879313244,51.19841653714743,Moderate,Moderate,True,AQI_t+3,CatBoost Regressor
2025-08-30,81.0,98.49168747974466,17.491687479744655,17.491687479744655,305.9591308890559,Moderate,Moderate,True,AQI_t+3,CatBoost Regressor
2025-08-31,92.0,87.535220815034,-4.464779184966005,4.464779184966005,19.934253170505706,Moderate,Moderate,True,AQI_t+3,CatBoost Regressor
2025-09-01,92.0,83.80457587524985,-8.195424124750147,8.195424124750147,67.16497658453672,Moderate,Moderate,True,AQI_t+3,CatBoost Regressor
2025-09-02,84.0,78.06400029613823,-5.935999703861768,5.935999703861768,35.236092484246996,Moderate,Moderate,True,AQI_t+3,CatBoost Regressor
2025-09-03,85.0,86.12333378368092,1.1233337836809199,1.1233337836809199,1.2618787895588917,Moderate,Moderate,True,AQI_t+3,CatBoost Regressor
2025-09-04,84.0,85.88408664932822,1.884086649328225,1.884086649328225,3.5497825021768574,Moderate,Moderate,True,AQI_t+3,CatBoost Regressor
2025-09-05,82.0,88.23408562962459,6.2340856296245875,6.2340856296245875,38.86382363749179,Moderate,Moderate,True,AQI_t+3,CatBoost Regressor
2025-09-06,83.0,86.42276644623057,3.4227664462305682,3.4227664462305682,11.715330145441833,Moderate,Moderate,True,AQI_t+3,CatBoost Regressor
2025-09-07,73.0,83.48145163230777,10.481451632307767,10.481451632307767,109.86082832040715,Moderate,Moderate,True,AQI_t+3,CatBoost Regressor
2025-09-08,73.0,89.51769758431877,16.517697584318768,16.517697584318768,272.83433348701004,Moderate,Moderate,True,AQI_t+3,CatBoost Regressor
2025-09-09,65.0,94.44449523449568,29.444495234495676,29.444495234495676,866.9782996142386,Moderate,Moderate,True,AQI_t+3,CatBoost Regressor
2025-09-10,61.0,97.66239463582572,36.66239463582572,36.66239463582572,1344.1311804330226,Moderate,Moderate,True,AQI_t+3,CatBoost Regressor
2025-09-11,59.0,106.97417570505657,47.97417570505657,47.97417570505657,2301.5215345796396,Moderate,Unhealthy for Sensitive Groups,False,AQI_t+3,CatBoost Regressor
2025-09-12,59.0,99.95552640734138,40.95552640734138,40.95552640734138,1677.3551433024372,Moderate,Moderate,True,AQI_t+3,CatBoost Regressor
2025-09-13,64.0,95.38926014560248,31.389260145602478,31.389260145602478,985.2856524883081,Moderate,Moderate,True,AQI_t+3,CatBoost Regressor
2025-09-14,76.0,94.95951922615875,18.959519226158747,18.959519226158747,359.4633692870832,Moderate,Moderate,True,AQI_t+3,CatBoost Regressor
2025-09-15,84.0,98.7140867242474,14.714086724247394,14.714086724247394,216.50434812867343,Moderate,Moderate,True,AQI_t+3,CatBoost Regressor
2025-09-16,88.0,103.50291756465066,15.502917564650659,15.502917564650659,240.3404530163539,Moderate,Unhealthy for Sensitive Groups,False,AQI_t+3,CatBoost Regressor
2025-09-17,87.0,97.76796237044621,10.767962370446213,10.767962370446213,115.94901361134563,Moderate,Moderate,True,AQI_t+3,CatBoost Regressor
2025-09-18,83.0,105.98735054199798,22.987350541997984,22.987350541997984,528.418284940695,Moderate,Unhealthy for Sensitive Groups,False,AQI_t+3,CatBoost Regressor
2025-09-19,79.0,109.16293947885835,30.16293947885835,30.16293947885835,909.8029180052715,Moderate,Unhealthy for Sensitive Groups,False,AQI_t+3,CatBoost Regressor
2025-09-20,71.0,106.86201817041805,35.862018170418054,35.862018170418054,1286.0843472553947,Moderate,Unhealthy for Sensitive Groups,False,AQI_t+3,CatBoost Regressor
2025-09-21,74.0,107.119660564896,33.119660564895995,33.119660564895995,1096.9119159339268,Moderate,Unhealthy for Sensitive Groups,False,AQI_t+3,CatBoost Regressor
2025-09-22,80.0,101.39675299216353,21.396752992163528,21.396752992163528,457.82103860765886,Moderate,Unhealthy for Sensitive Groups,False,AQI_t+3,CatBoost Regressor
2025-09-23,91.0,95.69760251106769,4.697602511067686,4.697602511067686,22.067469351989427,Moderate,Moderate,True,AQI_t+3,CatBoost Regressor
2025-09-24,89.0,90.85838665348602,1.858386653486022,1.858386653486022,3.453600953854976,Moderate,Moderate,True,AQI_t+3,CatBoost Regressor
2025-09-25,79.0,93.08437727155129,14.08437727155129,14.08437727155129,198.36968312739054,Moderate,Moderate,True,AQI_t+3,CatBoost Regressor
2025-09-26,122.0,97.3925877997395,-24.607412200260498,24.607412200260498,605.5247351935292,Unhealthy for Sensitive Groups,Moderate,False,AQI_t+3,CatBoost Regressor
2025-09-27,101.0,110.27895887184253,9.278958871842534,9.278958871842534,86.09907774534527,Unhealthy for Sensitive Groups,Unhealthy for Sensitive Groups,True,AQI_t+3,CatBoost Regressor
2025-09-28,90.0,104.18809295332933,14.188092953329331,14.188092953329331,201.30198165231343,Moderate,Unhealthy for Sensitive Groups,False,AQI_t+3,CatBoost Regressor
2025-09-29,64.0,99.29291813820574,35.292918138205735,35.292918138205735,1245.5900707100914,Moderate,Moderate,True,AQI_t+3,CatBoost Regressor
2025-09-30,56.0,90.6285539058547,34.6285539058547,34.6285539058547,1199.136745610685,Moderate,Moderate,True,AQI_t+3,CatBoost Regressor
2025-10-01,58.0,99.3365709368867,41.3365709368867,41.3365709368867,1708.7120968202664,Moderate,Moderate,True,AQI_t+3,CatBoost Regressor
2025-10-02,61.0,97.9914378058368,36.991437805836796,36.991437805836796,1368.3664709430918,Moderate,Moderate,True,AQI_t+3,CatBoost Regressor
2025-10-03,96.0,91.85829157473191,-4.141708425268092,4.141708425268092,17.1537486799367,Moderate,Moderate,True,AQI_t+3,CatBoost Regressor
2025-10-04,101.0,111.51261964970553,10.512619649705528,10.512619649705528,110.51517189937476,Unhealthy for Sensitive Groups,Unhealthy for Sensitive Groups,True,AQI_t+3,CatBoost Regressor
2025-10-05,124.0,100.00084661791725,-23.999153382082753,23.999153382082753,575.959363056734,Unhealthy for Sensitive Groups,Unhealthy for Sensitive Groups,True,AQI_t+3,CatBoost Regressor
2025-10-06,118.0,125.20689786593799,7.206897865937989,7.206897865937989,51.93937685006155,Unhealthy for Sensitive Groups,Unhealthy for Sensitive Groups,True,AQI_t+3,CatBoost Regressor
2025-10-07,113.0,110.95400828294008,-2.04599171705992,2.04599171705992,4.186082106277799,Unhealthy for Sensitive Groups,Unhealthy for Sensitive Groups,True,AQI_t+3,CatBoost Regressor
2025-10-08,115.0,108.91304864729369,-6.086951352706308,6.086951352706308,37.05097677021315,Unhealthy for Sensitive Groups,Unhealthy for Sensitive Groups,True,AQI_t+3,CatBoost Regressor
2025-10-09,135.0,121.39575897598148,-13.60424102401852,13.60424102401852,185.07537383958848,Unhealthy for Sensitive Groups,Unhealthy for Sensitive Groups,True,AQI_t+3,CatBoost Regressor
2025-10-10,114.0,120.24857630486174,6.248576304861743,6.248576304861743,39.04470583767963,Unhealthy for Sensitive Groups,Unhealthy for Sensitive Groups,True,AQI_t+3,CatBoost Regressor
2025-10-11,126.0,119.08502586222684,-6.914974137773157,6.914974137773157,47.81686732607162,Unhealthy for Sensitive Groups,Unhealthy for Sensitive Groups,True,AQI_t+3,CatBoost Regressor
2025-10-12,140.0,116.95048759960065,-23.04951240039935,23.04951240039935,531.2800218961635,Unhealthy for Sensitive Groups,Unhealthy for Sensitive Groups,True,AQI_t+3,CatBoost Regressor
2025-10-13,151.0,116.83526944793338,-34.164730552066615,34.164730552066615,1167.228813695314,Unhealthy,Unhealthy for Sensitive Groups,False,AQI_t+3,CatBoost Regressor
2025-10-14,153.0,115.18356184450602,-37.816438155493984,37.816438155493984,1430.0829947683012,Unhealthy,Unhealthy for Sensitive Groups,False,AQI_t+3,CatBoost Regressor
2025-10-15,159.0,112.80235138192685,-46.197648618073146,46.197648618073146,2134.2227378389557,Unhealthy,Unhealthy for Sensitive Groups,False,AQI_t+3,CatBoost Regressor
2025-10-16,139.0,116.09819162895671,-22.901808371043288,22.901808371043288,524.4928266639884,Unhealthy for Sensitive Groups,Unhealthy for Sensitive Groups,True,AQI_t+3,CatBoost Regressor
2025-10-17,128.0,120.09546434018061,-7.904535659819388,7.904535659819388,62.48168399735632,Unhealthy for Sensitive Groups,Unhealthy for Sensitive Groups,True,AQI_t+3,CatBoost Regressor
2025-10-18,122.0,121.67346831370287,-0.32653168629713036,0.32653168629713036,0.10662294215604755,Unhealthy for Sensitive Groups,Unhealthy for Sensitive Groups,True,AQI_t+3,CatBoost Regressor
2025-10-19,124.0,116.15106457481613,-7.848935425183868,7.848935425183868,61.60578730870626,Unhealthy for Sensitive Groups,Unhealthy for Sensitive Groups,True,AQI_t+3,CatBoost Regressor
2025-10-20,133.0,117.34981583316704,-15.650184166832958,15.650184166832958,244.928264455789,Unhealthy for Sensitive Groups,Unhealthy for Sensitive Groups,True,AQI_t+3,CatBoost Regressor
2025-10-21,146.0,115.92982665796482,-30.070173342035176,30.070173342035176,904.215324820043,Unhealthy for Sensitive Groups,Unhealthy for Sensitive Groups,True,AQI_t+3,CatBoost Regressor
2025-10-22,126.0,113.23205454324146,-12.76794545675854,12.76794545675854,163.02043118676104,Unhealthy for Sensitive Groups,Unhealthy for Sensitive Groups,True,AQI_t+3,CatBoost Regressor
2025-10-23,117.0,113.77727572071149,-3.2227242792885136,3.2227242792885136,10.385951780315668,Unhealthy for Sensitive Groups,Unhealthy for Sensitive Groups,True,AQI_t+3,CatBoost Regressor
2025-10-24,105.0,113.24025919554965,8.240259195549655,8.240259195549655,67.90187160984064,Unhealthy for Sensitive Groups,Unhealthy for Sensitive Groups,True,AQI_t+3,CatBoost Regressor
2025-10-25,126.0,111.37861444422951,-14.621385555770487,14.621385555770487,213.78491557049384,Unhealthy for Sensitive Groups,Unhealthy for Sensitive Groups,True,AQI_t+3,CatBoost Regressor
2025-10-26,115.0,107.22968651366854,-7.77031348633146,7.77031348633146,60.37777167586457,Unhealthy for Sensitive Groups,Unhealthy for Sensitive Groups,True,AQI_t+3,CatBoost Regressor
2025-10-27,99.0,106.50801584383356,7.508015843833562,7.508015843833562,56.37030191125579,Moderate,Unhealthy for Sensitive Groups,False,AQI_t+3,CatBoost Regressor
2025-10-28,145.0,110.08235026890577,-34.91764973109423,34.91764973109423,1219.242262743385,Unhealthy for Sensitive Groups,Unhealthy for Sensitive Groups,True,AQI_t+3,CatBoost Regressor
2025-10-29,165.0,114.63463264120655,-50.36536735879345,50.36536735879345,2536.6702291862166,Unhealthy,Unhealthy for Sensitive Groups,False,AQI_t+3,CatBoost Regressor
2025-10-30,162.0,113.09512538932458,-48.90487461067542,48.90487461067542,2391.6867606858855,Unhealthy,Unhealthy for Sensitive Groups,False,AQI_t+3,CatBoost Regressor
2025-10-31,148.0,127.48203445777263,-20.517965542227373,20.517965542227373,420.9869099920298,Unhealthy for Sensitive Groups,Unhealthy for Sensitive Groups,True,AQI_t+3,CatBoost Regressor
2025-11-01,96.0,125.76293412176048,29.76293412176048,29.76293412176048,885.8322475362543,Moderate,Unhealthy for Sensitive Groups,False,AQI_t+3,CatBoost Regressor
2025-11-02,90.0,117.965239728889,27.965239728889003,27.965239728889003,782.0546330942319,Moderate,Unhealthy for Sensitive Groups,False,AQI_t+3,CatBoost Regressor
2025-11-03,144.0,118.88785668813382,-25.112143311866177,25.112143311866177,630.6197417157051,Unhealthy for Sensitive Groups,Unhealthy for Sensitive Groups,True,AQI_t+3,CatBoost Regressor
2025-11-04,142.0,112.3829283449775,-29.6170716550225,29.6170716550225,877.1709334187371,Unhealthy for Sensitive Groups,Unhealthy for Sensitive Groups,True,AQI_t+3,CatBoost Regressor
2025-11-05,120.0,111.6709849460195,-8.329015053980498,8.329015053980498,69.37249176943376,Unhealthy for Sensitive Groups,Unhealthy for Sensitive Groups,True,AQI_t+3,CatBoost Regressor
2025-11-06,129.0,126.1885237206616,-2.811476279338393,2.811476279338393,7.9043988692824545,Unhealthy for Sensitive Groups,Unhealthy for Sensitive Groups,True,AQI_t+3,CatBoost Regressor
2025-11-07,120.0,128.30810843397515,8.30810843397515,8.30810843397515,69.02466575068901,Unhealthy for Sensitive Groups,Unhealthy for Sensitive Groups,True,AQI_t+3,CatBoost Regressor
2025-11-08,116.0,120.84875692905791,4.848756929057913,4.848756929057913,23.510443757087124,Unhealthy for Sensitive Groups,Unhealthy for Sensitive Groups,True,AQI_t+3,CatBoost Regressor
2025-11-09,114.0,123.00649483301457,9.006494833014571,9.006494833014571,81.11694917711817,Unhealthy for Sensitive Groups,Unhealthy for Sensitive Groups,True,AQI_t+3,CatBoost Regressor
2025-11-10,125.0,113.75744149023497,-11.242558509765033,11.242558509765033,126.39512184549015,Unhealthy for Sensitive Groups,Unhealthy for Sensitive Groups,True,AQI_t+3,CatBoost Regressor
2025-11-11,107.0,117.667578224777,10.667578224777003,10.667578224777003,113.79722518173648,Unhealthy for Sensitive Groups,Unhealthy for Sensitive Groups,True,AQI_t+3,CatBoost Regressor
2025-11-12,109.0,119.86834990853589,10.86834990853589,10.86834990853589,118.1210297343721,Unhealthy for Sensitive Groups,Unhealthy for Sensitive Groups,True,AQI_t+3,CatBoost Regressor
2025-11-13,122.0,123.56781663645586,1.5678166364558592,1.5678166364558592,2.458049005547764,Unhealthy for Sensitive Groups,Unhealthy for Sensitive Groups,True,AQI_t+3,CatBoost Regressor
2025-11-14,156.0,127.73275597199746,-28.267244028002537,28.267244028002537,799.0370849386451,Unhealthy,Unhealthy for Sensitive Groups,False,AQI_t+3,CatBoost Regressor
2025-11-15,154.0,120.12282878445275,-33.87717121554725,33.87717121554725,1147.6627295675032,Unhealthy,Unhealthy for Sensitive Groups,False,AQI_t+3,CatBoost Regressor
2025-11-16,137.0,117.91523178369621,-19.084768216303786,19.084768216303786,364.2283778700392,Unhealthy for Sensitive Groups,Unhealthy for Sensitive Groups,True,AQI_t+3,CatBoost Regressor
2025-11-17,146.0,125.63858529374777,-20.361414706252233,20.361414706252233,414.5872088399847,Unhealthy for Sensitive Groups,Unhealthy for Sensitive Groups,True,AQI_t+3,CatBoost Regressor
2025-11-18,144.0,133.01458619881268,-10.98541380118732,10.98541380118732,120.67931638331684,Unhealthy for Sensitive Groups,Unhealthy for Sensitive Groups,True,AQI_t+3,CatBoost Regressor
2025-11-19,153.0,133.8452709521053,-19.154729047894705,19.154729047894705,366.9036448982612,Unhealthy,Unhealthy for Sensitive Groups,False,AQI_t+3,CatBoost Regressor
2025-11-20,157.0,136.73939365419602,-20.26060634580398,20.26060634580398,410.49216949963244,Unhealthy,Unhealthy for Sensitive Groups,False,AQI_t+3,CatBoost Regressor
2025-11-21,157.0,135.8312100037267,-21.16878999627329,21.16878999627329,448.1176699063201,Unhealthy,Unhealthy for Sensitive Groups,False,AQI_t+3,CatBoost Regressor
2025-11-22,134.0,134.69688464230586,0.6968846423058608,0.6968846423058608,0.4856482046817675,Unhealthy for Sensitive Groups,Unhealthy for Sensitive Groups,True,AQI_t+3,CatBoost Regressor
2025-11-23,117.0,134.89361642057526,17.893616420575256,17.893616420575256,320.18150860668044,Unhealthy for Sensitive Groups,Unhealthy for Sensitive Groups,True,AQI_t+3,CatBoost Regressor
2025-11-24,108.0,124.90535611206661,16.905356112066613,16.905356112066613,285.791065275788,Unhealthy for Sensitive Groups,Unhealthy for Sensitive Groups,True,AQI_t+3,CatBoost Regressor
2025-11-25,105.0,131.7251775598424,26.725177559842393,26.725177559842393,714.2351156051034,Unhealthy for Sensitive Groups,Unhealthy for Sensitive Groups,True,AQI_t+3,CatBoost Regressor
2025-11-26,120.0,134.0671790208349,14.067179020834914,14.067179020834914,197.88552560421792,Unhealthy for Sensitive Groups,Unhealthy for Sensitive Groups,True,AQI_t+3,CatBoost Regressor
2025-11-27,113.0,128.6846508842224,15.684650884222407,15.684650884222407,246.00827335993873,Unhealthy for Sensitive Groups,Unhealthy for Sensitive Groups,True,AQI_t+3,CatBoost Regressor
2025-11-28,103.0,125.56922137781832,22.569221377818323,22.569221377818323,509.3697536009716,Unhealthy for Sensitive Groups,Unhealthy for Sensitive Groups,True,AQI_t+3,CatBoost Regressor
2025-11-29,110.0,126.57886249288582,16.57886249288582,16.57886249288582,274.85868155801614,Unhealthy for Sensitive Groups,Unhealthy for Sensitive Groups,True,AQI_t+3,CatBoost Regressor
2025-11-30,113.0,129.41392624202715,16.413926242027145,16.413926242027145,269.41697467870733,Unhealthy for Sensitive Groups,Unhealthy for Sensitive Groups,True,AQI_t+3,CatBoost Regressor
2025-12-01,83.0,114.49592126699174,31.495921266991743,31.495921266991743,991.9930564565428,Moderate,Unhealthy for Sensitive Groups,False,AQI_t+3,CatBoost Regressor
2025-12-02,91.0,124.00806474492158,33.00806474492158,33.00806474492158,1089.532338204935,Moderate,Unhealthy for Sensitive Groups,False,AQI_t+3,CatBoost Regressor
2025-12-03,79.0,127.36293953784474,48.36293953784474,48.36293953784474,2338.973920741226,Moderate,Unhealthy for Sensitive Groups,False,AQI_t+3,CatBoost Regressor
2025-12-04,125.0,124.89047093015509,-0.10952906984491051,0.10952906984491051,0.011996617141091284,Unhealthy for Sensitive Groups,Unhealthy for Sensitive Groups,True,AQI_t+3,CatBoost Regressor
2025-12-05,125.0,114.84372715472217,-10.156272845277826,10.156272845277826,103.14987810772774,Unhealthy for Sensitive Groups,Unhealthy for Sensitive Groups,True,AQI_t+3,CatBoost Regressor
2025-12-06,89.0,107.70531347081996,18.70531347081996,18.70531347081996,349.8887520416386,Moderate,Unhealthy for Sensitive Groups,False,AQI_t+3,CatBoost Regressor
2025-12-07,95.0,110.73684809891861,15.736848098918614,15.736848098918614,247.6483880884384,Moderate,Unhealthy for Sensitive Groups,False,AQI_t+3,CatBoost Regressor
2025-12-08,89.0,106.87936769779574,17.879367697795743,17.879367697795743,319.67178927298187,Moderate,Unhealthy for Sensitive Groups,False,AQI_t+3,CatBoost Regressor
2025-12-09,86.0,107.82091998705042,21.820919987050416,21.820919987050416,476.1525490812563,Moderate,Unhealthy for Sensitive Groups,False,AQI_t+3,CatBoost Regressor
2025-12-10,83.0,111.79496460491013,28.794964604910135,28.794964604910135,829.1499865980275,Moderate,Unhealthy for Sensitive Groups,False,AQI_t+3,CatBoost Regressor
2025-12-11,100.0,115.19267841548069,15.192678415480685,15.192678415480685,230.8174774362127,Moderate,Unhealthy for Sensitive Groups,False,AQI_t+3,CatBoost Regressor
2025-12-12,153.0,112.98737880167235,-40.01262119832765,40.01262119832765,1601.0098551608592,Unhealthy,Unhealthy for Sensitive Groups,False,AQI_t+3,CatBoost Regressor
2025-12-13,151.0,118.00707268138038,-32.99292731861962,32.99292731861962,1088.5332530517169,Unhealthy,Unhealthy for Sensitive Groups,False,AQI_t+3,CatBoost Regressor
2025-12-14,145.0,118.93284451418091,-26.067155485819086,26.067155485819086,679.496595121868,Unhealthy for Sensitive Groups,Unhealthy for Sensitive Groups,True,AQI_t+3,CatBoost Regressor
2025-12-15,137.0,132.01396482389183,-4.9860351761081745,4.9860351761081745,24.860546777388073,Unhealthy for Sensitive Groups,Unhealthy for Sensitive Groups,True,AQI_t+3,CatBoost Regressor
2025-12-16,135.0,124.19726510818764,-10.802734891812364,10.802734891812364,116.69908114278027,Unhealthy for Sensitive Groups,Unhealthy for Sensitive Groups,True,AQI_t+3,CatBoost Regressor
2025-12-17,154.0,124.50306920109162,-29.49693079890838,29.49693079890838,870.0689265555898,Unhealthy,Unhealthy for Sensitive Groups,False,AQI_t+3,CatBoost Regressor
2025-12-18,153.0,117.01046697897777,-35.989533021022226,35.989533021022226,1295.2464870712492,Unhealthy,Unhealthy for Sensitive Groups,False,AQI_t+3,CatBoost Regressor
2025-12-19,97.0,110.82728921012603,13.827289210126025,13.827289210126025,191.1939269004676,Moderate,Unhealthy for Sensitive Groups,False,AQI_t+3,CatBoost Regressor
2025-12-20,154.0,126.52420197979633,-27.47579802020367,27.47579802020367,754.9194768470279,Unhealthy,Unhealthy for Sensitive Groups,False,AQI_t+3,CatBoost Regressor
2025-12-21,144.0,122.54586589359518,-21.454134106404823,21.454134106404823,460.27987025560265,Unhealthy for Sensitive Groups,Unhealthy for Sensitive Groups,True,AQI_t+3,CatBoost Regressor
2025-12-22,129.0,123.53187023594211,-5.468129764057892,5.468129764057892,29.900443116575815,Unhealthy for Sensitive Groups,Unhealthy for Sensitive Groups,True,AQI_t+3,CatBoost Regressor
2025-12-23,121.0,131.29225993379615,10.292259933796146,10.292259933796146,105.93061454482545,Unhealthy for Sensitive Groups,Unhealthy for Sensitive Groups,True,AQI_t+3,CatBoost Regressor
2025-12-24,134.0,124.49265330188187,-9.507346698118127,9.507346698118127,90.38964123821765,Unhealthy for Sensitive Groups,Unhealthy for Sensitive Groups,True,AQI_t+3,CatBoost Regressor
2025-12-25,135.0,125.60756698723847,-9.39243301276153,9.39243301276153,88.21779789921261,Unhealthy for Sensitive Groups,Unhealthy for Sensitive Groups,True,AQI_t+3,CatBoost Regressor
2025-12-26,138.0,121.30743145253967,-16.692568547460326,16.692568547460326,278.64184471166175,Unhealthy for Sensitive Groups,Unhealthy for Sensitive Groups,True,AQI_t+3,CatBoost Regressor
2025-12-27,132.0,128.97535868269784,-3.024641317302155,3.024641317302155,9.148455098331317,Unhealthy for Sensitive Groups,Unhealthy for Sensitive Groups,True,AQI_t+3,CatBoost Regressor
2025-12-28,127.0,129.85438962517054,2.8543896251705405,2.8543896251705405,8.147540132281218,Unhealthy for Sensitive Groups,Unhealthy for Sensitive Groups,True,AQI_t+3,CatBoost Regressor
2025-12-29,134.0,134.2958334758617,0.2958334758617127,0.2958334758617127,0.08751744544042256,Unhealthy for Sensitive Groups,Unhealthy for Sensitive Groups,True,AQI_t+3,CatBoost Regressor
2025-12-30,153.0,123.85579452470247,-29.144205475297525,29.144205475297525,849.3847127863622,Unhealthy,Unhealthy for Sensitive Groups,False,AQI_t+3,CatBoost Regressor
2025-12-31,151.0,125.3939562566061,-25.606043743393897,25.606043743393897,655.6694761886017,Unhealthy,Unhealthy for Sensitive Groups,False,AQI_t+3,CatBoost Regressor
2026-01-01,156.0,123.96114665771466,-32.038853342285336,32.038853342285336,1026.4881234884683,Unhealthy,Unhealthy for Sensitive Groups,False,AQI_t+3,CatBoost Regressor
2026-01-02,153.0,127.70979711690197,-25.290202883098033,25.290202883098033,639.5943618682601,Unhealthy,Unhealthy for Sensitive Groups,False,AQI_t+3,CatBoost Regressor
