time,temperature_2m,relative_humidity_2m,precipitation,surface_pressure,wind_speed_10m,wind_direction_10m,pm10,pm2_5,carbon_monoxide,nitrogen_dioxide,sulphur_dioxide,ozone
2025-01-01T00:00,18.3,41,0.0,1017.9,8.7,47,29.4,28.8,1285.0,23.7,12.2,64.0
2025-01-01T01:00,17.7,44,0.0,1017.5,8.1,47,29.2,28.3,981.0,16.9,12.2,70.0
2025-01-01T02:00,17.2,45,0.0,1017.1,8.5,44,29.2,28.1,752.0,11.9,12.2,75.0
2025-01-01T03:00,16.7,46,0.0,1016.7,9.1,41,29.0,27.7,583.0,8.1,11.9,79.0
2025-01-01T04:00,16.3,46,0.0,1016.3,10.0,38,28.5,27.1,490.0,6.2,11.8,82.0
2025-01-01T05:00,16.0,47,0.0,1015.9,10.1,40,28.3,26.9,510.0,7.7,12.2,79.0
2025-01-01T06:00,15.5,48,0.0,1016.7,10.5,41,28.9,27.2,730.0,14.1,13.1,72.0
2025-01-01T07:00,15.3,49,0.0,1017.2,9.7,47,31.8,30.0,1064.0,22.8,14.3,63.0
2025-01-01T08:00,15.3,49,0.0,1018.1,9.5,54,36.8,34.9,1289.0,27.7,16.0,62.0
2025-01-01T09:00,16.8,45,0.0,1019.0,8.4,59,40.0,38.4,1304.0,25.4,18.5,74.0
2025-01-01T10:00,19.0,39,0.0,1019.3,8.0,63,42.3,40.3,1209.0,19.4,21.4,94.0
2025-01-01T11:00,21.6,34,0.0,1019.2,7.0,67,43.3,40.9,1087.0,14.1,23.4,112.0
2025-01-01T12:00,23.6,28,0.0,1018.1,8.1,77,41.0,38.0,926.0,10.9,23.7,125.0
2025-01-01T13:00,25.0,23,0.0,1016.7,8.5,88,39.6,35.2,737.0,8.4,23.0,137.0
2025-01-01T14:00,25.8,21,0.0,1015.4,8.3,94,39.5,33.2,631.0,7.5,22.5,143.0
2025-01-01T15:00,26.2,19,0.0,1014.5,7.5,98,39.8,32.7,666.0,7.6,22.6,145.0
2025-01-01T16:00,26.1,19,0.0,1014.0,6.7,95,40.4,32.4,785.0,9.3,22.8,141.0
2025-01-01T17:00,25.6,20,0.0,1014.2,7.2,84,44.0,35.7,929.0,15.0,23.5,133.0
2025-01-01T18:00,24.8,23,0.0,1014.9,6.6,74,52.7,47.4,1125.0,29.0,22.3,108.0
2025-01-01T19:00,23.6,25,0.0,1015.6,5.2,56,57.5,53.8,1347.0,47.7,20.7,75.0
2025-01-01T20:00,22.6,27,0.0,1016.5,4.6,42,56.7,53.7,1455.0,57.7,19.2,53.0
2025-01-01T21:00,21.7,29,0.0,1016.9,7.1,66,56.0,53.2,1356.0,50.6,18.1,54.0
2025-01-01T22:00,20.5,35,0.0,1016.9,8.4,70,55.9,53.2,1143.0,34.7,17.2,66.0
2025-01-01T23:00,19.3,40,0.0,1016.8,9.2,67,56.6,53.6,962.0,21.7,16.4,76.0
2025-01-02T00:00,18.5,44,0.0,1016.3,9.3,66,56.8,53.6,868.0,16.0,15.8,79.0
2025-01-02T01:00,17.9,47,0.0,1015.9,9.1,60,56.2,52.6,807.0,13.0,15.4,79.0
2025-01-02T02:00,17.3,50,0.0,1015.5,9.1,52,54.8,51.1,755.0,11.0,15.2,79.0
2025-01-02T03:00,16.8,51,0.0,1015.5,8.9,42,53.3,49.6,680.0,8.5,15.2,80.0
2025-01-02T04:00,16.2,53,0.0,1015.4,8.8,44,52.0,48.5,615.0,7.0,15.5,82.0
2025-01-02T05:00,15.8,54,0.0,1015.4,8.7,45,52.5,48.7,641.0,8.5,16.2,80.0
2025-01-02T06:00,15.2,55,0.0,1016.1,9.3,40,52.3,48.3,842.0,15.6,17.6,73.0
2025-01-02T07:00,14.9,56,0.0,1016.6,9.6,40,54.2,50.5,1135.0,25.2,19.6,65.0
2025-01-02T08:00,15.0,56,0.0,1017.3,9.0,44,57.9,54.5,1351.0,30.8,21.3,64.0
2025-01-02T09:00,16.4,51,0.0,1018.1,7.0,42,58.9,56.1,1432.0,28.8,22.5,78.0
2025-01-02T10:00,18.9,43,0.0,1018.3,5.5,54,57.0,54.1,1437.0,22.9,23.3,99.0
2025-01-02T11:00,21.9,35,0.0,1018.0,5.2,59,47.4,44.1,1372.0,17.4,24.0,119.0
2025-01-02T12:00,23.9,28,0.0,1016.9,5.0,77,33.6,30.2,1176.0,13.3,24.3,135.0
2025-01-02T13:00,24.7,25,0.0,1015.7,3.8,109,27.8,24.1,909.0,9.7,24.3,149.0
2025-01-02T14:00,25.3,24,0.0,1014.7,3.1,152,26.7,22.7,765.0,8.0,24.6,158.0
2025-01-02T15:00,25.6,25,0.0,1014.0,3.6,183,26.6,22.6,794.0,5.7,24.9,163.0
2025-01-02T16:00,25.4,27,0.0,1013.8,5.6,202,27.0,23.2,944.0,5.3,25.5,164.0
2025-01-02T17:00,24.2,38,0.0,1014.0,7.4,236,50.4,41.9,1255.0,16.4,28.0,157.0
2025-01-02T18:00,22.7,46,0.0,1014.7,9.6,266,66.6,59.6,1885.0,45.1,31.5,117.0
2025-01-02T19:00,21.7,50,0.0,1015.3,6.3,290,85.4,79.2,2675.0,84.0,36.2,62.0
2025-01-02T20:00,20.6,53,0.0,1016.0,7.9,333,92.4,87.3,3188.0,109.1,38.3,22.0
2025-01-02T21:00,19.6,58,0.0,1016.6,7.2,357,87.5,83.1,3223.0,107.4,35.6,12.0
2025-01-02T22:00,19.1,61,0.0,1016.7,6.1,3,79.4,76.4,2982.0,91.8,30.2,17.0
2025-01-02T23:00,19.0,64,0.0,1016.6,6.0,5,72.9,70.1,2629.0,76.9,25.2,24.0
2025-01-03T00:00,18.8,66,0.0,1016.3,5.7,11,69.2,66.4,2139.0,67.8,21.1,28.0
2025-01-03T01:00,18.5,63,0.0,1015.8,5.4,20,68.0,64.3,1538.0,59.3,17.4,33.0
2025-01-03T02:00,17.8,57,0.0,1015.5,5.1,45,68.0,63.8,1068.0,50.3,14.7,39.0
2025-01-03T03:00,17.2,53,0.0,1015.3,4.9,57,68.5,64.0,806.0,38.2,13.6,47.0
2025-01-03T04:00,16.4,52,0.0,1015.1,5.4,56,68.9,64.3,676.0,25.6,13.6,54.0
2025-01-03T05:00,15.7,54,0.0,1014.8,5.3,33,70.5,65.7,689.0,13.0,14.3,71.0
2025-01-03T06:00,14.9,56,0.0,1015.8,6.7,16,72.2,67.1,935.0,22.4,15.8,60.0
2025-01-03T07:00,14.9,57,0.0,1016.5,6.5,28,76.4,71.0,1324.0,35.1,18.1,45.0
2025-01-03T08:00,15.1,56,0.0,1016.9,6.4,38,82.9,77.5,1598.0,42.6,20.3,43.0
2025-01-03T09:00,16.8,50,0.0,1017.5,6.4,47,84.5,80.3,1656.0,40.1,21.7,62.0
2025-01-03T10:00,19.7,41,0.0,1017.8,4.9,54,81.0,74.7,1598.0,32.4,23.2,93.0
2025-01-03T11:00,22.1,42,0.0,1017.6,3.9,77,68.7,59.6,1468.0,25.0,26.5,122.0
2025-01-03T12:00,23.4,43,0.0,1016.7,1.5,120,59.5,51.1,1224.0,19.1,33.7,146.0
2025-01-03T13:00,24.3,39,0.0,1015.5,3.2,183,58.6,50.8,907.0,13.5,42.7,167.0
2025-01-03T14:00,24.6,39,0.0,1014.5,6.1,204,58.3,51.0,685.0,10.2,49.6,183.0
2025-01-03T15:00,24.3,43,0.0,1014.0,9.8,218,59.5,52.4,609.0,9.9,53.1,193.0
2025-01-03T16:00,23.5,50,0.0,1013.8,11.5,225,61.0,54.0,629.0,12.0,54.4,197.0
2025-01-03T17:00,22.7,55,0.0,1013.9,8.9,238,70.8,61.7,760.0,16.6,54.3,191.0
2025-01-03T18:00,22.3,59,0.0,1014.9,8.2,255,78.7,71.0,1096.0,27.7,48.8,165.0
2025-01-03T19:00,21.6,64,0.0,1015.3,7.5,260,82.4,75.4,1544.0,43.1,41.1,128.0
2025-01-03T20:00,21.2,67,0.0,1015.4,6.1,270,83.1,75.7,1838.0,55.7,35.2,97.0
2025-01-03T21:00,20.9,70,0.0,1015.8,6.1,273,83.1,75.7,1818.0,62.8,32.9,77.0
2025-01-03T22:00,20.7,72,0.0,1015.7,7.0,274,85.9,78.2,1645.0,67.2,32.3,63.0
2025-01-03T23:00,20.7,74,0.0,1015.5,7.6,262,91.3,82.9,1535.0,69.5,31.8,52.0
2025-01-04T00:00,20.6,75,0.0,1015.1,7.5,260,93.8,84.5,1632.0,70.2,30.8,43.0
2025-01-04T01:00,20.7,75,0.0,1014.4,7.6,256,94.3,85.0,1793.0,68.9,29.8,37.0
2025-01-04T02:00,20.5,76,0.0,1014.3,9.9,274,91.5,82.7,1801.0,65.5,28.8,33.0
2025-01-04T03:00,20.1,77,0.0,1013.9,8.6,285,88.5,80.1,1481.0,57.8,27.7,33.0
2025-01-04T04:00,19.6,78,0.0,1013.7,9.9,291,86.6,78.2,1008.0,48.0,26.6,36.0
2025-01-04T05:00,19.6,77,0.0,1013.6,11.7,291,92.7,84.1,699.0,46.0,27.7,33.0
2025-01-04T06:00,18.7,80,0.0,1014.1,8.7,317,92.9,82.7,750.0,51.6,29.2,23.0
2025-01-04T07:00,18.0,82,0.0,1014.7,8.4,337,97.6,86.4,964.0,58.7,31.3,11.0
2025-01-04T08:00,17.2,86,0.0,1015.7,10.0,345,108.3,98.0,1068.0,59.3,32.4,11.0
2025-01-04T09:00,17.7,75,0.0,1016.4,8.1,342,114.8,108.7,917.0,47.1,31.8,36.0
2025-01-04T10:00,19.5,59,0.0,1017.0,7.6,326,76.4,55.1,656.0,28.4,30.1,73.0
2025-01-04T11:00,21.3,50,0.0,1016.5,6.8,333,64.5,32.5,448.0,13.8,28.2,104.0
2025-01-04T12:00,22.9,42,0.0,1015.6,6.6,319,59.6,28.1,356.0,7.9,25.9,120.0
2025-01-04T13:00,23.8,37,0.0,1014.3,8.1,305,50.9,25.4,316.0,6.2,23.3,130.0
2025-01-04T14:00,24.2,32,0.0,1013.2,10.2,300,45.5,24.1,299.0,5.9,21.5,134.0
2025-01-04T15:00,24.1,30,0.0,1012.4,12.3,297,44.4,23.5,291.0,5.6,21.1,133.0
2025-01-04T16:00,23.5,28,0.0,1012.3,14.1,298,46.0,22.6,305.0,6.8,21.5,126.0
2025-01-04T17:00,22.7,26,0.0,1012.7,14.0,301,48.0,21.7,350.0,10.2,20.8,111.0
2025-01-04T18:00,21.7,32,0.0,1013.2,13.0,292,47.7,25.4,454.0,19.8,20.2,93.0
2025-01-04T19:00,20.7,36,0.0,1014.0,11.3,290,48.9,26.6,589.0,32.8,19.3,67.0
2025-01-04T20:00,20.1,38,0.0,1014.6,10.2,284,48.0,24.2,673.0,41.6,18.4,49.0
2025-01-04T21:00,19.5,40,0.0,1015.0,9.5,281,44.1,21.2,656.0,41.5,17.4,45.0
2025-01-04T22:00,19.1,42,0.0,1015.0,8.0,297,40.4,19.7,587.0,37.2,16.3,49.0
2025-01-04T23:00,18.7,43,0.0,1014.8,8.0,318,38.5,19.8,539.0,34.8,15.4,49.0
2025-01-05T00:00,18.4,43,0.0,1014.4,7.2,305,40.6,21.8,550.0,37.7,15.0,41.0
2025-01-05T01:00,17.9,46,0.0,1013.9,5.3,327,45.6,25.5,580.0,42.5,14.8,29.0
2025-01-05T02:00,17.1,48,0.0,1013.7,4.5,360,48.3,29.4,582.0,45.2,14.6,21.0
2025-01-05T03:00,15.8,52,0.0,1013.6,5.7,13,45.3,31.4,481.0,42.9,13.8,19.0
2025-01-05T04:00,14.9,56,0.0,1013.7,5.5,349,44.1,32.1,352.0,38.4,12.9,19.0
2025-01-05T05:00,13.9,59,0.0,1013.6,6.4,352,51.3,36.2,367.0,36.7,15.1,24.0
2025-01-05T06:00,14.2,52,0.0,1014.6,6.8,3,53.7,41.3,680.0,41.2,17.3,22.0
2025-01-05T07:00,13.3,55,0.0,1015.2,6.7,6,60.3,49.8,1137.0,47.0,20.4,21.0
2025-01-05T08:00,13.2,58,0.0,1016.1,6.6,13,67.5,59.1,1448.0,48.6,23.3,28.0
2025-01-05T09:00,14.8,56,0.0,1016.9,5.5,11,66.4,61.0,1475.0,42.4,25.6,50.0
2025-01-05T10:00,17.6,51,0.0,1017.3,3.8,19,57.9,52.3,1356.0,31.9,27.7,80.0
2025-01-05T11:00,20.0,46,0.0,1017.1,1.5,69,50.6,42.4,1212.0,22.8,29.8,106.0
2025-01-05T12:00,21.4,39,0.0,1016.3,2.9,173,50.1,32.0,1066.0,16.6,32.2,123.0
2025-01-05T13:00,22.2,35,0.0,1015.3,5.4,195,48.0,28.4,895.0,11.7,34.6,136.0
2025-01-05T14:00,22.5,35,0.0,1014.3,8.1,204,47.6,28.9,746.0,8.9,36.4,145.0
2025-01-05T15:00,22.4,36,0.0,1014.0,9.9,215,48.8,29.8,604.0,7.7,37.7,151.0
2025-01-05T16:00,21.9,38,0.0,1013.8,10.7,233,50.5,30.3,485.0,8.6,38.4,153.0
2025-01-05T17:00,21.2,39,0.0,1014.0,9.9,254,57.0,38.9,486.0,14.4,40.1,153.0
2025-01-05T18:00,20.2,41,0.0,1014.7,9.0,267,63.3,47.6,708.0,31.7,37.1,122.0
2025-01-05T19:00,19.4,47,0.0,1015.5,8.6,285,68.5,52.6,1050.0,55.6,32.9,78.0
2025-01-05T20:00,18.8,48,0.0,1016.4,8.1,305,67.1,49.6,1309.0,73.4,29.4,43.0
2025-01-05T21:00,18.2,48,0.0,1016.6,7.1,317,64.3,46.7,1417.0,79.9,27.7,25.0
2025-01-05T22:00,17.9,47,0.0,1016.8,6.8,325,62.4,47.1,1442.0,80.3,26.6,16.0
2025-01-05T23:00,17.0,49,0.0,1017.1,6.7,31,62.4,51.1,1380.0,77.6,25.0,11.0
2025-01-06T00:00,16.5,48,0.0,1016.8,6.4,27,58.4,50.4,1184.0,72.1,21.9,9.0
2025-01-06T01:00,16.3,45,0.0,1016.6,6.9,17,50.1,43.8,902.0,63.6,18.3,12.0
2025-01-06T02:00,15.6,45,0.0,1016.3,7.9,35,42.1,37.0,669.0,54.4,15.2,16.0
2025-01-06T03:00,14.9,45,0.0,1016.5,7.2,37,36.4,31.9,505.0,43.4,13.0,22.0
2025-01-06T04:00,14.4,47,0.0,1016.5,7.3,40,32.6,28.5,391.0,31.8,11.5,29.0
2025-01-06T05:00,13.9,49,0.0,1016.7,7.6,31,35.5,31.3,407.0,37.8,11.4,20.0
2025-01-06T06:00,13.5,53,0.0,1017.1,7.7,21,33.5,29.7,667.0,41.7,12.5,15.0
2025-01-06T07:00,13.2,53,0.0,1017.7,7.6,18,37.1,33.4,1056.0,46.6,14.3,9.0
2025-01-06T08:00,13.2,52,0.0,1018.5,8.3,20,45.2,41.3,1313.0,47.4,17.3,13.0
2025-01-06T09:00,15.0,46,0.0,1019.7,8.5,21,45.2,41.2,1317.0,40.4,23.2,38.0
2025-01-06T10:00,18.0,36,0.0,1020.2,6.0,29,39.7,32.4,1188.0,29.4,30.3,73.0
2025-01-06T11:00,20.8,25,0.0,1019.8,6.0,39,33.3,22.2,1024.0,20.0,34.4,101.0
2025-01-06T12:00,22.5,20,0.0,1018.8,5.0,46,28.3,18.7,807.0,14.2,33.1,115.0
2025-01-06T13:00,23.6,18,0.0,1017.7,3.6,63,24.7,17.3,555.0,10.2,28.9,123.0
2025-01-06T14:00,24.3,17,0.0,1016.8,1.9,131,21.6,15.9,413.0,8.0,24.9,126.0
2025-01-06T15:00,24.5,18,0.0,1016.2,3.5,201,18.8,14.6,394.0,6.2,21.9,127.0
2025-01-06T16:00,23.8,26,0.0,1016.0,7.1,221,16.1,13.1,485.0,6.2,19.1,125.0
2025-01-06T17:00,22.7,37,0.0,1016.2,8.0,236,16.8,15.4,797.0,13.0,21.4,114.0
2025-01-06T18:00,20.9,44,0.0,1016.8,9.4,252,32.2,31.3,1619.0,34.8,25.5,85.0
2025-01-06T19:00,20.3,42,0.0,1017.3,7.4,273,50.6,50.1,2662.0,64.5,30.8,45.0
2025-01-06T20:00,20.0,40,0.0,1018.0,5.1,321,53.0,52.6,3171.0,83.9,32.5,17.0
2025-01-06T21:00,19.6,39,0.0,1018.7,5.1,10,41.3,41.0,2641.0,84.5,27.4,11.0
2025-01-06T22:00,18.8,34,0.0,1019.2,7.1,49,29.7,29.3,1577.0,74.8,18.7,17.0
2025-01-06T23:00,17.6,29,0.0,1019.3,7.9,51,24.0,23.5,745.0,62.5,11.7,26.0
2025-01-07T00:00,16.5,30,0.0,1019.1,8.7,45,21.5,20.5,468.0,48.0,8.6,38.0
2025-01-07T01:00,15.9,30,0.0,1019.0,9.2,42,20.0,18.3,422.0,30.8,7.3,53.0
2025-01-07T02:00,15.5,30,0.0,1018.7,10.3,38,18.5,16.3,404.0,17.6,6.5,65.0
2025-01-07T03:00,15.0,30,0.0,1018.7,10.5,35,16.9,14.7,328.0,10.6,5.9,73.0
2025-01-07T04:00,14.6,30,0.0,1018.6,11.0,30,15.3,13.2,279.0,7.6,5.9,78.0
2025-01-07T05:00,14.3,30,0.0,1018.8,11.3,29,15.0,13.2,313.0,9.5,6.5,71.0
2025-01-07T06:00,13.7,34,0.0,1019.3,11.8,27,14.6,12.8,497.0,15.9,7.1,64.0
2025-01-07T07:00,13.5,35,0.0,1020.1,11.5,27,16.1,14.4,762.0,24.5,8.1,55.0
2025-01-07T08:00,13.6,35,0.0,1020.8,11.1,29,20.1,18.5,960.0,29.3,9.6,53.0
2025-01-07T09:00,15.1,31,0.0,1021.6,9.9,33,22.5,21.0,1037.0,27.0,12.1,64.0
2025-01-07T10:00,17.8,26,0.0,1022.2,6.6,43,20.8,18.9,1046.0,21.0,15.0,82.0
2025-01-07T11:00,20.6,21,0.0,1021.5,7.3,54,18.6,16.9,993.0,15.5,17.4,99.0
2025-01-07T12:00,22.4,18,0.0,1020.3,7.9,63,15.9,14.9,830.0,11.7,18.5,112.0
2025-01-07T13:00,23.6,15,0.0,1018.8,6.7,66,14.8,14.0,605.0,8.4,19.1,124.0
2025-01-07T14:00,24.4,13,0.0,1017.8,5.2,61,14.4,13.8,466.0,6.8,19.5,132.0
2025-01-07T15:00,24.8,13,0.0,1017.1,4.8,61,14.5,13.9,428.0,5.2,19.9,138.0
2025-01-07T16:00,24.9,13,0.0,1016.5,4.9,73,14.8,14.3,475.0,5.2,20.1,139.0
2025-01-07T17:00,24.5,13,0.0,1016.5,3.1,90,15.7,15.7,708.0,12.9,20.9,125.0
2025-01-07T18:00,22.9,21,0.0,1016.7,3.5,242,27.2,27.2,1334.0,34.7,23.0,94.0
2025-01-07T19:00,21.4,25,0.0,1017.2,3.7,299,45.9,45.9,2146.0,64.7,25.9,51.0
2025-01-07T20:00,20.6,21,0.0,1017.4,5.0,358,49.9,49.9,2620.0,85.9,27.3,20.0
2025-01-07T21:00,20.1,22,0.0,1017.5,6.1,23,44.5,44.5,2453.0,91.3,26.0,11.0
2025-01-07T22:00,19.0,24,0.0,1017.8,6.9,37,38.8,38.8,1947.0,87.9,23.3,14.0
2025-01-07T23:00,17.7,26,0.0,1017.3,7.1,41,34.6,34.6,1493.0,80.4,20.8,20.0
2025-01-08T00:00,16.7,29,0.0,1016.8,6.9,45,31.9,31.9,1222.0,67.8,18.8,27.0
2025-01-08T01:00,15.8,31,0.0,1016.3,6.5,44,29.3,29.3,1002.0,51.0,17.0,37.0
2025-01-08T02:00,15.0,34,0.0,1015.9,5.5,44,26.7,26.7,823.0,37.0,15.6,45.0
2025-01-08T03:00,14.4,36,0.0,1015.7,4.9,57,24.0,24.0,638.0,27.5,14.7,49.0
2025-01-08T04:00,13.8,38,0.0,1015.7,4.9,54,21.7,21.7,493.0,20.8,14.2,52.0
2025-01-08T05:00,13.1,40,0.0,1015.6,4.8,42,23.0,23.0,518.0,25.6,13.0,37.0
2025-01-08T06:00,12.0,43,0.0,1016.1,5.2,44,21.1,21.0,853.0,31.2,13.8,29.0
2025-01-08T07:00,11.6,44,0.0,1016.6,5.5,32,22.6,22.6,1358.0,38.6,15.2,20.0
2025-01-08T08:00,11.5,45,0.0,1017.4,5.8,30,31.0,31.0,1736.0,42.3,17.5,21.0
2025-01-08T09:00,13.6,38,0.0,1018.4,3.9,37,31.9,31.9,1878.0,39.1,21.2,43.0
2025-01-08T10:00,17.2,28,0.0,1018.5,3.3,54,29.2,29.1,1894.0,32.2,25.9,75.0
2025-01-08T11:00,20.3,20,0.0,1018.1,2.5,90,22.4,22.4,1813.0,25.9,30.7,103.0
2025-01-08T12:00,22.2,17,0.0,1016.8,2.4,126,18.0,17.8,1590.0,21.1,35.7,121.0
2025-01-08T13:00,23.1,18,0.0,1015.4,3.8,163,18.2,17.6,1271.0,16.9,40.8,134.0
2025-01-08T14:00,23.5,20,0.0,1014.4,6.1,182,19.6,18.9,1021.0,14.7,45.1,143.0
2025-01-08T15:00,23.3,23,0.0,1013.7,8.0,198,21.5,20.8,892.0,14.0,48.7,152.0
2025-01-08T16:00,22.8,24,0.0,1013.7,9.6,210,23.3,22.6,834.0,15.3,51.5,157.0
2025-01-08T17:00,21.8,26,0.0,1013.9,8.7,230,26.9,26.8,856.0,20.2,55.3,154.0
2025-01-08T18:00,20.7,43,0.0,1014.2,7.9,254,34.3,34.2,1022.0,35.9,50.8,126.0
2025-01-08T19:00,20.2,49,0.0,1014.6,7.7,281,40.7,40.5,1270.0,57.3,44.5,87.0
2025-01-08T20:00,19.7,51,0.0,1015.0,8.5,302,40.7,40.4,1423.0,71.4,38.8,58.0
2025-01-08T21:00,18.8,57,0.0,1015.3,7.8,314,39.7,39.0,1394.0,71.6,34.8,48.0
2025-01-08T22:00,18.0,62,0.0,1015.3,7.5,330,38.6,37.8,1271.0,64.5,31.5,47.0
2025-01-08T23:00,17.5,67,0.0,1014.9,7.6,342,37.8,36.9,1138.0,56.6,28.3,47.0
2025-01-09T00:00,17.0,72,0.0,1014.6,7.2,354,35.9,34.9,1021.0,49.5,25.0,47.0
2025-01-09T01:00,16.4,76,0.0,1014.0,6.9,5,33.2,32.4,896.0,41.7,21.8,48.0
2025-01-09T02:00,16.0,79,0.0,1013.5,7.3,10,31.1,30.2,771.0,35.3,19.2,48.0
2025-01-09T03:00,15.4,81,0.0,1013.2,7.6,8,29.6,28.5,601.0,30.4,17.1,44.0
2025-01-09T04:00,14.7,84,0.0,1012.8,7.5,11,28.3,26.9,431.0,27.0,15.5,39.0
2025-01-09T05:00,14.0,85,0.0,1012.7,7.2,19,28.4,26.6,415.0,26.1,14.8,34.0
2025-01-09T06:00,12.8,81,0.0,1013.6,6.3,20,28.6,26.5,677.0,32.3,15.9,26.0
2025-01-09T07:00,12.9,76,0.0,1014.7,5.5,32,31.3,29.2,1092.0,40.6,17.6,16.0
2025-01-09T08:00,12.3,74,0.0,1015.2,6.4,43,37.5,35.7,1434.0,44.7,19.6,19.0
2025-01-09T09:00,13.7,65,0.0,1016.0,6.9,33,37.3,36.1,1658.0,41.1,22.5,45.0
2025-01-09T10:00,17.1,48,0.0,1016.4,5.0,49,33.9,33.4,1809.0,33.3,25.8,82.0
2025-01-09T11:00,20.5,38,0.0,1016.2,4.5,90,29.8,29.7,1795.0,25.7,27.6,114.0
2025-01-09T12:00,22.7,29,0.0,1015.2,5.3,123,21.9,21.8,1478.0,18.8,26.5,133.0
2025-01-09T13:00,23.7,24,0.0,1013.9,6.6,143,17.9,17.9,996.0,12.1,23.8,146.0
2025-01-09T14:00,24.1,24,0.0,1012.9,6.2,163,17.4,17.4,669.0,8.0,21.9,154.0
2025-01-09T15:00,24.2,25,0.0,1012.0,6.5,183,17.6,17.5,574.0,4.6,21.7,160.0
2025-01-09T16:00,23.9,26,0.0,1011.8,6.5,193,17.7,17.6,635.0,3.9,22.2,160.0
2025-01-09T17:00,23.3,29,0.0,1011.9,5.5,197,19.5,19.3,936.0,14.2,28.0,146.0
2025-01-09T18:00,22.4,30,0.0,1012.6,6.0,217,35.0,34.9,1719.0,42.4,28.5,109.0
2025-01-09T19:00,21.9,34,0.0,1013.4,5.2,211,51.7,51.5,2744.0,81.0,29.2,59.0
2025-01-09T20:00,21.2,41,0.0,1013.8,2.1,232,56.9,56.7,3375.0,108.9,30.4,21.0
2025-01-09T21:00,20.1,42,0.0,1014.6,4.2,5,60.3,60.1,3270.0,116.2,33.0,9.0
2025-01-09T22:00,19.2,36,0.0,1015.0,6.0,351,62.2,61.7,2772.0,112.7,36.0,9.0
2025-01-09T23:00,18.3,37,0.0,1014.7,7.7,360,65.7,65.4,2273.0,106.2,36.5,12.0
2025-01-10T00:00,17.7,39,0.0,1014.8,8.6,33,58.2,58.1,1879.0,98.7,32.5,13.0
2025-01-10T01:00,17.5,39,0.0,1014.5,5.2,27,48.2,48.2,1485.0,88.3,25.9,16.0
2025-01-10T02:00,16.9,41,0.0,1014.4,2.7,8,41.4,41.3,1163.0,76.7,20.4,21.0
2025-01-10T03:00,16.2,43,0.0,1014.4,3.1,21,36.6,36.4,919.0,62.6,16.9,30.0
2025-01-10T04:00,15.4,47,0.0,1014.3,6.4,38,32.6,32.6,749.0,47.5,14.4,40.0
2025-01-10T05:00,15.5,47,0.0,1014.3,6.9,45,31.1,31.0,708.0,47.4,13.5,35.0
2025-01-10T06:00,16.9,42,0.0,1014.8,6.1,32,28.6,28.6,899.0,48.6,14.2,33.0
2025-01-10T07:00,16.5,44,0.0,1015.3,6.9,25,29.1,29.0,1220.0,49.9,15.2,30.0
2025-01-10T08:00,16.2,45,0.0,1016.1,8.0,23,35.6,35.5,1423.0,49.1,16.4,34.0
2025-01-10T09:00,17.3,41,0.0,1016.9,8.6,12,41.4,41.3,1390.0,44.6,17.8,48.0
2025-01-10T10:00,19.7,35,0.0,1017.4,5.8,14,40.9,40.5,1239.0,37.8,19.4,69.0
2025-01-10T11:00,22.0,30,0.0,1017.2,4.0,30,40.3,39.5,1079.0,30.9,21.2,89.0
2025-01-10T12:00,23.7,25,0.0,1016.2,2.5,60,38.0,37.0,926.0,23.5,23.4,109.0
2025-01-10T13:00,24.7,22,0.0,1014.8,1.5,135,30.7,30.0,765.0,16.0,25.9,130.0
2025-01-10T14:00,25.3,22,0.0,1013.8,3.6,183,27.1,26.6,651.0,11.2,28.2,145.0
2025-01-10T15:00,25.4,24,0.0,1013.1,9.1,212,27.0,26.6,595.0,7.7,30.3,157.0
2025-01-10T16:00,24.2,36,0.0,1013.0,13.6,244,28.2,27.8,587.0,6.8,32.3,163.0
2025-01-10T17:00,23.1,38,0.0,1013.1,13.1,271,58.4,56.5,658.0,16.8,34.7,147.0
2025-01-10T18:00,22.3,40,0.0,1013.6,11.1,287,70.5,68.7,877.0,44.3,33.5,108.0
2025-01-10T19:00,21.4,44,0.0,1014.2,9.0,299,74.3,72.4,1174.0,81.8,31.7,55.0
2025-01-10T20:00,20.6,47,0.0,1015.0,7.7,329,75.2,73.1,1376.0,106.3,30.3,16.0
2025-01-10T21:00,20.2,48,0.0,1015.7,8.1,4,78.5,76.6,1397.0,105.9,29.7,7.0
2025-01-10T22:00,20.0,45,0.0,1015.9,8.6,2,75.0,74.0,1322.0,92.5,29.5,12.0
2025-01-10T23:00,19.9,42,0.0,1015.9,6.8,3,65.7,65.2,1228.0,78.5,28.7,20.0
2025-01-11T00:00,19.0,43,0.0,1015.8,6.6,11,57.2,56.9,1131.0,68.0,26.7,26.0
2025-01-11T01:00,18.3,44,0.0,1015.7,6.6,21,49.8,49.7,1015.0,57.0,24.1,34.0
2025-01-11T02:00,17.6,45,0.0,1015.4,6.9,28,44.6,44.6,908.0,46.1,22.1,43.0
2025-01-11T03:00,17.0,46,0.0,1015.2,6.8,25,40.7,40.6,770.0,33.1,21.0,54.0
2025-01-11T04:00,16.4,48,0.0,1015.1,6.7,31,38.0,37.8,641.0,20.2,20.5,65.0
2025-01-11T05:00,16.0,50,0.0,1015.2,7.6,22,38.9,38.8,671.0,21.1,20.1,55.0
2025-01-11T06:00,15.4,51,0.0,1015.7,7.6,5,38.5,38.5,1024.0,28.9,20.7,43.0
2025-01-11T07:00,14.9,52,0.0,1016.2,7.0,1,41.6,41.6,1536.0,39.4,21.7,27.0
2025-01-11T08:00,14.8,52,0.0,1016.8,7.2,359,49.4,49.4,1867.0,45.4,24.0,25.0
2025-01-11T09:00,16.7,45,0.0,1017.7,5.6,17,54.2,54.1,1857.0,43.1,28.9,50.0
2025-01-11T10:00,19.6,36,0.0,1018.1,3.5,21,53.4,53.4,1667.0,36.3,35.1,89.0
2025-01-11T11:00,22.2,29,0.0,1018.0,2.2,9,45.2,44.9,1437.0,28.9,38.9,122.0
2025-01-11T12:00,23.9,25,0.0,1016.9,1.3,262,40.2,39.9,1171.0,21.0,38.4,142.0
2025-01-11T13:00,24.8,23,0.0,1015.7,2.2,204,36.6,36.4,866.0,12.5,35.5,156.0
2025-01-11T14:00,25.3,22,0.0,1014.7,4.8,207,33.9,33.8,646.0,7.0,32.9,164.0
2025-01-11T15:00,25.8,20,0.0,1014.1,4.8,225,32.1,31.9,567.0,3.6,31.2,167.0
2025-01-11T16:00,25.9,18,0.0,1013.7,6.1,256,30.9,30.6,574.0,3.1,29.8,164.0
2025-01-11T17:00,24.8,23,0.0,1013.9,9.4,272,27.0,26.5,631.0,11.7,30.7,149.0
2025-01-11T18:00,22.0,47,0.0,1014.8,10.6,267,41.8,41.3,732.0,37.3,30.5,111.0
2025-01-11T19:00,20.9,56,0.0,1015.5,8.3,268,51.5,50.6,884.0,72.3,30.3,58.0
2025-01-11T20:00,20.5,62,0.0,1016.3,6.2,282,54.6,53.6,1069.0,96.4,30.5,19.0
2025-01-11T21:00,20.0,64,0.0,1016.9,6.0,316,60.3,59.0,1342.0,98.9,32.0,8.0
2025-01-11T22:00,19.4,66,0.0,1017.3,5.2,340,66.4,65.2,1649.0,90.4,34.0,11.0
2025-01-11T23:00,18.6,67,0.0,1017.2,5.4,15,64.5,64.0,1805.0,82.3,34.0,14.0
2025-01-12T00:00,18.3,66,0.0,1016.9,5.5,19,57.9,57.6,1700.0,79.4,30.3,13.0
2025-01-12T01:00,17.8,61,0.0,1016.7,6.1,19,49.4,49.1,1445.0,76.9,24.6,13.0
2025-01-12T02:00,17.1,53,0.0,1016.8,6.3,24,41.9,41.9,1192.0,71.3,20.1,15.0
2025-01-12T03:00,16.5,45,0.0,1016.7,6.0,25,37.0,36.9,931.0,59.0,18.0,23.0
2025-01-12T04:00,16.1,43,0.0,1016.7,6.4,36,33.6,33.6,672.0,43.7,17.1,34.0
2025-01-12T05:00,15.7,42,0.0,1016.9,7.0,42,35.3,35.3,598.0,56.3,15.8,17.0
2025-01-12T06:00,14.8,47,0.0,1017.6,6.8,32,33.8,33.8,868.0,56.1,17.6,17.0
2025-01-12T07:00,14.7,45,0.0,1018.1,7.2,27,36.2,36.1,1321.0,55.4,20.2,19.0
2025-01-12T08:00,14.7,43,0.0,1018.9,6.8,37,42.3,42.3,1663.0,51.8,22.8,30.0
2025-01-12T09:00,16.4,38,0.0,1019.7,5.7,53,41.3,41.3,1798.0,42.8,25.6,59.0
2025-01-12T10:00,19.7,31,0.0,1020.3,4.8,68,36.9,36.8,1821.0,30.9,28.4,97.0
2025-01-12T11:00,22.3,25,0.0,1020.2,6.2,98,39.2,39.1,1718.0,20.9,30.1,130.0
2025-01-12T12:00,23.8,24,0.0,1019.3,7.1,106,40.6,40.5,1395.0,14.4,30.0,153.0
2025-01-12T13:00,24.9,22,0.0,1018.1,6.9,110,39.0,38.9,946.0,9.8,28.8,170.0
2025-01-12T14:00,25.5,20,0.0,1017.1,7.1,109,36.6,36.4,636.0,7.2,27.5,179.0
2025-01-12T15:00,25.8,20,0.0,1016.5,7.8,97,35.3,35.2,601.0,6.8,26.2,179.0
2025-01-12T16:00,25.6,21,0.0,1016.5,10.0,77,35.3,35.2,705.0,8.5,24.8,171.0
2025-01-12T17:00,24.9,22,0.0,1016.8,12.8,64,36.4,36.3,812.0,11.7,22.1,156.0
2025-01-12T18:00,23.5,23,0.0,1017.7,13.0,65,44.0,43.9,891.0,18.0,21.5,138.0
2025-01-12T19:00,22.3,24,0.0,1018.3,13.5,61,48.5,48.4,973.0,26.5,20.7,114.0
2025-01-12T20:00,21.2,26,0.0,1019.0,13.1,58,49.5,49.2,1013.0,31.4,20.1,96.0
2025-01-12T21:00,20.0,28,0.0,1019.3,13.1,58,50.2,49.9,980.0,29.3,19.8,90.0
2025-01-12T22:00,19.1,30,0.0,1019.2,13.6,58,50.8,50.4,906.0,23.5,19.8,91.0
2025-01-12T23:00,18.4,32,0.0,1019.0,13.2,59,51.1,50.8,838.0,18.2,19.7,93.0
2025-01-13T00:00,17.9,35,0.0,1018.8,12.8,58,51.2,50.9,788.0,14.6,19.6,95.0
2025-01-13T01:00,17.4,38,0.0,1018.6,12.5,57,51.2,50.8,745.0,11.5,19.5,99.0
2025-01-13T02:00,17.0,40,0.0,1018.2,12.5,55,51.8,51.3,719.0,9.0,19.4,101.0
2025-01-13T03:00,16.7,43,0.0,1018.3,13.6,59,53.3,52.9,702.0,6.9,19.4,102.0
2025-01-13T04:00,16.2,46,0.0,1018.4,14.3,59,55.8,55.3,702.0,5.4,19.5,102.0
2025-01-13T05:00,15.7,49,0.0,1018.9,14.4,58,59.4,58.8,760.0,5.8,19.9,102.0
2025-01-13T06:00,14.9,53,0.0,1020.0,14.3,59,62.6,61.9,947.0,10.4,19.7,93.0
2025-01-13T07:00,14.7,55,0.0,1020.6,14.0,59,66.6,65.7,1192.0,16.5,19.5,80.0
2025-01-13T08:00,14.7,56,0.0,1020.8,13.8,57,71.0,69.8,1316.0,19.9,19.0,75.0
2025-01-13T09:00,15.8,53,0.0,1021.2,13.4,58,73.1,71.9,1207.0,17.9,18.1,83.0
2025-01-13T10:00,17.7,48,0.0,1021.4,13.9,60,73.6,71.7,977.0,13.2,16.9,99.0
2025-01-13T11:00,19.6,42,0.0,1021.0,15.1,62,70.1,68.0,787.0,9.3,15.9,114.0
2025-01-13T12:00,21.2,36,0.0,1019.9,14.8,64,60.8,59.1,694.0,7.3,15.1,127.0
2025-01-13T13:00,22.3,32,0.0,1018.5,13.9,66,51.9,50.8,641.0,6.0,14.5,139.0
2025-01-13T14:00,23.1,29,0.0,1017.3,12.6,70,45.6,44.7,619.0,5.7,14.1,147.0
2025-01-13T15:00,23.5,27,0.0,1016.5,11.7,67,41.4,40.6,619.0,6.1,13.9,149.0
2025-01-13T16:00,23.5,27,0.0,1016.0,11.5,59,38.8,38.0,650.0,7.4,13.9,145.0
2025-01-13T17:00,23.0,27,0.0,1015.9,11.9,55,29.9,29.7,725.0,10.3,13.5,133.0
2025-01-13T18:00,21.8,33,0.0,1016.3,11.6,51,37.7,37.4,889.0,16.1,13.7,119.0
2025-01-13T19:00,20.7,37,0.0,1016.9,11.6,58,44.1,43.7,1099.0,23.9,13.9,99.0
2025-01-13T20:00,19.7,40,0.0,1017.6,11.3,57,47.8,47.3,1232.0,28.9,14.0,83.0
2025-01-13T21:00,18.6,45,0.0,1018.1,11.0,56,50.4,49.7,1229.0,28.7,14.0,76.0
2025-01-13T22:00,17.7,49,0.0,1018.5,10.6,60,52.4,51.7,1151.0,25.7,13.9,72.0
2025-01-13T23:00,16.9,53,0.0,1018.2,10.1,59,54.0,53.2,1059.0,22.3,13.5,71.0
2025-01-14T00:00,16.3,56,0.0,1017.9,10.1,55,54.8,54.0,966.0,18.9,12.7,71.0
2025-01-14T01:00,15.8,59,0.0,1017.7,9.9,57,54.9,54.0,860.0,15.0,11.7,74.0
2025-01-14T02:00,15.3,61,0.0,1017.5,10.1,65,54.7,53.8,769.0,11.9,11.0,76.0
2025-01-14T03:00,14.9,62,0.0,1017.4,10.1,63,54.6,53.7,676.0,9.2,10.7,78.0
2025-01-14T04:00,14.4,65,0.0,1017.3,10.0,51,54.6,53.8,599.0,7.2,10.7,80.0
2025-01-14T05:00,14.1,65,0.0,1017.3,10.3,49,54.8,54.0,618.0,7.6,10.9,80.0
2025-01-14T06:00,13.7,66,0.0,1018.1,10.3,54,55.9,55.2,828.0,14.3,11.7,71.0
2025-01-14T07:00,13.5,66,0.0,1018.4,10.4,62,58.8,58.0,1135.0,23.3,12.9,60.0
2025-01-14T08:00,13.6,66,0.0,1019.0,10.3,55,63.8,63.1,1332.0,28.6,14.3,57.0
2025-01-14T09:00,14.9,60,0.0,1019.4,8.9,52,65.9,65.2,1321.0,26.7,15.9,70.0
2025-01-14T10:00,17.2,53,0.0,1020.0,8.6,64,65.9,65.0,1201.0,21.1,17.7,92.0
2025-01-14T11:00,19.5,45,0.0,1019.6,8.2,75,59.6,58.2,1064.0,15.9,19.4,113.0
2025-01-14T12:00,21.4,37,0.0,1018.4,6.2,68,51.0,49.2,915.0,12.3,21.3,130.0
2025-01-14T13:00,22.8,34,0.0,1016.9,4.4,38,44.0,41.9,749.0,9.3,23.1,146.0
2025-01-14T14:00,23.7,34,0.0,1015.8,4.0,342,42.8,40.0,641.0,7.6,24.3,156.0
2025-01-14T15:00,24.1,34,0.0,1015.1,3.6,270,45.4,41.1,633.0,5.1,24.3,162.0
2025-01-14T16:00,23.9,35,0.0,1015.0,5.0,240,47.6,41.7,684.0,4.0,23.7,163.0
2025-01-14T17:00,23.4,37,0.0,1014.9,5.8,275,42.0,37.4,744.0,12.8,25.3,150.0
2025-01-14T18:00,22.0,45,0.0,1015.5,9.3,304,50.2,46.7,775.0,39.4,26.9,111.0
2025-01-14T19:00,20.4,51,0.0,1016.2,10.3,310,67.1,64.3,814.0,75.6,29.0,59.0
2025-01-14T20:00,19.5,56,0.0,1017.0,9.1,319,77.8,75.0,927.0,99.7,29.8,20.0
2025-01-14T21:00,19.0,60,0.0,1017.7,5.4,20,82.4,79.9,1226.0,101.0,28.5,9.0
2025-01-14T22:00,18.7,58,0.0,1018.1,6.3,53,72.9,71.5,1598.0,90.2,25.9,13.0
2025-01-14T23:00,18.8,52,0.0,1018.2,6.4,43,65.0,63.8,1767.0,77.4,22.9,20.0
2025-01-15T00:00,18.0,49,0.0,1018.0,8.5,54,61.7,60.5,1545.0,64.6,19.1,27.0
2025-01-15T01:00,16.9,52,0.0,1017.9,8.0,54,59.8,58.4,1120.0,49.9,14.9,37.0
2025-01-15T02:00,16.4,56,0.0,1017.7,7.8,44,58.1,56.7,778.0,36.7,11.7,47.0
2025-01-15T03:00,15.8,59,0.0,1017.8,8.0,31,56.5,54.9,606.0,25.3,10.2,56.0
2025-01-15T04:00,15.5,60,0.0,1017.9,8.1,37,54.1,52.7,517.0,15.5,9.8,65.0
2025-01-15T05:00,15.1,62,0.0,1017.8,8.3,24,52.4,51.2,543.0,13.8,10.3,62.0
2025-01-15T06:00,14.9,62,0.0,1018.5,9.2,45,51.2,50.1,774.0,20.7,11.2,56.0
2025-01-15T07:00,14.9,61,0.0,1018.8,9.5,46,52.6,51.2,1120.0,30.0,12.5,48.0
2025-01-15T08:00,15.0,60,0.0,1019.5,9.2,43,57.2,55.4,1340.0,35.0,13.9,48.0
2025-01-15T09:00,16.5,54,0.0,1020.4,7.1,38,59.0,57.2,1313.0,31.9,15.4,63.0
2025-01-15T10:00,18.9,46,0.0,1020.9,6.5,32,58.3,55.9,1160.0,24.4,17.0,86.0
2025-01-15T11:00,21.3,38,0.0,1020.6,6.6,21,53.6,47.7,999.0,17.7,18.7,107.0
2025-01-15T12:00,23.0,34,0.0,1019.6,7.0,13,52.3,39.6,849.0,13.0,21.0,125.0
2025-01-15T13:00,24.1,33,0.0,1018.2,5.8,4,50.8,38.4,690.0,9.0,23.4,142.0
2025-01-15T14:00,24.8,32,0.0,1017.0,2.7,298,49.9,38.0,587.0,6.7,24.9,152.0
2025-01-15T15:00,25.1,32,0.0,1016.2,3.9,257,49.0,36.9,551.0,4.1,24.4,155.0
2025-01-15T16:00,25.0,32,0.0,1015.8,6.8,282,47.4,35.3,569.0,3.1,23.0,151.0
2025-01-15T17:00,24.0,39,0.0,1015.8,10.4,285,50.8,39.7,670.0,11.4,23.7,135.0
2025-01-15T18:00,22.4,53,0.0,1016.8,9.9,279,62.4,53.7,890.0,37.9,28.5,101.0
2025-01-15T19:00,21.0,62,0.0,1017.5,6.4,281,84.3,76.1,1193.0,74.1,34.9,54.0
2025-01-15T20:00,20.4,66,0.0,1018.2,4.3,265,97.6,89.4,1489.0,98.6,38.6,20.0
2025-01-15T21:00,19.9,71,0.0,1018.4,3.4,267,93.4,86.6,1829.0,100.9,37.0,11.0
2025-01-15T22:00,19.3,75,0.0,1018.7,4.2,335,82.0,77.3,2164.0,91.6,32.7,16.0
2025-01-15T23:00,18.2,73,0.0,1018.9,10.5,16,75.4,71.7,2256.0,80.7,28.5,22.0
2025-01-16T00:00,17.7,60,0.0,1019.2,10.8,15,72.4,68.7,1903.0,71.0,25.2,28.0
2025-01-16T01:00,17.9,55,0.0,1018.8,8.5,24,70.3,66.1,1308.0,59.7,22.1,36.0
2025-01-16T02:00,17.6,52,0.0,1018.6,8.1,24,69.6,64.5,846.0,48.7,19.8,43.0
2025-01-16T03:00,17.3,51,0.0,1018.0,7.7,21,69.8,63.8,632.0,36.9,18.5,49.0
2025-01-16T04:00,16.7,53,0.0,1017.6,7.8,38,70.1,63.6,552.0,25.4,17.9,53.0
2025-01-16T05:00,16.1,55,0.0,1017.7,6.7,52,69.8,64.0,639.0,30.7,16.9,40.0
2025-01-16T06:00,15.4,58,0.0,1019.0,4.9,66,70.8,64.5,1026.0,35.2,17.3,30.0
2025-01-16T07:00,15.1,59,0.0,1019.8,3.7,55,75.0,67.8,1579.0,41.2,18.2,17.0
2025-01-16T08:00,14.7,60,0.0,1020.4,4.8,22,84.8,78.2,1930.0,43.7,21.1,19.0
2025-01-16T09:00,15.9,55,0.0,1020.8,3.6,18,86.1,80.1,1888.0,39.8,27.8,48.0
2025-01-16T10:00,18.5,45,0.0,1021.5,1.4,40,83.4,73.3,1645.0,32.4,36.4,91.0
2025-01-16T11:00,20.7,40,0.0,1021.4,0.8,135,78.5,67.1,1401.0,25.4,43.4,127.0
2025-01-16T12:00,22.0,41,0.0,1020.4,4.0,185,71.5,60.1,1214.0,19.6,47.4,149.0
2025-01-16T13:00,22.6,41,0.0,1019.2,7.0,190,67.5,54.5,1026.0,14.3,49.7,165.0
2025-01-16T14:00,22.7,42,0.0,1018.3,9.8,197,65.2,51.2,872.0,11.1,50.6,176.0
2025-01-16T15:00,22.3,47,0.0,1017.8,11.1,210,64.5,49.9,707.0,8.7,50.0,185.0
2025-01-16T16:00,22.0,49,0.0,1017.6,10.1,231,65.2,49.8,575.0,8.4,47.9,190.0
2025-01-16T17:00,21.5,50,0.0,1017.8,9.1,243,79.4,66.1,641.0,15.2,50.6,183.0
2025-01-16T18:00,20.6,56,0.0,1018.3,6.8,245,84.1,72.6,1074.0,40.9,46.6,140.0
2025-01-16T19:00,20.1,61,0.0,1018.7,6.2,253,93.1,83.4,1706.0,76.2,41.2,82.0
2025-01-16T20:00,19.6,66,0.0,1019.5,5.7,261,94.5,84.8,2194.0,101.5,37.3,37.0
2025-01-16T21:00,19.3,68,0.0,1020.3,1.9,304,99.9,88.9,2448.0,109.1,37.2,20.0
2025-01-16T22:00,19.0,68,0.0,1020.6,3.0,25,106.9,95.7,2559.0,106.7,38.5,16.0
2025-01-16T23:00,18.4,68,0.0,1020.5,7.6,43,91.0,84.5,2459.0,98.1,37.7,19.0
2025-01-17T00:00,17.7,59,0.0,1020.2,9.1,41,70.1,66.1,2008.0,81.3,32.0,27.0
2025-01-17T01:00,17.0,53,0.0,1019.9,8.0,34,54.1,51.2,1346.0,58.3,24.0,41.0
2025-01-17T02:00,16.6,53,0.0,1019.5,7.8,38,44.1,41.2,830.0,39.1,18.0,53.0
2025-01-17T03:00,16.0,56,0.0,1019.1,8.2,33,39.3,36.1,596.0,26.7,15.8,61.0
2025-01-17T04:00,15.3,59,0.0,1019.1,9.4,24,37.3,33.4,508.0,18.0,15.5,67.0
2025-01-17T05:00,14.9,59,0.0,1019.0,9.9,25,38.2,34.3,517.0,16.1,15.3,64.0
2025-01-17T06:00,14.8,56,0.0,1019.4,10.3,23,39.1,34.6,672.0,20.7,16.6,63.0
2025-01-17T07:00,14.9,55,0.0,1020.0,11.0,23,42.8,37.7,924.0,26.8,18.4,63.0
2025-01-17T08:00,15.2,55,0.0,1020.6,11.5,27,49.0,43.2,1073.0,29.3,19.5,68.0
2025-01-17T09:00,16.8,49,0.0,1021.2,11.0,26,51.1,45.6,1018.0,24.9,19.5,82.0
2025-01-17T10:00,19.4,39,0.0,1021.3,9.3,34,49.6,41.7,861.0,17.0,18.8,100.0
2025-01-17T11:00,22.0,29,0.0,1020.7,10.9,46,36.9,28.8,707.0,10.5,17.9,116.0
2025-01-17T12:00,23.5,20,0.0,1019.3,15.2,66,29.0,22.3,575.0,7.3,16.7,126.0
2025-01-17T13:00,24.0,19,0.0,1017.5,15.9,65,26.6,21.0,447.0,5.5,15.4,134.0
2025-01-17T14:00,24.4,19,0.0,1016.3,15.6,66,26.1,21.0,370.0,4.8,14.4,139.0
2025-01-17T15:00,24.5,19,0.0,1015.0,15.3,70,26.7,22.0,368.0,4.9,14.2,143.0
2025-01-17T16:00,24.2,19,0.0,1014.7,14.5,69,27.6,23.2,417.0,6.1,14.4,144.0
2025-01-17T17:00,23.4,21,0.0,1015.0,14.3,65,43.8,35.6,495.0,8.9,14.9,136.0
2025-01-17T18:00,22.6,24,0.0,1015.5,13.0,62,45.4,39.8,621.0,14.4,15.2,121.0
2025-01-17T19:00,21.6,28,0.0,1016.0,13.4,58,47.6,42.6,775.0,22.0,15.6,101.0
2025-01-17T20:00,20.6,32,0.0,1016.6,12.7,57,47.7,42.8,874.0,26.8,15.9,85.0
2025-01-17T21:00,19.6,36,0.0,1017.0,11.8,54,47.4,42.6,879.0,26.7,15.8,78.0
2025-01-17T22:00,18.7,40,0.0,1016.9,11.6,51,47.6,43.2,828.0,24.0,15.5,75.0
2025-01-17T23:00,18.0,43,0.0,1016.8,12.0,44,48.8,44.6,758.0,20.6,15.3,75.0
2025-01-18T00:00,17.5,44,0.0,1016.6,12.3,39,49.8,45.9,662.0,16.6,15.1,79.0
2025-01-18T01:00,17.4,42,0.0,1016.3,12.5,41,49.6,46.3,545.0,12.0,15.0,85.0
2025-01-18T02:00,17.2,41,0.0,1016.1,13.4,43,48.5,45.9,465.0,8.4,14.9,90.0
2025-01-18T03:00,16.9,42,0.0,1015.9,13.6,43,47.4,44.9,435.0,6.1,14.8,92.0
2025-01-18T04:00,16.4,46,0.0,1015.6,13.8,42,46.3,44.0,440.0,4.9,14.8,92.0
2025-01-18T05:00,16.0,49,0.0,1015.6,13.6,43,46.6,45.2,494.0,5.5,16.1,91.0
2025-01-18T06:00,15.7,49,0.0,1016.0,13.5,44,46.3,45.2,641.0,10.3,16.5,85.0
2025-01-18T07:00,15.5,49,0.0,1016.5,13.3,40,47.3,46.3,836.0,16.8,17.0,77.0
2025-01-18T08:00,15.6,48,0.0,1017.0,12.9,43,49.8,48.9,955.0,20.5,17.7,76.0
2025-01-18T09:00,17.0,44,0.0,1017.3,10.9,46,51.0,50.2,931.0,18.9,18.7,89.0
2025-01-18T10:00,19.1,38,0.0,1017.7,11.5,51,50.4,49.4,831.0,14.6,19.9,108.0
2025-01-18T11:00,21.4,32,0.0,1017.3,12.1,55,47.0,45.2,732.0,10.8,20.6,126.0
2025-01-18T12:00,23.0,25,0.0,1015.9,12.9,67,41.9,38.8,645.0,8.4,20.2,139.0
2025-01-18T13:00,24.1,22,0.0,1014.5,11.0,71,36.8,33.5,560.0,6.5,19.2,151.0
2025-01-18T14:00,24.7,21,0.0,1013.2,9.4,83,33.5,30.9,519.0,5.9,18.8,158.0
2025-01-18T15:00,24.9,20,0.0,1012.3,8.4,97,32.7,30.4,531.0,4.5,19.6,163.0
2025-01-18T16:00,24.8,21,0.0,1011.8,8.2,105,32.5,30.4,588.0,4.2,21.0,165.0
2025-01-18T17:00,24.2,22,0.0,1012.0,7.7,108,35.9,32.8,709.0,12.2,22.0,148.0
2025-01-18T18:00,23.3,23,0.0,1012.7,8.7,98,45.5,43.2,970.0,32.2,21.5,116.0
2025-01-18T19:00,22.2,26,0.0,1013.0,11.3,88,56.2,54.5,1295.0,59.0,20.7,73.0
2025-01-18T20:00,21.2,29,0.0,1013.8,10.5,78,53.6,51.9,1479.0,73.3,19.6,45.0
2025-01-18T21:00,20.0,33,0.0,1014.3,10.5,71,50.8,49.1,1391.0,62.9,17.8,49.0
2025-01-18T22:00,19.0,36,0.0,1014.8,11.1,60,49.6,48.0,1161.0,39.9,15.5,68.0
2025-01-18T23:00,18.1,40,0.0,1014.6,11.4,52,49.0,47.5,972.0,21.6,13.8,83.0
2025-01-19T00:00,17.5,42,0.0,1014.6,10.7,49,48.1,46.8,899.0,15.0,12.9,86.0
2025-01-19T01:00,16.9,44,0.0,1014.2,9.7,48,46.7,45.5,867.0,13.1,12.6,85.0
2025-01-19T02:00,16.3,46,0.0,1014.3,9.7,34,45.2,44.1,830.0,11.8,12.3,84.0
2025-01-19T03:00,15.8,47,0.0,1014.3,9.6,37,43.9,43.0,738.0,9.2,11.9,85.0
2025-01-19T04:00,15.5,48,0.0,1014.3,9.3,44,43.1,42.0,640.0,7.3,11.7,86.0
2025-01-19T05:00,15.2,48,0.0,1014.3,9.6,43,42.6,41.7,645.0,8.3,11.9,85.0
2025-01-19T06:00,14.6,47,0.0,1015.4,10.0,38,43.0,42.0,856.0,15.1,12.7,78.0
2025-01-19T07:00,14.5,47,0.0,1016.0,9.7,50,45.2,44.1,1169.0,24.4,14.0,68.0
2025-01-19T08:00,14.6,46,0.0,1016.7,9.4,48,49.6,48.7,1376.0,30.1,15.5,67.0
2025-01-19T09:00,16.0,41,0.0,1017.3,8.6,49,52.6,51.8,1385.0,29.2,17.3,80.0
2025-01-19T10:00,18.7,34,0.0,1017.8,7.3,54,52.0,51.1,1289.0,24.8,19.3,101.0
2025-01-19T11:00,21.7,27,0.0,1017.4,7.7,62,47.8,46.8,1159.0,20.2,21.7,120.0
2025-01-19T12:00,23.5,22,0.0,1016.5,7.0,72,43.0,41.8,981.0,15.8,24.9,137.0
2025-01-19T13:00,24.7,20,0.0,1015.3,5.7,77,41.7,40.2,769.0,11.3,28.5,152.0
2025-01-19T14:00,25.5,18,0.0,1014.3,4.2,97,40.6,38.9,635.0,8.6,30.8,162.0
2025-01-19T15:00,25.7,18,0.0,1013.5,3.2,137,39.3,37.6,625.0,5.8,30.5,169.0
2025-01-19T16:00,25.6,18,0.0,1013.0,2.5,172,38.5,36.7,695.0,4.9,28.9,170.0
2025-01-19T17:00,24.8,22,0.0,1013.0,3.4,205,39.3,37.5,820.0,13.4,26.4,152.0
2025-01-19T18:00,24.2,23,0.0,1013.5,2.6,164,51.0,49.4,1055.0,38.4,25.8,115.0
2025-01-19T19:00,23.0,24,0.0,1014.1,3.7,23,65.4,64.0,1347.0,71.9,24.8,64.0
2025-01-19T20:00,22.0,25,0.0,1014.7,7.2,39,60.8,59.8,1511.0,90.0,23.0,31.0
2025-01-19T21:00,21.2,28,0.0,1015.1,9.7,62,54.5,53.8,1437.0,77.7,19.8,33.0
2025-01-19T22:00,20.0,34,0.0,1015.4,10.1,68,54.0,53.2,1235.0,49.9,15.8,52.0
2025-01-19T23:00,19.1,37,0.0,1015.4,10.3,63,55.2,54.2,1059.0,27.3,12.9,69.0
2025-01-20T00:00,18.5,40,0.0,1015.1,9.9,55,56.3,55.3,964.0,18.1,11.8,76.0
2025-01-20T01:00,17.9,42,0.0,1014.8,9.9,53,56.7,55.5,895.0,14.1,11.9,79.0
2025-01-20T02:00,17.4,43,0.0,1014.6,10.1,47,56.8,55.6,831.0,11.3,12.3,83.0
2025-01-20T03:00,17.0,44,0.0,1014.5,10.1,43,57.0,56.0,741.0,8.0,13.0,88.0
2025-01-20T04:00,16.8,44,0.0,1014.4,10.2,41,57.6,56.6,657.0,6.0,14.1,93.0
2025-01-20T05:00,16.6,44,0.0,1014.6,9.8,43,59.0,58.2,658.0,5.9,16.7,101.0
2025-01-20T06:00,16.4,45,0.0,1015.5,11.1,40,59.6,59.0,828.0,11.3,19.0,96.0
2025-01-20T07:00,16.1,46,0.0,1016.0,10.9,39,61.0,60.5,1082.0,18.6,22.2,90.0
2025-01-20T08:00,16.1,47,0.0,1016.7,10.9,38,63.6,63.1,1247.0,23.2,24.9,90.0
2025-01-20T09:00,17.4,44,0.0,1017.3,9.4,31,63.8,63.6,1237.0,22.8,26.8,100.0
2025-01-20T10:00,19.6,38,0.0,1017.7,9.1,38,61.9,61.5,1136.0,19.7,28.4,115.0
2025-01-20T11:00,22.1,32,0.0,1017.5,8.7,47,56.0,54.9,1028.0,16.4,29.2,130.0
2025-01-20T12:00,24.1,25,0.0,1016.6,8.3,60,47.5,45.8,914.0,12.9,28.8,142.0
2025-01-20T13:00,25.2,22,0.0,1015.1,6.3,66,44.1,42.3,792.0,9.1,27.7,153.0
2025-01-20T14:00,25.8,20,0.0,1013.9,3.6,90,43.1,41.3,735.0,7.1,27.5,161.0
2025-01-20T15:00,26.0,20,0.0,1013.1,2.0,175,43.1,41.3,735.0,4.6,29.3,170.0
2025-01-20T16:00,25.8,21,0.0,1012.6,5.4,217,43.9,42.0,801.0,3.9,32.0,176.0
2025-01-20T17:00,24.1,38,0.0,1012.9,12.0,244,44.5,42.1,1028.0,12.8,26.1,148.0
2025-01-20T18:00,22.7,43,0.0,1013.1,12.4,268,56.8,54.9,1567.0,39.4,29.6,111.0
2025-01-20T19:00,21.6,45,0.0,1013.7,11.1,299,77.8,76.1,2267.0,75.7,34.2,60.0
2025-01-20T20:00,21.1,48,0.0,1014.3,7.6,322,82.4,80.8,2778.0,99.6,36.0,24.0
2025-01-20T21:00,20.6,51,0.0,1014.8,6.6,349,72.4,71.5,2969.0,100.6,32.6,16.0
2025-01-20T22:00,20.2,52,0.0,1015.1,5.9,2,61.9,61.0,2970.0,89.3,26.4,22.0
2025-01-20T23:00,20.0,49,0.0,1015.0,5.9,31,56.3,55.3,2823.0,75.1,21.2,31.0
2025-01-21T00:00,19.7,42,0.0,1015.0,6.4,43,53.3,52.0,2470.0,59.0,18.3,42.0
2025-01-21T01:00,18.7,43,0.0,1014.5,6.1,47,51.2,49.5,1969.0,40.1,16.4,56.0
2025-01-21T02:00,17.7,46,0.0,1014.3,6.0,44,49.5,47.4,1529.0,25.3,15.1,66.0
2025-01-21T03:00,16.9,50,0.0,1014.1,6.0,29,47.8,45.4,1190.0,16.8,14.3,71.0
2025-01-21T04:00,16.1,54,0.0,1013.9,6.4,25,46.1,43.4,913.0,12.5,14.1,72.0
2025-01-21T05:00,15.4,57,0.0,1013.9,7.7,25,44.8,42.0,793.0,13.6,14.0,67.0
2025-01-21T06:00,14.8,57,0.0,1014.7,8.6,20,44.2,41.3,936.0,23.2,15.1,55.0
2025-01-21T07:00,14.6,57,0.0,1015.4,8.7,24,46.3,43.3,1237.0,36.1,16.7,40.0
2025-01-21T08:00,14.8,56,0.0,1015.9,8.3,27,53.2,50.2,1469.0,43.7,18.8,38.0
2025-01-21T09:00,16.4,51,0.0,1016.4,7.4,22,56.2,53.7,1562.0,41.1,21.7,59.0
2025-01-21T10:00,19.4,42,0.0,1016.8,3.9,34,55.1,51.0,1587.0,33.1,25.1,94.0
2025-01-21T11:00,22.2,33,0.0,1016.5,2.8,55,54.0,48.0,1532.0,25.3,28.3,124.0
2025-01-21T12:00,23.6,31,0.0,1015.5,1.4,140,50.6,44.2,1341.0,18.7,31.2,146.0
2025-01-21T13:00,24.4,29,0.0,1014.3,3.7,191,50.8,44.9,1070.0,12.2,34.0,163.0
2025-01-21T14:00,24.7,30,0.0,1013.0,7.4,198,51.5,45.1,874.0,8.3,36.2,176.0
2025-01-21T15:00,24.3,34,0.0,1012.1,11.2,210,51.9,45.2,816.0,7.8,38.2,185.0
2025-01-21T16:00,23.6,41,0.0,1011.8,11.7,229,52.5,45.6,834.0,9.9,39.7,189.0
2025-01-21T17:00,22.7,46,0.0,1011.8,10.4,249,59.8,52.7,893.0,12.7,37.9,180.0
2025-01-21T18:00,22.0,57,0.0,1012.3,9.8,262,64.5,59.5,1030.0,22.9,34.8,157.0
2025-01-21T19:00,21.1,63,0.0,1012.8,8.6,271,65.9,62.2,1209.0,36.6,30.4,124.0
2025-01-21T20:00,20.6,68,0.0,1013.2,8.6,270,62.6,59.6,1286.0,45.2,26.2,98.0
2025-01-21T21:00,20.2,72,0.0,1013.6,8.7,277,57.9,55.3,1169.0,43.9,22.5,86.0
2025-01-21T22:00,19.9,75,0.0,1014.0,8.5,276,53.2,50.6,951.0,37.4,19.0,80.0
2025-01-21T23:00,19.5,76,0.0,1013.9,7.8,293,49.7,46.7,769.0,31.1,15.9,76.0
2025-01-22T00:00,19.2,78,0.0,1013.6,6.9,295,47.3,43.3,681.0,26.6,13.4,73.0
2025-01-22T01:00,18.9,78,0.0,1013.4,7.5,303,44.5,39.3,629.0,22.3,11.4,71.0
2025-01-22T02:00,18.6,76,0.0,1013.0,7.8,312,41.7,35.3,582.0,18.6,9.9,70.0
2025-01-22T03:00,18.4,76,0.0,1012.8,8.5,316,39.3,31.5,482.0,14.3,8.7,70.0
2025-01-22T04:00,18.2,76,0.0,1012.8,7.9,321,36.9,28.5,387.0,10.7,8.1,71.0
2025-01-22T05:00,17.3,81,0.0,1012.9,7.1,9,38.3,28.2,440.0,12.8,8.8,65.0
2025-01-22T06:00,16.8,83,0.0,1013.6,6.9,31,41.4,29.6,822.0,25.7,10.8,48.0
2025-01-22T07:00,16.9,82,0.0,1014.3,5.1,8,49.5,36.6,1352.0,42.8,13.8,25.0
2025-01-22T08:00,17.1,80,0.0,1014.7,6.3,353,65.2,53.0,1636.0,51.2,16.7,19.0
2025-01-22T09:00,18.5,72,0.0,1015.5,4.4,9,59.0,48.9,1432.0,42.4,19.8,43.0
2025-01-22T10:00,21.1,58,0.0,1015.8,2.9,360,45.9,31.0,981.0,25.0,23.0,84.0
2025-01-22T11:00,22.9,45,0.0,1015.6,3.2,289,34.3,20.3,611.0,11.3,24.6,116.0
2025-01-22T12:00,24.0,38,0.0,1014.6,3.6,240,30.3,18.5,444.0,6.4,23.5,131.0
2025-01-22T13:00,24.6,36,0.0,1013.4,6.6,225,28.9,18.3,357.0,5.4,20.9,139.0
2025-01-22T14:00,24.9,36,0.0,1012.4,9.4,239,29.0,18.8,309.0,5.4,19.1,142.0
2025-01-22T15:00,25.0,36,0.0,1011.7,11.4,259,29.6,19.3,272.0,5.1,19.2,143.0
2025-01-22T16:00,24.7,36,0.0,1011.6,12.8,272,30.0,19.4,275.0,5.9,20.0,140.0
2025-01-22T17:00,24.0,35,0.0,1011.8,13.4,281,32.4,20.8,362.0,9.9,21.8,134.0
2025-01-22T18:00,22.7,43,0.0,1012.4,11.2,282,34.7,24.4,623.0,21.6,21.2,112.0
2025-01-22T19:00,21.5,51,0.0,1013.1,9.1,295,39.8,30.5,969.0,37.9,20.4,81.0
2025-01-22T20:00,20.8,56,0.0,1013.9,8.4,304,40.7,31.0,1172.0,52.2,20.2,54.0
2025-01-22T21:00,20.4,60,0.0,1014.5,8.8,298,43.0,32.5,1095.0,62.9,21.3,36.0
2025-01-22T22:00,19.7,64,0.0,1015.3,9.6,343,48.2,37.5,876.0,71.5,23.0,23.0
2025-01-22T23:00,19.1,66,0.0,1015.5,7.8,7,57.2,46.7,704.0,75.9,23.7,14.0
2025-01-23T00:00,18.7,66,0.0,1015.6,8.2,15,61.2,54.2,665.0,74.5,22.5,10.0
2025-01-23T01:00,18.6,65,0.0,1015.4,6.7,24,60.5,55.9,674.0,68.9,20.3,10.0
2025-01-23T02:00,18.3,62,0.0,1015.2,4.6,48,56.7,52.9,657.0,61.4,18.6,14.0
2025-01-23T03:00,17.6,58,0.0,1015.0,6.4,43,54.0,50.2,552.0,50.4,17.9,24.0
2025-01-23T04:00,16.8,54,0.0,1014.9,7.4,13,52.4,48.3,422.0,37.5,17.7,37.0
2025-01-23T05:00,15.8,54,0.0,1015.4,9.5,346,49.8,44.5,386.0,24.2,18.4,54.0
2025-01-23T06:00,15.4,58,0.0,1016.3,8.8,343,48.4,43.7,547.0,31.1,19.1,45.0
2025-01-23T07:00,15.1,59,0.0,1016.9,9.6,352,49.6,45.5,802.0,40.3,20.1,33.0
2025-01-23T08:00,15.4,56,0.0,1017.6,9.2,359,55.3,51.6,965.0,44.2,20.8,32.0
2025-01-23T09:00,16.9,48,0.0,1018.5,7.0,4,56.7,53.0,948.0,38.1,21.4,53.0
2025-01-23T10:00,19.5,37,0.0,1019.1,6.1,12,52.6,45.9,838.0,26.7,21.7,84.0
2025-01-23T11:00,22.0,29,0.0,1019.1,5.7,9,44.9,32.7,711.0,17.0,20.8,109.0
2025-01-23T12:00,24.2,24,0.0,1017.9,6.8,27,37.3,21.7,567.0,11.1,17.7,120.0
2025-01-23T13:00,25.6,19,0.0,1016.6,6.9,20,34.0,18.5,407.0,6.8,13.4,124.0
2025-01-23T14:00,26.1,16,0.0,1015.5,6.9,25,29.7,15.8,302.0,4.3,10.1,126.0
2025-01-23T15:00,26.4,13,0.0,1014.7,8.4,48,25.3,13.2,273.0,3.3,8.7,127.0
2025-01-23T16:00,26.2,13,0.0,1014.5,10.1,59,22.2,11.7,299.0,4.1,8.2,125.0
2025-01-23T17:00,25.7,14,0.0,1014.7,9.8,64,15.9,10.0,399.0,7.5,7.9,117.0
2025-01-23T18:00,24.8,15,0.0,1015.4,12.0,51,16.2,12.4,647.0,16.4,8.6,102.0
2025-01-23T19:00,23.4,17,0.0,1016.1,10.2,53,19.0,16.6,967.0,28.4,9.5,80.0
2025-01-23T20:00,22.2,19,0.0,1017.0,10.5,39,19.7,17.5,1150.0,36.0,10.1,65.0
2025-01-23T21:00,21.0,22,0.0,1017.5,9.8,35,19.2,16.7,1074.0,35.3,10.1,61.0
2025-01-23T22:00,20.1,24,0.0,1017.3,9.7,34,18.5,16.2,860.0,30.2,9.7,63.0
2025-01-23T23:00,19.2,25,0.0,1017.1,10.3,36,17.1,15.1,662.0,24.8,9.1,66.0
2025-01-24T00:00,18.5,25,0.0,1016.6,11.9,31,14.9,13.0,524.0,19.9,8.0,70.0
2025-01-24T01:00,18.1,24,0.0,1015.9,12.2,37,13.3,10.7,403.0,14.7,6.6,76.0
2025-01-24T02:00,17.8,25,0.0,1016.0,11.1,40,12.9,9.4,315.0,10.6,5.7,80.0
2025-01-24T03:00,17.2,26,0.0,1015.7,11.6,26,13.1,8.8,254.0,7.7,5.6,82.0
2025-01-24T04:00,16.4,29,0.0,1015.7,11.3,9,13.6,8.8,226.0,6.0,5.9,83.0
2025-01-24T05:00,15.9,31,0.0,1015.8,11.3,9,14.5,9.1,276.0,7.1,6.5,79.0
2025-01-24T06:00,15.4,34,0.0,1016.6,10.2,10,15.3,9.7,473.0,13.7,7.6,70.0
2025-01-24T07:00,15.0,35,0.0,1017.1,10.6,14,17.3,11.7,746.0,22.5,9.1,59.0
2025-01-24T08:00,15.0,35,0.0,1017.7,10.5,17,21.2,15.7,928.0,27.0,10.7,57.0
2025-01-24T09:00,16.5,32,0.0,1018.4,9.3,18,23.2,18.6,939.0,22.8,12.5,72.0
2025-01-24T10:00,19.3,28,0.0,1018.7,8.0,18,22.8,15.9,858.0,14.3,14.2,96.0
2025-01-24T11:00,22.1,25,0.0,1018.2,8.9,27,20.0,15.1,752.0,7.6,15.3,116.0
2025-01-24T12:00,24.1,22,0.0,1017.1,12.5,51,19.4,15.5,615.0,5.1,15.0,126.0
2025-01-24T13:00,25.1,19,0.0,1015.7,13.3,60,19.2,15.7,452.0,4.4,14.0,132.0
2025-01-24T14:00,25.6,17,0.0,1014.5,12.8,62,19.0,15.9,347.0,4.4,13.2,135.0
2025-01-24T15:00,25.9,16,0.0,1013.7,13.0,63,19.0,16.2,321.0,4.2,12.9,137.0
2025-01-24T16:00,25.7,16,0.0,1013.5,13.0,62,19.3,16.8,353.0,4.7,12.8,137.0
2025-01-24T17:00,25.2,17,0.0,1013.8,12.6,64,19.1,16.8,460.0,8.2,13.5,127.0
2025-01-24T18:00,24.5,18,0.0,1014.6,12.1,63,21.2,19.5,718.0,18.4,13.9,108.0
2025-01-24T19:00,23.7,21,0.0,1015.6,11.5,59,25.8,24.4,1052.0,32.2,14.5,82.0
2025-01-24T20:00,22.8,23,0.0,1016.1,12.1,52,27.1,25.8,1254.0,41.4,14.9,63.0
2025-01-24T21:00,21.9,26,0.0,1016.7,12.1,50,26.9,25.6,1213.0,41.7,15.1,56.0
2025-01-24T22:00,21.1,28,0.0,1016.7,9.4,47,26.9,25.3,1040.0,37.4,15.1,55.0
2025-01-24T23:00,19.7,31,0.0,1016.6,9.8,28,26.5,24.9,861.0,32.3,14.6,57.0
2025-01-25T00:00,18.4,33,0.0,1016.2,9.9,19,24.6,22.9,702.0,27.3,13.2,60.0
2025-01-25T01:00,17.8,33,0.0,1015.8,9.8,18,21.2,19.5,536.0,21.5,11.3,66.0
2025-01-25T02:00,17.3,33,0.0,1015.5,9.7,15,18.0,16.4,412.0,16.6,9.7,71.0
2025-01-25T03:00,16.8,33,0.0,1015.4,10.0,14,15.9,14.4,336.0,12.2,8.6,75.0
2025-01-25T04:00,16.3,34,0.0,1015.3,10.7,14,14.7,13.3,301.0,8.6,7.9,79.0
2025-01-25T05:00,15.9,34,0.0,1015.1,11.1,17,14.4,13.1,340.0,8.7,7.7,78.0
2025-01-25T06:00,15.5,36,0.0,1015.7,11.1,17,15.0,13.6,518.0,15.3,8.5,70.0
2025-01-25T07:00,15.2,36,0.0,1016.2,11.2,21,17.2,15.8,769.0,24.1,9.7,59.0
2025-01-25T08:00,15.4,35,0.0,1016.9,11.3,27,21.7,20.3,930.0,28.9,11.3,57.0
2025-01-25T09:00,17.1,31,0.0,1017.6,10.3,23,25.1,23.9,920.0,25.9,13.9,71.0
2025-01-25T10:00,20.2,24,0.0,1018.0,8.5,24,23.7,22.0,820.0,18.9,16.9,93.0
2025-01-25T11:00,23.2,19,0.0,1017.9,9.5,32,22.6,17.1,710.0,12.9,18.8,112.0
2025-01-25T12:00,24.7,16,0.0,1016.7,8.3,46,28.5,13.3,591.0,9.3,18.5,123.0
2025-01-25T13:00,25.7,14,0.0,1015.3,6.4,52,25.5,12.7,461.0,6.7,17.0,131.0
2025-01-25T14:00,26.2,14,0.0,1014.2,3.6,90,22.4,12.7,397.0,5.5,16.0,135.0
2025-01-25T15:00,26.2,14,0.0,1013.5,3.1,183,20.4,13.1,342.0,3.5,16.0,140.0
2025-01-25T16:00,25.7,19,0.0,1013.0,7.0,209,18.8,13.2,352.0,3.0,16.6,141.0
2025-01-25T17:00,24.7,30,0.0,1013.0,8.3,228,14.8,12.2,671.0,11.0,20.8,131.0
2025-01-25T18:00,24.1,29,0.0,1013.4,8.1,235,20.4,18.7,1634.0,36.3,24.9,98.0
2025-01-25T19:00,22.5,32,0.0,1013.9,9.0,258,41.3,39.8,2906.0,70.8,30.3,53.0
2025-01-25T20:00,21.4,33,0.0,1014.6,8.3,286,53.4,52.0,3722.0,94.2,33.4,20.0
2025-01-25T21:00,20.6,31,0.0,1015.3,6.3,309,53.2,52.0,3711.0,95.7,32.2,11.0
2025-01-25T22:00,20.2,27,0.0,1015.6,4.7,351,48.7,47.7,3245.0,86.0,28.5,15.0
2025-01-25T23:00,19.6,29,0.0,1015.6,6.5,24,42.7,42.1,2675.0,76.9,24.6,19.0
2025-01-26T00:00,18.7,31,0.0,1015.5,7.2,32,38.9,38.3,2020.0,73.0,20.6,19.0
2025-01-26T01:00,17.7,31,0.0,1015.2,7.1,27,36.1,35.5,1261.0,69.5,16.3,18.0
2025-01-26T02:00,16.8,33,0.0,1014.9,7.1,27,34.1,33.6,688.0,64.2,13.0,19.0
2025-01-26T03:00,16.1,35,0.0,1014.6,6.9,23,32.6,32.1,410.0,54.0,11.3,22.0
2025-01-26T04:00,15.2,39,0.0,1014.3,8.1,4,31.0,30.5,319.0,41.8,10.8,26.0
2025-01-26T05:00,14.8,39,0.0,1014.1,8.5,6,34.3,34.0,375.0,49.1,11.6,11.0
2025-01-26T06:00,14.2,42,0.0,1014.5,7.1,19,33.1,32.8,661.0,48.0,12.5,7.0
2025-01-26T07:00,14.1,42,0.0,1015.3,7.0,18,36.6,36.3,1095.0,46.2,14.0,2.0
2025-01-26T08:00,14.3,41,0.0,1015.6,7.3,20,49.5,49.2,1396.0,43.2,17.6,9.0
2025-01-26T09:00,16.4,36,0.0,1016.2,5.2,34,56.7,56.3,1440.0,38.3,25.5,37.0
2025-01-26T10:00,19.7,30,0.0,1016.8,3.8,41,37.1,33.9,1350.0,32.2,35.5,76.0
2025-01-26T11:00,22.4,29,0.0,1016.4,2.4,42,36.8,26.4,1217.0,26.4,42.6,109.0
2025-01-26T12:00,24.4,24,0.0,1015.3,0.2,180,33.4,23.0,1038.0,20.6,44.2,129.0
2025-01-26T13:00,25.5,21,0.0,1013.9,3.1,201,31.8,22.8,815.0,15.1,43.0,142.0
2025-01-26T14:00,25.8,24,0.0,1012.7,6.6,209,32.1,23.7,645.0,11.8,41.5,151.0
2025-01-26T15:00,25.0,41,0.0,1012.2,11.2,217,33.1,24.7,550.0,10.1,41.0,159.0
2025-01-26T16:00,24.1,44,0.0,1012.0,12.2,226,34.5,25.6,508.0,10.7,40.2,162.0
2025-01-26T17:00,23.3,43,0.0,1012.0,10.2,234,27.7,21.0,551.0,15.4,38.8,148.0
2025-01-26T18:00,22.7,42,0.0,1012.2,8.3,250,35.6,28.7,741.0,36.4,35.8,111.0
2025-01-26T19:00,21.5,53,0.0,1012.7,8.1,265,44.0,35.9,1017.0,65.2,31.7,59.0
2025-01-26T20:00,20.7,57,0.0,1013.4,7.2,288,47.1,38.1,1223.0,85.7,28.7,21.0
2025-01-26T21:00,20.0,60,0.0,1014.1,7.2,305,50.1,40.7,1309.0,90.1,28.3,8.0
2025-01-26T22:00,19.2,64,0.0,1014.2,7.0,328,54.0,44.9,1325.0,86.2,29.1,9.0
2025-01-26T23:00,18.4,69,0.0,1014.3,7.1,350,57.6,50.3,1274.0,81.8,29.0,10.0
2025-01-27T00:00,17.6,73,0.0,1014.0,7.7,348,58.8,52.5,1123.0,79.5,27.0,9.0
2025-01-27T01:00,17.1,76,0.0,1013.7,7.8,338,55.8,49.9,904.0,76.5,24.2,8.0
2025-01-27T02:00,16.7,79,0.0,1013.3,7.9,343,52.0,46.1,711.0,72.7,21.7,8.0
2025-01-27T03:00,16.4,81,0.0,1013.0,7.9,344,48.7,42.4,532.0,67.4,19.9,8.0
2025-01-27T04:00,16.1,82,0.0,1012.7,7.7,344,45.4,38.9,380.0,61.1,18.3,9.0
2025-01-27T05:00,15.6,82,0.0,1012.5,7.5,349,46.9,40.4,388.0,55.8,16.7,8.0
2025-01-27T06:00,14.6,79,0.0,1013.2,7.2,3,45.4,39.3,696.0,52.3,17.0,4.0
2025-01-27T07:00,14.3,73,0.0,1013.5,5.6,17,49.1,43.1,1164.0,47.4,17.7,0.0
2025-01-27T08:00,14.3,66,0.0,1014.0,6.2,26,62.9,57.0,1500.0,42.9,19.7,6.0
2025-01-27T09:00,16.3,51,0.0,1014.5,4.8,27,72.2,66.8,1590.0,40.0,24.0,28.0
2025-01-27T10:00,19.7,37,0.0,1014.7,1.9,41,55.4,39.6,1548.0,37.4,29.7,60.0
2025-01-27T11:00,22.7,29,0.0,1014.6,0.4,180,46.9,32.6,1422.0,33.6,34.7,89.0
2025-01-27T12:00,24.8,24,0.0,1013.3,1.2,207,35.5,26.5,1172.0,26.4,38.7,114.0
2025-01-27T13:00,26.3,20,0.0,1011.7,2.3,219,32.2,25.7,838.0,17.9,42.0,137.0
2025-01-27T14:00,27.1,22,0.0,1010.4,5.5,216,32.4,26.5,593.0,12.7,43.5,151.0
2025-01-27T15:00,26.3,40,0.0,1009.7,10.4,212,33.4,27.6,502.0,12.0,42.4,154.0
2025-01-27T16:00,24.8,51,0.0,1009.6,11.8,216,34.2,28.4,499.0,14.4,39.5,147.0
2025-01-27T17:00,23.7,50,0.0,1009.9,10.1,229,28.6,25.6,559.0,19.6,41.1,137.0
2025-01-27T18:00,22.4,63,0.0,1010.3,8.1,242,33.3,30.2,693.0,32.9,35.6,105.0
2025-01-27T19:00,21.1,78,0.0,1011.0,7.6,267,36.3,33.1,888.0,51.3,28.0,60.0
2025-01-27T20:00,20.6,84,0.0,1011.6,7.1,280,37.3,33.5,1086.0,65.1,22.6,26.0
2025-01-27T21:00,20.1,87,0.0,1011.8,6.1,293,38.9,35.4,1321.0,69.7,21.8,12.0
2025-01-27T22:00,19.5,90,0.0,1012.1,4.9,327,42.3,39.0,1557.0,69.7,23.2,7.0
2025-01-27T23:00,18.7,93,0.0,1012.1,5.7,11,47.0,44.1,1628.0,68.8,23.8,5.0
2025-01-28T00:00,17.9,96,0.0,1012.0,6.2,350,50.3,48.0,1398.0,68.2,22.3,3.0
2025-01-28T01:00,17.3,96,0.0,1011.5,7.4,342,49.5,47.3,1002.0,66.7,20.1,3.0
2025-01-28T02:00,16.8,95,0.0,1011.2,7.8,341,46.1,44.0,678.0,64.2,18.1,4.0
2025-01-28T03:00,16.3,94,0.0,1010.6,7.3,343,42.3,40.2,492.0,60.0,16.5,5.0
2025-01-28T04:00,15.9,94,0.0,1010.4,7.4,346,38.0,36.0,378.0,54.8,15.2,7.0
2025-01-28T05:00,15.5,94,0.0,1010.3,7.0,348,34.2,32.1,376.0,51.1,15.2,9.0
2025-01-28T06:00,14.1,96,0.0,1011.1,5.1,354,31.1,28.6,555.0,49.6,16.3,6.0
2025-01-28T07:00,14.0,93,0.0,1011.7,3.0,346,34.0,31.3,846.0,47.3,18.0,3.0
2025-01-28T08:00,14.0,89,0.0,1012.4,3.6,354,46.7,44.2,1082.0,44.2,20.6,9.0
2025-01-28T09:00,15.7,80,0.0,1012.9,3.4,357,46.0,42.8,1228.0,40.2,24.4,30.0
2025-01-28T10:00,19.6,53,0.0,1013.6,2.5,339,36.0,30.9,1319.0,35.4,29.2,61.0
2025-01-28T11:00,23.1,41,0.0,1013.4,1.5,216,29.9,25.0,1287.0,30.1,33.9,89.0
2025-01-28T12:00,25.2,34,0.0,1012.4,4.0,207,27.8,24.6,1033.0,23.3,39.5,115.0
2025-01-28T13:00,25.7,39,0.0,1011.4,8.9,222,28.3,25.7,655.0,16.1,45.1,139.0
2025-01-28T14:00,25.6,47,0.0,1010.4,10.8,227,29.0,26.4,386.0,11.6,47.5,152.0
2025-01-28T15:00,25.2,50,0.0,1009.8,11.4,232,28.4,26.0,317.0,10.6,44.4,151.0
2025-01-28T16:00,24.8,48,0.0,1009.4,10.3,234,26.8,24.6,357.0,12.4,38.1,140.0
2025-01-28T17:00,23.7,57,0.0,1009.3,9.2,239,21.7,20.3,459.0,18.4,34.0,126.0
2025-01-28T18:00,22.6,71,0.0,1009.7,7.7,242,22.5,21.1,664.0,31.3,29.2,95.0
2025-01-28T19:00,21.4,85,0.0,1010.3,6.5,247,27.0,24.9,932.0,49.0,22.5,53.0
2025-01-28T20:00,21.0,89,0.0,1010.9,7.0,258,27.8,25.5,1092.0,60.9,17.4,22.0
2025-01-28T21:00,20.7,89,0.0,1011.3,7.2,256,27.5,25.1,1057.0,62.2,15.5,14.0
2025-01-28T22:00,20.5,88,0.0,1011.7,8.0,252,27.5,24.9,916.0,57.8,15.0,18.0
2025-01-28T23:00,20.2,89,0.0,1011.8,7.7,258,27.6,24.9,763.0,52.0,14.4,24.0
2025-01-29T00:00,19.9,90,0.0,1011.8,7.7,273,27.5,24.4,614.0,45.6,12.9,28.0
2025-01-29T01:00,19.5,92,0.0,1011.7,7.7,291,27.0,23.2,454.0,37.8,11.3,34.0
2025-01-29T02:00,19.1,94,0.0,1011.9,8.1,298,27.1,21.6,331.0,30.4,9.8,40.0
2025-01-29T03:00,18.8,95,0.0,1011.3,8.4,290,30.4,20.7,235.0,22.4,8.3,46.0
2025-01-29T04:00,18.9,94,0.0,1010.9,8.4,285,36.3,20.2,176.0,14.8,6.9,51.0
2025-01-29T05:00,18.9,93,0.0,1010.9,8.5,282,38.4,19.7,230.0,11.1,6.0,52.0
2025-01-29T06:00,18.0,92,0.0,1011.6,6.7,289,44.0,21.0,519.0,19.9,6.9,41.0
2025-01-29T07:00,17.0,94,0.0,1012.1,4.9,303,50.8,24.8,922.0,31.7,8.4,26.0
2025-01-29T08:00,17.5,95,0.0,1012.9,4.8,331,58.9,33.1,1153.0,38.0,10.3,23.0
2025-01-29T09:00,18.9,93,0.0,1013.8,5.4,334,58.6,33.3,1044.0,33.8,13.3,41.0
2025-01-29T10:00,20.5,86,0.0,1014.5,4.0,328,53.0,27.1,762.0,24.1,16.8,70.0
2025-01-29T11:00,23.5,69,0.0,1014.6,7.9,271,46.0,20.6,524.0,15.9,19.1,95.0
2025-01-29T12:00,25.2,59,0.0,1013.8,11.4,267,40.4,18.2,404.0,11.3,19.2,110.0
2025-01-29T13:00,25.9,55,0.0,1012.7,12.4,268,38.3,17.3,327.0,8.0,18.1,120.0
2025-01-29T14:00,26.3,52,0.0,1011.5,12.4,267,35.9,16.6,289.0,6.5,17.1,125.0
2025-01-29T15:00,26.3,52,0.0,1010.9,12.7,263,35.2,15.8,288.0,6.5,16.6,123.0
2025-01-29T16:00,25.7,53,0.0,1010.6,12.7,262,34.3,15.5,326.0,8.3,16.2,115.0
2025-01-29T17:00,24.3,62,0.0,1010.6,11.4,258,35.3,16.3,403.0,12.7,16.2,106.0
2025-01-29T18:00,23.2,76,0.0,1010.9,10.3,259,33.1,18.2,563.0,22.1,15.3,91.0
2025-01-29T19:00,22.1,86,0.0,1011.3,9.8,263,35.2,22.7,761.0,34.8,14.0,72.0
2025-01-29T20:00,21.6,90,0.0,1011.8,8.7,263,39.2,24.4,864.0,42.7,12.8,58.0
2025-01-29T21:00,21.4,90,0.0,1012.4,8.1,283,43.1,25.0,783.0,41.4,12.0,57.0
2025-01-29T22:00,21.4,88,0.0,1012.4,7.9,286,45.4,25.3,607.0,35.2,11.2,62.0
2025-01-29T23:00,21.3,82,0.0,1012.5,8.1,295,49.5,25.8,461.0,29.2,10.4,67.0
2025-01-30T00:00,21.4,72,0.0,1012.1,8.8,287,59.4,26.6,398.0,24.5,9.2,69.0
2025-01-30T01:00,21.4,66,0.0,1011.6,9.2,273,71.7,27.9,366.0,20.0,8.0,70.0
2025-01-30T02:00,20.3,71,0.0,1011.3,8.2,345,79.9,29.6,338.0,17.2,7.3,68.0
2025-01-30T03:00,18.9,80,0.0,1011.1,8.5,27,87.8,31.9,268.0,16.7,7.6,61.0
2025-01-30T04:00,18.0,85,0.0,1011.2,8.2,8,83.4,32.1,203.0,18.0,8.6,50.0
2025-01-30T05:00,17.2,81,0.0,1011.3,8.9,342,69.6,31.8,255.0,22.6,10.2,39.0
2025-01-30T06:00,16.3,86,0.0,1012.2,8.5,7,60.1,30.5,554.0,28.0,11.2,33.0
2025-01-30T07:00,16.3,74,0.0,1013.1,8.7,18,58.3,30.9,971.0,35.2,12.6,26.0
2025-01-30T08:00,16.9,63,0.0,1013.8,6.7,6,61.5,35.9,1232.0,38.4,13.7,27.0
2025-01-30T09:00,18.4,53,0.0,1014.6,4.0,10,63.6,39.3,1194.0,34.1,14.2,41.0
2025-01-30T10:00,20.8,39,0.0,1015.1,2.7,8,78.7,38.4,1001.0,25.9,14.5,64.0
2025-01-30T11:00,23.0,32,0.0,1015.0,2.7,340,84.3,35.9,811.0,18.6,14.9,85.0
2025-01-30T12:00,24.9,27,0.0,1013.9,2.9,292,74.7,31.8,664.0,13.7,15.7,104.0
2025-01-30T13:00,26.1,24,0.0,1012.6,4.0,231,63.6,27.2,519.0,9.7,16.6,122.0
2025-01-30T14:00,26.5,26,0.0,1011.4,8.4,225,63.8,26.7,414.0,7.4,17.7,135.0
2025-01-30T15:00,26.6,26,0.0,1010.6,11.1,238,69.6,28.1,354.0,6.7,19.4,142.0
2025-01-30T16:00,26.2,25,0.0,1010.3,12.7,254,78.9,30.6,335.0,7.6,21.3,143.0
2025-01-30T17:00,25.2,25,0.0,1010.4,13.1,263,71.5,29.4,374.0,10.2,21.6,134.0
2025-01-30T18:00,24.0,29,0.0,1010.4,11.7,269,86.4,36.9,534.0,19.1,20.7,113.0
2025-01-30T19:00,22.5,37,0.0,1010.8,9.4,273,99.7,43.2,754.0,31.1,19.4,84.0
2025-01-30T20:00,21.7,47,0.0,1011.1,10.7,265,99.7,43.4,868.0,38.3,17.9,64.0
2025-01-30T21:00,21.2,56,0.0,1011.6,11.4,264,87.5,40.3,778.0,36.3,16.3,63.0
2025-01-30T22:00,20.9,58,0.0,1011.7,10.5,274,74.3,36.8,584.0,29.5,14.5,70.0
2025-01-30T23:00,20.8,56,0.0,1011.4,10.7,276,68.2,34.6,417.0,23.2,12.7,76.0
2025-01-31T00:00,20.7,56,0.0,1010.9,11.4,286,78.2,35.2,325.0,19.1,10.7,76.0
2025-01-31T01:00,20.3,57,0.0,1010.4,12.5,307,106.4,39.2,260.0,15.6,8.6,75.0
2025-01-31T02:00,18.5,29,0.0,1010.3,13.1,337,118.7,41.7,218.0,13.0,7.3,72.0
2025-01-31T03:00,16.9,21,0.0,1010.0,13.3,333,116.6,41.3,189.0,10.8,7.2,68.0
2025-01-31T04:00,15.9,22,0.0,1009.9,13.8,327,118.5,41.1,183.0,9.4,7.9,63.0
2025-01-31T05:00,15.4,23,0.0,1010.1,13.5,323,110.8,39.7,220.0,10.9,8.8,55.0
2025-01-31T06:00,15.2,29,0.0,1010.6,13.2,323,113.4,40.5,345.0,17.9,9.7,44.0
2025-01-31T07:00,15.0,28,0.0,1011.2,12.6,324,117.8,43.2,514.0,27.3,11.1,31.0
2025-01-31T08:00,15.1,27,0.0,1012.0,12.0,327,120.6,48.1,613.0,32.3,13.2,27.0
2025-01-31T09:00,16.6,23,0.0,1012.8,11.3,329,113.2,48.4,577.0,28.9,16.7,41.0
2025-01-31T10:00,18.8,18,0.0,1013.4,11.1,329,117.1,42.0,472.0,21.0,20.9,65.0
2025-01-31T11:00,20.7,15,0.0,1013.1,10.1,325,105.7,35.4,381.0,14.4,23.9,87.0
2025-01-31T12:00,22.4,13,0.0,1012.3,9.0,308,90.8,30.2,332.0,10.8,24.8,104.0
2025-01-31T13:00,23.7,12,0.0,1011.2,9.3,292,71.7,25.9,297.0,8.3,24.5,118.0
2025-01-31T14:00,24.1,13,0.0,1010.2,10.9,277,59.1,22.7,283.0,7.0,23.6,126.0
2025-01-31T15:00,23.9,15,0.0,1009.7,12.2,268,51.5,20.0,285.0,6.6,22.3,126.0
2025-01-31T16:00,23.1,19,0.0,1009.5,13.2,266,48.3,18.2,307.0,7.3,20.4,120.0
2025-01-31T17:00,22.0,24,0.0,1009.6,13.0,268,48.3,17.7,371.0,9.5,17.6,109.0
2025-01-31T18:00,20.8,30,0.0,1009.9,11.9,273,52.5,20.0,522.0,16.6,16.3,95.0
2025-01-31T19:00,19.9,37,0.0,1010.3,10.7,275,58.6,25.8,715.0,26.3,14.4,75.0
2025-01-31T20:00,19.5,42,0.0,1010.9,9.5,272,69.8,30.0,829.0,33.0,12.9,60.0
2025-01-31T21:00,19.4,43,0.0,1011.5,10.1,280,82.4,34.0,794.0,33.9,12.1,55.0
2025-01-31T22:00,19.2,48,0.0,1011.7,10.1,271,97.6,37.8,682.0,31.7,11.7,56.0
2025-01-31T23:00,19.1,52,0.0,1011.8,7.3,287,120.6,42.0,586.0,29.7,11.4,56.0
2025-02-01T00:00,19.0,54,0.0,1011.5,5.4,318,153.7,46.7,549.0,28.6,11.1,56.0
2025-02-01T01:00,18.1,59,0.0,1010.9,2.3,360,197.0,51.3,528.0,27.6,10.8,57.0
2025-02-01T02:00,17.5,60,0.0,1010.6,7.4,338,215.6,53.7,494.0,27.3,10.7,54.0
2025-02-01T03:00,16.0,57,0.0,1010.3,8.1,331,204.0,54.1,398.0,28.1,10.6,44.0
2025-02-01T04:00,14.8,55,0.0,1010.3,7.3,312,177.0,53.1,289.0,29.7,10.6,30.0
2025-02-01T05:00,13.7,56,0.0,1010.5,7.8,326,143.0,49.1,280.0,29.4,10.8,23.0
2025-02-01T06:00,13.0,63,0.0,1011.6,8.4,353,118.0,46.6,466.0,33.1,12.2,18.0
2025-02-01T07:00,12.7,67,0.0,1012.3,8.0,352,105.9,46.6,752.0,37.8,14.1,11.0
2025-02-01T08:00,12.9,63,0.0,1013.3,8.3,355,101.0,49.6,971.0,39.0,15.9,16.0
2025-02-01T09:00,14.9,49,0.0,1014.3,6.0,3,87.5,47.3,1070.0,33.7,17.5,42.0
2025-02-01T10:00,18.1,32,0.0,1015.1,5.1,23,85.0,40.2,1103.0,24.9,19.1,78.0
2025-02-01T11:00,21.1,24,0.0,1015.2,5.6,83,68.7,32.2,1058.0,17.2,19.7,108.0
2025-02-01T12:00,22.8,24,0.0,1014.4,6.4,117,65.2,29.2,881.0,12.0,18.8,124.0
2025-02-01T13:00,23.8,21,0.0,1013.5,5.1,157,54.7,24.3,626.0,7.9,16.9,134.0
2025-02-01T14:00,24.3,22,0.0,1012.7,5.7,191,50.4,22.5,451.0,5.5,15.8,140.0
2025-02-01T15:00,24.5,23,0.0,1011.9,7.8,206,51.1,22.5,430.0,2.6,15.8,145.0
2025-02-01T16:00,23.9,31,0.0,1011.7,10.1,226,51.7,22.5,488.0,1.5,16.4,146.0
2025-02-01T17:00,22.8,36,0.0,1012.0,11.4,254,55.3,26.1,558.0,9.7,20.1,139.0
2025-02-01T18:00,21.7,36,0.0,1012.6,9.7,282,55.6,31.0,624.0,37.3,22.5,102.0
2025-02-01T19:00,20.6,40,0.0,1013.3,8.9,313,84.8,55.8,702.0,74.8,25.7,51.0
2025-02-01T20:00,19.5,44,0.0,1014.2,8.7,339,92.9,63.6,765.0,99.4,27.9,15.0
2025-02-01T21:00,19.0,47,0.0,1014.9,8.7,336,93.8,64.7,818.0,98.8,28.4,7.0
2025-02-01T22:00,18.8,47,0.0,1015.3,7.9,360,85.4,63.6,857.0,85.2,27.8,13.0
2025-02-01T23:00,18.8,44,0.0,1015.3,7.8,23,64.7,52.7,844.0,72.8,25.8,19.0
2025-02-02T00:00,18.2,37,0.0,1014.9,7.4,32,47.7,41.4,738.0,67.7,21.5,19.0
2025-02-02T01:00,17.4,34,0.0,1014.4,8.1,25,37.0,33.5,580.0,63.8,15.8,18.0
2025-02-02T02:00,16.5,33,0.0,1014.1,8.4,16,30.4,27.1,450.0,56.9,11.3,22.0
2025-02-02T03:00,16.0,32,0.0,1013.7,8.9,14,25.2,22.1,353.0,42.6,9.1,34.0
2025-02-02T04:00,15.8,33,0.0,1013.8,9.8,17,21.7,18.3,285.0,25.4,8.0,50.0
2025-02-02T05:00,15.7,33,0.0,1013.9,9.9,19,18.3,16.3,317.0,18.2,8.0,52.0
2025-02-02T06:00,15.2,36,0.0,1014.9,9.8,14,17.8,15.0,548.0,22.4,8.6,49.0
2025-02-02T07:00,14.8,36,0.0,1015.6,9.3,22,20.0,16.5,881.0,28.0,9.5,45.0
2025-02-02T08:00,15.1,36,0.0,1016.4,8.5,13,24.9,20.2,1090.0,30.3,10.5,48.0
2025-02-02T09:00,17.1,31,0.0,1017.1,5.9,18,28.2,23.6,1061.0,26.3,11.7,63.0
2025-02-02T10:00,20.3,24,0.0,1017.5,3.6,37,28.2,19.5,909.0,19.0,13.0,84.0
2025-02-02T11:00,23.5,21,0.0,1017.0,5.9,55,28.9,17.2,758.0,12.6,13.9,104.0
2025-02-02T12:00,25.4,20,0.0,1015.6,12.3,83,29.1,19.6,636.0,8.5,14.0,120.0
2025-02-02T13:00,26.1,19,0.0,1014.4,13.4,84,31.7,21.5,515.0,5.4,13.8,135.0
2025-02-02T14:00,26.5,18,0.0,1013.3,12.9,82,33.3,23.2,440.0,3.7,13.6,145.0
2025-02-02T15:00,26.7,18,0.0,1012.7,11.9,85,34.5,24.3,424.0,3.2,13.7,149.0
2025-02-02T16:00,26.6,19,0.0,1012.4,10.8,87,35.3,25.1,454.0,4.1,13.8,148.0
2025-02-02T17:00,26.0,20,0.0,1012.4,8.8,85,36.8,26.0,539.0,7.4,13.9,135.0
2025-02-02T18:00,25.0,20,0.0,1013.1,5.3,62,37.7,29.5,741.0,16.4,14.3,116.0
2025-02-02T19:00,23.8,21,0.0,1013.7,4.7,2,39.9,33.6,998.0,28.5,14.9,91.0
2025-02-02T20:00,22.9,23,0.0,1014.2,6.8,18,38.1,32.6,1131.0,35.6,15.3,73.0
2025-02-02T21:00,22.2,25,0.0,1014.8,10.9,38,34.8,29.6,1025.0,32.9,15.2,71.0
2025-02-02T22:00,21.5,26,0.0,1014.8,12.3,38,32.5,27.9,795.0,25.1,14.9,77.0
2025-02-02T23:00,21.0,27,0.0,1014.6,11.7,25,31.1,27.2,605.0,18.4,14.7,83.0
2025-02-03T00:00,19.9,28,0.0,1014.1,12.0,19,30.3,26.8,522.0,15.1,14.6,85.0
2025-02-03T01:00,19.0,32,0.0,1013.5,12.7,23,29.3,26.0,479.0,12.8,14.5,87.0
2025-02-03T02:00,18.6,34,0.0,1013.1,11.9,23,28.1,25.0,446.0,10.9,14.6,89.0
2025-02-03T03:00,18.2,35,0.0,1012.7,11.4,26,27.1,24.0,387.0,8.3,14.8,92.0
2025-02-03T04:00,17.9,34,0.0,1012.5,10.9,27,26.4,23.2,337.0,6.0,15.1,95.0
2025-02-03T05:00,17.6,34,0.0,1012.6,10.3,25,27.1,22.7,370.0,6.2,15.5,95.0
2025-02-03T06:00,17.1,36,0.0,1013.7,9.9,19,26.0,22.1,570.0,11.7,15.9,88.0
2025-02-03T07:00,16.7,37,0.0,1014.3,9.1,15,26.5,22.8,853.0,19.1,16.5,80.0
2025-02-03T08:00,16.9,36,0.0,1014.9,8.5,21,28.9,25.2,1044.0,23.5,17.0,77.0
2025-02-03T09:00,18.4,32,0.0,1015.3,5.6,25,30.6,27.5,1064.0,22.2,17.1,85.0
2025-02-03T10:00,20.8,26,0.0,1015.8,3.5,24,29.9,25.6,992.0,17.9,17.2,99.0
2025-02-03T11:00,23.1,22,0.0,1015.8,1.6,360,31.8,21.7,886.0,13.8,17.5,114.0
2025-02-03T12:00,24.4,18,0.0,1014.6,2.7,217,44.4,20.6,738.0,10.4,18.3,129.0
2025-02-03T13:00,25.0,19,0.0,1013.4,7.8,230,45.4,24.5,557.0,7.1,19.5,145.0
2025-02-03T14:00,25.0,21,0.0,1012.4,11.8,241,44.4,26.5,425.0,5.3,20.7,155.0
2025-02-03T15:00,24.8,21,0.0,1012.0,14.4,255,42.7,27.6,366.0,5.1,22.3,159.0
2025-02-03T16:00,24.3,21,0.0,1011.7,15.7,268,40.6,27.6,357.0,6.3,24.0,159.0
2025-02-03T17:00,23.3,23,0.0,1012.2,14.3,284,47.5,33.6,408.0,8.6,23.0,149.0
2025-02-03T18:00,22.5,31,0.0,1012.6,12.4,284,44.0,35.5,573.0,16.0,22.1,128.0
2025-02-03T19:00,21.6,39,0.0,1013.3,9.5,272,43.0,36.6,798.0,26.0,20.9,100.0
2025-02-03T20:00,21.0,49,0.0,1013.8,8.8,261,40.5,34.9,939.0,32.4,19.5,80.0
2025-02-03T21:00,20.4,55,0.0,1014.5,9.0,260,39.0,33.4,923.0,31.8,18.0,75.0
2025-02-03T22:00,20.2,58,0.0,1014.8,7.7,261,38.2,32.0,822.0,27.5,16.4,79.0
2025-02-03T23:00,20.0,61,0.0,1014.7,8.2,278,38.6,31.0,706.0,23.1,14.7,82.0
2025-02-04T00:00,19.7,62,0.0,1014.5,9.5,272,39.8,29.5,586.0,19.5,12.7,83.0
2025-02-04T01:00,19.5,62,0.0,1014.0,9.0,280,41.2,27.5,451.0,15.9,10.6,83.0
2025-02-04T02:00,18.9,64,0.0,1014.0,9.3,298,40.5,24.5,344.0,12.9,8.9,83.0
2025-02-04T03:00,18.5,66,0.0,1013.7,8.9,302,39.2,21.8,264.0,9.9,7.9,83.0
2025-02-04T04:00,18.6,64,0.0,1013.5,8.9,291,36.3,19.1,212.0,7.6,7.3,84.0
2025-02-04T05:00,19.1,55,0.0,1013.6,12.1,275,28.3,15.1,231.0,8.2,7.2,86.0
2025-02-04T06:00,17.9,59,0.0,1014.6,7.9,315,24.9,14.0,395.0,17.0,8.3,76.0
2025-02-04T07:00,16.7,68,0.0,1015.6,9.2,3,23.9,15.1,630.0,28.7,9.9,64.0
2025-02-04T08:00,17.0,70,0.0,1016.5,9.2,360,27.6,20.3,754.0,34.4,11.3,61.0
2025-02-04T09:00,19.5,60,0.0,1017.1,7.7,327,27.9,21.4,655.0,28.2,12.3,77.0
2025-02-04T10:00,22.0,45,0.0,1017.5,9.0,301,25.3,15.2,447.0,15.9,13.0,103.0
2025-02-04T11:00,23.2,39,0.0,1017.6,9.2,282,24.6,12.9,285.0,6.5,13.2,123.0
2025-02-04T12:00,24.0,34,0.0,1016.4,9.5,280,25.0,12.5,234.0,3.5,12.6,132.0
2025-02-04T13:00,24.7,31,0.0,1015.4,11.8,279,25.3,12.1,230.0,3.2,11.5,135.0
2025-02-04T14:00,24.8,26,0.0,1014.5,14.5,284,26.6,11.8,242.0,3.7,10.7,135.0
2025-02-04T15:00,24.8,22,0.0,1013.8,14.1,280,30.5,12.3,243.0,3.5,10.7,133.0
2025-02-04T16:00,24.3,23,0.0,1013.5,13.5,272,35.5,13.2,259.0,3.9,11.0,128.0
2025-02-04T17:00,23.2,31,0.0,1013.7,13.0,264,38.5,13.7,341.0,7.3,12.3,122.0
2025-02-04T18:00,22.1,41,0.0,1014.3,11.3,260,40.0,16.9,567.0,15.2,12.5,106.0
2025-02-04T19:00,21.1,50,0.0,1014.7,10.0,261,43.5,21.7,858.0,26.0,12.8,83.0
2025-02-04T20:00,20.6,53,0.0,1015.1,9.0,269,45.6,22.3,1025.0,33.1,12.8,67.0
2025-02-04T21:00,20.2,52,0.0,1015.5,8.2,280,46.4,22.1,956.0,33.3,12.4,63.0
2025-02-04T22:00,19.8,54,0.0,1015.7,8.3,290,46.6,22.1,762.0,29.8,11.8,64.0
2025-02-04T23:00,19.4,56,0.0,1015.5,9.2,291,45.5,22.4,587.0,25.9,10.9,67.0
2025-02-05T00:00,19.0,61,0.0,1015.1,10.9,292,43.4,21.9,478.0,22.1,9.6,69.0
2025-02-05T01:00,18.8,63,0.0,1014.9,9.8,305,39.9,20.4,389.0,17.9,8.0,72.0
2025-02-05T02:00,18.6,60,0.0,1014.8,8.4,325,36.3,18.9,324.0,14.5,6.9,74.0
2025-02-05T03:00,18.4,58,0.0,1014.2,7.5,333,32.9,17.7,256.0,11.3,6.5,74.0
2025-02-05T04:00,17.4,62,0.0,1014.4,8.6,331,30.3,16.7,212.0,8.9,6.5,74.0
2025-02-05T05:00,15.8,69,0.0,1014.6,8.2,352,28.1,16.2,274.0,10.0,7.1,71.0
2025-02-05T06:00,14.9,74,0.0,1015.4,6.4,36,29.2,16.8,543.0,20.9,8.8,53.0
2025-02-05T07:00,14.4,73,0.0,1016.0,6.2,21,33.5,20.2,919.0,35.5,11.4,30.0
2025-02-05T08:00,14.5,67,0.0,1016.8,7.2,3,44.9,31.3,1181.0,43.7,14.4,21.0
2025-02-05T09:00,16.4,52,0.0,1017.5,6.0,10,48.5,34.1,1235.0,39.4,18.6,38.0
2025-02-05T10:00,19.6,34,0.0,1017.9,4.3,28,57.3,28.9,1175.0,28.7,23.3,69.0
2025-02-05T11:00,22.6,23,0.0,1017.8,3.1,54,56.1,22.9,1063.0,19.3,26.2,96.0
2025-02-05T12:00,24.5,18,0.0,1017.1,1.5,104,40.5,16.1,884.0,13.8,25.8,112.0
2025-02-05T13:00,25.6,14,0.0,1015.9,2.9,176,33.8,14.0,654.0,9.7,23.7,124.0
2025-02-05T14:00,25.8,16,0.0,1014.9,7.4,194,31.8,14.1,483.0,7.3,21.9,132.0
2025-02-05T15:00,25.3,24,0.0,1014.2,12.0,210,31.2,14.3,400.0,4.6,21.3,139.0
2025-02-05T16:00,24.6,25,0.0,1014.0,13.4,224,31.3,14.7,375.0,3.5,21.0,142.0
2025-02-05T17:00,24.0,20,0.0,1014.2,12.2,243,21.9,12.0,433.0,9.4,18.7,130.0
2025-02-05T18:00,23.1,24,0.0,1014.2,8.0,261,24.7,15.5,631.0,27.7,19.2,101.0
2025-02-05T19:00,21.8,34,0.0,1014.7,8.3,264,35.4,27.5,910.0,52.8,20.0,61.0
2025-02-05T20:00,20.9,38,0.0,1015.2,8.1,295,37.7,30.3,1120.0,71.6,20.7,30.0
2025-02-05T21:00,20.1,40,0.0,1015.9,8.2,299,39.7,32.6,1211.0,77.9,21.7,17.0
2025-02-05T22:00,19.4,46,0.0,1016.4,8.5,314,43.9,36.7,1233.0,77.8,22.8,14.0
2025-02-05T23:00,18.6,50,0.0,1016.5,9.2,343,49.7,43.1,1181.0,76.0,22.7,12.0
2025-02-06T00:00,18.1,52,0.0,1016.7,11.0,332,51.3,45.5,1015.0,74.1,20.7,10.0
2025-02-06T01:00,17.8,54,0.0,1016.5,10.8,342,47.7,41.9,775.0,70.4,17.6,10.0
2025-02-06T02:00,17.2,58,0.0,1016.1,10.0,354,43.7,37.4,580.0,65.1,14.9,12.0
2025-02-06T03:00,16.7,61,0.0,1015.6,9.6,6,40.5,33.8,444.0,56.5,13.0,16.0
2025-02-06T04:00,16.1,54,0.0,1015.3,9.2,20,38.6,31.5,353.0,46.3,11.4,22.0
2025-02-06T05:00,15.8,37,0.0,1015.4,8.5,25,37.1,30.6,384.0,49.0,11.9,13.0
2025-02-06T06:00,15.1,40,0.0,1016.0,7.7,39,35.7,29.2,638.0,49.0,12.8,11.0
2025-02-06T07:00,14.8,35,0.0,1016.8,7.5,42,38.1,31.3,1014.0,48.6,14.2,11.0
2025-02-06T08:00,14.9,38,0.0,1017.1,7.7,51,44.4,37.7,1286.0,45.4,16.0,19.0
2025-02-06T09:00,16.8,35,0.0,1017.8,6.7,52,41.9,34.5,1376.0,37.2,18.8,45.0
2025-02-06T10:00,20.0,30,0.0,1018.4,4.7,74,38.5,28.2,1362.0,26.3,21.9,81.0
2025-02-06T11:00,23.2,23,0.0,1018.3,6.0,83,32.0,19.5,1253.0,17.2,23.4,109.0
2025-02-06T12:00,25.3,18,0.0,1017.0,7.9,91,27.8,16.1,984.0,11.7,22.0,123.0
2025-02-06T13:00,26.6,14,0.0,1015.8,7.8,109,25.1,14.4,620.0,8.1,19.0,129.0
2025-02-06T14:00,27.1,13,0.0,1015.0,7.3,120,23.9,13.4,363.0,6.0,16.3,132.0
2025-02-06T15:00,27.3,12,0.0,1014.5,8.2,100,23.1,12.7,303.0,4.4,14.6,135.0
2025-02-06T16:00,27.4,11,0.0,1014.1,11.3,81,22.1,12.2,351.0,4.4,13.2,135.0
2025-02-06T17:00,26.9,11,0.0,1014.1,12.7,72,21.4,12.3,441.0,8.4,12.4,124.0
2025-02-06T18:00,26.1,12,0.0,1014.7,11.2,66,20.4,13.7,595.0,19.9,11.9,102.0
2025-02-06T19:00,24.9,14,0.0,1015.0,11.7,58,25.5,21.4,792.0,35.4,11.1,72.0
2025-02-06T20:00,24.0,16,0.0,1015.8,12.1,58,22.9,19.9,900.0,44.2,10.3,52.0
2025-02-06T21:00,22.6,19,0.0,1016.5,12.7,50,20.4,17.6,839.0,39.9,9.3,51.0
2025-02-06T22:00,21.6,21,0.0,1016.7,12.3,50,19.4,16.0,690.0,28.9,8.2,60.0
2025-02-06T23:00,20.7,22,0.0,1016.7,11.3,44,19.7,15.8,557.0,19.7,7.4,68.0
2025-02-07T00:00,19.9,24,0.0,1016.7,11.2,35,20.4,16.2,479.0,15.8,7.0,71.0
2025-02-07T01:00,19.2,25,0.0,1016.4,11.0,32,20.5,16.2,418.0,13.7,6.9,72.0
2025-02-07T02:00,18.8,26,0.0,1016.2,11.3,33,20.3,16.0,368.0,11.9,6.8,74.0
2025-02-07T03:00,18.6,26,0.0,1015.7,12.0,36,20.0,15.7,308.0,9.1,6.6,78.0
2025-02-07T04:00,18.4,26,0.0,1015.4,12.3,38,19.6,15.4,259.0,6.6,6.6,83.0
2025-02-07T05:00,18.1,25,0.0,1015.7,11.5,35,20.0,15.2,278.0,6.8,6.9,82.0
2025-02-07T06:00,18.2,24,0.0,1016.2,12.0,41,19.7,15.0,436.0,11.5,7.7,77.0
2025-02-07T07:00,17.9,25,0.0,1016.9,11.9,39,20.8,16.0,663.0,17.7,9.0,70.0
2025-02-07T08:00,18.1,26,0.0,1017.4,11.9,41,23.1,18.3,800.0,21.2,10.5,69.0
2025-02-07T09:00,19.9,24,0.0,1018.3,10.6,40,25.0,21.2,763.0,19.3,12.6,78.0
2025-02-07T10:00,22.7,19,0.0,1018.8,10.2,45,23.1,17.6,638.0,14.5,15.0,92.0
2025-02-07T11:00,25.3,15,0.0,1018.6,12.3,59,20.4,13.1,522.0,10.4,16.4,105.0
2025-02-07T12:00,26.9,11,0.0,1017.6,13.8,74,25.6,10.6,441.0,7.8,15.8,114.0
2025-02-07T13:00,27.7,11,0.0,1016.3,12.9,78,28.6,10.9,370.0,5.7,14.2,121.0
2025-02-07T14:00,28.2,10,0.0,1015.2,11.7,79,25.6,10.2,334.0,4.8,13.1,126.0
2025-02-07T15:00,28.4,10,0.0,1014.1,10.8,80,22.8,10.0,332.0,3.5,13.0,131.0
2025-02-07T16:00,28.2,10,0.0,1013.7,10.4,80,21.2,10.3,365.0,3.2,13.3,133.0
2025-02-07T17:00,27.8,11,0.0,1013.7,11.0,79,26.5,14.5,455.0,9.7,15.5,126.0
2025-02-07T18:00,27.1,11,0.0,1014.1,6.6,73,28.4,19.6,668.0,31.2,16.4,95.0
2025-02-07T19:00,25.6,12,0.0,1015.0,3.6,6,40.3,32.9,938.0,60.2,17.6,53.0
2025-02-07T20:00,24.3,14,0.0,1015.6,4.6,349,38.9,34.1,1094.0,76.5,17.8,26.0
2025-02-07T21:00,23.7,15,0.0,1016.0,6.9,39,34.0,29.8,1033.0,68.3,16.0,28.0
2025-02-07T22:00,22.8,18,0.0,1016.0,10.7,57,31.4,27.3,858.0,47.4,13.2,44.0
2025-02-07T23:00,21.6,22,0.0,1015.7,10.9,52,30.4,26.1,701.0,30.0,11.0,58.0
2025-02-08T00:00,20.8,24,0.0,1015.3,10.1,47,29.9,25.7,609.0,22.0,9.9,63.0
2025-02-08T01:00,20.1,26,0.0,1014.5,9.8,43,29.3,25.1,535.0,17.3,9.3,66.0
2025-02-08T02:00,19.5,26,0.0,1014.2,9.8,36,28.7,24.7,475.0,14.0,9.0,67.0
2025-02-08T03:00,18.9,27,0.0,1013.6,9.3,36,28.1,24.3,399.0,11.0,8.9,68.0
2025-02-08T04:00,18.3,27,0.0,1013.4,9.4,38,27.6,23.9,336.0,9.3,9.0,68.0
2025-02-08T05:00,17.8,28,0.0,1013.4,9.6,30,27.3,23.7,368.0,8.8,9.4,71.0
2025-02-08T06:00,17.1,30,0.0,1014.3,9.4,36,28.0,24.4,585.0,14.5,10.2,65.0
2025-02-08T07:00,16.8,31,0.0,1014.9,9.3,40,30.2,26.6,897.0,22.1,11.5,57.0
2025-02-08T08:00,16.9,30,0.0,1015.4,9.3,43,34.1,30.5,1117.0,26.6,12.7,56.0
2025-02-08T09:00,18.5,27,0.0,1016.3,8.0,42,36.8,33.6,1169.0,25.1,13.9,67.0
2025-02-08T10:00,21.7,21,0.0,1016.8,6.4,52,37.6,32.4,1129.0,20.4,15.2,85.0
2025-02-08T11:00,24.9,17,0.0,1016.6,6.2,69,42.8,26.7,1036.0,15.9,16.3,102.0
2025-02-08T12:00,26.9,14,0.0,1015.6,6.9,107,42.7,20.1,857.0,12.1,16.9,117.0
2025-02-08T13:00,27.7,13,0.0,1014.3,6.9,137,32.4,16.2,625.0,8.4,17.3,130.0
2025-02-08T14:00,28.1,13,0.0,1013.1,7.6,155,27.2,15.2,482.0,6.4,18.3,141.0
2025-02-08T15:00,28.1,14,0.0,1012.2,8.4,170,26.1,15.8,498.0,4.8,20.7,150.0
2025-02-08T16:00,27.9,15,0.0,1011.9,9.2,191,27.1,17.3,604.0,4.8,23.7,156.0
2025-02-08T17:00,26.8,20,0.0,1012.0,8.9,228,39.1,26.7,733.0,12.9,32.0,156.0
2025-02-08T18:00,24.7,31,0.0,1012.5,9.4,274,45.3,35.5,891.0,33.7,31.6,126.0
2025-02-08T19:00,23.0,36,0.0,1013.3,8.6,296,54.7,46.8,1073.0,62.0,31.0,85.0
2025-02-08T20:00,21.7,41,0.0,1013.7,8.1,315,57.7,50.2,1199.0,81.0,30.2,54.0
2025-02-08T21:00,20.9,44,0.0,1014.2,7.9,321,58.1,50.6,1239.0,82.3,29.3,42.0
2025-02-08T22:00,20.3,46,0.0,1014.2,8.2,331,56.5,49.5,1223.0,74.3,28.2,41.0
2025-02-08T23:00,19.9,46,0.0,1014.2,8.2,334,53.6,47.6,1168.0,65.0,26.6,41.0
2025-02-09T00:00,19.3,45,0.0,1013.9,7.9,343,49.9,45.4,1066.0,56.4,24.0,42.0
2025-02-09T01:00,18.8,43,0.0,1013.4,7.7,344,44.9,41.6,924.0,46.6,20.9,45.0
2025-02-09T02:00,18.2,43,0.0,1013.0,7.7,348,39.6,37.1,781.0,37.9,18.1,48.0
2025-02-09T03:00,17.7,44,0.0,1012.5,8.3,349,35.3,33.4,592.0,30.0,15.7,50.0
2025-02-09T04:00,17.2,44,0.0,1012.2,7.9,359,32.0,30.4,402.0,23.3,13.7,51.0
2025-02-09T05:00,16.9,41,0.0,1012.0,7.4,4,30.5,28.6,379.0,19.4,12.8,51.0
2025-02-09T06:00,15.8,49,0.0,1012.7,6.8,2,29.9,28.1,688.0,28.1,13.5,36.0
2025-02-09T07:00,15.4,46,0.0,1013.2,6.7,6,33.1,31.2,1164.0,39.8,14.6,16.0
2025-02-09T08:00,15.5,41,0.0,1013.8,7.1,9,44.5,42.8,1486.0,46.4,16.6,13.0
2025-02-09T09:00,18.0,31,0.0,1014.4,4.7,4,50.6,49.1,1498.0,43.5,20.1,40.0
2025-02-09T10:00,21.7,23,0.0,1014.9,3.1,3,43.1,39.9,1356.0,35.4,24.5,83.0
2025-02-09T11:00,24.7,19,0.0,1014.9,0.6,108,35.9,30.2,1204.0,27.5,28.6,119.0
2025-02-09T12:00,26.3,16,0.0,1013.9,3.3,174,31.8,27.4,1088.0,20.6,32.4,140.0
2025-02-09T13:00,27.0,16,0.0,1012.8,6.9,189,31.3,28.1,962.0,13.9,35.9,154.0
2025-02-09T14:00,27.0,20,0.0,1011.9,9.9,199,32.2,29.4,840.0,9.9,38.1,163.0
2025-02-09T15:00,26.8,23,0.0,1011.3,11.3,209,33.5,30.9,698.0,9.1,38.4,168.0
2025-02-09T16:00,26.1,26,0.0,1011.1,11.0,218,34.7,32.0,560.0,11.0,37.3,169.0
2025-02-09T17:00,25.1,32,0.0,1011.2,9.8,229,33.2,31.1,504.0,14.4,35.0,156.0
2025-02-09T18:00,24.0,37,0.0,1011.5,8.9,246,39.1,37.0,610.0,29.0,31.4,126.0
2025-02-09T19:00,22.5,54,0.0,1012.1,8.5,263,43.4,41.3,799.0,49.0,26.5,85.0
2025-02-09T20:00,21.7,58,0.0,1012.5,8.5,276,43.8,41.7,911.0,62.9,22.4,54.0
2025-02-09T21:00,21.1,59,0.0,1013.2,8.4,289,42.8,41.0,865.0,65.9,20.4,41.0
2025-02-09T22:00,20.6,61,0.0,1013.3,8.1,291,41.9,40.3,742.0,62.8,19.2,39.0
2025-02-09T23:00,20.1,66,0.0,1013.2,7.8,293,40.6,39.2,625.0,57.2,17.9,40.0
2025-02-10T00:00,19.8,70,0.0,1012.9,8.2,299,38.8,37.5,537.0,48.9,15.8,45.0
2025-02-10T01:00,19.3,74,0.0,1012.6,8.2,308,35.6,34.3,454.0,38.1,13.4,54.0
2025-02-10T02:00,18.9,77,0.0,1012.5,8.7,317,31.8,30.4,389.0,28.6,11.6,63.0
2025-02-10T03:00,18.6,82,0.0,1012.2,8.3,319,28.9,27.2,313.0,20.4,10.3,71.0
2025-02-10T04:00,18.2,85,0.0,1012.2,7.4,328,27.0,25.0,256.0,13.7,9.5,77.0
2025-02-10T05:00,17.9,86,0.0,1012.1,6.4,320,25.0,22.6,311.0,11.0,9.2,82.0
2025-02-10T06:00,17.3,84,0.0,1012.8,6.9,323,27.7,24.0,618.0,22.4,10.9,69.0
2025-02-10T07:00,17.1,86,0.0,1013.4,6.5,312,31.3,27.3,1038.0,37.6,13.4,52.0
2025-02-10T08:00,17.6,85,0.0,1014.0,6.9,290,40.2,36.2,1254.0,45.3,15.9,48.0
2025-02-10T09:00,20.2,77,0.0,1014.8,5.0,283,39.2,36.1,1061.0,38.3,18.4,68.0
2025-02-10T10:00,22.8,68,0.0,1015.5,7.4,266,32.5,27.9,664.0,23.9,21.0,100.0
2025-02-10T11:00,24.6,57,0.0,1015.5,9.0,264,28.8,25.9,359.0,12.4,22.7,125.0
2025-02-10T12:00,25.6,51,0.0,1014.6,11.4,265,27.2,24.7,272.0,7.8,23.1,137.0
2025-02-10T13:00,26.2,47,0.0,1013.6,12.4,272,25.4,23.0,277.0,6.1,22.7,143.0
2025-02-10T14:00,26.3,47,0.0,1012.7,12.6,272,24.6,22.3,299.0,5.8,22.1,144.0
2025-02-10T15:00,26.0,48,0.0,1012.2,13.3,270,23.9,21.8,305.0,5.8,21.7,140.0
2025-02-10T16:00,25.2,51,0.0,1012.0,13.4,266,23.3,21.2,327.0,7.1,21.2,130.0
2025-02-10T17:00,24.1,57,0.0,1012.2,11.9,265,19.6,16.9,384.0,10.2,18.4,115.0
2025-02-10T18:00,23.1,67,0.0,1012.2,10.7,262,21.0,18.5,514.0,18.6,17.3,100.0
2025-02-10T19:00,22.1,76,0.0,1012.8,8.8,255,25.6,23.5,678.0,30.0,15.7,78.0
2025-02-10T20:00,21.6,82,0.0,1013.6,8.3,254,27.9,25.4,783.0,37.6,14.3,63.0
2025-02-10T21:00,21.4,83,0.0,1014.2,9.4,250,28.9,26.1,782.0,38.0,13.4,59.0
2025-02-10T22:00,21.3,84,0.0,1014.3,9.8,246,29.2,26.3,721.0,34.6,12.6,62.0
2025-02-10T23:00,21.1,86,0.0,1014.3,9.7,254,28.5,25.4,641.0,30.4,11.7,65.0
2025-02-11T00:00,20.9,88,0.0,1014.2,9.9,261,27.6,24.3,544.0,26.1,10.5,68.0
2025-02-11T01:00,20.8,89,0.0,1013.6,9.6,265,26.4,22.6,429.0,21.0,9.2,71.0
2025-02-11T02:00,20.6,90,0.0,1013.3,9.4,275,25.8,20.7,335.0,16.5,8.1,74.0
2025-02-11T03:00,20.5,91,0.0,1012.9,9.3,283,27.0,19.0,264.0,12.0,7.2,77.0
2025-02-11T04:00,20.4,94,0.0,1012.7,9.7,285,28.9,17.6,214.0,8.1,6.6,81.0
2025-02-11T05:00,20.5,95,0.0,1012.7,10.6,288,29.1,15.9,215.0,6.1,6.1,82.0
2025-02-11T06:00,20.6,94,0.0,1012.9,12.3,288,28.9,15.6,313.0,12.1,6.5,72.0
2025-02-11T07:00,20.5,94,0.0,1013.7,11.9,293,30.5,17.0,462.0,20.2,7.3,60.0
2025-02-11T08:00,20.6,94,0.0,1014.2,11.4,291,37.4,21.8,549.0,24.6,8.6,55.0
2025-02-11T09:00,22.0,85,0.0,1015.1,11.1,293,46.0,23.7,508.0,21.8,11.1,65.0
2025-02-11T10:00,23.9,73,0.0,1015.4,10.7,295,71.0,24.1,405.0,15.3,14.2,84.0
2025-02-11T11:00,25.7,59,0.0,1015.5,10.1,290,108.7,29.1,323.0,9.9,16.6,100.0
2025-02-11T12:00,26.9,51,0.0,1014.8,10.7,279,136.4,33.9,290.0,7.1,17.7,111.0
2025-02-11T13:00,27.6,47,0.0,1014.0,11.7,271,143.4,36.0,277.0,5.3,18.1,120.0
2025-02-11T14:00,27.7,47,0.0,1013.0,12.5,263,145.3,36.8,282.0,4.8,18.2,124.0
2025-02-11T15:00,27.4,50,0.0,1012.2,12.7,257,142.0,37.0,296.0,5.5,18.1,120.0
2025-02-11T16:00,26.6,55,0.0,1011.7,12.6,253,135.5,36.9,326.0,7.4,17.6,110.0
2025-02-11T17:00,25.5,60,0.0,1011.8,11.7,253,128.5,36.8,396.0,11.3,17.6,98.0
2025-02-11T18:00,24.3,69,0.0,1012.6,10.7,261,105.2,36.6,551.0,18.7,16.2,84.0
2025-02-11T19:00,23.0,76,0.0,1013.2,10.3,268,92.7,38.3,746.0,28.8,14.4,64.0
2025-02-11T20:00,22.4,77,0.0,1013.9,9.7,274,96.6,39.7,861.0,36.3,13.0,49.0
2025-02-11T21:00,22.0,78,0.0,1014.6,7.9,283,99.4,40.7,829.0,38.6,12.6,44.0
2025-02-11T22:00,21.5,82,0.0,1014.9,7.3,298,100.1,41.6,718.0,38.2,12.8,43.0
2025-02-11T23:00,21.1,85,0.0,1015.0,7.1,308,99.9,42.7,617.0,37.2,12.7,43.0
2025-02-12T00:00,20.7,88,0.0,1014.8,7.1,315,97.8,43.8,555.0,36.0,12.1,41.0
2025-02-12T01:00,20.4,88,0.0,1014.7,7.1,339,94.3,43.0,502.0,34.3,11.3,40.0
2025-02-12T02:00,20.0,87,0.0,1014.3,6.0,355,93.4,41.9,461.0,32.9,10.8,37.0
2025-02-12T03:00,19.6,87,0.0,1014.0,4.5,23,96.9,42.5,411.0,32.0,10.7,32.0
2025-02-12T04:00,19.1,88,0.0,1014.0,5.2,29,101.3,43.4,372.0,31.5,10.8,25.0
2025-02-12T05:00,18.6,87,0.0,1014.1,5.8,34,110.1,46.2,404.0,33.2,12.5,20.0
2025-02-12T06:00,18.2,88,0.0,1014.7,7.0,13,109.2,47.1,564.0,34.4,13.8,13.0
2025-02-12T07:00,17.9,79,0.0,1015.4,7.6,5,113.2,51.5,794.0,35.8,15.8,5.0
2025-02-12T08:00,18.2,74,0.0,1016.2,8.5,29,113.4,62.2,985.0,35.7,17.9,8.0
2025-02-12T09:00,20.6,61,0.0,1016.9,6.4,50,115.7,58.9,1115.0,33.0,20.1,32.0
2025-02-12T10:00,24.0,45,0.0,1017.6,4.6,72,130.4,51.7,1206.0,28.7,22.5,66.0
2025-02-12T11:00,26.6,34,0.0,1017.7,4.1,119,132.7,47.6,1210.0,24.1,24.8,97.0
2025-02-12T12:00,28.1,30,0.0,1017.0,4.8,167,133.2,46.8,1063.0,18.5,27.1,119.0
2025-02-12T13:00,28.8,31,0.0,1015.8,7.5,190,132.2,46.4,830.0,12.6,29.3,136.0
2025-02-12T14:00,29.0,33,0.0,1015.0,9.7,205,128.1,46.8,659.0,9.2,30.9,149.0
2025-02-12T15:00,29.0,33,0.0,1014.1,10.4,210,122.5,46.4,604.0,8.6,31.9,160.0
2025-02-12T16:00,28.8,32,0.0,1013.6,10.7,221,120.1,46.9,611.0,10.6,32.4,167.0
2025-02-12T17:00,27.8,34,0.0,1013.8,9.9,238,118.5,48.2,670.0,15.2,35.0,164.0
2025-02-12T18:00,26.3,43,0.0,1014.3,8.4,251,111.8,50.5,795.0,27.5,31.7,136.0
2025-02-12T19:00,24.8,49,0.0,1014.8,6.9,284,103.6,54.2,972.0,44.7,27.2,98.0
2025-02-12T20:00,24.0,52,0.0,1015.4,7.0,312,106.4,56.2,1149.0,59.9,24.8,65.0
2025-02-12T21:00,23.2,55,0.0,1016.1,6.8,328,109.0,59.0,1354.0,71.7,26.8,44.0
2025-02-12T22:00,22.7,56,0.0,1016.5,6.7,333,119.7,65.0,1559.0,81.6,30.9,29.0
2025-02-12T23:00,22.5,56,0.0,1016.5,5.8,358,132.2,72.9,1632.0,86.7,32.7,18.0
2025-02-13T00:00,22.3,55,0.0,1016.1,5.2,6,118.7,75.0,1470.0,84.6,29.9,12.0
2025-02-13T01:00,22.0,54,0.0,1015.7,5.3,18,99.7,69.8,1175.0,77.8,25.0,11.0
2025-02-13T02:00,21.3,54,0.0,1015.6,4.6,13,88.2,64.5,921.0,70.9,20.7,11.0
2025-02-13T03:00,20.5,54,0.0,1015.1,4.4,19,81.3,61.0,727.0,65.2,17.9,10.0
2025-02-13T04:00,19.8,54,0.0,1014.8,5.3,12,77.1,57.7,572.0,59.5,15.9,10.0
2025-02-13T05:00,19.2,53,0.0,1014.9,4.8,13,64.7,48.8,571.0,55.1,15.7,12.0
2025-02-13T06:00,18.6,53,0.0,1015.8,4.7,9,64.5,48.5,853.0,51.9,15.2,7.0
2025-02-13T07:00,18.2,51,0.0,1016.3,4.4,30,67.1,51.8,1288.0,47.3,15.1,2.0
2025-02-13T08:00,18.2,50,0.0,1016.9,4.1,34,75.7,63.1,1596.0,42.4,19.2,10.0
2025-02-13T09:00,20.9,41,0.0,1017.5,2.7,48,73.3,62.4,1670.0,37.6,32.2,41.0
2025-02-13T10:00,24.7,30,0.0,1018.1,2.0,95,69.2,41.7,1619.0,32.5,49.5,84.0
2025-02-13T11:00,26.9,26,0.0,1017.7,3.1,167,93.1,42.5,1484.0,27.1,60.6,121.0
2025-02-13T12:00,27.9,25,0.0,1016.9,5.8,189,108.0,44.1,1223.0,20.3,60.4,145.0
2025-02-13T13:00,28.3,25,0.0,1015.6,9.1,201,102.0,41.3,880.0,13.3,54.2,162.0
2025-02-13T14:00,28.3,25,0.0,1014.5,11.0,205,94.1,39.1,628.0,9.0,47.2,170.0
2025-02-13T15:00,28.0,26,0.0,1013.8,11.1,210,89.6,37.8,532.0,8.4,40.6,165.0
2025-02-13T16:00,27.2,31,0.0,1013.2,10.8,218,87.3,37.4,527.0,10.5,33.3,151.0
2025-02-13T17:00,26.1,36,0.0,1013.2,9.3,230,90.6,39.9,593.0,15.8,30.6,141.0
2025-02-13T18:00,25.3,45,0.0,1013.7,8.2,251,84.8,42.0,792.0,28.1,27.6,115.0
2025-02-13T19:00,23.8,57,0.0,1014.3,7.4,263,86.4,46.3,1061.0,44.9,23.3,80.0
2025-02-13T20:00,22.9,67,0.0,1014.9,8.1,269,88.9,47.6,1192.0,55.9,19.8,53.0
2025-02-13T21:00,22.3,75,0.0,1015.1,8.3,265,89.4,47.6,1055.0,56.3,18.0,44.0
2025-02-13T22:00,21.9,80,0.0,1015.0,8.6,271,87.3,46.0,780.0,51.0,17.0,44.0
2025-02-13T23:00,21.5,81,0.0,1015.0,9.0,282,82.9,43.0,544.0,44.3,15.7,47.0
2025-02-14T00:00,21.1,82,0.0,1014.7,9.1,287,75.7,38.9,408.0,36.8,13.6,51.0
2025-02-14T01:00,20.7,83,0.0,1014.5,9.2,296,65.7,34.0,310.0,27.8,11.2,57.0
2025-02-14T02:00,20.6,83,0.0,1014.2,9.7,295,54.9,29.2,244.0,20.4,9.4,62.0
2025-02-14T03:00,20.4,84,0.0,1013.7,9.8,298,46.9,25.2,197.0,14.5,8.2,66.0
2025-02-14T04:00,20.3,86,0.0,1013.5,9.3,298,45.5,22.7,181.0,10.1,7.6,69.0
2025-02-14T05:00,20.3,86,0.0,1013.2,9.2,290,45.3,20.5,227.0,9.4,7.5,68.0
2025-02-14T06:00,20.0,88,0.0,1013.6,9.3,295,52.7,21.2,397.0,18.1,8.7,56.0
2025-02-14T07:00,19.8,89,0.0,1014.2,9.0,301,59.6,24.1,629.0,29.8,10.5,41.0
2025-02-14T08:00,20.2,87,0.0,1014.7,9.2,301,68.2,31.7,762.0,36.5,12.4,35.0
2025-02-14T09:00,22.1,80,0.0,1015.2,7.0,302,64.7,32.1,700.0,33.8,14.4,48.0
2025-02-14T10:00,24.7,68,0.0,1015.7,7.9,290,71.2,30.0,539.0,26.1,16.6,72.0
2025-02-14T11:00,27.4,50,0.0,1015.3,8.0,280,70.1,28.9,405.0,19.2,18.1,92.0
2025-02-14T12:00,29.0,39,0.0,1014.3,9.9,261,71.0,28.7,342.0,14.6,18.8,106.0
2025-02-14T13:00,29.7,36,0.0,1013.2,11.9,260,71.7,28.3,306.0,10.9,18.8,118.0
2025-02-14T14:00,29.7,35,0.0,1012.7,14.4,269,66.4,27.4,296.0,8.9,18.3,123.0
2025-02-14T15:00,29.5,34,0.0,1011.8,13.5,273,60.1,26.0,314.0,9.1,17.1,118.0
2025-02-14T16:00,28.8,36,0.0,1011.3,12.4,267,55.9,24.5,358.0,11.2,15.3,107.0
2025-02-14T17:00,27.3,42,0.0,1011.5,12.3,264,52.3,24.4,418.0,15.8,13.8,94.0
2025-02-14T18:00,25.6,54,0.0,1012.2,11.4,263,47.7,26.1,520.0,23.2,13.0,81.0
2025-02-14T19:00,24.3,64,0.0,1012.3,9.4,270,47.5,28.1,639.0,33.3,11.9,63.0
2025-02-14T20:00,23.8,66,0.0,1012.5,9.1,256,48.7,28.1,689.0,39.1,10.9,51.0
2025-02-14T21:00,23.6,66,0.0,1012.8,10.7,254,48.9,27.6,611.0,37.1,10.2,51.0
2025-02-14T22:00,23.7,65,0.0,1012.9,12.6,259,47.0,26.5,463.0,30.9,9.6,57.0
2025-02-14T23:00,23.7,63,0.0,1012.5,14.7,259,44.7,24.9,337.0,24.6,8.9,63.0
2025-02-15T00:00,23.6,63,0.0,1012.0,15.8,258,42.3,22.9,265.0,19.1,7.7,69.0
2025-02-15T01:00,23.4,62,0.0,1011.3,16.2,262,41.0,21.1,214.0,13.5,6.4,75.0
2025-02-15T02:00,23.0,64,0.0,1011.0,15.3,269,40.7,20.3,181.0,9.2,5.5,79.0
2025-02-15T03:00,22.8,66,0.0,1010.5,15.2,281,41.4,20.1,158.0,6.4,5.1,81.0
2025-02-15T04:00,22.6,68,0.0,1010.4,15.3,282,42.0,20.5,153.0,4.9,5.2,82.0
2025-02-15T05:00,22.4,72,0.0,1010.3,15.3,288,43.4,21.5,180.0,5.3,5.5,81.0
2025-02-15T06:00,22.0,77,0.0,1010.9,16.2,282,43.9,22.2,274.0,11.0,6.3,73.0
2025-02-15T07:00,22.0,78,0.0,1011.4,15.7,281,45.6,24.0,400.0,18.6,7.5,63.0
2025-02-15T08:00,22.5,78,0.0,1012.0,14.1,284,49.9,27.6,475.0,23.3,9.0,59.0
2025-02-15T09:00,24.2,72,0.0,1012.5,11.1,287,54.8,29.9,447.0,22.2,10.8,67.0
2025-02-15T10:00,26.1,64,0.0,1012.9,11.1,290,70.5,30.5,367.0,18.2,12.9,81.0
2025-02-15T11:00,27.7,54,0.0,1012.7,10.0,278,97.6,33.8,303.0,14.3,14.8,95.0
2025-02-15T12:00,28.8,48,0.0,1012.1,10.6,268,121.1,37.1,279.0,11.2,16.7,110.0
2025-02-15T13:00,29.4,46,0.0,1010.9,11.7,259,125.3,38.2,272.0,8.4,18.3,124.0
2025-02-15T14:00,29.4,47,0.0,1009.9,12.5,259,120.1,38.6,280.0,7.2,19.0,131.0
2025-02-15T15:00,28.9,50,0.0,1009.1,13.5,245,108.3,37.8,302.0,8.2,18.0,125.0
2025-02-15T16:00,27.8,55,0.0,1008.9,13.8,248,97.8,36.4,339.0,10.8,16.0,112.0
2025-02-15T17:00,26.5,60,0.0,1009.0,13.3,249,78.2,31.7,388.0,14.5,13.9,96.0
2025-02-15T18:00,24.9,71,0.0,1009.4,11.8,259,65.9,32.1,461.0,21.4,13.0,82.0
2025-02-15T19:00,23.8,80,0.0,1009.8,9.5,256,62.6,33.2,546.0,30.8,11.8,64.0
2025-02-15T20:00,23.3,84,0.0,1010.5,9.6,244,59.8,33.5,601.0,36.6,10.8,51.0
2025-02-15T21:00,23.2,83,0.0,1010.9,10.4,253,56.5,32.8,611.0,35.6,10.3,49.0
2025-02-15T22:00,23.0,82,0.0,1011.4,10.5,257,52.0,31.2,591.0,31.0,10.1,53.0
2025-02-15T23:00,22.8,81,0.0,1011.4,8.1,273,47.7,28.9,546.0,25.9,9.6,57.0
2025-02-16T00:00,22.7,79,0.0,1011.4,8.7,274,42.7,25.8,463.0,21.0,8.6,61.0
2025-02-16T01:00,22.5,79,0.0,1010.8,8.5,272,37.0,22.5,355.0,15.7,7.3,66.0
2025-02-16T02:00,22.2,80,0.0,1010.3,7.9,283,32.7,19.7,271.0,11.4,6.4,71.0
2025-02-16T03:00,22.0,80,0.0,1010.1,9.4,288,30.3,17.9,216.0,8.1,6.0,75.0
2025-02-16T04:00,22.0,80,0.0,1009.8,9.0,286,29.9,17.1,185.0,5.7,5.9,79.0
2025-02-16T05:00,21.9,80,0.0,1009.7,10.3,281,28.5,16.5,215.0,5.9,6.0,80.0
2025-02-16T06:00,21.7,80,0.0,1010.2,10.7,286,30.4,17.2,370.0,12.5,7.0,72.0
2025-02-16T07:00,21.3,83,0.0,1010.9,9.2,281,33.3,19.3,584.0,21.5,8.4,61.0
2025-02-16T08:00,22.0,81,0.0,1011.4,9.7,274,39.1,24.0,703.0,26.5,10.0,57.0
2025-02-16T09:00,24.1,73,0.0,1012.1,8.5,283,44.5,26.6,628.0,24.0,11.7,66.0
2025-02-16T10:00,26.2,61,0.0,1012.4,9.5,280,61.5,26.4,456.0,17.6,13.6,82.0
2025-02-16T11:00,27.9,51,0.0,1012.1,9.4,271,93.1,29.3,323.0,12.2,15.0,96.0
2025-02-16T12:00,29.2,45,0.0,1011.6,10.5,263,117.3,32.5,281.0,9.0,15.7,107.0
2025-02-16T13:00,30.2,39,0.0,1010.5,11.1,257,119.2,33.2,277.0,6.8,16.0,117.0
2025-02-16T14:00,30.3,41,0.0,1009.3,12.4,248,113.9,32.8,290.0,6.2,15.8,121.0
2025-02-16T15:00,29.7,44,0.0,1008.9,14.1,248,106.2,32.4,314.0,7.7,15.0,115.0
2025-02-16T16:00,27.4,52,0.0,1008.9,13.1,252,96.9,31.5,354.0,10.9,13.7,103.0
2025-02-16T17:00,27.0,53,0.0,1009.3,12.7,249,79.4,28.5,405.0,15.9,12.8,91.0
2025-02-16T18:00,25.2,70,0.0,1009.8,13.2,253,65.0,29.0,479.0,23.2,12.0,78.0
2025-02-16T19:00,24.3,75,0.0,1010.5,11.9,264,53.1,28.3,565.0,32.9,11.0,60.0
2025-02-16T20:00,23.9,76,0.0,1011.2,10.1,260,40.9,24.5,622.0,38.2,10.0,49.0
2025-02-16T21:00,23.9,74,0.0,1011.9,11.4,254,30.7,20.5,637.0,34.8,9.2,52.0
2025-02-16T22:00,23.8,74,0.0,1012.4,11.7,261,26.0,18.1,622.0,26.9,8.6,61.0
2025-02-16T23:00,23.5,76,0.0,1012.5,8.2,284,25.4,17.3,577.0,20.0,7.9,69.0
2025-02-17T00:00,23.3,76,0.0,1012.3,8.1,288,27.0,17.3,474.0,16.0,7.2,72.0
2025-02-17T01:00,23.1,76,0.0,1011.7,7.3,279,28.5,16.9,340.0,13.0,6.5,74.0
2025-02-17T02:00,22.9,77,0.0,1011.3,7.9,269,29.9,16.4,257.0,11.0,6.1,73.0
2025-02-17T03:00,22.6,79,0.0,1011.1,9.4,271,31.4,16.1,246.0,9.3,6.0,70.0
2025-02-17T04:00,22.3,82,0.0,1011.2,6.7,308,30.6,16.0,286.0,8.6,6.1,64.0
2025-02-17T05:00,21.5,86,0.0,1011.4,5.7,24,28.5,14.9,393.0,8.6,6.4,63.0
2025-02-17T06:00,20.9,89,0.0,1012.1,4.7,47,28.0,15.9,625.0,17.7,8.6,49.0
2025-02-17T07:00,20.7,88,0.0,1013.0,5.6,31,32.0,20.2,924.0,29.8,11.6,30.0
2025-02-17T08:00,21.0,82,0.0,1013.9,6.4,22,40.2,28.2,1131.0,36.5,14.6,26.0
2025-02-17T09:00,23.0,67,0.0,1014.5,4.5,43,43.9,30.6,1169.0,32.6,17.3,48.0
2025-02-17T10:00,25.9,44,0.0,1014.9,4.2,72,47.1,27.1,1116.0,23.2,20.0,85.0
2025-02-17T11:00,28.3,33,0.0,1014.9,2.8,125,43.3,25.5,1041.0,15.2,21.9,116.0
2025-02-17T12:00,29.8,29,0.0,1014.3,3.1,183,44.1,23.3,953.0,10.1,22.7,134.0
2025-02-17T13:00,30.5,29,0.0,1013.5,6.7,207,58.8,23.6,844.0,6.3,22.9,147.0
2025-02-17T14:00,30.6,33,0.0,1012.8,11.8,220,82.9,28.4,763.0,5.7,23.0,155.0
2025-02-17T15:00,29.8,34,0.0,1012.3,13.2,233,92.2,30.7,727.0,10.1,23.8,161.0
2025-02-17T16:00,28.9,36,0.0,1012.0,10.2,247,71.0,32.8,718.0,17.8,24.6,161.0
2025-02-17T17:00,28.8,35,0.0,1012.0,9.1,252,61.5,31.0,730.0,22.2,24.2,144.0
2025-02-17T18:00,27.8,43,0.0,1012.4,9.6,276,53.1,33.2,761.0,37.1,24.4,115.0
2025-02-17T19:00,26.4,49,0.0,1012.8,7.2,258,56.2,34.0,814.0,57.6,24.7,75.0
2025-02-17T20:00,24.9,62,0.0,1013.5,8.9,252,67.8,41.0,887.0,72.2,24.6,45.0
2025-02-17T21:00,24.6,68,0.0,1013.8,7.4,248,73.8,48.0,1008.0,76.2,24.2,33.0
2025-02-17T22:00,24.3,75,0.0,1014.2,7.6,234,73.6,45.3,1150.0,74.2,23.5,30.0
2025-02-17T23:00,24.2,77,0.0,1014.1,6.0,261,75.0,41.1,1230.0,68.7,22.0,31.0
2025-02-18T00:00,24.0,73,0.0,1014.0,6.9,285,78.5,36.7,1215.0,58.7,19.0,35.0
2025-02-18T01:00,23.6,71,0.0,1013.6,7.1,319,78.9,33.3,1138.0,45.1,15.2,43.0
2025-02-18T02:00,23.0,72,0.0,1013.0,7.7,327,77.5,31.0,1017.0,33.6,12.1,49.0
2025-02-18T03:00,22.3,78,0.0,1012.5,8.3,312,73.8,28.5,800.0,25.4,10.3,53.0
2025-02-18T04:00,21.9,84,0.0,1012.5,8.8,298,69.4,25.9,539.0,19.3,9.1,55.0
2025-02-18T05:00,21.6,88,0.0,1012.8,9.0,303,63.1,23.5,409.0,16.4,9.0,56.0
2025-02-18T06:00,21.6,80,0.0,1013.5,9.0,317,58.8,22.4,551.0,21.6,9.7,49.0
2025-02-18T07:00,21.4,80,0.0,1014.3,8.2,319,58.1,23.9,824.0,28.4,10.7,40.0
2025-02-18T08:00,21.7,78,0.0,1015.0,7.3,316,59.6,28.5,973.0,31.3,11.7,39.0
2025-02-18T09:00,23.9,68,0.0,1015.7,4.4,305,58.7,29.7,859.0,26.6,13.0,54.0
2025-02-18T10:00,26.8,50,0.0,1016.1,4.7,288,59.4,25.8,621.0,18.0,14.3,78.0
2025-02-18T11:00,29.1,35,0.0,1015.9,7.6,273,62.4,23.8,427.0,10.9,15.0,97.0
2025-02-18T12:00,30.2,30,0.0,1015.0,9.9,260,63.1,22.9,337.0,7.0,14.5,107.0
2025-02-18T13:00,30.9,28,0.0,1013.8,11.5,260,59.0,21.7,291.0,4.7,13.4,113.0
2025-02-18T14:00,30.8,30,0.0,1012.6,12.9,261,54.7,20.4,275.0,4.2,12.7,115.0
2025-02-18T15:00,30.5,33,0.0,1011.8,13.5,258,55.3,20.1,291.0,5.4,13.0,112.0
2025-02-18T16:00,29.7,37,0.0,1011.4,13.0,252,55.9,20.4,337.0,8.4,13.7,105.0
2025-02-18T17:00,28.3,43,0.0,1011.6,12.8,246,30.3,12.0,396.0,12.2,13.4,96.0
2025-02-18T18:00,26.7,50,0.0,1012.3,10.3,248,24.2,14.3,484.0,22.2,13.2,79.0
2025-02-18T19:00,25.0,64,0.0,1012.7,8.5,252,20.2,15.8,585.0,35.8,13.0,56.0
2025-02-18T20:00,24.1,73,0.0,1013.3,7.0,257,17.5,15.3,634.0,43.9,12.5,41.0
2025-02-18T21:00,23.9,74,0.0,1013.7,8.3,250,15.9,14.3,590.0,41.8,11.6,40.0
2025-02-18T22:00,23.9,74,0.0,1013.9,8.7,262,14.6,13.1,493.0,34.3,10.5,46.0
2025-02-18T23:00,23.8,74,0.0,1014.1,9.7,268,13.6,12.1,402.0,26.7,9.4,53.0
2025-02-19T00:00,23.5,78,0.0,1013.9,11.6,265,12.9,11.0,331.0,20.4,8.2,59.0
2025-02-19T01:00,23.4,78,0.0,1013.2,10.0,256,13.3,9.7,265.0,14.0,6.9,65.0
2025-02-19T02:00,23.2,78,0.0,1012.7,9.1,279,17.1,9.3,220.0,9.2,6.0,70.0
2025-02-19T03:00,23.1,77,0.0,1011.9,8.7,265,21.2,10.0,190.0,5.8,5.6,74.0
2025-02-19T04:00,23.2,76,0.0,1011.6,8.4,290,29.5,11.7,182.0,3.8,5.6,77.0
2025-02-19T05:00,23.2,75,0.0,1011.1,6.9,277,36.1,13.6,230.0,5.6,6.4,75.0
2025-02-19T06:00,23.1,78,0.0,1011.4,7.6,285,44.2,15.5,403.0,14.6,8.0,63.0
2025-02-19T07:00,22.7,81,0.0,1012.2,7.8,275,51.6,19.2,632.0,26.7,10.1,47.0
2025-02-19T08:00,23.1,80,0.0,1012.6,9.3,289,59.6,25.7,748.0,33.1,11.9,41.0
2025-02-19T09:00,25.1,67,0.0,1013.1,10.7,292,67.8,27.8,637.0,28.3,12.9,55.0
2025-02-19T10:00,27.3,50,0.0,1013.6,14.1,283,85.7,26.4,412.0,17.7,13.5,80.0
2025-02-19T11:00,28.6,41,0.0,1013.6,16.5,278,84.8,25.1,243.0,9.3,13.6,99.0
2025-02-19T12:00,29.0,38,0.0,1012.9,19.4,277,79.2,24.2,202.0,5.8,13.1,107.0
2025-02-19T13:00,29.5,36,0.0,1011.6,19.9,274,77.1,23.5,217.0,4.4,12.1,110.0
2025-02-19T14:00,29.5,37,0.0,1010.5,19.5,268,73.6,23.2,241.0,4.3,11.2,110.0
2025-02-19T15:00,29.1,39,0.0,1009.8,20.3,264,71.2,23.7,260.0,5.5,10.7,106.0
2025-02-19T16:00,28.0,46,0.0,1009.5,20.7,259,67.3,24.2,288.0,7.9,10.4,98.0
2025-02-19T17:00,26.8,52,0.0,1009.5,19.2,258,47.1,18.3,319.0,10.9,9.7,92.0
2025-02-19T18:00,26.0,59,0.0,1009.5,17.5,260,38.9,19.0,362.0,13.8,9.1,86.0
2025-02-19T19:00,25.1,64,0.0,1009.7,14.3,250,37.4,18.5,408.0,17.7,8.3,79.0
2025-02-19T20:00,25.0,62,0.0,1009.9,16.9,255,36.7,17.7,426.0,19.7,7.6,74.0
2025-02-19T21:00,25.2,60,0.0,1010.1,19.0,253,38.3,17.1,395.0,18.0,7.1,75.0
2025-02-19T22:00,25.3,58,0.0,1010.4,18.6,258,40.9,17.1,336.0,14.4,6.8,79.0
2025-02-19T23:00,24.9,60,0.0,1011.1,15.1,296,44.6,17.5,285.0,11.3,6.5,83.0
2025-02-20T00:00,24.2,67,0.0,1011.0,13.0,303,45.9,17.8,251.0,9.3,6.2,85.0
2025-02-20T01:00,24.0,70,0.0,1010.5,13.8,283,45.1,17.6,225.0,7.7,5.9,87.0
2025-02-20T02:00,23.8,70,0.0,1009.9,14.4,274,43.8,17.3,212.0,6.8,5.9,86.0
2025-02-20T03:00,23.4,72,0.0,1009.8,12.7,283,44.5,17.5,167.0,5.5,5.9,84.0
2025-02-20T04:00,22.8,76,0.0,1009.7,10.3,297,49.5,18.4,136.0,4.8,6.1,79.0
2025-02-20T05:00,22.1,80,0.0,1010.0,8.3,312,55.3,20.3,256.0,8.2,7.0,73.0
2025-02-20T06:00,21.6,83,0.0,1010.8,4.5,5,64.3,22.4,714.0,19.6,8.9,56.0
2025-02-20T07:00,20.7,88,0.0,1011.8,2.2,66,74.7,27.3,1323.0,35.0,11.7,33.0
2025-02-20T08:00,21.0,85,0.0,1012.6,3.6,351,87.5,39.0,1664.0,43.5,15.0,24.0
2025-02-20T09:00,22.7,71,0.0,1013.4,3.5,336,106.6,41.2,1483.0,38.8,19.4,42.0
2025-02-20T10:00,25.3,50,0.0,1013.9,4.0,352,194.6,45.5,1032.0,27.4,24.2,75.0
2025-02-20T11:00,28.1,29,0.0,1014.0,4.0,352,224.0,47.0,653.0,17.5,27.2,103.0
2025-02-20T12:00,29.8,19,0.0,1013.3,2.2,265,215.6,44.8,466.0,12.0,27.0,123.0
2025-02-20T13:00,30.7,15,0.0,1012.2,5.6,225,212.8,44.9,350.0,8.2,25.0,138.0
2025-02-20T14:00,31.2,14,0.0,1011.3,8.2,229,196.0,43.2,280.0,6.1,23.3,147.0
2025-02-20T15:00,31.4,14,0.0,1010.6,9.0,241,176.5,40.6,239.0,4.5,22.8,148.0
2025-02-20T16:00,31.4,14,0.0,1010.5,10.9,262,161.6,38.3,245.0,4.7,22.7,141.0
2025-02-20T17:00,30.7,15,0.0,1010.7,12.4,270,137.8,32.8,328.0,9.6,20.3,124.0
2025-02-20T18:00,29.1,17,0.0,1011.3,10.1,266,122.9,39.9,559.0,27.9,21.0,98.0
2025-02-20T19:00,27.4,22,0.0,1012.0,8.3,264,125.3,48.9,867.0,52.6,21.8,63.0
2025-02-20T20:00,26.2,26,0.0,1012.6,7.6,262,126.2,51.9,1068.0,68.3,21.9,39.0
2025-02-20T21:00,25.5,31,0.0,1013.0,7.7,242,125.3,51.2,1070.0,66.6,20.8,38.0
2025-02-20T22:00,24.7,42,0.0,1013.3,8.2,229,126.2,48.7,964.0,55.7,19.0,48.0
2025-02-20T23:00,24.1,53,0.0,1013.5,9.0,227,130.9,46.7,842.0,44.8,17.0,58.0
2025-02-21T00:00,23.7,58,0.0,1013.3,8.4,233,137.4,45.4,720.0,36.3,14.7,64.0
2025-02-21T01:00,23.4,63,0.0,1013.0,7.7,239,136.0,43.5,582.0,27.7,12.2,69.0
2025-02-21T02:00,23.0,66,0.0,1012.8,6.3,267,130.4,41.1,466.0,21.1,10.4,72.0
2025-02-21T03:00,22.4,65,0.0,1013.0,6.9,323,125.7,39.9,356.0,16.5,9.6,72.0
2025-02-21T04:00,21.8,65,0.0,1013.1,7.9,330,115.5,38.4,268.0,13.7,9.5,69.0
2025-02-21T05:00,21.3,70,0.0,1013.4,7.2,333,112.2,36.6,294.0,13.1,9.5,65.0
2025-02-21T06:00,21.1,65,0.0,1014.3,6.2,338,113.6,37.0,529.0,23.0,11.2,52.0
2025-02-21T07:00,20.9,63,0.0,1015.2,5.8,351,119.7,40.7,878.0,36.4,13.6,34.0
2025-02-21T08:00,21.3,56,0.0,1016.0,6.6,21,126.2,50.8,1148.0,45.1,16.2,26.0
2025-02-21T09:00,23.2,46,0.0,1016.9,3.2,47,136.0,51.9,1271.0,45.1,19.1,37.0
2025-02-21T10:00,25.6,35,0.0,1017.3,3.6,57,162.1,49.8,1315.0,40.3,22.2,57.0
2025-02-21T11:00,26.7,28,0.0,1017.1,3.5,81,159.3,47.6,1295.0,34.4,24.3,74.0
2025-02-21T12:00,27.7,24,0.0,1016.6,3.9,103,139.7,42.8,1167.0,27.4,24.5,83.0
2025-02-21T13:00,29.3,21,0.0,1015.5,2.9,169,106.6,35.4,974.0,19.4,23.7,89.0
2025-02-21T14:00,28.2,27,0.0,1014.6,6.0,151,96.9,25.7,863.0,14.1,23.3,93.0
2025-02-21T15:00,28.0,28,0.0,1014.0,7.5,222,99.9,24.6,883.0,11.9,24.1,96.0
2025-02-21T16:00,27.9,32,0.0,1013.8,5.5,232,101.0,25.6,984.0,12.5,25.3,98.0
2025-02-21T17:00,28.0,31,0.0,1013.6,4.7,208,104.3,27.2,1161.0,17.0,23.2,86.0
2025-02-21T18:00,27.4,32,0.0,1014.6,5.9,223,103.1,36.0,1516.0,35.1,28.5,64.0
2025-02-21T19:00,26.0,43,0.0,1014.7,5.1,207,129.9,61.9,1947.0,59.9,36.0,33.0
2025-02-21T20:00,24.9,49,0.0,1015.2,5.6,213,145.8,78.9,2144.0,77.4,42.7,11.0
2025-02-21T21:00,24.2,52,0.0,1015.7,7.4,225,155.1,88.7,1880.0,80.8,48.4,4.0
2025-02-21T22:00,24.1,49,0.0,1015.9,4.3,285,161.1,93.4,1380.0,76.8,53.3,6.0
2025-02-21T23:00,23.8,48,0.0,1016.0,3.2,289,161.1,92.7,1014.0,72.2,54.5,8.0
2025-02-22T00:00,22.9,50,0.0,1015.6,4.7,7,143.4,81.3,966.0,68.5,49.8,8.0
2025-02-22T01:00,21.9,48,0.0,1015.3,6.8,18,125.7,74.0,1052.0,64.0,41.6,8.0
2025-02-22T02:00,21.5,47,0.0,1015.3,6.3,13,93.1,61.2,1079.0,60.7,33.7,10.0
2025-02-22T03:00,21.1,47,0.0,1014.8,5.5,27,63.6,45.9,927.0,60.5,27.2,14.0
2025-02-22T04:00,20.1,49,0.0,1014.9,7.8,19,44.0,34.7,716.0,61.4,21.1,19.0
2025-02-22T05:00,19.3,51,0.0,1015.1,7.8,32,30.4,26.4,623.0,53.5,14.6,34.0
2025-02-22T06:00,18.9,53,0.0,1015.6,7.5,44,27.3,23.3,779.0,46.1,14.7,40.0
2025-02-22T07:00,18.6,53,0.0,1016.4,8.3,46,28.1,23.4,1052.0,35.7,14.8,50.0
2025-02-22T08:00,18.9,52,0.0,1017.2,8.0,48,31.2,25.3,1220.0,26.7,15.5,62.0
2025-02-22T09:00,20.8,46,0.0,1017.9,6.7,52,33.5,27.0,1170.0,20.8,16.9,78.0
2025-02-22T10:00,23.8,38,0.0,1018.3,5.6,61,34.2,25.6,1016.0,16.4,18.8,96.0
2025-02-22T11:00,26.6,31,0.0,1018.2,5.2,90,35.7,22.2,877.0,12.8,21.1,113.0
2025-02-22T12:00,28.3,27,0.0,1017.4,4.1,146,42.0,22.5,797.0,9.6,23.9,127.0
2025-02-22T13:00,29.0,26,0.0,1016.5,6.5,185,43.9,23.9,732.0,7.2,27.0,139.0
2025-02-22T14:00,29.2,26,0.0,1015.5,9.3,195,44.6,25.4,667.0,6.3,29.6,148.0
2025-02-22T15:00,29.1,25,0.0,1014.7,11.7,200,44.5,26.7,564.0,6.5,31.5,157.0
2025-02-22T16:00,28.6,24,0.0,1014.2,11.1,207,45.8,28.5,461.0,8.3,32.9,163.0
2025-02-22T17:00,27.9,27,0.0,1014.2,10.1,223,50.3,31.1,457.0,12.2,34.7,165.0
2025-02-22T18:00,26.5,36,0.0,1015.1,8.4,239,52.6,36.1,647.0,22.5,32.1,147.0
2025-02-22T19:00,24.8,49,0.0,1015.2,7.8,251,55.3,40.4,935.0,36.6,28.6,122.0
2025-02-22T20:00,23.8,59,0.0,1016.0,6.9,264,58.9,41.1,1136.0,47.5,25.8,101.0
2025-02-22T21:00,23.2,64,0.0,1016.4,6.7,278,61.7,41.8,1174.0,52.4,24.7,86.0
2025-02-22T22:00,22.8,64,0.0,1016.8,6.1,302,64.3,43.1,1125.0,53.9,24.4,75.0
2025-02-22T23:00,22.0,67,0.0,1016.8,6.9,313,68.5,46.4,1031.0,52.9,23.7,68.0
2025-02-23T00:00,21.2,73,0.0,1016.5,7.3,316,71.2,49.2,874.0,48.8,22.1,65.0
2025-02-23T01:00,20.6,78,0.0,1016.1,7.0,328,69.4,48.5,671.0,42.1,20.0,66.0
2025-02-23T02:00,20.3,82,0.0,1015.6,7.5,327,65.2,45.9,518.0,35.3,18.3,69.0
2025-02-23T03:00,20.0,85,0.0,1015.2,7.6,332,61.7,43.3,426.0,27.5,16.9,74.0
2025-02-23T04:00,19.6,86,0.0,1014.9,7.5,340,58.3,41.0,383.0,19.7,15.7,81.0
2025-02-23T05:00,19.4,87,0.0,1015.0,7.2,338,55.5,39.1,447.0,17.3,14.9,81.0
2025-02-23T06:00,19.7,88,0.0,1015.3,6.6,317,54.0,38.2,730.0,28.0,16.0,71.0
2025-02-23T07:00,19.6,90,0.0,1016.1,6.1,320,56.7,40.7,1118.0,42.2,17.6,57.0
2025-02-23T08:00,20.0,88,0.0,1016.9,5.3,315,61.7,47.5,1332.0,48.9,19.6,54.0
2025-02-23T09:00,22.0,81,0.0,1017.2,2.7,332,58.1,39.6,1204.0,41.1,22.3,70.0
2025-02-23T10:00,24.1,71,0.0,1017.7,2.7,323,58.7,32.8,901.0,25.8,25.3,96.0
2025-02-23T11:00,25.9,60,0.0,1017.8,2.3,241,48.8,25.6,640.0,13.6,27.4,117.0
2025-02-23T12:00,27.2,55,0.0,1016.9,6.2,216,39.3,21.6,493.0,8.4,28.0,129.0
2025-02-23T13:00,27.6,56,0.0,1015.6,9.9,218,33.4,20.1,388.0,6.2,27.6,137.0
2025-02-23T14:00,27.6,57,0.0,1014.6,12.1,226,30.3,19.3,321.0,5.6,26.6,138.0
2025-02-23T15:00,27.4,52,0.0,1013.7,12.6,233,27.0,17.9,297.0,5.1,24.7,131.0
2025-02-23T16:00,26.9,53,0.0,1013.1,11.6,237,23.3,15.9,311.0,6.1,22.2,117.0
2025-02-23T17:00,25.8,60,0.0,1013.1,10.7,241,14.8,11.6,353.0,10.9,21.5,106.0
2025-02-23T18:00,24.6,68,0.0,1014.0,9.6,253,12.8,11.6,422.0,23.7,20.2,84.0
2025-02-23T19:00,23.4,77,0.0,1014.2,7.9,258,19.3,17.7,517.0,41.4,18.5,53.0
2025-02-23T20:00,22.8,84,0.0,1014.9,6.7,261,22.1,20.7,626.0,55.4,17.4,28.0
2025-02-23T21:00,22.5,86,0.0,1015.5,5.2,272,25.1,23.9,784.0,62.5,18.0,16.0
2025-02-23T22:00,22.2,88,0.0,1015.8,4.5,286,28.3,27.1,955.0,65.8,19.2,10.0
2025-02-23T23:00,21.7,90,0.0,1015.8,4.4,305,29.6,28.4,1020.0,66.4,19.6,7.0
2025-02-24T00:00,21.2,92,0.0,1015.7,4.6,312,27.9,26.8,888.0,63.9,18.2,6.0
2025-02-24T01:00,20.8,94,0.0,1015.1,5.5,314,24.9,24.0,649.0,58.6,15.9,8.0
2025-02-24T02:00,20.6,95,0.0,1014.8,6.1,320,22.3,21.4,457.0,52.1,14.1,12.0
2025-02-24T03:00,20.2,96,0.0,1014.5,6.9,330,20.8,19.7,365.0,43.5,13.1,18.0
2025-02-24T04:00,19.8,98,0.0,1014.4,6.2,343,18.2,17.0,319.0,33.6,12.6,25.0
2025-02-24T05:00,19.6,99,0.0,1014.3,7.1,351,17.5,14.6,314.0,25.5,11.6,33.0
2025-02-24T06:00,20.1,99,0.0,1015.0,6.5,346,16.2,13.3,361.0,28.8,12.0,28.0
2025-02-24T07:00,20.1,99,0.0,1015.9,6.7,354,18.4,15.2,448.0,33.0,12.8,22.0
2025-02-24T08:00,20.4,95,0.0,1016.6,6.5,2,23.4,19.9,535.0,34.6,14.7,23.0
2025-02-24T09:00,21.8,85,0.0,1017.1,4.0,8,25.3,20.3,611.0,31.1,18.5,37.0
2025-02-24T10:00,23.9,74,0.0,1017.4,3.5,62,38.0,16.9,687.0,24.8,23.5,59.0
2025-02-24T11:00,26.2,59,0.0,1017.2,2.9,86,62.2,19.2,752.0,19.6,28.6,81.0
2025-02-24T12:00,28.3,47,0.0,1016.3,3.0,166,87.1,24.3,814.0,16.4,34.5,104.0
2025-02-24T13:00,28.8,48,0.0,1015.0,8.1,201,102.2,29.3,865.0,14.3,40.6,128.0
2025-02-24T14:00,27.9,61,0.0,1014.1,12.1,221,101.7,30.5,866.0,13.6,43.6,141.0
2025-02-24T15:00,27.5,61,0.0,1013.5,11.6,234,89.6,28.6,774.0,14.5,41.4,139.0
2025-02-24T16:00,27.1,60,0.0,1013.2,10.8,234,75.0,25.8,633.0,16.9,36.1,127.0
2025-02-24T17:00,26.3,62,0.0,1013.4,10.6,242,71.5,26.5,535.0,20.0,41.0,131.0
2025-02-24T18:00,25.2,67,0.0,1014.7,9.1,260,58.9,24.7,516.0,26.5,35.3,106.0
2025-02-24T19:00,24.2,74,0.0,1015.0,8.5,263,48.9,24.2,541.0,35.6,27.4,72.0
2025-02-24T20:00,23.5,80,0.0,1015.7,7.4,277,48.3,22.7,598.0,43.9,21.8,43.0
2025-02-24T21:00,22.9,85,0.0,1016.2,5.6,291,48.5,23.6,718.0,50.6,20.7,27.0
2025-02-24T22:00,22.5,89,0.0,1016.1,4.2,310,49.8,27.0,870.0,56.4,21.9,16.0
2025-02-24T23:00,22.0,91,0.0,1016.0,4.5,344,54.9,31.9,954.0,60.0,22.8,9.0
2025-02-25T00:00,21.5,93,0.0,1015.7,6.0,350,58.3,35.6,918.0,60.5,22.5,5.0
2025-02-25T01:00,21.1,94,0.0,1015.2,5.8,358,59.1,35.3,813.0,58.9,21.9,5.0
2025-02-25T02:00,21.0,94,0.0,1014.7,5.2,348,59.4,32.8,698.0,56.5,21.2,6.0
2025-02-25T03:00,20.7,95,0.0,1014.1,4.4,353,60.3,30.7,538.0,53.3,20.3,7.0
2025-02-25T04:00,20.5,95,0.0,1013.8,4.5,337,59.5,28.6,367.0,49.2,19.4,8.0
2025-02-25T05:00,20.2,94,0.0,1013.9,4.8,318,60.5,28.3,341.0,47.7,19.3,8.0
2025-02-25T06:00,20.4,91,0.0,1014.5,6.4,333,60.5,25.8,593.0,47.3,19.4,6.0
2025-02-25T07:00,20.4,88,0.0,1015.2,6.2,343,63.8,27.4,990.0,46.5,20.1,4.0
2025-02-25T08:00,20.7,83,0.0,1015.7,4.4,348,70.1,36.4,1285.0,44.7,23.9,9.0
2025-02-25T09:00,22.7,71,0.0,1016.4,2.0,5,79.9,41.7,1378.0,41.6,34.3,25.0
2025-02-25T10:00,25.2,55,0.0,1017.1,2.3,58,106.9,33.4,1369.0,37.4,47.9,48.0
2025-02-25T11:00,27.4,42,0.0,1017.3,3.0,123,114.3,30.0,1307.0,32.7,57.1,70.0
2025-02-25T12:00,28.3,38,0.0,1016.9,4.1,165,115.5,29.7,1180.0,26.4,58.2,90.0
2025-02-25T13:00,28.9,37,0.0,1015.9,5.8,184,118.3,30.2,1001.0,19.5,54.8,108.0
2025-02-25T14:00,29.1,35,0.0,1014.9,7.0,192,117.6,30.4,851.0,15.6,50.4,118.0
2025-02-25T15:00,29.0,35,0.0,1014.4,7.7,201,110.4,29.3,744.0,15.6,45.4,116.0
2025-02-25T16:00,28.8,34,0.0,1014.1,7.2,205,96.2,27.3,668.0,18.7,39.2,105.0
2025-02-25T17:00,28.0,38,0.0,1014.3,7.5,215,90.8,29.0,666.0,26.9,38.6,97.0
2025-02-25T18:00,26.8,45,0.0,1015.1,6.1,227,73.6,31.7,818.0,42.9,36.4,72.0
2025-02-25T19:00,25.7,53,0.0,1015.6,6.4,245,67.8,39.0,1045.0,64.8,33.3,39.0
2025-02-25T20:00,25.0,59,0.0,1016.3,7.0,274,67.5,44.4,1155.0,80.4,30.7,13.0
2025-02-25T21:00,24.3,65,0.0,1016.9,7.5,291,68.9,47.4,1036.0,83.9,29.5,4.0
2025-02-25T22:00,23.6,70,0.0,1017.2,8.0,310,69.4,47.4,800.0,81.0,28.8,2.0
2025-02-25T23:00,23.0,76,0.0,1017.1,6.8,307,67.3,44.4,597.0,76.7,27.3,3.0
2025-02-26T00:00,22.6,80,0.0,1016.5,6.0,311,62.2,38.0,479.0,72.3,24.0,4.0
2025-02-26T01:00,22.2,83,0.0,1016.1,6.1,330,55.4,30.5,394.0,66.5,19.9,6.0
2025-02-26T02:00,21.7,86,0.0,1015.5,5.2,340,49.7,25.0,332.0,59.6,16.5,9.0
2025-02-26T03:00,21.2,89,0.0,1015.1,5.0,345,45.4,21.5,264.0,50.3,14.4,14.0
2025-02-26T04:00,20.5,92,0.0,1014.7,5.2,326,43.1,19.4,219.0,39.9,13.1,19.0
2025-02-26T05:00,20.1,94,0.0,1014.8,6.6,296,42.1,17.3,276.0,30.7,12.1,25.0
2025-02-26T06:00,20.1,97,0.0,1015.8,7.7,324,40.7,16.8,550.0,33.6,12.7,20.0
2025-02-26T07:00,20.1,96,0.0,1016.4,6.7,340,39.9,18.3,926.0,37.4,13.7,14.0
2025-02-26T08:00,20.4,93,0.0,1016.9,3.9,347,42.4,23.6,1141.0,38.2,15.6,16.0
2025-02-26T09:00,22.0,84,0.0,1017.6,1.7,302,44.4,23.9,1042.0,33.3,19.2,33.0
2025-02-26T10:00,24.7,66,0.0,1017.9,2.6,286,50.4,18.5,782.0,25.3,23.8,57.0
2025-02-26T11:00,27.2,49,0.0,1017.9,3.8,239,63.1,16.5,556.0,18.6,27.5,78.0
2025-02-26T12:00,28.5,44,0.0,1016.7,6.9,217,78.0,17.3,425.0,14.3,30.0,93.0
2025-02-26T13:00,28.8,46,0.0,1015.5,9.8,227,85.9,18.6,328.0,11.2,31.7,105.0
2025-02-26T14:00,29.2,43,0.0,1014.6,10.4,249,82.7,19.2,277.0,9.9,32.1,110.0
2025-02-26T15:00,29.8,35,0.0,1013.8,10.4,255,78.2,18.6,279.0,10.0,30.8,107.0
2025-02-26T16:00,29.4,35,0.0,1013.1,10.1,250,71.5,17.5,326.0,12.0,28.2,98.0
2025-02-26T17:00,28.4,39,0.0,1013.0,9.4,250,52.4,15.9,406.0,19.4,27.0,78.0
2025-02-26T18:00,26.5,53,0.0,1013.8,10.0,257,39.1,18.0,550.0,31.1,24.9,58.0
2025-02-26T19:00,25.1,61,0.0,1014.2,7.7,271,34.3,23.1,727.0,47.3,22.1,31.0
2025-02-26T20:00,23.9,69,0.0,1014.7,5.6,264,32.8,25.1,836.0,59.1,19.9,10.0
2025-02-26T21:00,23.3,73,0.0,1015.4,6.0,287,33.1,26.1,827.0,63.4,19.3,2.0
2025-02-26T22:00,22.7,79,0.0,1015.6,7.8,307,34.7,27.5,749.0,63.3,19.4,1.0
2025-02-26T23:00,22.1,87,0.0,1015.9,8.8,314,35.2,27.8,647.0,60.0,18.7,3.0
2025-02-27T00:00,21.8,90,0.0,1015.3,7.5,314,31.2,24.0,513.0,52.3,16.2,10.0
2025-02-27T01:00,21.7,88,0.0,1014.8,8.7,313,24.7,18.3,356.0,41.3,12.8,20.0
2025-02-27T02:00,21.5,88,0.0,1013.8,7.6,306,18.8,14.0,240.0,31.6,10.2,29.0
2025-02-27T03:00,21.0,91,0.0,1013.4,7.5,297,14.6,11.3,184.0,23.3,8.7,35.0
2025-02-27T04:00,20.8,92,0.0,1013.0,6.8,288,12.1,9.6,170.0,16.3,8.0,40.0
2025-02-27T05:00,20.7,92,0.0,1012.7,6.2,296,10.7,7.9,214.0,11.3,7.6,47.0
2025-02-27T06:00,20.8,96,0.0,1013.3,6.8,297,11.8,9.1,373.0,21.3,9.2,35.0
2025-02-27T07:00,21.0,96,0.0,1014.0,7.3,300,15.4,12.8,589.0,34.7,11.4,20.0
2025-02-27T08:00,21.4,94,0.0,1014.5,6.6,296,22.9,20.4,704.0,41.6,13.7,15.0
2025-02-27T09:00,23.1,85,0.0,1015.5,10.6,289,18.3,14.7,615.0,35.6,16.2,29.0
2025-02-27T10:00,24.5,72,0.0,1015.7,9.0,282,17.8,13.7,424.0,23.0,18.7,54.0
2025-02-27T11:00,25.8,66,0.0,1015.6,9.6,267,18.0,12.8,279.0,12.9,20.4,75.0
2025-02-27T12:00,26.3,63,0.0,1014.4,9.3,254,19.2,13.0,244.0,8.7,20.7,87.0
2025-02-27T13:00,27.0,59,0.0,1013.3,11.5,240,21.0,13.4,255.0,7.0,20.3,96.0
2025-02-27T14:00,26.5,63,0.0,1012.4,12.8,246,23.7,14.1,272.0,6.4,19.6,100.0
2025-02-27T15:00,26.4,63,0.0,1011.6,12.9,252,26.8,14.5,281.0,6.1,19.0,99.0
2025-02-27T16:00,26.2,64,0.0,1010.9,12.9,255,30.7,14.7,296.0,6.8,18.1,92.0
2025-02-27T17:00,25.6,66,0.0,1010.8,12.0,257,47.0,18.6,321.0,9.3,18.6,86.0
2025-02-27T18:00,24.8,74,0.0,1011.5,11.3,257,47.5,19.2,371.0,17.4,17.6,73.0
2025-02-27T19:00,24.1,79,0.0,1011.7,10.3,254,44.0,21.9,431.0,28.3,16.2,55.0
2025-02-27T20:00,23.8,82,0.0,1012.0,11.5,253,45.8,23.7,462.0,35.6,14.9,42.0
2025-02-27T21:00,23.5,85,0.0,1012.6,10.8,252,48.3,24.9,443.0,36.0,13.9,40.0
2025-02-27T22:00,23.4,86,0.0,1012.6,10.7,250,50.9,25.5,395.0,32.7,13.0,43.0
2025-02-27T23:00,23.1,88,0.0,1012.4,10.6,252,52.6,25.6,344.0,28.3,11.9,49.0
2025-02-28T00:00,22.8,90,0.0,1012.2,11.4,257,52.6,24.8,291.0,22.8,10.3,56.0
2025-02-28T01:00,22.6,92,0.0,1011.5,12.1,265,50.9,23.7,234.0,16.1,8.6,66.0
2025-02-28T02:00,22.5,92,0.0,1010.9,11.8,264,48.9,23.1,195.0,10.9,7.3,74.0
2025-02-28T03:00,22.3,92,0.0,1010.1,11.2,260,47.3,22.5,178.0,7.5,6.8,81.0
2025-02-28T04:00,22.1,92,0.0,1009.7,11.1,262,45.1,21.7,178.0,5.6,6.9,86.0
2025-02-28T05:00,22.0,91,0.0,1009.9,11.3,261,40.6,19.7,209.0,6.5,7.5,90.0
2025-02-28T06:00,22.2,91,0.0,1010.5,9.7,246,38.6,18.8,303.0,14.0,8.5,83.0
2025-02-28T07:00,22.3,90,0.0,1011.4,11.3,250,39.5,20.1,427.0,24.0,9.9,74.0
2025-02-28T08:00,23.2,83,0.0,1012.2,13.0,264,45.8,24.5,494.0,29.0,11.3,72.0
2025-02-28T09:00,24.4,72,0.0,1013.0,14.5,263,64.7,27.4,448.0,24.1,12.9,84.0
2025-02-28T10:00,25.0,68,0.0,1013.3,15.0,264,97.8,33.4,346.0,14.1,14.6,103.0
2025-02-28T11:00,26.2,62,0.0,1013.0,14.1,247,115.5,39.7,266.0,6.4,15.5,117.0
2025-02-28T12:00,27.1,58,0.0,1012.2,16.3,236,106.6,39.7,240.0,3.9,14.9,121.0
2025-02-28T13:00,27.2,59,0.0,1011.0,18.7,244,92.7,37.8,237.0,3.7,13.6,120.0
2025-02-28T14:00,27.2,59,0.0,1010.2,20.0,251,79.2,35.5,244.0,4.1,12.4,117.0
2025-02-28T15:00,27.2,54,0.0,1009.3,20.0,259,69.2,33.9,259.0,4.7,11.9,113.0
2025-02-28T16:00,26.7,55,0.0,1008.7,19.2,260,63.1,33.3,285.0,5.9,11.6,108.0
2025-02-28T17:00,25.7,62,0.0,1008.8,17.5,255,49.8,27.1,311.0,8.2,11.3,101.0
2025-02-28T18:00,24.9,65,0.0,1009.5,16.7,253,47.0,27.5,342.0,12.3,10.9,93.0
2025-02-28T19:00,24.3,69,0.0,1010.0,15.3,251,45.3,28.8,374.0,17.8,10.4,82.0
2025-02-28T20:00,24.0,70,0.0,1010.3,16.2,243,45.6,28.5,385.0,21.0,9.8,75.0
2025-02-28T21:00,23.9,71,0.0,1011.2,17.2,247,45.6,27.5,359.0,19.7,9.3,75.0
2025-02-28T22:00,23.6,73,0.0,1011.4,17.6,252,46.7,26.9,313.0,16.0,8.8,80.0
2025-02-28T23:00,23.4,76,0.0,1011.4,17.7,255,47.7,26.6,271.0,12.5,8.2,84.0
2025-03-01T00:00,23.2,76,0.0,1011.2,16.8,260,47.7,26.3,241.0,9.9,7.5,88.0
2025-03-01T01:00,23.0,75,0.0,1010.7,15.6,263,45.3,25.4,216.0,7.5,6.8,92.0
2025-03-01T02:00,22.8,77,0.0,1010.2,14.1,263,41.8,24.6,201.0,5.9,6.4,95.0
2025-03-01T03:00,22.4,81,0.0,1009.9,12.6,275,39.7,24.1,171.0,4.1,6.2,97.0
2025-03-01T04:00,22.2,82,0.0,1010.0,11.8,278,38.6,24.0,151.0,3.1,6.3,99.0
2025-03-01T05:00,21.8,84,0.0,1010.2,11.6,286,38.1,24.4,217.0,5.9,7.0,95.0
2025-03-01T06:00,21.7,86,0.0,1010.9,9.6,286,38.1,24.9,478.0,16.6,8.0,80.0
2025-03-01T07:00,21.2,89,0.0,1011.8,7.1,297,40.4,27.8,824.0,30.8,9.6,61.0
2025-03-01T08:00,21.9,86,0.0,1012.6,7.2,283,48.4,36.6,1006.0,38.3,11.8,55.0
2025-03-01T09:00,23.8,75,0.0,1013.5,9.2,271,52.6,33.8,862.0,32.3,15.4,74.0
2025-03-01T10:00,25.3,64,0.0,1014.1,8.2,262,75.2,33.4,553.0,19.5,19.6,105.0
2025-03-01T11:00,26.6,56,0.0,1014.0,8.1,257,101.5,36.6,316.0,9.4,22.4,130.0
2025-03-01T12:00,27.7,49,0.0,1013.2,10.8,246,112.7,38.3,250.0,5.7,22.4,142.0
2025-03-01T13:00,27.9,47,0.0,1012.0,13.4,244,97.8,36.2,255.0,4.6,21.0,148.0
2025-03-01T14:00,27.5,52,0.0,1011.1,14.1,245,82.4,32.9,271.0,4.5,19.6,149.0
2025-03-01T15:00,27.0,56,0.0,1010.5,14.0,244,69.8,29.6,275.0,4.4,18.8,145.0
2025-03-01T16:00,26.5,56,0.0,1009.9,13.8,244,59.3,26.7,290.0,5.3,18.0,135.0
2025-03-01T17:00,25.6,60,0.0,1010.2,13.0,244,68.7,28.2,326.0,8.9,17.4,123.0
2025-03-01T18:00,24.6,67,0.0,1011.2,10.9,246,56.6,27.0,401.0,17.6,16.8,107.0
2025-03-01T19:00,23.7,74,0.0,1012.0,9.9,249,46.1,27.7,497.0,29.5,16.1,84.0
2025-03-01T20:00,23.2,77,0.0,1012.4,8.6,259,42.8,28.6,573.0,38.2,15.4,67.0
2025-03-01T21:00,22.8,78,0.0,1013.0,7.2,270,40.2,28.6,614.0,41.0,15.0,60.0
2025-03-01T22:00,22.4,77,0.0,1013.3,6.5,276,37.8,28.1,634.0,40.6,14.8,59.0
2025-03-01T23:00,22.0,77,0.0,1013.2,6.5,283,36.3,27.7,634.0,39.0,14.3,58.0
2025-03-02T00:00,21.5,77,0.0,1012.9,6.9,285,34.9,27.3,610.0,36.5,13.3,57.0
2025-03-02T01:00,20.9,80,0.0,1012.3,6.1,317,32.1,25.6,565.0,32.7,12.1,57.0
2025-03-02T02:00,20.2,83,0.0,1011.9,6.4,335,29.6,24.0,509.0,28.7,11.1,58.0
2025-03-02T03:00,19.7,84,0.0,1011.3,6.8,338,29.5,23.9,410.0,23.5,10.3,60.0
2025-03-02T04:00,19.3,85,0.0,1011.0,6.5,341,29.0,23.7,300.0,18.0,9.8,62.0
2025-03-02T05:00,18.6,88,0.0,1011.0,7.3,353,33.4,27.5,289.0,16.9,9.3,54.0
2025-03-02T06:00,18.5,89,0.0,1011.9,6.1,348,34.7,30.3,472.0,21.8,10.2,46.0
2025-03-02T07:00,18.1,90,0.0,1012.4,6.5,355,41.2,34.7,753.0,28.4,11.7,36.0
2025-03-02T08:00,18.6,88,0.0,1013.1,6.3,5,45.5,36.4,957.0,31.8,13.6,36.0
2025-03-02T09:00,20.7,75,0.0,1013.6,4.7,2,44.2,31.7,1009.0,29.1,16.4,54.0
2025-03-02T10:00,23.5,56,0.0,1014.2,1.4,67,44.0,29.1,984.0,23.2,19.7,82.0
2025-03-02T11:00,25.9,46,0.0,1013.9,3.2,137,48.3,28.4,933.0,17.7,22.5,110.0
2025-03-02T12:00,27.2,43,0.0,1013.1,7.0,184,68.7,29.9,862.0,13.2,24.4,137.0
2025-03-02T13:00,27.4,44,0.0,1012.0,10.4,203,78.7,32.2,765.0,9.1,25.8,163.0
2025-03-02T14:00,27.6,43,0.0,1011.1,12.9,210,74.0,33.1,668.0,6.8,26.3,178.0
2025-03-02T15:00,27.1,44,0.0,1010.4,15.0,218,62.9,33.5,569.0,6.9,25.8,177.0
2025-03-02T16:00,26.2,49,0.0,1010.1,14.8,230,53.9,30.3,471.0,8.8,24.4,164.0
2025-03-02T17:00,25.2,57,0.0,1010.1,13.8,238,48.0,27.0,413.0,12.5,24.0,161.0
2025-03-02T18:00,24.1,64,0.0,1010.7,13.2,240,41.2,24.0,422.0,18.4,21.3,137.0
2025-03-02T19:00,23.3,70,0.0,1010.9,11.7,245,39.0,24.3,471.0,26.4,17.6,103.0
2025-03-02T20:00,23.1,72,0.0,1011.4,10.8,259,36.1,22.6,512.0,31.7,14.6,78.0
2025-03-02T21:00,23.1,73,0.0,1012.2,10.2,263,31.8,20.6,541.0,31.9,13.1,69.0
2025-03-02T22:00,22.8,77,0.0,1012.8,8.5,272,27.7,19.2,563.0,29.5,12.4,67.0
2025-03-02T23:00,22.6,79,0.0,1012.9,8.1,269,24.8,18.1,548.0,26.4,11.6,68.0
2025-03-03T00:00,22.3,82,0.0,1012.6,8.7,264,23.0,17.4,466.0,23.1,10.6,69.0
2025-03-03T01:00,22.0,87,0.0,1012.1,10.0,264,21.4,16.1,347.0,19.3,9.5,73.0
2025-03-03T02:00,21.8,89,0.0,1011.4,9.9,270,20.8,14.9,255.0,15.8,8.7,76.0
2025-03-03T03:00,21.7,90,0.0,1010.8,10.7,278,21.6,14.1,211.0,12.3,8.1,80.0
2025-03-03T04:00,21.5,91,0.0,1010.5,10.7,290,24.4,13.8,193.0,9.1,7.7,84.0
2025-03-03T05:00,21.3,92,0.0,1010.6,11.1,299,27.6,13.7,204.0,7.2,7.6,89.0
2025-03-03T06:00,21.6,92,0.0,1011.0,11.3,292,29.9,14.6,266.0,11.8,8.3,84.0
2025-03-03T07:00,21.5,91,0.0,1011.7,12.2,295,33.5,16.9,356.0,17.9,9.3,78.0
2025-03-03T08:00,22.4,85,0.0,1012.7,13.7,297,39.6,20.7,406.0,20.8,10.3,77.0
2025-03-03T09:00,24.0,75,0.0,1013.4,15.3,297,59.5,23.9,374.0,17.3,11.2,86.0
2025-03-03T10:00,25.4,65,0.0,1013.9,14.5,290,72.2,26.8,303.0,10.6,12.1,101.0
2025-03-03T11:00,26.5,59,0.0,1013.7,16.3,293,87.3,29.6,251.0,5.4,12.8,112.0
2025-03-03T12:00,27.5,47,0.0,1013.2,17.8,290,105.9,32.5,241.0,3.6,13.0,116.0
2025-03-03T13:00,28.3,39,0.0,1012.3,16.5,283,123.9,35.4,250.0,3.3,13.1,117.0
2025-03-03T14:00,28.7,37,0.0,1011.6,15.3,272,136.9,37.7,268.0,3.9,13.3,115.0
2025-03-03T15:00,28.4,40,0.0,1011.0,14.8,260,143.4,39.0,289.0,4.7,14.2,111.0
2025-03-03T16:00,27.5,47,0.0,1010.5,13.9,247,141.1,39.2,320.0,6.4,15.3,106.0
2025-03-03T17:00,26.5,54,0.0,1010.7,13.8,239,113.9,34.5,368.0,9.5,15.8,97.0
2025-03-03T18:00,25.1,69,0.0,1011.4,12.4,239,98.0,34.0,457.0,16.6,14.9,84.0
2025-03-03T19:00,24.1,75,0.0,1011.9,9.9,243,81.5,34.8,565.0,26.2,13.8,67.0
2025-03-03T20:00,23.6,79,0.0,1012.6,8.8,258,85.7,36.6,630.0,32.2,12.8,56.0
2025-03-03T21:00,23.5,79,0.0,1013.4,8.1,276,92.2,38.4,622.0,31.3,12.4,57.0
2025-03-03T22:00,23.1,79,0.0,1014.0,7.3,290,100.6,40.7,573.0,27.0,12.2,63.0
2025-03-03T23:00,22.8,76,0.0,1014.0,6.8,282,115.5,44.7,512.0,23.0,11.9,67.0
2025-03-04T00:00,22.4,77,0.0,1014.0,8.6,303,125.7,48.7,441.0,21.0,11.5,64.0
2025-03-04T01:00,21.5,82,0.0,1014.2,10.5,19,138.8,52.0,359.0,19.5,10.9,58.0
2025-03-04T02:00,21.3,80,0.0,1014.3,12.2,27,118.0,49.0,297.0,17.8,10.3,54.0
2025-03-04T03:00,21.3,67,0.0,1014.3,11.2,32,102.0,43.2,241.0,14.6,9.3,55.0
2025-03-04T04:00,20.7,54,0.0,1014.6,10.7,22,102.2,40.7,206.0,11.3,8.1,58.0
2025-03-04T05:00,19.6,50,0.0,1015.1,9.7,359,84.1,36.9,263.0,10.4,8.1,53.0
2025-03-04T06:00,19.6,46,0.0,1016.0,7.6,341,95.5,38.2,522.0,17.1,9.2,44.0
2025-03-04T07:00,19.1,41,0.0,1016.8,7.7,351,104.8,41.6,873.0,26.1,10.7,32.0
2025-03-04T08:00,19.7,33,0.0,1017.7,8.1,356,115.5,48.5,1061.0,30.8,12.6,32.0
2025-03-04T09:00,22.0,21,0.0,1018.3,6.7,351,174.2,51.2,924.0,27.4,15.3,53.0
2025-03-04T10:00,24.4,11,0.0,1018.6,8.7,5,239.3,54.6,625.0,19.8,18.3,86.0
2025-03-04T11:00,26.4,8,0.0,1018.3,6.9,30,226.3,48.5,395.0,13.3,20.1,113.0
2025-03-04T12:00,28.1,7,0.0,1017.9,5.1,82,174.2,39.1,328.0,9.7,19.5,130.0
2025-03-04T13:00,29.1,7,0.0,1017.1,4.6,149,127.6,31.3,331.0,7.3,17.7,141.0
2025-03-04T14:00,29.4,8,0.0,1016.0,6.6,189,97.8,26.6,353.0,5.9,16.0,148.0
2025-03-04T15:00,29.2,15,0.0,1015.3,8.9,205,76.4,22.8,368.0,3.9,14.8,151.0
2025-03-04T16:00,29.1,18,0.0,1014.7,8.6,216,59.5,19.6,403.0,3.1,13.7,150.0
2025-03-04T17:00,28.5,21,0.0,1014.5,5.9,227,43.7,16.4,490.0,8.7,14.7,142.0
2025-03-04T18:00,27.3,19,0.0,1015.7,7.3,254,38.3,16.8,689.0,32.4,16.3,109.0
2025-03-04T19:00,26.0,21,0.0,1016.3,6.4,281,47.5,31.0,940.0,64.3,18.4,65.0
2025-03-04T20:00,24.9,21,0.0,1016.7,5.1,318,49.6,34.0,1091.0,83.2,19.1,34.0
2025-03-04T21:00,24.5,18,0.0,1016.9,5.9,12,41.1,28.5,1059.0,76.9,17.3,31.0
2025-03-04T22:00,24.7,11,0.0,1017.5,8.3,46,41.3,26.4,928.0,57.5,14.1,43.0
2025-03-04T23:00,23.7,13,0.0,1017.4,9.6,47,47.7,27.0,794.0,40.6,11.4,53.0
2025-03-05T00:00,22.0,15,0.0,1017.5,9.9,33,53.8,27.4,682.0,31.7,9.6,58.0
2025-03-05T01:00,21.0,17,0.0,1017.6,10.0,33,55.8,26.3,568.0,25.2,8.3,61.0
2025-03-05T02:00,20.3,19,0.0,1017.4,9.0,33,52.6,24.2,478.0,20.0,7.3,64.0
2025-03-05T03:00,19.5,22,0.0,1017.0,8.4,40,46.4,21.5,397.0,15.0,6.8,67.0
2025-03-05T04:00,18.8,24,0.0,1016.9,8.5,42,40.3,19.4,339.0,11.3,6.6,69.0
2025-03-05T05:00,18.1,25,0.0,1016.9,8.2,41,29.8,16.6,374.0,10.8,7.0,67.0
2025-03-05T06:00,17.3,24,0.0,1017.8,8.2,68,28.3,16.6,597.0,17.2,8.0,57.0
2025-03-05T07:00,16.8,24,0.0,1018.2,8.6,70,30.9,19.4,913.0,25.8,9.5,45.0
2025-03-05T08:00,17.0,22,0.0,1019.2,8.1,55,36.2,24.3,1106.0,30.3,11.1,43.0
2025-03-05T09:00,19.1,19,0.0,1020.1,6.8,53,42.3,27.3,1060.0,26.9,12.7,62.0
2025-03-05T10:00,22.7,14,0.0,1020.2,7.5,53,54.1,26.5,890.0,19.5,14.4,93.0
2025-03-05T11:00,25.7,10,0.0,1019.7,8.6,60,45.2,21.8,726.0,13.3,15.9,118.0
2025-03-05T12:00,27.8,7,0.0,1018.7,7.2,58,30.3,15.8,597.0,10.0,16.8,131.0
2025-03-05T13:00,29.2,5,0.0,1017.7,4.5,76,24.0,12.8,473.0,8.0,17.4,139.0
2025-03-05T14:00,30.1,5,0.0,1016.3,1.7,167,23.3,12.2,393.0,7.2,18.6,145.0
2025-03-05T15:00,30.0,7,0.0,1015.5,8.7,227,25.8,13.8,380.0,7.0,21.2,155.0
2025-03-05T16:00,28.8,21,0.0,1015.0,11.8,237,28.1,15.6,411.0,8.1,24.3,164.0
2025-03-05T17:00,28.6,17,0.0,1015.0,11.1,257,24.5,14.4,460.0,10.9,24.0,158.0
2025-03-05T18:00,27.0,21,0.0,1015.7,11.5,274,25.9,17.3,539.0,23.9,23.4,132.0
2025-03-05T19:00,24.9,30,0.0,1016.2,9.6,284,33.8,26.5,636.0,41.6,22.6,97.0
2025-03-05T20:00,23.6,40,0.0,1016.5,8.1,291,34.8,27.6,686.0,53.4,21.6,70.0
2025-03-05T21:00,22.9,48,0.0,1017.1,8.6,290,34.3,26.7,646.0,54.2,20.7,60.0
2025-03-05T22:00,22.2,57,0.0,1017.3,8.4,301,35.4,26.2,559.0,49.2,19.6,58.0
2025-03-05T23:00,21.5,63,0.0,1016.9,8.1,313,37.1,26.7,491.0,43.2,18.3,59.0
2025-03-06T00:00,20.9,69,0.0,1016.2,7.7,323,38.1,27.1,478.0,37.3,16.5,60.0
2025-03-06T01:00,20.5,73,0.0,1015.7,8.2,327,36.3,25.0,485.0,30.4,14.3,64.0
2025-03-06T02:00,20.3,76,0.0,1015.0,8.5,318,33.9,21.4,472.0,24.0,12.5,68.0
2025-03-06T03:00,20.0,78,0.0,1014.4,8.2,311,32.8,19.2,393.0,17.5,11.0,75.0
2025-03-06T04:00,19.9,78,0.0,1014.2,9.3,317,31.8,17.8,294.0,11.5,9.7,83.0
2025-03-06T05:00,19.8,80,0.0,1014.0,9.8,317,29.7,16.2,274.0,8.6,8.7,89.0
2025-03-06T06:00,19.8,77,0.0,1014.5,10.7,307,29.9,16.4,421.0,16.9,9.6,76.0
2025-03-06T07:00,19.7,82,0.0,1014.9,10.4,314,32.0,19.0,646.0,28.2,11.0,60.0
2025-03-06T08:00,20.5,79,0.0,1015.7,9.0,308,36.6,24.7,781.0,34.9,13.3,54.0
2025-03-06T09:00,22.9,67,0.0,1016.3,7.0,299,40.9,26.0,733.0,32.9,17.4,67.0
2025-03-06T10:00,26.0,43,0.0,1016.3,6.9,300,47.0,25.5,594.0,26.4,22.5,91.0
2025-03-06T11:00,28.9,27,0.0,1015.9,6.9,285,48.3,24.6,471.0,20.2,26.3,113.0
2025-03-06T12:00,30.9,21,0.0,1014.8,8.3,266,41.6,20.9,393.0,15.3,27.9,130.0
2025-03-06T13:00,32.1,19,0.0,1013.6,10.6,261,35.6,17.6,332.0,10.7,28.3,146.0
2025-03-06T14:00,32.3,20,0.0,1012.5,12.7,263,35.7,17.6,304.0,8.6,27.8,153.0
2025-03-06T15:00,32.0,20,0.0,1011.8,13.9,271,37.8,18.9,319.0,9.9,26.4,149.0
2025-03-06T16:00,31.2,22,0.0,1011.1,12.4,270,38.4,20.5,368.0,13.7,24.1,137.0
2025-03-06T17:00,29.7,30,0.0,1011.0,11.7,266,18.2,13.6,442.0,18.1,20.7,121.0
2025-03-06T18:00,27.6,41,0.0,1011.7,10.4,268,19.7,16.5,555.0,27.8,18.7,99.0
2025-03-06T19:00,25.4,57,0.0,1012.0,8.5,258,23.5,19.8,694.0,41.0,15.9,70.0
2025-03-06T20:00,24.3,71,0.0,1012.7,7.2,248,25.7,20.7,811.0,48.9,13.6,49.0
2025-03-06T21:00,23.7,79,0.0,1013.2,6.2,244,27.8,20.3,912.0,46.8,12.4,46.0
2025-03-06T22:00,23.4,81,0.0,1013.4,5.4,255,30.0,19.8,990.0,39.5,11.7,53.0
2025-03-06T23:00,23.0,81,0.0,1013.6,6.8,295,31.9,19.6,977.0,32.2,11.0,60.0
2025-03-07T00:00,22.7,79,0.0,1013.2,7.6,308,32.5,19.1,796.0,26.3,10.0,66.0
2025-03-07T01:00,22.3,78,0.0,1012.7,7.5,303,32.2,17.9,523.0,20.6,8.9,71.0
2025-03-07T02:00,22.1,78,0.0,1012.0,7.2,309,30.4,16.5,320.0,16.2,8.2,75.0
2025-03-07T03:00,22.0,75,0.0,1011.3,7.3,310,27.5,15.5,224.0,12.9,7.8,75.0
2025-03-07T04:00,21.6,76,0.0,1011.0,5.9,320,24.4,14.8,198.0,11.0,7.8,73.0
2025-03-07T05:00,21.1,79,0.0,1010.9,4.7,332,21.7,14.4,290.0,11.7,8.4,70.0
2025-03-07T06:00,20.1,86,0.0,1011.2,2.8,27,22.8,15.7,579.0,21.5,10.4,55.0
2025-03-07T07:00,19.6,86,0.0,1011.8,5.2,22,27.6,19.6,986.0,34.9,13.2,34.0
2025-03-07T08:00,20.5,73,0.0,1012.5,4.2,12,36.4,27.2,1321.0,43.2,15.8,29.0
2025-03-07T09:00,23.6,52,0.0,1012.9,2.9,4,44.6,30.5,1554.0,42.3,17.6,50.0
2025-03-07T10:00,27.7,32,0.0,1012.9,1.0,112,59.3,28.1,1715.0,36.4,19.2,87.0
2025-03-07T11:00,30.9,24,0.0,1012.7,3.2,164,67.1,27.3,1707.0,29.7,21.2,119.0
2025-03-07T12:00,32.0,27,0.0,1012.2,6.2,190,69.2,25.9,1404.0,22.4,24.6,145.0
2025-03-07T13:00,32.3,32,0.0,1011.4,10.5,215,72.6,24.8,931.0,14.4,28.4,168.0
2025-03-07T14:00,32.5,33,0.0,1010.4,11.9,236,71.2,24.9,569.0,9.6,30.0,177.0
2025-03-07T15:00,33.1,28,0.0,1009.5,11.5,247,60.1,23.8,432.0,9.9,27.8,166.0
2025-03-07T16:00,33.0,25,0.0,1008.9,11.7,259,52.9,22.7,407.0,13.5,23.4,142.0
2025-03-07T17:00,31.9,26,0.0,1008.7,11.4,257,41.8,19.8,429.0,18.9,21.3,127.0
2025-03-07T18:00,30.3,34,0.0,1008.9,9.1,253,42.4,23.3,513.0,27.6,19.5,104.0
2025-03-07T19:00,27.7,43,0.0,1009.2,7.6,242,45.9,25.3,645.0,39.3,16.9,72.0
2025-03-07T20:00,26.0,55,0.0,1009.5,8.9,252,51.0,26.5,723.0,45.9,14.6,50.0
2025-03-07T21:00,25.1,67,0.0,1010.0,10.0,261,55.9,27.0,693.0,42.5,12.9,49.0
2025-03-07T22:00,24.8,62,0.0,1010.5,11.8,293,60.1,26.7,608.0,34.0,11.4,59.0
2025-03-07T23:00,24.3,66,0.0,1010.3,10.9,290,61.7,26.7,526.0,26.7,10.2,66.0
2025-03-08T00:00,24.0,66,0.0,1010.0,8.5,318,60.8,26.4,463.0,22.9,9.2,67.0
2025-03-08T01:00,23.5,67,0.0,1009.4,7.6,322,58.1,25.6,403.0,20.2,8.5,66.0
2025-03-08T02:00,23.1,70,0.0,1008.6,8.0,310,53.9,24.6,353.0,18.0,8.1,64.0
2025-03-08T03:00,22.8,71,0.0,1007.9,8.0,322,51.2,23.5,293.0,15.4,8.0,62.0
2025-03-08T04:00,22.5,70,0.0,1007.6,8.0,322,52.4,22.6,243.0,13.2,8.2,60.0
2025-03-08T05:00,22.3,64,0.0,1007.7,9.1,335,55.5,22.0,275.0,14.1,8.9,53.0
2025-03-08T06:00,22.2,56,0.0,1008.4,7.9,344,61.0,22.4,482.0,20.4,10.2,43.0
2025-03-08T07:00,22.2,46,0.0,1008.9,8.3,340,66.4,24.5,771.0,28.8,11.9,30.0
2025-03-08T08:00,23.6,34,0.0,1009.4,9.0,348,70.8,29.2,937.0,33.2,13.7,29.0
2025-03-08T09:00,26.8,25,0.0,1010.3,7.5,345,72.6,33.2,864.0,30.2,15.5,49.0
2025-03-08T10:00,31.0,18,0.0,1010.4,7.1,351,102.9,30.7,668.0,23.2,17.4,80.0
2025-03-08T11:00,33.9,15,0.0,1010.0,10.6,345,133.2,27.0,495.0,16.7,18.3,106.0
2025-03-08T12:00,35.5,14,0.0,1008.9,12.0,342,119.2,23.9,387.0,11.4,17.7,120.0
2025-03-08T13:00,36.6,13,0.0,1007.6,12.1,322,104.3,22.9,302.0,6.6,16.2,129.0
2025-03-08T14:00,36.6,14,0.0,1006.4,13.9,291,91.7,21.1,257.0,4.3,14.9,131.0
2025-03-08T15:00,35.6,15,0.0,1005.8,16.4,274,85.0,19.8,256.0,5.7,14.4,124.0
2025-03-08T16:00,33.8,19,0.0,1005.7,16.5,256,85.0,20.8,296.0,9.7,14.1,111.0
2025-03-08T17:00,31.3,27,0.0,1006.1,14.7,243,73.3,18.5,386.0,13.6,13.5,99.0
2025-03-08T18:00,29.6,39,0.0,1006.2,9.5,234,58.8,19.0,584.0,20.6,12.5,85.0
2025-03-08T19:00,27.8,52,0.0,1006.5,8.0,236,46.7,19.0,832.0,30.1,11.1,66.0
2025-03-08T20:00,27.4,51,0.0,1007.0,6.7,267,42.1,17.8,965.0,36.1,10.1,52.0
2025-03-08T21:00,27.3,51,0.0,1007.7,6.8,292,38.9,16.8,881.0,35.4,9.8,49.0
2025-03-08T22:00,27.1,50,0.0,1008.2,9.7,295,39.9,17.2,683.0,31.3,9.8,52.0
2025-03-08T23:00,26.7,50,0.0,1008.3,9.8,296,44.8,19.2,512.0,27.4,9.7,55.0
2025-03-09T00:00,26.1,51,0.0,1007.7,9.9,285,48.1,20.5,416.0,24.9,9.2,56.0
2025-03-09T01:00,25.6,53,0.0,1007.4,10.1,282,48.4,20.6,348.0,22.7,8.7,57.0
2025-03-09T02:00,25.1,56,0.0,1007.1,7.8,304,47.0,20.5,310.0,21.4,8.4,55.0
2025-03-09T03:00,24.7,58,0.0,1006.7,6.1,320,44.5,20.8,296.0,21.3,8.4,47.0
2025-03-09T04:00,24.0,61,0.0,1006.6,4.6,339,42.5,21.4,314.0,22.2,8.7,36.0
2025-03-09T05:00,23.2,63,0.0,1006.8,4.6,349,43.8,22.0,385.0,21.7,9.4,36.0
2025-03-09T06:00,22.7,59,0.0,1007.6,6.3,358,41.3,23.2,563.0,27.1,11.2,27.0
2025-03-09T07:00,22.6,53,0.0,1008.4,8.4,9,43.5,26.8,796.0,34.2,13.8,16.0
2025-03-09T08:00,24.2,39,0.0,1009.5,9.3,18,48.2,32.8,948.0,37.6,16.9,20.0
2025-03-09T09:00,27.3,30,0.0,1010.2,8.3,22,54.7,36.2,949.0,34.0,20.9,52.0
2025-03-09T10:00,31.7,21,0.0,1010.7,6.8,29,65.2,31.5,870.0,26.8,25.3,99.0
2025-03-09T11:00,34.6,15,0.0,1010.5,5.5,49,75.7,29.8,792.0,20.0,28.1,138.0
2025-03-09T12:00,36.1,14,0.0,1010.1,3.7,119,90.8,30.3,739.0,14.2,28.2,160.0
2025-03-09T13:00,36.5,14,0.0,1009.1,5.5,189,90.1,29.1,687.0,9.0,26.8,174.0
2025-03-09T14:00,36.1,18,0.0,1008.5,12.1,213,79.9,26.2,638.0,7.0,25.5,180.0
2025-03-09T15:00,35.4,21,0.0,1008.0,13.7,226,72.2,25.0,578.0,9.8,25.1,179.0
2025-03-09T16:00,34.7,20,0.0,1007.7,12.4,239,61.0,25.1,521.0,15.9,24.8,171.0
2025-03-09T17:00,33.6,24,0.0,1007.9,10.1,248,62.6,27.6,513.0,18.7,27.1,165.0
2025-03-09T18:00,30.7,36,0.0,1009.4,10.2,260,57.4,32.6,607.0,30.3,24.7,132.0
2025-03-09T19:00,28.3,50,0.0,1010.0,9.0,264,59.4,33.8,750.0,46.2,21.3,85.0
2025-03-09T20:00,27.2,56,0.0,1010.5,8.2,278,60.5,33.4,829.0,57.2,18.6,50.0
2025-03-09T21:00,26.6,60,0.0,1011.1,6.3,294,61.7,32.7,780.0,58.9,17.3,36.0
2025-03-09T22:00,26.2,64,0.0,1011.4,6.6,296,62.2,32.1,666.0,55.7,16.7,32.0
2025-03-09T23:00,25.7,66,0.0,1011.3,6.7,304,61.9,31.7,568.0,51.1,15.8,32.0
2025-03-10T00:00,25.2,67,0.0,1011.0,6.7,316,61.7,31.2,515.0,45.8,14.3,33.0
2025-03-10T01:00,24.9,65,0.0,1010.7,7.4,321,60.3,29.5,478.0,39.1,12.5,38.0
2025-03-10T02:00,24.7,62,0.0,1010.3,8.0,320,57.7,26.9,445.0,32.6,11.1,42.0
2025-03-10T03:00,24.5,58,0.0,1009.8,8.0,318,55.1,24.2,368.0,25.3,10.0,47.0
2025-03-10T04:00,24.3,57,0.0,1009.6,7.1,313,52.4,21.7,294.0,18.3,9.3,52.0
2025-03-10T05:00,23.8,59,0.0,1009.9,6.8,305,49.1,20.1,358.0,16.0,9.3,52.0
2025-03-10T06:00,22.5,68,0.0,1010.9,6.9,315,49.6,20.2,726.0,24.9,11.2,41.0
2025-03-10T07:00,22.2,67,0.0,1011.7,6.8,312,53.7,24.0,1231.0,36.8,14.0,26.0
2025-03-10T08:00,23.1,62,0.0,1012.3,6.1,315,56.5,33.1,1502.0,43.2,16.5,24.0
2025-03-10T09:00,26.3,51,0.0,1013.0,3.8,311,49.7,31.1,1311.0,39.2,18.6,45.0
2025-03-10T10:00,29.5,40,0.0,1013.5,4.2,280,42.8,26.0,887.0,29.7,20.5,77.0
2025-03-10T11:00,32.4,29,0.0,1013.1,5.9,258,39.1,22.2,542.0,21.1,21.9,104.0
2025-03-10T12:00,34.4,20,0.0,1012.7,8.6,258,37.0,18.7,393.0,14.8,22.5,119.0
2025-03-10T13:00,35.6,14,0.0,1011.8,10.7,265,35.7,16.7,323.0,9.3,22.6,128.0
2025-03-10T14:00,36.3,12,0.0,1010.9,11.4,265,34.8,15.5,296.0,6.6,22.3,131.0
2025-03-10T15:00,36.2,11,0.0,1010.2,12.0,262,31.9,14.8,292.0,6.7,21.6,127.0
2025-03-10T16:00,35.5,12,0.0,1009.9,12.0,261,29.9,14.5,332.0,9.7,20.6,117.0
2025-03-10T17:00,34.3,16,0.0,1010.0,11.4,259,28.8,15.3,436.0,16.5,21.2,105.0
2025-03-10T18:00,32.1,27,0.0,1010.9,9.4,259,32.8,22.4,669.0,32.9,21.1,78.0
2025-03-10T19:00,29.7,36,0.0,1011.2,9.2,271,39.6,30.6,967.0,55.5,21.0,41.0
2025-03-10T20:00,28.0,43,0.0,1011.5,8.4,280,44.1,35.6,1162.0,72.0,20.9,13.0
2025-03-10T21:00,27.1,48,0.0,1012.2,7.6,298,46.7,38.0,1176.0,76.8,21.2,3.0
2025-03-10T22:00,26.5,48,0.0,1012.5,6.8,297,48.1,38.9,1087.0,75.4,21.5,3.0
2025-03-10T23:00,25.7,52,0.0,1012.3,6.8,305,48.8,39.1,961.0,72.6,20.9,4.0
2025-03-11T00:00,24.9,56,0.0,1012.1,6.7,314,47.6,37.4,794.0,70.2,18.7,5.0
2025-03-11T01:00,24.2,60,0.0,1011.7,7.5,318,43.0,32.7,591.0,66.3,15.7,8.0
2025-03-11T02:00,23.6,63,0.0,1011.3,8.6,329,36.7,27.1,433.0,59.7,13.2,13.0
2025-03-11T03:00,23.3,63,0.0,1011.1,9.0,329,31.5,22.5,310.0,47.1,11.4,24.0
2025-03-11T04:00,22.9,62,0.0,1010.9,9.1,322,28.1,19.0,232.0,31.7,10.0,37.0
2025-03-11T05:00,22.6,62,0.0,1011.2,9.4,329,24.0,15.8,305.0,21.2,9.3,45.0
2025-03-11T06:00,21.9,58,0.0,1012.2,8.6,338,23.5,15.4,687.0,27.3,10.7,35.0
2025-03-11T07:00,21.5,55,0.0,1012.8,8.0,346,26.7,18.9,1220.0,35.5,12.7,22.0
2025-03-11T08:00,22.6,48,0.0,1013.7,6.1,358,34.6,28.3,1542.0,39.7,15.2,22.0
2025-03-11T09:00,26.2,35,0.0,1014.4,3.1,21,38.0,30.2,1456.0,36.5,18.5,45.0
2025-03-11T10:00,29.6,26,0.0,1014.6,0.9,53,39.0,24.3,1159.0,29.2,22.1,81.0
2025-03-11T11:00,32.2,21,0.0,1014.1,1.5,194,38.9,22.4,880.0,22.2,24.7,111.0
2025-03-11T12:00,33.9,21,0.0,1013.5,5.4,210,35.9,19.1,681.0,15.9,25.5,130.0
2025-03-11T13:00,34.1,27,0.0,1012.1,9.0,210,31.7,16.5,500.0,9.8,25.1,142.0
2025-03-11T14:00,34.2,30,0.0,1011.1,10.5,217,28.6,15.6,384.0,6.5,24.4,147.0
2025-03-11T15:00,34.5,26,0.0,1010.4,11.4,231,27.9,16.2,362.0,6.5,23.3,143.0
2025-03-11T16:00,34.0,25,0.0,1010.0,11.8,239,27.7,16.4,404.0,9.3,21.8,131.0
2025-03-11T17:00,32.4,31,0.0,1010.0,11.4,243,16.9,13.3,470.0,15.6,20.1,119.0
2025-03-11T18:00,30.2,46,0.0,1011.0,10.3,239,23.1,17.9,574.0,30.3,19.0,89.0
2025-03-11T19:00,27.8,60,0.0,1011.3,8.3,254,30.3,23.7,702.0,50.5,17.4,49.0
2025-03-11T20:00,26.7,67,0.0,1011.8,7.8,283,33.6,26.7,770.0,64.5,16.1,19.0
2025-03-11T21:00,26.0,73,0.0,1012.1,10.1,289,35.0,28.1,725.0,67.1,15.6,10.0
2025-03-11T22:00,25.4,74,0.0,1012.1,10.1,301,34.6,27.6,621.0,63.6,15.3,12.0
2025-03-11T23:00,24.9,75,0.0,1011.9,9.7,309,33.5,26.3,530.0,57.7,14.6,16.0
2025-03-12T00:00,24.4,76,0.0,1011.4,9.2,321,32.0,24.3,482.0,49.4,13.0,22.0
2025-03-12T01:00,23.9,78,0.0,1011.1,7.9,315,30.3,22.1,448.0,38.8,10.9,30.0
2025-03-12T02:00,23.5,79,0.0,1010.4,8.0,318,28.3,19.8,412.0,29.6,9.3,37.0
2025-03-12T03:00,23.2,80,0.0,1010.1,8.5,318,26.1,17.7,328.0,22.2,8.4,43.0
2025-03-12T04:00,22.8,79,0.0,1009.8,7.3,320,24.0,15.9,243.0,16.2,8.0,47.0
2025-03-12T05:00,22.5,79,0.0,1009.8,6.2,306,19.8,14.4,277.0,17.0,9.3,42.0
2025-03-12T06:00,21.9,83,0.0,1010.5,5.1,276,22.0,15.8,575.0,25.7,11.7,34.0
2025-03-12T07:00,22.2,83,0.0,1011.3,4.9,276,27.1,20.2,993.0,37.2,15.1,23.0
2025-03-12T08:00,23.4,79,0.0,1011.7,5.7,302,35.5,29.7,1218.0,43.2,17.8,23.0
2025-03-12T09:00,26.0,68,0.0,1012.3,4.9,280,31.1,25.4,1057.0,38.5,19.4,41.0
2025-03-12T10:00,28.7,53,0.0,1012.2,6.6,261,26.9,20.6,703.0,28.1,20.5,70.0
2025-03-12T11:00,30.8,41,0.0,1011.8,8.9,249,27.2,18.0,423.0,19.2,20.8,94.0
2025-03-12T12:00,32.1,36,0.0,1011.1,11.7,250,33.5,17.9,320.0,13.8,20.2,110.0
2025-03-12T13:00,32.7,33,0.0,1009.8,13.3,254,35.4,16.9,291.0,9.8,19.0,121.0
2025-03-12T14:00,32.8,33,0.0,1008.9,14.3,255,32.2,15.8,288.0,7.8,17.6,126.0
2025-03-12T15:00,32.6,35,0.0,1008.3,14.1,254,29.2,14.9,302.0,8.1,16.1,121.0
2025-03-12T16:00,31.8,39,0.0,1007.8,13.3,254,27.6,14.6,342.0,10.4,14.5,109.0
2025-03-12T17:00,30.6,42,0.0,1007.8,12.9,255,22.9,13.5,395.0,14.3,14.0,96.0
2025-03-12T18:00,28.3,56,0.0,1008.0,11.6,254,20.0,14.7,469.0,21.1,12.9,81.0
2025-03-12T19:00,26.9,67,0.0,1008.4,10.4,244,22.1,17.5,555.0,30.4,11.4,59.0
2025-03-12T20:00,26.4,70,0.0,1008.7,9.0,248,23.7,18.2,614.0,35.9,10.1,45.0
2025-03-12T21:00,26.3,70,0.0,1009.3,9.9,248,23.8,17.9,634.0,34.5,9.5,43.0
2025-03-12T22:00,26.0,69,0.0,1009.7,7.7,281,23.0,16.7,626.0,29.4,9.2,48.0
2025-03-12T23:00,25.6,69,0.0,1009.7,8.0,290,21.7,15.5,582.0,24.3,8.8,54.0
2025-03-13T00:00,25.3,71,0.0,1009.2,10.5,267,20.4,14.3,476.0,20.2,8.0,59.0
2025-03-13T01:00,25.2,73,0.0,1008.8,10.7,262,19.1,12.9,335.0,16.1,7.1,64.0
2025-03-13T02:00,24.9,76,0.0,1008.2,10.3,264,18.4,11.9,230.0,12.9,6.6,68.0
2025-03-13T03:00,24.7,78,0.0,1007.9,10.1,274,18.7,11.7,174.0,10.1,6.5,70.0
2025-03-13T04:00,24.5,77,0.0,1007.5,9.9,280,19.1,11.6,155.0,8.1,6.7,71.0
2025-03-13T05:00,24.3,77,0.0,1007.6,10.2,280,12.3,9.6,207.0,6.9,6.2,75.0
2025-03-13T06:00,24.5,80,0.0,1008.2,10.6,281,17.5,10.3,408.0,12.6,7.1,68.0
2025-03-13T07:00,24.5,80,0.0,1009.0,10.2,278,22.7,12.6,681.0,20.4,8.5,60.0
2025-03-13T08:00,25.5,75,0.0,1009.4,8.6,272,29.2,17.0,827.0,24.8,10.1,59.0
2025-03-13T09:00,27.8,65,0.0,1009.9,10.2,279,36.7,19.4,719.0,22.8,12.3,74.0
2025-03-13T10:00,29.8,55,0.0,1010.3,10.9,279,49.1,20.3,485.0,17.6,14.6,97.0
2025-03-13T11:00,31.4,47,0.0,1009.9,12.3,276,57.3,20.5,307.0,12.8,16.1,115.0
2025-03-13T12:00,32.3,42,0.0,1009.1,13.7,270,49.8,17.8,261.0,9.5,15.9,123.0
2025-03-13T13:00,33.1,40,0.0,1008.0,14.0,263,39.9,15.3,270.0,6.7,14.8,125.0
2025-03-13T14:00,33.1,40,0.0,1007.1,15.1,258,36.8,15.0,292.0,5.6,13.7,124.0
2025-03-13T15:00,32.4,44,0.0,1006.5,15.2,257,36.9,15.6,310.0,7.0,13.0,118.0
2025-03-13T16:00,31.7,45,0.0,1006.1,14.6,260,36.6,16.4,340.0,10.1,12.3,108.0
2025-03-13T17:00,30.6,49,0.0,1006.1,14.3,250,33.8,14.5,386.0,13.5,12.3,97.0
2025-03-13T18:00,28.6,57,0.0,1006.2,13.2,248,30.5,16.6,471.0,20.5,11.8,83.0
2025-03-13T19:00,27.3,64,0.0,1006.0,14.4,246,30.0,18.8,571.0,29.8,11.1,65.0
2025-03-13T20:00,26.9,65,0.0,1006.7,12.5,252,30.4,19.2,617.0,34.9,10.4,53.0
2025-03-13T21:00,26.8,65,0.0,1007.4,11.4,259,30.0,18.6,562.0,31.8,9.8,55.0
2025-03-13T22:00,26.6,66,0.0,1007.6,11.0,249,29.5,17.5,453.0,24.4,9.1,64.0
2025-03-13T23:00,26.1,70,0.0,1007.9,10.5,246,28.2,16.7,357.0,17.8,8.4,72.0
2025-03-14T00:00,25.8,73,0.0,1008.0,10.7,256,27.6,16.0,294.0,13.5,7.6,78.0
2025-03-14T01:00,25.6,74,0.0,1007.7,12.4,253,27.0,15.1,244.0,10.0,6.7,84.0
2025-03-14T02:00,25.5,74,0.0,1007.3,13.4,246,26.4,14.3,212.0,7.4,6.1,88.0
2025-03-14T03:00,25.6,73,0.0,1006.9,12.6,257,26.7,14.0,198.0,5.2,5.8,90.0
2025-03-14T04:00,25.6,70,0.0,1006.8,12.5,265,26.8,14.0,203.0,4.0,5.8,90.0
2025-03-14T05:00,25.6,69,0.0,1007.1,12.8,270,25.6,14.1,234.0,4.9,6.1,90.0
2025-03-14T06:00,25.8,72,0.0,1007.4,16.5,256,26.5,14.7,319.0,9.7,6.7,85.0
2025-03-14T07:00,25.9,70,0.0,1008.0,16.6,269,30.0,16.8,429.0,16.3,7.6,77.0
2025-03-14T08:00,26.8,66,0.0,1008.7,13.9,276,35.4,20.3,487.0,20.0,9.0,76.0
2025-03-14T09:00,28.3,60,0.0,1009.4,14.9,271,49.8,23.6,441.0,18.4,11.5,85.0
2025-03-14T10:00,29.5,53,0.0,1009.9,16.6,268,75.2,27.2,343.0,14.0,14.5,100.0
2025-03-14T11:00,30.5,47,0.0,1009.7,16.0,268,107.3,31.3,269.0,10.0,16.5,112.0
2025-03-14T12:00,31.4,40,0.0,1009.1,15.4,260,119.0,32.8,249.0,7.2,16.5,117.0
2025-03-14T13:00,31.7,37,0.0,1008.1,15.7,253,120.6,32.1,253.0,4.9,15.4,119.0
2025-03-14T14:00,31.6,38,0.0,1007.2,16.0,247,115.3,31.1,269.0,4.2,14.4,118.0
2025-03-14T15:00,30.8,43,0.0,1006.8,17.0,242,109.9,31.5,293.0,5.5,13.8,114.0
2025-03-14T16:00,30.0,45,0.0,1006.4,14.9,242,106.9,32.2,328.0,8.5,13.3,106.0
2025-03-14T17:00,29.1,49,0.0,1006.3,14.3,245,86.6,27.6,375.0,11.3,11.8,95.0
2025-03-14T18:00,27.6,61,0.0,1006.8,14.0,234,78.7,29.0,454.0,16.6,11.1,84.0
2025-03-14T19:00,26.5,70,0.0,1006.9,13.5,232,77.5,30.5,544.0,23.8,10.1,70.0
2025-03-14T20:00,26.0,71,0.0,1007.3,14.0,229,80.1,31.2,582.0,28.0,9.3,61.0
2025-03-14T21:00,26.0,67,0.0,1008.2,15.4,236,79.2,31.1,523.0,26.4,8.8,62.0
2025-03-14T22:00,25.5,69,0.0,1008.7,13.9,259,75.9,30.2,411.0,21.8,8.4,68.0
2025-03-14T23:00,25.2,72,0.0,1008.6,13.4,250,70.1,28.8,318.0,17.3,8.0,75.0
2025-03-15T00:00,24.9,74,0.0,1008.5,12.3,264,65.7,27.4,267.0,13.5,7.4,81.0
2025-03-15T01:00,24.9,72,0.0,1008.1,11.3,272,63.6,26.6,234.0,9.8,6.8,88.0
2025-03-15T02:00,24.5,72,0.0,1007.7,9.8,290,66.1,27.4,217.0,7.4,6.5,90.0
2025-03-15T03:00,24.1,66,0.0,1007.3,8.7,315,70.3,28.5,194.0,6.4,6.6,86.0
2025-03-15T04:00,23.7,62,0.0,1007.3,6.6,338,75.2,29.0,187.0,6.8,7.0,77.0
2025-03-15T05:00,22.8,65,0.0,1007.8,7.2,309,88.0,29.6,261.0,9.5,8.4,65.0
2025-03-15T06:00,22.6,78,0.0,1008.9,8.5,339,90.1,30.2,515.0,16.5,9.9,53.0
2025-03-15T07:00,22.2,74,0.0,1009.7,8.6,338,90.1,33.2,850.0,25.8,12.0,37.0
2025-03-15T08:00,23.1,63,0.0,1010.5,7.3,344,86.4,37.5,1033.0,30.5,14.3,36.0
2025-03-15T09:00,25.6,48,0.0,1011.1,5.6,356,86.8,37.4,919.0,26.3,17.3,62.0
2025-03-15T10:00,28.6,34,0.0,1011.7,5.4,14,80.3,35.2,653.0,17.4,20.4,103.0
2025-03-15T11:00,30.6,29,0.0,1011.3,4.4,35,77.1,31.2,434.0,10.2,22.2,136.0
2025-03-15T12:00,32.0,22,0.0,1010.9,2.6,219,68.5,25.7,335.0,6.8,21.2,154.0
2025-03-15T13:00,32.7,19,0.0,1010.1,9.1,232,54.1,20.8,282.0,5.0,18.7,163.0
2025-03-15T14:00,33.0,17,0.0,1009.5,13.2,246,48.5,20.0,255.0,4.4,17.2,168.0
2025-03-15T15:00,32.9,14,0.0,1009.2,15.4,260,46.0,19.6,243.0,4.4,17.9,168.0
2025-03-15T16:00,32.3,14,0.0,1008.8,15.0,264,44.8,19.4,257.0,5.7,19.5,163.0
2025-03-15T17:00,30.9,20,0.0,1008.9,13.6,255,53.0,22.5,307.0,8.6,18.6,161.0
2025-03-15T18:00,28.5,42,0.0,1010.0,12.1,240,55.1,27.9,432.0,17.6,18.7,141.0
2025-03-15T19:00,26.6,54,0.0,1010.2,11.0,249,58.1,34.0,594.0,29.7,18.8,113.0
2025-03-15T20:00,25.9,61,0.0,1010.7,11.2,259,59.3,34.6,687.0,37.6,18.4,92.0
2025-03-15T21:00,25.6,62,0.0,1011.6,11.6,254,58.1,33.3,656.0,37.4,17.3,84.0
2025-03-15T22:00,25.5,60,0.0,1012.2,11.2,258,57.0,31.7,557.0,32.8,15.7,83.0
2025-03-15T23:00,25.1,60,0.0,1012.6,11.5,281,55.9,29.8,454.0,27.6,14.0,84.0
2025-03-16T00:00,24.7,61,0.0,1012.3,12.0,287,54.9,28.1,356.0,22.3,12.2,87.0
2025-03-16T01:00,24.2,64,0.0,1012.0,11.9,288,53.8,26.0,254.0,16.3,10.3,91.0
2025-03-16T02:00,24.1,65,0.0,1011.4,12.7,286,52.2,23.7,184.0,11.4,8.8,94.0
2025-03-16T03:00,24.2,61,0.0,1011.0,13.8,282,54.1,22.0,134.0,7.6,7.6,95.0
2025-03-16T04:00,23.9,62,0.0,1010.9,13.5,289,58.6,21.7,116.0,5.0,6.7,94.0
2025-03-16T05:00,23.4,66,0.0,1011.1,11.9,295,64.3,22.4,202.0,5.7,6.3,89.0
2025-03-16T06:00,23.5,60,0.0,1012.2,11.7,304,70.3,24.1,515.0,13.7,7.5,74.0
2025-03-16T07:00,22.7,54,0.0,1012.9,8.7,342,74.5,27.0,933.0,24.3,9.3,55.0
2025-03-16T08:00,22.8,50,0.0,1013.7,6.2,7,72.2,31.5,1162.0,30.1,11.8,49.0
2025-03-16T09:00,24.8,48,0.0,1014.2,5.3,8,95.2,31.8,1017.0,26.3,15.8,70.0
2025-03-16T10:00,27.5,37,0.0,1014.6,5.8,4,89.2,29.7,682.0,17.5,20.4,104.0
2025-03-16T11:00,29.5,26,0.0,1014.2,4.3,17,76.6,28.8,418.0,10.3,23.1,132.0
2025-03-16T12:00,31.0,19,0.0,1013.2,2.0,360,77.3,26.7,330.0,6.9,21.9,146.0
2025-03-16T13:00,32.1,16,0.0,1012.0,2.4,216,68.9,23.3,313.0,5.0,18.8,154.0
2025-03-16T14:00,32.5,15,0.0,1010.6,5.1,222,65.0,22.2,314.0,4.3,16.7,158.0
2025-03-16T15:00,32.4,16,0.0,1009.7,10.4,233,65.9,23.1,306.0,4.1,17.2,160.0
2025-03-16T16:00,31.2,25,0.0,1009.0,15.5,235,68.5,24.4,316.0,5.1,18.6,159.0
2025-03-16T17:00,30.0,28,0.0,1009.2,16.9,234,47.1,17.8,368.0,7.4,17.1,151.0
2025-03-16T18:00,28.8,29,0.0,1010.1,12.1,249,49.9,21.0,507.0,15.8,16.5,130.0
2025-03-16T19:00,27.3,40,0.0,1010.4,9.0,268,49.9,26.1,688.0,27.9,15.8,100.0
2025-03-16T20:00,26.6,45,0.0,1011.0,10.1,276,50.4,27.1,808.0,40.2,15.9,73.0
2025-03-16T21:00,26.1,43,0.0,1011.9,10.7,301,52.7,28.8,824.0,53.2,17.9,53.0
2025-03-16T22:00,25.4,50,0.0,1012.5,12.5,305,57.7,33.4,779.0,66.6,20.8,37.0
2025-03-16T23:00,24.9,56,0.0,1012.7,9.3,299,66.8,42.8,696.0,75.6,22.7,24.0
2025-03-17T00:00,24.4,58,0.0,1012.6,8.6,301,74.3,51.5,553.0,78.4,22.9,16.0
2025-03-17T01:00,23.9,57,0.0,1012.4,9.6,303,77.1,54.9,372.0,77.0,22.2,12.0
2025-03-17T02:00,23.2,56,0.0,1012.2,8.7,312,71.0,49.8,242.0,72.1,21.1,12.0
2025-03-17T03:00,22.9,53,0.0,1012.0,9.2,325,60.8,40.4,161.0,61.5,19.5,19.0
2025-03-17T04:00,22.7,51,0.0,1011.9,9.8,324,52.6,32.9,132.0,47.5,17.5,30.0
2025-03-17T05:00,22.3,50,0.0,1011.8,9.4,337,48.0,28.7,247.0,36.5,15.5,40.0
2025-03-17T06:00,21.3,65,0.0,1012.7,7.0,331,45.8,27.2,675.0,42.0,16.8,31.0
2025-03-17T07:00,20.6,67,0.0,1013.3,6.7,344,50.8,31.2,1248.0,49.0,18.7,21.0
2025-03-17T08:00,21.6,64,0.0,1013.9,6.3,347,56.2,41.8,1555.0,50.4,20.8,23.0
2025-03-17T09:00,24.8,58,0.0,1014.5,3.8,329,56.6,29.9,1339.0,40.9,23.8,51.0
2025-03-17T10:00,27.3,53,0.0,1014.7,4.2,288,65.0,24.0,858.0,25.8,27.1,91.0
2025-03-17T11:00,29.6,41,0.0,1014.6,3.7,247,69.2,24.1,473.0,13.7,28.6,124.0
2025-03-17T12:00,31.2,30,0.0,1013.7,6.2,226,67.1,23.3,327.0,8.0,26.8,141.0
2025-03-17T13:00,31.7,27,0.0,1012.6,10.1,221,62.6,21.8,278.0,5.4,23.2,151.0
2025-03-17T14:00,31.8,25,0.0,1011.6,13.5,227,61.7,21.4,260.0,4.6,20.2,153.0
2025-03-17T15:00,31.8,19,0.0,1010.9,14.1,235,60.1,20.9,246.0,5.0,18.8,147.0
2025-03-17T16:00,31.7,16,0.0,1010.2,13.5,241,58.0,19.6,263.0,7.2,17.9,133.0
2025-03-17T17:00,30.9,18,0.0,1010.4,13.0,246,51.0,17.3,332.0,10.7,17.1,124.0
2025-03-17T18:00,29.5,24,0.0,1011.3,11.2,259,50.3,19.8,507.0,19.9,16.0,103.0
2025-03-17T19:00,27.6,34,0.0,1011.5,9.6,275,52.5,22.8,734.0,32.5,14.4,73.0
2025-03-17T20:00,26.3,40,0.0,1011.9,10.0,285,55.9,23.9,869.0,40.9,13.1,52.0
2025-03-17T21:00,25.8,44,0.0,1012.3,9.5,279,56.1,24.0,836.0,41.1,12.4,48.0
2025-03-17T22:00,25.4,48,0.0,1012.3,8.3,276,56.2,23.7,711.0,37.2,11.9,52.0
2025-03-17T23:00,24.8,53,0.0,1012.3,9.1,291,56.9,23.7,579.0,32.9,11.4,56.0
2025-03-18T00:00,24.4,56,0.0,1012.1,9.1,295,57.3,23.9,451.0,29.7,10.5,57.0
2025-03-18T01:00,24.0,60,0.0,1012.0,8.0,295,56.1,23.3,316.0,26.2,9.6,58.0
2025-03-18T02:00,22.9,74,0.0,1011.7,8.4,317,53.6,21.8,229.0,22.6,8.8,59.0
2025-03-18T03:00,22.2,88,0.0,1011.1,8.8,325,50.2,19.8,154.0,17.6,8.1,63.0
2025-03-18T04:00,22.0,91,0.0,1010.8,8.3,327,45.2,17.8,126.0,12.4,7.6,68.0
2025-03-18T05:00,21.6,90,0.0,1010.6,6.5,346,40.6,16.4,303.0,11.3,7.9,68.0
2025-03-18T06:00,21.1,85,0.0,1011.4,3.8,360,38.3,15.7,943.0,18.8,9.3,58.0
2025-03-18T07:00,20.4,86,0.0,1011.7,1.5,330,39.3,18.0,1787.0,28.8,11.3,46.0
2025-03-18T08:00,21.5,81,0.0,1012.1,3.1,301,41.7,23.4,2218.0,33.8,13.6,45.0
2025-03-18T09:00,24.5,60,0.0,1012.7,4.6,288,46.2,22.6,1829.0,28.9,16.9,66.0
2025-03-18T10:00,27.0,50,0.0,1012.8,5.0,270,43.3,18.6,1025.0,19.0,20.5,99.0
2025-03-18T11:00,29.1,42,0.0,1012.7,7.7,249,35.0,13.9,407.0,10.9,22.5,125.0
2025-03-18T12:00,30.0,41,0.0,1012.2,11.5,248,29.8,12.2,226.0,7.1,21.5,137.0
2025-03-18T13:00,30.7,36,0.0,1011.4,12.5,250,26.3,11.3,229.0,5.0,18.9,141.0
2025-03-18T14:00,30.8,33,0.0,1010.6,14.0,248,24.2,10.4,259.0,4.3,16.9,141.0
2025-03-18T15:00,30.4,33,0.0,1010.2,14.2,250,23.9,9.7,262.0,4.1,16.3,136.0
2025-03-18T16:00,29.7,35,0.0,1009.9,14.1,254,25.8,9.4,291.0,5.3,16.3,127.0
2025-03-18T17:00,28.6,40,0.0,1010.0,13.2,256,24.3,8.4,345.0,9.3,15.1,115.0
2025-03-18T18:00,27.3,51,0.0,1010.6,11.3,257,27.6,10.7,438.0,19.3,14.6,97.0
2025-03-18T19:00,25.8,64,0.0,1010.8,8.3,252,29.3,15.4,555.0,33.0,13.9,71.0
2025-03-18T20:00,25.0,71,0.0,1011.1,7.4,247,32.8,17.8,658.0,42.4,13.3,53.0
2025-03-18T21:00,24.7,75,0.0,1011.7,6.5,262,34.6,18.7,749.0,43.8,12.9,48.0
2025-03-18T22:00,24.1,77,0.0,1012.2,6.0,303,34.3,18.9,824.0,40.9,12.4,49.0
2025-03-18T23:00,23.5,79,0.0,1012.1,3.7,299,33.1,18.7,834.0,36.9,11.8,52.0
2025-03-19T00:00,23.2,80,0.0,1011.7,5.2,268,30.6,17.9,731.0,32.4,10.7,55.0
2025-03-19T01:00,22.8,83,0.0,1011.4,7.7,294,27.0,16.5,561.0,26.9,9.3,59.0
2025-03-19T02:00,22.5,83,0.0,1011.0,9.5,289,23.2,14.8,416.0,21.9,8.3,63.0
2025-03-19T03:00,22.5,84,0.0,1010.5,10.4,281,20.2,13.5,301.0,17.2,7.8,66.0
2025-03-19T04:00,22.5,85,0.0,1010.6,11.5,271,18.1,12.5,211.0,13.2,7.7,69.0
2025-03-19T05:00,22.5,85,0.0,1010.7,11.5,281,13.8,9.7,215.0,9.3,7.1,76.0
2025-03-19T06:00,22.4,82,0.0,1011.7,10.1,297,14.4,10.3,416.0,15.6,8.2,69.0
2025-03-19T07:00,22.4,80,0.0,1012.0,10.2,301,16.6,12.5,711.0,24.0,9.8,61.0
2025-03-19T08:00,23.6,74,0.0,1012.8,9.6,304,19.8,16.1,864.0,27.8,11.3,61.0
2025-03-19T09:00,25.8,66,0.0,1013.4,12.4,292,21.2,13.8,726.0,22.6,12.9,78.0
2025-03-19T10:00,27.5,51,0.0,1013.7,13.9,289,24.9,12.8,446.0,12.9,14.5,103.0
2025-03-19T11:00,28.7,44,0.0,1013.5,13.9,287,30.6,13.3,236.0,5.5,15.3,122.0
2025-03-19T12:00,29.9,36,0.0,1012.8,13.8,283,36.1,14.1,188.0,3.1,14.7,127.0
2025-03-19T13:00,30.7,31,0.0,1011.9,13.0,274,38.8,14.4,212.0,2.9,13.4,126.0
2025-03-19T14:00,31.0,28,0.0,1010.9,13.7,265,41.3,14.6,244.0,3.5,12.6,122.0
2025-03-19T15:00,30.5,30,0.0,1010.2,14.6,261,42.5,14.8,263.0,4.2,13.0,117.0
2025-03-19T16:00,29.8,34,0.0,1009.7,13.6,255,41.7,15.1,291.0,5.7,14.0,110.0
2025-03-19T17:00,28.7,40,0.0,1009.9,13.0,251,26.0,11.2,336.0,8.3,14.1,105.0
2025-03-19T18:00,26.5,64,0.0,1011.0,11.8,247,26.6,12.9,414.0,15.8,13.8,90.0
2025-03-19T19:00,25.2,74,0.0,1011.2,9.8,244,25.9,16.2,509.0,26.0,13.3,70.0
2025-03-19T20:00,24.8,79,0.0,1011.9,9.3,236,26.3,17.1,576.0,32.9,12.7,55.0
2025-03-19T21:00,24.6,82,0.0,1012.5,10.0,236,26.0,16.9,595.0,33.4,12.1,51.0
2025-03-19T22:00,24.4,84,0.0,1012.9,8.7,246,25.6,16.8,587.0,30.7,11.3,52.0
2025-03-19T23:00,24.1,86,0.0,1013.2,8.8,247,26.0,17.1,565.0,28.0,10.6,53.0
2025-03-20T00:00,23.8,88,0.0,1013.1,5.4,266,27.3,17.8,533.0,26.6,9.8,51.0
2025-03-20T01:00,23.5,90,0.0,1013.2,7.5,278,27.9,17.8,487.0,25.3,9.0,49.0
2025-03-20T02:00,23.1,92,0.0,1012.9,7.7,294,27.0,17.0,435.0,23.3,8.4,49.0
2025-03-20T03:00,23.0,92,0.0,1012.5,9.1,295,25.6,15.7,348.0,19.3,8.0,52.0
2025-03-20T04:00,22.9,93,0.0,1012.5,8.4,293,23.9,14.1,255.0,14.7,7.8,56.0
2025-03-20T05:00,22.7,94,0.0,1012.6,9.1,287,23.6,12.7,247.0,11.2,7.7,61.0
2025-03-20T06:00,22.9,91,0.0,1013.3,10.0,284,22.1,12.5,425.0,16.4,8.3,55.0
2025-03-20T07:00,22.9,89,0.0,1013.8,9.6,290,23.9,14.8,688.0,23.4,9.4,49.0
2025-03-20T08:00,24.1,79,0.0,1014.6,7.6,301,26.4,18.3,826.0,26.6,11.2,52.0
2025-03-20T09:00,25.9,67,0.0,1015.1,9.3,292,31.8,17.0,708.0,22.5,14.7,74.0
2025-03-20T10:00,27.8,56,0.0,1015.2,8.3,288,37.5,16.6,465.0,14.6,19.0,106.0
2025-03-20T11:00,29.6,45,0.0,1015.1,8.6,281,42.6,17.4,281.0,8.4,21.9,131.0
2025-03-20T12:00,30.8,40,0.0,1014.3,10.3,273,43.4,17.8,234.0,5.8,22.5,145.0
2025-03-20T13:00,31.9,34,0.0,1013.3,11.0,273,41.6,16.8,247.0,4.8,21.8,153.0
2025-03-20T14:00,32.0,34,0.0,1012.1,14.1,264,38.4,16.1,268.0,4.8,20.6,154.0
2025-03-20T15:00,31.2,42,0.0,1011.1,18.3,260,32.8,15.6,277.0,5.8,19.1,146.0
2025-03-20T16:00,30.1,45,0.0,1010.6,18.9,256,28.4,14.5,295.0,7.8,17.2,131.0
2025-03-20T17:00,28.6,54,0.0,1010.8,17.1,258,24.1,12.5,333.0,10.3,16.2,118.0
2025-03-20T18:00,27.5,59,0.0,1011.8,12.6,257,22.3,13.0,408.0,13.5,14.6,106.0
2025-03-20T19:00,26.0,73,0.0,1012.6,9.8,240,21.0,14.3,503.0,18.0,12.5,88.0
2025-03-20T20:00,25.4,76,0.0,1013.7,4.6,228,22.0,14.3,574.0,22.7,11.2,73.0
2025-03-20T21:00,25.3,76,0.0,1014.0,6.7,256,23.3,15.7,614.0,28.3,11.8,61.0
2025-03-20T22:00,24.9,80,0.0,1014.6,6.0,273,26.0,18.2,629.0,34.2,13.1,52.0
2025-03-20T23:00,24.2,85,0.0,1014.7,9.1,284,29.5,21.6,600.0,36.5,13.8,47.0
2025-03-21T00:00,24.0,86,0.0,1014.7,11.4,307,32.5,24.4,486.0,32.7,12.8,50.0
2025-03-21T01:00,23.4,89,0.0,1014.8,10.1,320,30.2,21.6,327.0,25.5,11.1,59.0
2025-03-21T02:00,23.1,90,0.0,1014.4,10.1,321,26.3,17.8,221.0,19.2,9.7,65.0
2025-03-21T03:00,23.0,88,0.0,1014.0,9.8,311,23.3,15.5,189.0,14.6,8.8,68.0
2025-03-21T04:00,22.8,88,0.0,1013.9,9.4,310,22.6,14.5,210.0,10.9,8.2,69.0
2025-03-21T05:00,22.5,90,0.0,1013.9,8.4,315,24.0,14.0,322.0,10.0,8.3,68.0
2025-03-21T06:00,22.4,92,0.0,1014.8,7.0,325,26.0,14.7,623.0,17.4,9.5,56.0
2025-03-21T07:00,22.0,95,0.0,1015.3,5.7,342,31.2,18.6,1014.0,27.3,11.3,41.0
2025-03-21T08:00,22.9,90,0.0,1016.0,3.1,3,36.8,23.9,1239.0,32.6,13.9,39.0
2025-03-21T09:00,25.5,74,0.0,1016.9,3.8,8,46.8,25.4,1143.0,29.1,18.4,62.0
2025-03-21T10:00,28.8,48,0.0,1016.9,3.6,360,54.4,23.8,880.0,20.9,23.6,98.0
2025-03-21T11:00,31.6,30,0.0,1016.7,0.2,180,54.2,21.6,658.0,13.8,26.4,128.0
2025-03-21T12:00,33.0,23,0.0,1015.8,4.4,192,41.7,15.8,552.0,9.3,24.7,145.0
2025-03-21T13:00,33.4,26,0.0,1014.6,8.5,201,41.4,16.0,487.0,5.7,20.6,155.0
2025-03-21T14:00,33.1,32,0.0,1013.5,14.3,211,44.1,16.6,440.0,4.1,17.2,158.0
2025-03-21T15:00,31.9,37,0.0,1012.7,17.8,228,44.7,16.8,405.0,4.9,15.9,152.0
2025-03-21T16:00,31.5,34,0.0,1012.2,16.6,244,42.5,16.4,388.0,7.7,15.3,140.0
2025-03-21T17:00,30.8,38,0.0,1012.1,13.1,252,28.1,13.0,393.0,9.5,15.9,136.0
2025-03-21T18:00,28.7,54,0.0,1012.8,14.2,258,23.9,15.3,435.0,16.4,14.2,116.0
2025-03-21T19:00,26.5,73,0.0,1013.1,13.0,259,23.5,17.2,499.0,25.7,11.8,89.0
2025-03-21T20:00,26.2,63,0.0,1013.5,12.7,277,25.2,16.9,539.0,31.5,10.0,71.0
2025-03-21T21:00,26.1,58,0.0,1013.9,11.0,293,30.3,17.9,535.0,30.4,9.3,69.0
2025-03-21T22:00,25.3,70,0.0,1014.4,10.9,297,38.4,20.0,508.0,25.9,9.1,76.0
2025-03-21T23:00,24.5,80,0.0,1014.1,9.4,282,42.8,21.9,467.0,21.6,8.9,82.0
2025-03-22T00:00,24.2,82,0.0,1014.1,10.4,312,45.6,22.9,407.0,19.0,8.4,83.0
2025-03-22T01:00,23.7,84,0.0,1013.6,9.6,311,42.8,22.4,334.0,16.7,7.8,83.0
2025-03-22T02:00,23.5,81,0.0,1013.0,9.7,305,36.6,20.5,279.0,14.8,7.6,83.0
2025-03-22T03:00,23.3,80,0.0,1012.5,8.2,306,30.7,18.6,226.0,12.5,7.7,82.0
2025-03-22T04:00,23.0,78,0.0,1012.2,8.7,294,27.1,17.1,192.0,10.7,8.1,81.0
2025-03-22T05:00,23.1,77,0.0,1012.4,8.9,291,24.2,15.2,259.0,10.4,8.3,81.0
2025-03-22T06:00,23.3,82,0.0,1012.8,7.8,283,25.6,15.9,549.0,19.1,9.8,71.0
2025-03-22T07:00,23.2,82,0.0,1013.2,7.2,282,30.0,19.6,939.0,30.7,12.0,58.0
2025-03-22T08:00,24.5,77,0.0,1013.8,5.6,274,32.1,23.9,1143.0,36.7,14.1,56.0
2025-03-22T09:00,26.8,67,0.0,1014.3,6.3,265,32.9,20.7,978.0,31.9,16.3,74.0
2025-03-22T10:00,28.9,57,0.0,1014.1,7.2,256,49.1,21.5,627.0,21.5,18.5,103.0
2025-03-22T11:00,30.6,48,0.0,1013.6,9.3,246,72.6,24.5,357.0,13.0,19.8,126.0
2025-03-22T12:00,31.5,46,0.0,1012.9,12.2,242,85.9,26.0,278.0,8.9,19.7,139.0
2025-03-22T13:00,31.6,45,0.0,1012.2,14.2,243,82.0,26.0,279.0,6.7,18.8,146.0
2025-03-22T14:00,31.7,41,0.0,1011.3,15.1,245,74.3,25.3,296.0,6.0,17.7,147.0
2025-03-22T15:00,31.4,41,0.0,1010.7,15.1,248,66.8,24.4,303.0,6.6,16.5,140.0
2025-03-22T16:00,30.7,42,0.0,1010.3,14.0,247,57.9,22.9,325.0,8.8,15.0,126.0
2025-03-22T17:00,29.6,47,0.0,1010.5,13.7,253,36.3,17.7,370.0,12.6,14.3,109.0
2025-03-22T18:00,28.4,51,0.0,1011.2,11.9,255,31.1,18.1,453.0,20.3,13.6,93.0
2025-03-22T19:00,27.0,60,0.0,1011.6,9.0,257,30.5,20.5,559.0,30.7,12.6,70.0
2025-03-22T20:00,26.2,66,0.0,1011.8,7.2,252,30.0,20.8,646.0,37.5,11.7,54.0
2025-03-22T21:00,25.8,70,0.0,1012.3,7.7,242,27.3,19.9,715.0,37.4,11.2,50.0
2025-03-22T22:00,25.5,70,0.0,1012.6,7.6,242,24.4,18.7,766.0,33.6,11.0,53.0
2025-03-22T23:00,25.2,72,0.0,1012.8,7.1,276,22.5,17.9,751.0,29.5,10.5,57.0
2025-03-23T00:00,24.7,72,0.0,1012.5,8.3,274,21.2,17.2,618.0,25.8,9.6,60.0
2025-03-23T01:00,24.3,73,0.0,1012.1,8.2,285,19.8,15.9,420.0,21.7,8.6,64.0
2025-03-23T02:00,23.9,75,0.0,1011.6,8.4,295,18.5,14.5,271.0,18.0,7.9,67.0
2025-03-23T03:00,23.5,78,0.0,1011.4,8.3,290,17.5,13.2,192.0,14.2,7.5,70.0
2025-03-23T04:00,23.3,81,0.0,1011.3,8.6,286,16.6,12.2,163.0,10.8,7.4,73.0
2025-03-23T05:00,23.3,80,0.0,1011.4,8.8,281,14.3,11.2,232.0,10.8,7.9,72.0
2025-03-23T06:00,23.3,85,0.0,1012.1,8.2,279,14.3,11.5,509.0,18.4,9.1,63.0
2025-03-23T07:00,23.3,83,0.0,1012.6,7.4,277,16.6,14.2,885.0,28.6,11.0,51.0
2025-03-23T08:00,24.6,78,0.0,1013.5,6.7,262,20.8,18.8,1083.0,34.0,13.1,50.0
2025-03-23T09:00,27.0,65,0.0,1014.1,7.6,262,19.8,16.9,925.0,30.3,15.9,70.0
2025-03-23T10:00,29.3,51,0.0,1014.1,8.4,261,22.1,15.8,589.0,21.8,18.9,102.0
2025-03-23T11:00,31.4,40,0.0,1013.8,10.0,253,30.0,15.7,329.0,14.5,21.0,127.0
2025-03-23T12:00,32.8,33,0.0,1013.0,12.2,251,30.0,14.2,248.0,10.2,21.4,141.0
2025-03-23T13:00,33.6,29,0.0,1012.2,14.1,254,25.0,12.3,242.0,7.2,20.9,150.0
2025-03-23T14:00,34.0,24,0.0,1011.5,15.0,259,20.8,10.9,254.0,5.9,19.9,151.0
2025-03-23T15:00,34.0,22,0.0,1011.2,15.0,264,17.9,10.4,264.0,6.6,18.5,143.0
2025-03-23T16:00,33.6,21,0.0,1010.8,14.4,270,16.4,10.0,291.0,9.0,16.7,128.0
2025-03-23T17:00,32.7,22,0.0,1011.1,12.7,276,7.8,7.0,344.0,12.7,15.5,109.0
2025-03-23T18:00,30.6,32,0.0,1011.7,11.4,282,10.5,9.6,450.0,23.8,15.1,90.0
2025-03-23T19:00,28.8,37,0.0,1012.3,9.7,286,15.0,14.3,580.0,38.8,14.6,64.0
2025-03-23T20:00,27.6,41,0.0,1012.5,9.4,288,17.2,16.4,657.0,48.6,14.0,46.0
2025-03-23T21:00,26.7,46,0.0,1013.2,8.8,287,18.1,17.0,640.0,48.6,13.5,43.0
2025-03-23T22:00,26.0,50,0.0,1013.6,8.5,305,18.2,16.8,570.0,43.4,12.9,48.0
2025-03-23T23:00,25.4,52,0.0,1013.6,8.4,307,18.0,16.4,489.0,37.4,12.0,53.0
2025-03-24T00:00,24.8,58,0.0,1013.3,9.4,306,17.3,15.5,399.0,31.4,10.6,57.0
2025-03-24T01:00,24.2,65,0.0,1012.8,10.6,309,15.5,13.6,298.0,24.5,9.0,63.0
2025-03-24T02:00,23.7,71,0.0,1012.3,10.3,308,13.3,11.4,225.0,18.6,7.7,67.0
2025-03-24T03:00,23.3,73,0.0,1012.0,10.1,303,11.2,9.4,181.0,13.7,7.0,71.0
2025-03-24T04:00,23.2,74,0.0,1012.0,11.0,304,9.5,7.8,166.0,9.8,6.6,74.0
2025-03-24T05:00,23.2,71,0.0,1012.1,12.7,299,8.1,6.9,214.0,9.3,6.8,74.0
2025-03-24T06:00,23.2,65,0.0,1012.5,12.7,297,8.0,6.9,399.0,15.9,8.0,66.0
2025-03-24T07:00,23.1,65,0.0,1013.0,12.0,298,9.9,8.9,648.0,24.7,9.8,57.0
2025-03-24T08:00,24.7,60,0.0,1013.7,10.4,302,14.5,13.5,778.0,28.9,11.4,56.0
2025-03-24T09:00,27.6,45,0.0,1014.2,8.2,299,13.7,12.2,669.0,23.9,12.9,73.0
2025-03-24T10:00,30.5,29,0.0,1014.2,10.3,293,9.8,8.0,441.0,14.2,14.4,99.0
2025-03-24T11:00,32.5,17,0.0,1013.7,12.9,285,9.1,5.6,266.0,6.7,15.1,119.0
2025-03-24T12:00,33.3,14,0.0,1013.0,14.7,282,11.1,6.0,217.0,4.0,14.5,129.0
2025-03-24T13:00,33.7,13,0.0,1011.9,15.2,280,12.3,6.7,222.0,3.5,13.1,133.0
2025-03-24T14:00,33.7,13,0.0,1011.1,15.6,277,12.6,7.0,239.0,3.8,12.4,134.0
2025-03-24T15:00,33.3,14,0.0,1010.5,15.9,273,12.8,7.2,251.0,3.8,13.2,134.0
2025-03-24T16:00,32.5,17,0.0,1010.2,14.9,272,12.8,7.3,276.0,4.6,14.7,130.0
2025-03-24T17:00,31.2,22,0.0,1010.3,13.3,269,3.9,3.8,326.0,9.0,16.6,122.0
2025-03-24T18:00,29.6,33,0.0,1010.9,11.7,266,7.4,6.4,434.0,20.2,16.2,101.0
2025-03-24T19:00,27.5,47,0.0,1011.2,10.0,262,12.9,12.2,569.0,35.5,15.7,71.0
2025-03-24T20:00,26.3,54,0.0,1011.7,9.7,258,15.6,14.8,646.0,45.6,15.0,50.0
2025-03-24T21:00,25.9,59,0.0,1012.3,10.6,260,16.8,15.9,620.0,46.0,14.1,45.0
2025-03-24T22:00,25.7,57,0.0,1012.5,10.7,262,17.0,15.8,538.0,41.1,12.9,49.0
2025-03-24T23:00,25.1,64,0.0,1012.0,10.1,266,16.6,15.2,451.0,35.7,11.8,53.0
2025-03-25T00:00,24.6,71,0.0,1011.7,10.3,273,16.1,14.4,367.0,30.7,10.6,56.0
2025-03-25T01:00,24.1,74,0.0,1010.9,10.7,283,15.7,13.7,280.0,25.0,9.4,60.0
2025-03-25T02:00,23.6,78,0.0,1010.3,11.1,290,15.0,12.7,220.0,20.1,8.5,64.0
2025-03-25T03:00,23.1,83,0.0,1009.8,10.3,295,13.9,11.6,196.0,15.6,8.0,68.0
2025-03-25T04:00,22.7,85,0.0,1009.5,9.0,296,13.0,10.4,199.0,11.7,7.8,72.0
2025-03-25T05:00,22.4,85,0.0,1009.3,8.3,294,12.5,9.9,237.0,9.4,7.8,75.0
2025-03-25T06:00,22.3,83,0.0,1010.2,8.9,284,13.7,10.9,346.0,15.2,8.3,68.0
2025-03-25T07:00,22.3,83,0.0,1010.5,9.0,283,16.9,14.0,489.0,23.0,9.0,59.0
2025-03-25T08:00,23.8,78,0.0,1011.1,10.4,278,20.7,17.9,562.0,26.7,10.5,59.0
2025-03-25T09:00,25.5,70,0.0,1011.2,11.0,272,18.8,15.2,497.0,22.4,13.5,77.0
2025-03-25T10:00,27.1,62,0.0,1011.1,11.5,266,16.8,12.9,361.0,14.1,17.2,104.0
2025-03-25T11:00,28.4,56,0.0,1010.8,14.7,264,18.3,12.5,260.0,7.5,19.5,124.0
2025-03-25T12:00,29.0,54,0.0,1010.2,16.1,265,21.6,12.6,236.0,4.9,19.2,131.0
2025-03-25T13:00,29.6,51,0.0,1009.2,15.6,259,22.0,12.6,245.0,4.0,17.6,131.0
2025-03-25T14:00,29.7,51,0.0,1008.1,15.7,253,22.6,12.3,262.0,4.1,16.2,128.0
2025-03-25T15:00,29.1,55,0.0,1007.5,15.5,248,23.7,12.2,282.0,4.5,15.7,123.0
2025-03-25T16:00,27.7,63,0.0,1006.9,15.1,247,22.9,12.1,310.0,5.8,15.5,114.0
2025-03-25T17:00,27.4,65,0.0,1007.0,15.0,247,22.9,13.6,330.0,8.9,15.6,103.0
2025-03-25T18:00,26.6,71,0.0,1007.2,14.6,249,21.4,13.4,332.0,14.3,15.0,90.0
2025-03-25T19:00,25.9,77,0.0,1007.3,13.3,252,20.4,14.5,326.0,21.7,14.1,72.0
2025-03-25T20:00,25.7,79,0.0,1007.7,10.7,256,23.1,16.9,333.0,27.6,13.4,58.0
2025-03-25T21:00,25.4,82,0.0,1007.9,10.7,254,25.2,19.0,372.0,31.2,13.2,50.0
2025-03-25T22:00,25.2,84,0.0,1008.0,9.4,247,26.3,20.1,422.0,33.2,13.1,46.0
2025-03-25T23:00,25.0,87,0.0,1007.7,9.4,247,26.3,20.1,443.0,32.7,12.6,45.0
2025-03-26T00:00,24.7,88,0.0,1007.2,8.7,243,25.3,18.9,406.0,28.0,11.1,50.0
2025-03-26T01:00,24.6,88,0.0,1006.5,8.5,243,24.9,17.3,339.0,20.8,9.2,59.0
2025-03-26T02:00,24.3,90,0.0,1005.8,8.2,241,26.1,16.7,284.0,15.0,7.8,67.0
2025-03-26T03:00,24.2,90,0.0,1005.5,8.5,243,28.9,17.1,244.0,11.8,7.3,71.0
2025-03-26T04:00,24.1,89,0.0,1005.5,8.6,250,31.5,17.6,217.0,10.0,7.3,74.0
2025-03-26T05:00,23.9,90,0.0,1005.5,9.1,253,37.6,18.7,235.0,10.5,8.0,77.0
2025-03-26T06:00,23.9,86,0.0,1006.1,10.3,265,36.9,19.3,353.0,16.0,9.0,75.0
2025-03-26T07:00,23.8,84,0.0,1006.5,10.7,262,38.1,22.1,517.0,23.3,10.5,74.0
2025-03-26T08:00,25.0,73,0.0,1007.1,11.4,252,37.5,23.0,601.0,26.6,12.0,80.0
2025-03-26T09:00,26.2,65,0.0,1007.6,12.3,247,30.4,18.5,521.0,21.8,13.9,102.0
2025-03-26T10:00,27.5,58,0.0,1007.9,13.8,250,22.4,14.7,361.0,12.9,15.9,132.0
2025-03-26T11:00,28.4,52,0.0,1007.9,14.9,250,24.4,13.4,242.0,6.1,16.9,153.0
2025-03-26T12:00,29.2,47,0.0,1007.5,16.1,250,26.7,13.0,215.0,3.7,16.2,158.0
2025-03-26T13:00,29.5,45,0.0,1007.0,16.6,244,26.5,12.3,229.0,3.3,14.5,154.0
2025-03-26T14:00,29.2,48,0.0,1006.4,17.0,242,25.1,11.8,250.0,3.7,13.2,149.0
2025-03-26T15:00,28.7,53,0.0,1006.0,17.2,246,22.6,11.1,264.0,4.3,12.9,146.0
2025-03-26T16:00,28.2,55,0.0,1005.7,16.9,247,19.4,10.5,286.0,5.6,13.1,141.0
2025-03-26T17:00,27.5,59,0.0,1005.7,15.2,244,23.9,9.7,318.0,8.1,12.6,133.0
2025-03-26T18:00,26.8,60,0.0,1006.0,15.0,247,22.2,11.3,379.0,13.4,12.4,122.0
2025-03-26T19:00,25.8,67,0.0,1006.2,14.2,246,22.4,14.1,451.0,20.6,12.1,108.0
2025-03-26T20:00,25.3,71,0.0,1006.5,13.9,243,25.2,16.1,488.0,25.3,11.7,98.0
2025-03-26T21:00,25.0,73,0.0,1007.1,14.3,242,28.7,17.1,461.0,25.3,11.1,96.0
2025-03-26T22:00,24.7,73,0.0,1007.7,14.1,248,32.9,18.0,398.0,22.9,10.3,99.0
2025-03-26T23:00,24.4,76,0.0,1008.0,14.8,256,36.7,18.9,337.0,19.7,9.5,103.0
2025-03-27T00:00,24.2,73,0.0,1008.2,15.7,268,38.2,19.2,284.0,15.9,8.5,107.0
2025-03-27T01:00,23.9,72,0.0,1007.7,14.1,264,36.7,18.7,233.0,11.4,7.5,112.0
2025-03-27T02:00,23.8,72,0.0,1007.3,13.6,262,33.5,17.8,198.0,8.0,6.7,115.0
2025-03-27T03:00,23.7,78,0.0,1007.0,13.0,265,34.8,17.6,171.0,5.7,6.2,114.0
2025-03-27T04:00,23.5,81,0.0,1007.0,11.2,281,50.5,20.7,160.0,4.5,5.9,112.0
2025-03-27T05:00,23.0,79,0.0,1007.4,10.6,302,75.2,27.1,210.0,5.9,6.3,105.0
2025-03-27T06:00,23.2,81,0.0,1008.4,10.0,308,89.6,31.2,391.0,14.2,7.9,90.0
2025-03-27T07:00,22.8,76,0.0,1009.5,9.6,323,99.7,36.8,632.0,25.3,10.1,70.0
2025-03-27T08:00,23.9,58,0.0,1010.5,9.7,333,106.2,41.6,762.0,31.0,12.2,63.0
2025-03-27T09:00,26.6,29,0.0,1011.4,12.8,346,174.6,45.6,670.0,25.9,14.2,80.0
2025-03-27T10:00,28.6,18,0.0,1011.7,12.8,358,159.3,39.7,466.0,15.4,16.0,110.0
2025-03-27T11:00,30.0,17,0.0,1011.6,10.8,15,114.1,30.5,309.0,7.2,16.6,134.0
2025-03-27T12:00,31.7,12,0.0,1011.2,9.4,13,72.6,21.0,264.0,4.3,14.8,144.0
2025-03-27T13:00,32.9,9,0.0,1010.2,6.1,5,62.9,18.7,266.0,3.7,11.7,148.0
2025-03-27T14:00,33.6,7,0.0,1008.9,3.6,270,60.5,18.3,278.0,3.8,9.9,150.0
2025-03-27T15:00,33.9,6,0.0,1007.8,8.3,265,61.9,18.5,273.0,3.8,10.7,152.0
2025-03-27T16:00,33.6,7,0.0,1007.3,11.9,270,67.5,19.3,279.0,4.6,12.6,151.0
2025-03-27T17:00,32.3,9,0.0,1007.4,13.9,268,68.7,17.0,341.0,7.2,13.0,144.0
2025-03-27T18:00,30.0,15,0.0,1007.9,13.4,264,91.7,24.5,536.0,15.3,13.6,126.0
2025-03-27T19:00,27.6,27,0.0,1008.4,11.0,260,95.7,33.6,788.0,26.2,14.3,102.0
2025-03-27T20:00,25.9,41,0.0,1009.1,10.0,288,102.4,36.1,907.0,33.0,14.3,84.0
2025-03-27T21:00,24.9,46,0.0,1009.9,11.5,312,103.6,35.4,766.0,31.9,13.0,80.0
2025-03-27T22:00,24.4,49,0.0,1010.6,14.9,307,95.7,33.2,492.0,26.7,11.0,83.0
2025-03-27T23:00,24.1,51,0.0,1011.1,16.7,308,81.0,30.0,283.0,21.4,9.3,86.0
2025-03-28T00:00,23.8,60,0.0,1011.0,13.8,296,68.2,26.4,225.0,16.8,8.1,88.0
2025-03-28T01:00,23.5,61,0.0,1010.6,13.1,302,65.4,24.4,232.0,12.1,7.3,91.0
2025-03-28T02:00,22.9,41,0.0,1010.3,12.1,343,72.2,23.7,243.0,8.6,6.8,92.0
2025-03-28T03:00,22.2,37,0.0,1009.8,12.5,344,73.8,21.6,208.0,6.4,6.8,91.0
2025-03-28T04:00,21.6,35,0.0,1009.9,11.4,344,62.2,17.7,178.0,5.4,7.3,89.0
2025-03-28T05:00,20.9,31,0.0,1010.6,10.7,352,57.5,16.0,239.0,8.2,8.9,81.0
2025-03-28T06:00,21.3,30,0.0,1011.4,11.3,346,54.8,14.9,504.0,16.3,9.5,69.0
2025-03-28T07:00,21.2,24,0.0,1012.1,10.5,352,61.9,17.9,861.0,27.2,10.4,55.0
2025-03-28T08:00,22.6,17,0.0,1013.0,8.7,354,68.7,24.3,1062.0,32.9,11.8,53.0
2025-03-28T09:00,25.3,11,0.0,1013.7,5.9,11,113.4,27.7,951.0,28.6,14.0,76.0
2025-03-28T10:00,27.9,7,0.0,1013.9,5.0,30,177.9,32.0,684.0,19.2,16.7,112.0
2025-03-28T11:00,29.7,6,0.0,1013.7,3.4,96,168.6,28.6,481.0,11.6,18.7,142.0
2025-03-28T12:00,31.0,7,0.0,1013.0,5.2,164,144.8,26.4,438.0,8.2,19.3,160.0
2025-03-28T13:00,31.7,8,0.0,1012.0,8.5,197,130.9,26.3,460.0,6.6,19.1,172.0
2025-03-28T14:00,32.1,9,0.0,1010.7,10.7,216,122.0,27.1,474.0,6.0,19.5,181.0
2025-03-28T15:00,31.9,11,0.0,1009.8,13.2,236,116.2,27.9,442.0,5.7,21.3,189.0
2025-03-28T16:00,31.0,11,0.0,1009.5,15.1,252,112.9,29.0,403.0,6.6,23.7,193.0
2025-03-28T17:00,30.2,11,0.0,1009.9,12.8,264,102.4,27.9,407.0,10.1,25.2,188.0
2025-03-28T18:00,28.9,15,0.0,1010.4,10.8,275,93.8,29.2,483.0,19.3,23.9,159.0
2025-03-28T19:00,27.6,19,0.0,1010.8,9.2,290,78.9,33.3,602.0,32.4,22.1,119.0
2025-03-28T20:00,26.4,25,0.0,1010.9,8.2,306,72.2,34.0,722.0,45.4,21.2,84.0
2025-03-28T21:00,25.6,29,0.0,1011.7,8.6,331,68.9,35.2,852.0,58.4,22.4,60.0
2025-03-28T22:00,25.0,32,0.0,1012.1,7.6,345,71.0,39.0,983.0,71.3,24.5,42.0
2025-03-28T23:00,24.7,30,0.0,1012.0,7.4,347,82.0,48.4,1049.0,79.3,25.4,29.0
2025-03-29T00:00,24.5,28,0.0,1011.5,7.8,341,92.4,57.3,1008.0,79.8,23.9,21.0
2025-03-29T01:00,24.1,29,0.0,1011.0,7.5,330,93.4,58.1,901.0,75.3,21.3,17.0
2025-03-29T02:00,23.5,31,0.0,1010.5,5.1,328,86.1,51.3,789.0,69.2,18.9,17.0
2025-03-29T03:00,23.1,32,0.0,1010.3,5.1,342,82.7,44.8,643.0,60.7,17.1,21.0
2025-03-29T04:00,22.9,30,0.0,1009.9,6.3,358,79.2,40.2,491.0,50.6,15.5,27.0
2025-03-29T05:00,22.9,27,0.0,1010.0,6.5,5,77.3,35.4,477.0,41.0,13.7,33.0
2025-03-29T06:00,22.5,25,0.0,1010.8,6.4,18,74.3,33.2,753.0,44.0,14.2,32.0
2025-03-29T07:00,22.4,23,0.0,1011.2,6.4,27,75.0,33.9,1166.0,47.7,14.9,32.0
2025-03-29T08:00,23.2,20,0.0,1011.9,6.8,40,74.0,33.6,1400.0,46.6,15.4,41.0
2025-03-29T09:00,25.6,14,0.0,1012.4,6.4,61,71.5,30.7,1277.0,36.1,15.6,68.0
2025-03-29T10:00,28.3,9,0.0,1012.6,6.1,62,59.8,20.3,974.0,20.9,15.6,105.0
2025-03-29T11:00,30.8,7,0.0,1012.4,7.2,77,39.7,14.8,708.0,9.3,15.1,133.0
2025-03-29T12:00,32.3,6,0.0,1012.0,6.0,111,34.3,12.9,539.0,4.9,13.5,145.0
2025-03-29T13:00,32.5,6,0.0,1011.1,5.3,156,34.1,12.2,407.0,4.2,11.4,149.0
2025-03-29T14:00,33.2,6,0.0,1010.0,5.5,167,35.2,12.0,340.0,4.4,10.2,151.0
2025-03-29T15:00,33.4,7,0.0,1009.3,6.5,208,36.4,12.1,364.0,4.0,10.7,156.0
2025-03-29T16:00,32.2,15,0.0,1008.6,13.1,247,38.3,13.2,453.0,4.6,12.2,159.0
2025-03-29T17:00,31.4,12,0.0,1008.5,13.7,261,27.3,10.7,562.0,8.2,14.2,155.0
2025-03-29T18:00,29.9,12,0.0,1009.6,11.9,273,30.0,15.5,701.0,17.1,14.9,143.0
2025-03-29T19:00,27.9,25,0.0,1009.9,9.5,281,34.2,24.4,860.0,29.4,16.0,127.0
2025-03-29T20:00,26.4,40,0.0,1010.5,8.5,294,36.1,26.8,966.0,39.0,17.1,113.0
2025-03-29T21:00,25.6,41,0.0,1011.3,7.9,344,39.1,28.8,995.0,43.5,18.3,103.0
2025-03-29T22:00,24.8,42,0.0,1011.5,8.7,323,43.5,31.0,971.0,45.3,19.5,95.0
2025-03-29T23:00,23.9,52,0.0,1011.3,9.5,328,48.1,32.9,889.0,45.0,20.1,88.0
2025-03-30T00:00,23.5,54,0.0,1011.1,9.8,334,51.5,34.5,706.0,42.4,19.7,82.0
2025-03-30T01:00,22.7,60,0.0,1010.6,11.0,326,52.0,34.1,465.0,37.6,18.8,78.0
2025-03-30T02:00,22.1,69,0.0,1010.2,12.7,327,49.8,31.3,290.0,32.2,17.7,78.0
2025-03-30T03:00,22.0,73,0.0,1009.7,12.0,328,46.4,27.6,209.0,24.6,16.4,85.0
2025-03-30T04:00,22.0,61,0.0,1009.5,10.4,330,42.4,23.8,194.0,16.2,14.9,96.0
2025-03-30T05:00,21.7,52,0.0,1009.5,8.9,333,42.8,23.7,282.0,14.9,15.9,98.0
2025-03-30T06:00,21.5,39,0.0,1010.5,8.6,334,43.2,23.0,582.0,22.6,16.7,92.0
2025-03-30T07:00,21.2,38,0.0,1011.0,8.0,333,46.7,26.1,984.0,32.9,17.9,86.0
2025-03-30T08:00,22.7,32,0.0,1011.6,5.7,319,51.0,29.3,1197.0,37.5,19.7,89.0
2025-03-30T09:00,26.2,23,0.0,1012.2,3.9,304,60.5,30.2,1033.0,31.2,22.7,112.0
2025-03-30T10:00,29.4,15,0.0,1012.5,4.8,307,53.2,23.6,679.0,19.2,26.3,146.0
2025-03-30T11:00,31.8,10,0.0,1012.4,4.8,283,40.9,18.1,402.0,9.8,28.2,172.0
2025-03-30T12:00,33.2,9,0.0,1011.7,5.9,250,41.2,17.1,311.0,6.0,27.0,183.0
2025-03-30T13:00,33.8,10,0.0,1010.7,9.0,244,43.2,16.8,297.0,4.7,24.2,186.0
2025-03-30T14:00,33.8,12,0.0,1009.8,12.7,247,42.7,16.8,305.0,4.8,21.8,185.0
2025-03-30T15:00,33.1,14,0.0,1008.9,15.4,249,41.3,17.1,320.0,5.8,20.8,180.0
2025-03-30T16:00,31.9,17,0.0,1008.7,15.1,245,37.0,16.9,356.0,8.1,20.3,170.0
2025-03-30T17:00,30.3,28,0.0,1008.7,13.8,246,18.7,12.5,405.0,11.7,20.3,158.0
2025-03-30T18:00,28.5,37,0.0,1009.3,12.0,251,16.1,12.3,473.0,18.5,18.2,137.0
2025-03-30T19:00,26.4,53,0.0,1009.6,9.4,257,17.3,14.3,554.0,27.9,15.3,109.0
2025-03-30T20:00,25.3,62,0.0,1010.2,8.8,290,18.7,15.4,619.0,34.7,13.1,86.0
2025-03-30T21:00,25.0,59,0.0,1011.0,9.1,278,20.4,16.1,671.0,37.2,12.4,75.0
2025-03-30T22:00,24.5,62,0.0,1011.3,8.9,294,23.1,17.6,707.0,37.2,12.4,70.0
2025-03-30T23:00,23.8,68,0.0,1011.4,8.5,312,26.3,19.7,696.0,35.1,12.1,68.0
2025-03-31T00:00,22.9,79,0.0,1011.3,13.6,313,27.6,20.6,599.0,30.0,11.0,69.0
2025-03-31T01:00,22.9,87,0.0,1010.7,11.1,323,25.8,18.3,455.0,22.7,9.6,73.0
2025-03-31T02:00,22.6,82,0.0,1010.2,7.6,341,25.0,16.2,344.0,16.9,8.6,76.0
2025-03-31T03:00,22.1,80,0.0,1010.0,8.0,324,26.0,15.0,262.0,12.8,8.0,76.0
2025-03-31T04:00,21.7,80,0.0,1009.7,6.8,318,26.6,14.1,212.0,10.2,7.7,74.0
2025-03-31T05:00,21.3,81,0.0,1009.8,5.2,319,23.6,13.4,289.0,11.7,8.4,68.0
2025-03-31T06:00,20.8,86,0.0,1010.7,4.9,306,26.2,14.6,633.0,20.3,9.8,59.0
2025-03-31T07:00,20.5,87,0.0,1010.9,5.5,302,31.4,19.4,1104.0,31.8,12.0,47.0
2025-03-31T08:00,22.5,79,0.0,1011.4,4.1,299,34.6,23.7,1368.0,37.8,14.6,48.0
2025-03-31T09:00,25.2,72,0.0,1012.0,4.1,283,35.9,20.3,1225.0,33.2,18.1,73.0
2025-03-31T10:00,28.1,54,0.0,1012.0,3.6,270,38.1,20.0,876.0,23.0,22.2,110.0
2025-03-31T11:00,30.7,41,0.0,1011.9,3.8,229,46.2,20.7,589.0,14.5,25.3,140.0
2025-03-31T12:00,31.6,42,0.0,1011.2,8.2,206,55.2,21.4,461.0,9.8,27.1,157.0
2025-03-31T13:00,31.4,51,0.0,1010.6,12.2,208,59.8,21.2,396.0,6.8,27.9,167.0
2025-03-31T14:00,31.6,46,0.0,1009.6,13.0,219,62.4,21.4,369.0,5.8,27.6,170.0
2025-03-31T15:00,32.0,37,0.0,1008.7,12.3,226,64.7,22.1,376.0,7.0,25.6,163.0
2025-03-31T16:00,31.6,35,0.0,1008.1,11.9,222,65.2,21.8,420.0,10.1,22.5,149.0
2025-03-31T17:00,30.4,38,0.0,1007.7,10.8,232,40.3,16.8,494.0,15.2,19.7,131.0
2025-03-31T18:00,28.9,46,0.0,1008.3,9.0,239,37.6,17.9,624.0,23.9,17.6,109.0
2025-03-31T19:00,26.7,62,0.0,1008.3,7.8,224,37.1,19.4,784.0,35.8,14.7,78.0
2025-03-31T20:00,25.7,73,0.0,1009.0,6.5,242,36.9,20.0,877.0,43.6,12.4,56.0
2025-03-31T21:00,25.3,77,0.0,1009.4,6.6,257,34.5,19.4,858.0,43.9,11.3,49.0
2025-03-31T22:00,25.0,78,0.0,1009.5,6.7,270,32.1,19.0,773.0,40.0,10.8,50.0
2025-03-31T23:00,24.3,80,0.0,1009.5,11.3,290,31.4,19.3,668.0,35.2,10.4,53.0
2025-04-01T00:00,23.6,86,0.0,1009.7,12.5,316,31.2,19.7,535.0,29.6,9.7,57.0
2025-04-01T01:00,23.5,84,0.0,1009.1,8.2,331,31.2,17.5,382.0,22.9,9.1,63.0
2025-04-01T02:00,23.3,83,0.0,1008.6,7.4,331,35.4,15.8,276.0,17.7,8.7,67.0
2025-04-01T03:00,22.6,84,0.0,1008.2,7.2,323,41.4,15.4,215.0,14.1,8.4,68.0
2025-04-01T04:00,22.3,84,0.0,1007.8,8.3,312,45.5,15.6,201.0,12.0,8.3,67.0
2025-04-01T05:00,22.2,81,0.0,1008.1,8.5,308,41.6,15.0,307.0,14.1,9.1,61.0
2025-04-01T06:00,21.6,82,0.0,1008.5,6.0,303,50.5,17.5,672.0,24.4,11.1,50.0
2025-04-01T07:00,21.8,82,0.0,1009.1,3.8,275,61.0,24.6,1156.0,38.3,14.0,36.0
2025-04-01T08:00,23.7,75,0.0,1009.8,3.2,289,56.2,30.9,1416.0,45.6,17.3,36.0
2025-04-01T09:00,26.2,69,0.0,1010.3,3.9,254,68.2,26.1,1234.0,40.2,21.5,63.0
2025-04-01T10:00,28.7,55,0.0,1010.4,4.3,246,79.6,27.0,828.0,28.3,26.2,104.0
2025-04-01T11:00,31.2,41,0.0,1010.3,4.8,239,93.8,30.6,502.0,18.2,29.7,139.0
2025-04-01T12:00,33.3,30,0.0,1009.7,5.9,230,102.2,33.8,375.0,12.6,31.3,163.0
2025-04-01T13:00,34.6,23,0.0,1008.7,8.8,224,103.8,34.7,329.0,8.8,31.7,181.0
2025-04-01T14:00,34.3,29,0.0,1007.6,11.7,225,101.3,34.3,318.0,7.2,30.8,187.0
2025-04-01T15:00,34.3,28,0.0,1006.6,12.4,231,95.5,33.4,328.0,8.3,28.2,178.0
2025-04-01T16:00,33.9,26,0.0,1005.8,13.7,237,90.1,32.1,374.0,11.6,24.4,157.0
2025-04-01T17:00,32.1,33,0.0,1005.8,12.9,231,65.0,25.7,454.0,16.6,21.8,137.0
2025-04-01T18:00,28.9,56,0.0,1006.4,11.4,229,57.5,25.4,613.0,23.8,19.3,114.0
2025-04-01T19:00,27.0,70,0.0,1006.7,7.9,229,50.6,25.0,808.0,34.0,15.9,82.0
2025-04-01T20:00,26.3,76,0.0,1007.3,7.4,206,47.0,23.6,904.0,43.9,14.0,55.0
2025-04-01T21:00,25.9,78,0.0,1007.7,5.2,264,44.9,23.3,810.0,54.2,15.3,38.0
2025-04-01T22:00,25.8,71,0.0,1009.1,10.5,333,48.4,26.5,617.0,64.1,18.1,27.0
2025-04-01T23:00,25.3,71,0.0,1008.6,5.8,334,58.4,34.2,473.0,67.9,19.7,22.0
2025-04-02T00:00,25.3,68,0.0,1008.0,3.6,315,48.7,30.5,446.0,60.4,18.7,27.0
2025-04-02T01:00,24.5,70,0.0,1008.0,7.1,304,43.8,25.7,467.0,46.7,16.5,38.0
2025-04-02T02:00,23.7,71,0.0,1007.3,6.1,304,41.8,24.1,474.0,36.3,15.1,45.0
2025-04-02T03:00,22.9,73,0.0,1006.9,7.7,309,42.8,24.2,403.0,32.3,14.9,44.0
2025-04-02T04:00,22.5,71,0.0,1006.7,7.3,320,46.0,25.4,319.0,31.5,15.3,40.0
2025-04-02T05:00,22.3,70,0.0,1006.7,4.4,330,50.3,30.3,353.0,39.2,17.2,27.0
2025-04-02T06:00,21.7,79,0.0,1007.3,3.0,343,53.8,32.9,645.0,45.9,20.0,20.0
2025-04-02T07:00,21.9,73,0.0,1008.1,6.3,353,61.9,40.7,1056.0,54.6,24.0,12.0
2025-04-02T08:00,23.7,60,0.0,1009.0,4.5,353,72.9,56.8,1303.0,57.4,27.9,20.0
2025-04-02T09:00,27.3,45,0.0,1009.6,1.8,323,61.0,38.0,1231.0,48.9,32.0,58.0
2025-04-02T10:00,30.4,35,0.0,1009.7,1.3,225,56.2,30.3,995.0,34.5,35.9,112.0
2025-04-02T11:00,32.7,29,0.0,1009.5,4.0,216,50.8,26.5,777.0,22.3,37.7,153.0
2025-04-02T12:00,33.7,31,0.0,1008.9,8.2,206,43.9,22.4,625.0,14.9,35.8,171.0
2025-04-02T13:00,33.3,41,0.0,1008.0,11.3,202,37.8,18.9,491.0,9.9,31.8,177.0
2025-04-02T14:00,33.1,41,0.0,1007.2,12.1,197,34.5,16.9,413.0,7.5,27.7,175.0
2025-04-02T15:00,32.4,41,0.0,1006.7,12.0,198,32.9,16.4,411.0,8.2,24.2,167.0
2025-04-02T16:00,31.1,48,0.0,1006.5,10.6,198,31.8,15.9,465.0,11.6,20.6,152.0
2025-04-02T17:00,30.1,50,0.0,1006.4,10.0,200,20.8,13.6,552.0,17.0,19.4,137.0
2025-04-02T18:00,28.9,57,0.0,1007.1,7.6,202,24.7,16.1,702.0,27.1,18.0,111.0
2025-04-02T19:00,27.0,70,0.0,1007.1,9.2,215,29.6,19.8,886.0,40.9,15.9,76.0
2025-04-02T20:00,26.1,79,0.0,1007.6,8.0,230,35.0,21.9,992.0,50.2,14.3,50.0
2025-04-02T21:00,25.9,82,0.0,1008.4,6.5,242,39.9,22.8,957.0,51.3,13.5,41.0
2025-04-02T22:00,25.5,84,0.0,1008.5,6.9,225,45.2,24.0,844.0,47.9,13.0,41.0
2025-04-02T23:00,25.4,85,0.0,1008.7,5.6,274,50.6,25.7,729.0,43.4,12.5,43.0
2025-04-03T00:00,24.6,87,0.0,1008.9,9.4,322,53.8,26.7,627.0,37.9,11.6,46.0
2025-04-03T01:00,24.0,87,0.0,1008.5,6.5,336,50.8,25.6,523.0,31.3,10.6,50.0
2025-04-03T02:00,23.8,83,0.0,1008.1,8.1,332,45.6,23.6,445.0,26.3,10.1,53.0
2025-04-03T03:00,23.9,74,0.0,1007.5,7.4,337,39.9,21.7,377.0,23.1,10.0,52.0
2025-04-03T04:00,23.4,72,0.0,1007.6,8.4,317,37.7,20.6,335.0,21.6,10.4,48.0
2025-04-03T05:00,22.8,71,0.0,1007.8,7.8,299,55.2,26.5,391.0,23.4,12.5,49.0
2025-04-03T06:00,22.8,80,0.0,1008.7,6.1,298,55.9,28.8,660.0,34.7,15.3,39.0
2025-04-03T07:00,22.8,81,0.0,1009.2,3.9,307,64.3,36.9,1027.0,49.8,19.2,27.0
2025-04-03T08:00,24.8,74,0.0,1010.1,6.0,307,60.8,44.9,1215.0,56.9,22.5,29.0
2025-04-03T09:00,27.9,61,0.0,1011.1,6.7,290,47.3,31.2,1049.0,48.6,24.9,59.0
2025-04-03T10:00,30.6,45,0.0,1011.1,5.3,260,38.1,25.5,704.0,32.4,26.7,104.0
2025-04-03T11:00,32.4,40,0.0,1010.9,7.9,229,31.8,21.4,436.0,19.1,27.2,140.0
2025-04-03T12:00,32.8,44,0.0,1010.1,11.2,221,27.1,17.8,348.0,12.7,25.8,158.0
2025-04-03T13:00,32.5,46,0.0,1009.4,12.9,221,24.7,16.0,337.0,9.2,23.2,168.0
2025-04-03T14:00,32.2,48,0.0,1008.7,13.2,224,23.0,14.4,341.0,7.7,20.7,169.0
2025-04-03T15:00,31.7,50,0.0,1008.3,13.2,230,23.8,13.9,334.0,7.6,18.5,161.0
2025-04-03T16:00,31.2,53,0.0,1008.0,14.5,247,27.2,14.7,343.0,9.4,16.4,144.0
2025-04-03T17:00,30.8,52,0.0,1008.0,14.1,257,22.2,12.8,389.0,13.8,14.0,120.0
2025-04-03T18:00,29.0,60,0.0,1008.7,11.0,251,25.1,14.9,516.0,21.8,13.4,102.0
2025-04-03T19:00,27.6,68,0.0,1009.1,8.3,240,28.3,18.0,681.0,32.9,12.7,76.0
2025-04-03T20:00,26.9,73,0.0,1009.5,6.6,237,29.9,20.4,774.0,41.4,12.2,57.0
2025-04-03T21:00,26.3,78,0.0,1010.2,8.1,231,29.2,21.5,734.0,45.4,12.4,49.0
2025-04-03T22:00,25.9,79,0.0,1010.8,11.0,244,27.5,21.6,621.0,46.8,12.9,47.0
2025-04-03T23:00,25.7,77,0.0,1011.1,7.9,287,26.0,21.7,509.0,45.5,13.0,48.0
2025-04-04T00:00,25.2,77,0.0,1011.4,8.8,313,24.0,20.8,414.0,40.0,12.1,53.0
2025-04-04T01:00,24.7,77,0.0,1011.1,10.1,319,20.7,18.0,321.0,31.9,10.8,60.0
2025-04-04T02:00,24.3,75,0.0,1010.7,10.0,308,17.6,15.4,252.0,25.1,9.9,66.0
2025-04-04T03:00,24.5,70,0.0,1010.1,10.3,286,16.0,14.0,184.0,20.4,9.5,69.0
2025-04-04T04:00,24.5,68,0.0,1010.1,10.0,290,15.7,13.5,140.0,17.0,9.5,70.0
2025-04-04T05:00,24.0,72,0.0,1010.0,9.8,302,17.8,12.0,219.0,14.7,9.1,72.0
2025-04-04T06:00,23.6,74,0.0,1010.4,6.2,314,18.3,13.0,536.0,24.5,10.9,61.0
2025-04-04T07:00,22.9,79,0.0,1011.0,6.4,328,24.0,18.8,975.0,37.5,13.4,48.0
2025-04-04T08:00,24.4,73,0.0,1011.8,4.7,358,28.0,23.9,1288.0,44.6,16.0,48.0
2025-04-04T09:00,27.3,61,0.0,1012.4,0.2,180,27.9,21.5,1367.0,40.1,18.5,72.0
2025-04-04T10:00,30.1,50,0.0,1012.5,3.7,129,33.4,20.4,1320.0,29.5,21.2,110.0
2025-04-04T11:00,32.1,42,0.0,1012.5,5.1,174,46.3,22.9,1221.0,20.4,23.5,145.0
2025-04-04T12:00,32.8,45,0.0,1012.2,8.8,199,55.3,25.0,1068.0,14.9,26.0,175.0
2025-04-04T13:00,33.4,46,0.0,1011.6,11.0,212,56.5,25.5,864.0,10.8,28.3,202.0
2025-04-04T14:00,34.0,39,0.0,1010.5,12.7,223,50.1,24.2,691.0,9.1,28.5,213.0
2025-04-04T15:00,33.6,37,0.0,1009.5,13.9,233,42.5,22.5,577.0,10.4,25.1,198.0
2025-04-04T16:00,33.1,37,0.0,1009.0,13.5,241,36.8,19.2,496.0,14.0,19.8,167.0
2025-04-04T17:00,31.7,43,0.0,1008.9,12.5,252,31.3,19.7,448.0,19.0,19.9,151.0
2025-04-04T18:00,30.7,46,0.0,1009.7,10.1,253,28.2,19.0,446.0,25.7,17.7,122.0
2025-04-04T19:00,28.4,63,0.0,1010.1,9.8,262,25.1,18.9,477.0,34.8,14.6,83.0
2025-04-04T20:00,27.3,73,0.0,1010.7,8.8,272,22.0,17.1,509.0,40.6,12.2,54.0
2025-04-04T21:00,26.9,72,0.0,1011.2,7.8,283,20.9,16.2,542.0,40.2,11.4,46.0
2025-04-04T22:00,26.4,74,0.0,1011.5,6.2,285,20.2,15.8,576.0,36.5,11.4,48.0
2025-04-04T23:00,25.7,76,0.0,1011.3,8.6,296,19.5,15.8,575.0,32.0,11.1,52.0
2025-04-05T00:00,25.1,81,0.0,1011.1,9.2,298,17.9,15.0,512.0,26.9,10.1,56.0
2025-04-05T01:00,24.7,84,0.0,1010.7,9.5,309,15.3,13.1,414.0,21.0,8.8,61.0
2025-04-05T02:00,24.5,84,0.0,1010.4,9.8,302,12.8,11.0,329.0,16.2,7.9,66.0
2025-04-05T03:00,24.2,85,0.0,1010.2,8.4,301,10.7,9.2,254.0,12.2,7.4,70.0
2025-04-05T04:00,24.1,83,0.0,1010.0,9.2,296,9.4,8.0,192.0,9.3,7.1,73.0
2025-04-05T05:00,24.0,80,0.0,1010.0,10.1,294,11.3,8.3,205.0,9.9,7.6,72.0
2025-04-05T06:00,24.1,81,0.0,1010.4,10.0,296,10.9,8.8,373.0,16.8,8.9,66.0
2025-04-05T07:00,24.2,79,0.0,1011.1,9.8,302,13.8,11.9,616.0,26.0,10.7,58.0
2025-04-05T08:00,25.7,75,0.0,1011.7,7.8,302,17.1,15.5,750.0,30.9,12.5,59.0
2025-04-05T09:00,28.1,64,0.0,1012.2,8.4,293,16.8,14.7,664.0,27.5,14.4,78.0
2025-04-05T10:00,30.7,51,0.0,1012.3,8.6,281,16.8,13.7,469.0,19.8,16.2,107.0
2025-04-05T11:00,32.9,42,0.0,1011.9,10.0,263,20.5,13.2,318.0,13.3,17.3,129.0
2025-04-05T12:00,33.8,40,0.0,1011.2,12.6,253,22.9,12.7,270.0,9.7,17.1,140.0
2025-04-05T13:00,33.9,42,0.0,1010.6,14.9,252,21.3,11.6,266.0,7.4,16.2,145.0
2025-04-05T14:00,33.6,43,0.0,1009.8,15.3,253,19.7,10.9,277.0,6.6,15.1,145.0
2025-04-05T15:00,33.4,42,0.0,1009.0,14.4,254,18.8,10.8,294.0,8.0,14.1,137.0
2025-04-05T16:00,32.9,41,0.0,1008.4,13.7,257,17.8,10.6,326.0,11.0,13.0,124.0
2025-04-05T17:00,32.2,40,0.0,1008.1,13.3,262,10.0,9.1,368.0,15.8,12.6,111.0
2025-04-05T18:00,30.7,48,0.0,1008.4,12.1,265,11.1,10.2,437.0,20.6,11.7,98.0
2025-04-05T19:00,29.1,54,0.0,1008.7,10.6,271,12.7,11.8,517.0,27.0,10.6,81.0
2025-04-05T20:00,28.4,56,0.0,1009.1,10.3,273,12.3,11.2,552.0,30.3,9.5,69.0
2025-04-05T21:00,28.2,52,0.0,1009.3,12.1,271,11.5,10.2,506.0,27.8,8.8,69.0
2025-04-05T22:00,27.9,54,0.0,1009.4,12.1,267,10.9,9.5,415.0,22.3,8.3,75.0
2025-04-05T23:00,27.5,55,0.0,1009.1,12.0,279,10.8,8.9,331.0,17.2,7.7,80.0
2025-04-06T00:00,27.3,55,0.0,1009.0,12.6,297,10.7,8.3,267.0,13.5,6.9,83.0
2025-04-06T01:00,26.9,56,0.0,1008.9,13.6,301,10.7,7.6,209.0,10.3,6.1,87.0
2025-04-06T02:00,26.5,58,0.0,1008.5,15.0,303,10.5,7.0,172.0,7.8,5.5,89.0
2025-04-06T03:00,26.6,55,0.0,1007.9,15.6,291,9.6,6.4,142.0,5.7,5.2,91.0
2025-04-06T04:00,26.6,53,0.0,1007.7,15.5,293,8.5,5.9,131.0,4.4,5.2,92.0
2025-04-06T05:00,26.2,55,0.0,1007.6,13.5,293,7.0,5.5,193.0,6.2,5.7,87.0
2025-04-06T06:00,25.8,61,0.0,1008.2,12.8,292,8.8,6.1,415.0,13.5,6.8,77.0
2025-04-06T07:00,25.8,62,0.0,1008.5,12.4,294,14.7,8.8,709.0,23.4,8.4,65.0
2025-04-06T08:00,27.6,57,0.0,1009.1,10.8,291,24.7,14.2,864.0,28.8,10.0,62.0
2025-04-06T09:00,30.6,46,0.0,1009.6,10.4,285,45.2,16.8,742.0,25.5,11.5,78.0
2025-04-06T10:00,33.5,32,0.0,1009.9,11.7,283,79.4,20.5,481.0,17.7,12.9,103.0
2025-04-06T11:00,35.7,22,0.0,1009.5,14.1,280,90.1,22.5,283.0,11.4,13.8,123.0
2025-04-06T12:00,36.6,18,0.0,1008.8,15.7,273,75.9,21.2,231.0,8.5,13.8,132.0
2025-04-06T13:00,36.5,19,0.0,1008.2,17.0,265,60.5,19.4,242.0,7.0,13.2,135.0
2025-04-06T14:00,35.7,22,0.0,1007.5,18.3,260,46.9,17.9,263.0,6.7,12.3,134.0
2025-04-06T15:00,34.9,24,0.0,1006.6,19.4,263,36.9,16.3,282.0,7.7,11.2,127.0
2025-04-06T16:00,34.0,25,0.0,1006.1,19.7,264,30.0,14.3,312.0,9.9,9.8,116.0
2025-04-06T17:00,32.9,28,0.0,1005.9,19.3,262,21.4,11.2,338.0,12.8,9.2,106.0
2025-04-06T18:00,31.3,36,0.0,1006.5,18.1,263,20.1,11.6,360.0,15.4,8.8,98.0
2025-04-06T19:00,30.0,42,0.0,1006.9,16.6,264,19.0,11.6,379.0,18.8,8.3,86.0
2025-04-06T20:00,29.5,42,0.0,1007.2,16.9,263,17.1,11.1,382.0,20.6,7.9,79.0
2025-04-06T21:00,29.2,45,0.0,1007.7,17.3,266,14.9,10.3,360.0,19.3,7.8,80.0
2025-04-06T22:00,28.8,47,0.0,1008.6,15.1,282,13.4,9.8,323.0,16.2,7.7,85.0
2025-04-06T23:00,28.3,52,0.0,1009.0,15.2,284,12.7,9.6,287.0,13.3,7.6,89.0
2025-04-07T00:00,27.8,53,0.0,1009.2,15.8,291,12.0,9.3,257.0,10.8,7.2,91.0
2025-04-07T01:00,27.5,54,0.0,1008.5,15.4,281,11.0,8.6,228.0,8.4,6.6,93.0
2025-04-07T02:00,27.3,55,0.0,1007.9,15.8,277,10.2,7.9,209.0,6.7,6.2,94.0
2025-04-07T03:00,27.2,54,0.0,1007.1,16.4,270,9.4,7.3,182.0,5.3,5.9,94.0
2025-04-07T04:00,27.2,54,0.0,1006.9,15.7,276,9.0,6.9,164.0,4.7,5.8,93.0
2025-04-07T05:00,27.2,52,0.0,1006.9,15.3,273,13.5,7.1,218.0,5.8,5.9,91.0
2025-04-07T06:00,26.9,58,0.0,1007.5,12.1,281,12.5,7.7,433.0,12.4,6.8,83.0
2025-04-07T07:00,26.6,60,0.0,1008.0,11.2,289,15.0,10.0,720.0,21.3,8.0,73.0
2025-04-07T08:00,28.2,57,0.0,1008.5,11.9,273,18.4,13.9,868.0,26.0,9.3,71.0
2025-04-07T09:00,30.5,49,0.0,1009.0,15.9,273,21.1,13.6,740.0,22.5,10.7,85.0
2025-04-07T10:00,31.9,41,0.0,1009.1,17.3,273,24.1,13.4,473.0,14.8,12.2,108.0
2025-04-07T11:00,32.8,38,0.0,1009.0,16.8,266,27.2,13.4,273.0,8.7,13.1,126.0
2025-04-07T12:00,33.3,38,0.0,1008.6,16.6,257,27.5,13.3,226.0,6.2,12.9,134.0
2025-04-07T13:00,33.1,40,0.0,1007.6,17.9,252,26.1,12.7,245.0,5.2,12.1,136.0
2025-04-07T14:00,32.7,41,0.0,1007.1,17.1,243,24.2,12.1,274.0,5.3,11.4,135.0
2025-04-07T15:00,31.8,47,0.0,1006.5,16.6,236,22.9,11.9,293.0,6.2,11.0,130.0
2025-04-07T16:00,31.1,51,0.0,1006.3,16.1,241,22.2,12.1,322.0,8.0,10.8,122.0
2025-04-07T17:00,30.4,55,0.0,1006.3,14.7,242,25.6,14.0,360.0,11.5,11.0,113.0
2025-04-07T18:00,29.5,55,0.0,1006.6,10.7,248,26.0,15.7,421.0,17.0,10.8,100.0
2025-04-07T19:00,28.3,63,0.0,1007.2,10.3,218,27.2,18.9,492.0,24.5,10.6,82.0
2025-04-07T20:00,27.7,69,0.0,1007.5,11.0,220,29.5,20.5,533.0,29.8,10.5,68.0
2025-04-07T21:00,27.3,74,0.0,1008.4,6.5,246,31.2,21.7,523.0,31.3,10.6,62.0
2025-04-07T22:00,27.0,73,0.0,1009.1,9.2,270,32.6,22.9,484.0,30.6,10.7,60.0
2025-04-07T23:00,26.7,72,0.0,1008.8,11.1,279,33.9,24.2,434.0,28.6,10.6,60.0
2025-04-08T00:00,26.3,72,0.0,1008.7,10.6,291,33.9,24.6,370.0,24.8,10.0,63.0
2025-04-08T01:00,26.0,74,0.0,1008.2,9.4,266,32.4,22.8,296.0,19.7,9.1,67.0
2025-04-08T02:00,25.7,77,0.0,1007.8,9.7,254,31.4,21.4,245.0,15.5,8.4,71.0
2025-04-08T03:00,25.5,82,0.0,1007.5,7.8,244,30.9,20.5,215.0,12.6,8.1,72.0
2025-04-08T04:00,25.2,87,0.0,1007.5,8.1,246,30.4,20.0,208.0,10.6,7.9,72.0
2025-04-08T05:00,25.1,89,0.0,1007.8,7.7,246,28.5,19.3,261.0,11.0,8.1,71.0
2025-04-08T06:00,25.2,90,0.0,1008.3,7.7,240,29.9,20.1,446.0,16.5,8.9,66.0
2025-04-08T07:00,25.3,91,0.0,1008.9,7.0,228,33.8,23.9,692.0,23.8,10.0,60.0
2025-04-08T08:00,26.8,82,0.0,1009.7,6.5,219,34.2,24.9,822.0,27.3,11.6,62.0
2025-04-08T09:00,28.5,71,0.0,1010.4,8.3,219,38.0,23.3,723.0,23.3,14.2,81.0
2025-04-08T10:00,29.8,63,0.0,1010.8,11.0,214,41.3,22.9,508.0,15.4,17.1,107.0
2025-04-08T11:00,30.4,61,0.0,1010.9,12.6,216,42.5,22.2,343.0,9.1,18.9,128.0
2025-04-08T12:00,31.2,56,0.0,1010.5,13.4,222,41.7,20.8,295.0,6.4,18.4,137.0
2025-04-08T13:00,31.5,55,0.0,1009.8,14.1,226,39.1,19.2,296.0,5.3,16.8,139.0
2025-04-08T14:00,31.6,55,0.0,1009.2,14.3,228,36.3,18.0,310.0,5.2,15.4,137.0
2025-04-08T15:00,31.4,53,0.0,1008.7,13.6,229,34.8,17.1,325.0,5.3,14.8,131.0
2025-04-08T16:00,31.3,51,0.0,1008.0,12.6,239,33.8,16.5,352.0,6.5,14.5,122.0
2025-04-08T17:00,30.9,52,0.0,1008.0,11.5,250,47.3,22.1,389.0,10.9,14.8,108.0
2025-04-08T18:00,29.9,59,0.0,1008.6,10.4,256,45.4,22.9,435.0,20.3,15.1,90.0
2025-04-08T19:00,28.4,68,0.0,1009.0,8.3,254,42.1,25.0,490.0,33.3,15.5,65.0
2025-04-08T20:00,27.5,75,0.0,1009.6,7.9,254,43.5,27.8,556.0,43.3,15.9,45.0
2025-04-08T21:00,26.8,80,0.0,1010.0,6.1,223,44.2,29.5,656.0,48.1,16.3,35.0
2025-04-08T22:00,26.3,85,0.0,1010.1,5.5,226,44.7,30.6,765.0,50.0,16.7,30.0
2025-04-08T23:00,26.0,88,0.0,1010.1,4.8,228,44.5,30.5,816.0,49.3,16.5,29.0
2025-04-09T00:00,25.7,88,0.0,1010.0,5.4,262,43.7,29.9,764.0,45.0,15.3,32.0
2025-04-09T01:00,25.5,88,0.0,1009.3,5.6,268,43.9,29.5,652.0,38.2,13.5,38.0
2025-04-09T02:00,25.2,88,0.0,1008.8,5.7,283,41.7,27.2,542.0,31.6,11.8,43.0
2025-04-09T03:00,24.9,90,0.0,1008.7,5.4,266,38.8,25.0,436.0,25.7,10.3,47.0
2025-04-09T04:00,24.6,93,0.0,1008.7,6.3,243,35.2,22.8,333.0,20.2,8.8,50.0
2025-04-09T05:00,24.6,96,0.0,1009.0,7.7,239,28.9,18.2,287.0,14.1,7.6,57.0
2025-04-09T06:00,24.8,95,0.0,1009.0,9.4,232,27.9,17.9,354.0,15.8,8.4,59.0
2025-04-09T07:00,25.2,94,0.0,1009.4,9.8,230,29.4,19.6,479.0,18.0,9.7,62.0
2025-04-09T08:00,26.6,84,0.0,1010.1,11.7,233,30.6,18.2,552.0,18.6,11.3,69.0
2025-04-09T09:00,28.0,77,0.0,1010.7,10.4,236,33.1,17.6,514.0,16.0,13.8,85.0
2025-04-09T10:00,29.1,71,0.0,1010.8,11.5,231,36.6,18.3,424.0,11.6,16.7,106.0
2025-04-09T11:00,30.1,65,0.0,1010.8,12.9,235,40.3,18.6,352.0,8.1,18.5,122.0
2025-04-09T12:00,30.9,60,0.0,1010.3,13.8,238,42.7,18.3,323.0,6.0,18.0,128.0
2025-04-09T13:00,31.5,55,0.0,1009.5,14.4,237,44.4,17.6,312.0,4.8,16.4,129.0
2025-04-09T14:00,31.4,56,0.0,1008.4,15.2,240,45.4,17.2,312.0,4.6,15.2,126.0
2025-04-09T15:00,31.3,54,0.0,1007.5,14.6,249,47.4,17.2,316.0,5.2,15.1,121.0
2025-04-09T16:00,31.1,55,0.0,1006.9,13.5,254,49.4,17.5,330.0,6.9,15.5,114.0
2025-04-09T17:00,30.5,59,0.0,1006.8,12.0,263,59.5,20.1,371.0,11.1,16.2,103.0
2025-04-09T18:00,30.2,57,0.0,1006.7,9.7,266,56.2,20.4,475.0,20.7,16.2,85.0
2025-04-09T19:00,28.3,68,0.0,1006.4,7.9,250,48.0,22.1,605.0,33.7,16.0,60.0
2025-04-09T20:00,27.0,78,0.0,1006.7,8.1,241,47.3,23.5,667.0,42.3,15.6,42.0
2025-04-09T21:00,26.2,86,0.0,1007.3,8.0,245,46.7,23.9,597.0,42.9,14.7,37.0
2025-04-09T22:00,25.9,89,0.0,1007.9,7.0,247,45.3,23.3,458.0,39.0,13.5,40.0
2025-04-09T23:00,25.8,92,0.0,1008.1,10.4,240,41.8,21.2,344.0,33.8,12.1,44.0
2025-04-10T00:00,25.7,93,0.0,1007.7,11.3,250,38.3,18.8,290.0,27.0,10.2,50.0
2025-04-10T01:00,25.6,92,0.0,1007.0,11.0,256,34.8,17.1,260.0,18.8,8.0,59.0
2025-04-10T02:00,25.4,92,0.0,1006.2,10.3,259,30.9,15.5,240.0,12.6,6.5,65.0
2025-04-10T03:00,25.2,91,0.0,1005.9,11.2,268,27.0,14.3,224.0,9.7,6.1,67.0
2025-04-10T04:00,25.0,93,0.0,1005.7,10.9,276,24.7,13.4,219.0,8.8,6.4,66.0
2025-04-10T05:00,24.7,94,0.0,1005.7,9.6,276,24.6,13.4,231.0,9.1,6.7,66.0
2025-04-10T06:00,25.2,94,0.0,1006.2,10.0,288,25.2,14.0,278.0,12.6,7.7,64.0
2025-04-10T07:00,25.4,92,0.0,1006.5,10.3,276,27.2,15.8,342.0,17.2,9.1,62.0
2025-04-10T08:00,26.7,83,0.0,1007.2,13.1,282,28.3,16.5,379.0,19.3,10.9,66.0
2025-04-10T09:00,28.3,73,0.0,1007.5,11.8,279,33.8,16.8,362.0,16.6,13.5,83.0
2025-04-10T10:00,30.0,62,0.0,1007.5,12.6,272,36.6,17.6,317.0,11.5,16.5,107.0
2025-04-10T11:00,31.3,54,0.0,1007.1,13.1,254,38.4,17.8,284.0,7.4,18.2,124.0
2025-04-10T12:00,31.7,53,0.0,1006.2,14.6,243,38.3,17.4,278.0,5.5,17.7,130.0
2025-04-10T13:00,31.5,57,0.0,1005.3,15.4,236,37.8,16.6,282.0,4.6,16.0,130.0
2025-04-10T14:00,30.9,61,0.0,1004.1,15.4,236,37.8,16.1,292.0,4.6,14.6,127.0
2025-04-10T15:00,30.7,60,0.0,1003.0,15.3,239,38.0,16.1,306.0,5.2,14.1,120.0
2025-04-10T16:00,30.3,60,0.0,1003.0,13.4,250,39.7,16.4,324.0,6.7,13.9,110.0
2025-04-10T17:00,29.9,61,0.0,1003.0,12.0,261,37.3,15.7,341.0,10.6,14.0,99.0
2025-04-10T18:00,29.0,66,0.0,1002.4,12.1,240,38.3,16.8,358.0,16.6,14.0,85.0
2025-04-10T19:00,27.1,81,0.0,1002.2,12.4,229,39.3,18.0,374.0,24.9,13.9,66.0
2025-04-10T20:00,26.6,84,0.0,1003.1,13.2,258,40.2,20.2,380.0,31.0,13.7,51.0
2025-04-10T21:00,26.6,84,0.0,1003.5,10.3,259,41.9,21.7,369.0,33.4,13.5,45.0
2025-04-10T22:00,26.3,87,0.0,1003.7,7.8,261,43.2,22.8,348.0,33.7,13.2,43.0
2025-04-10T23:00,25.9,90,0.0,1003.6,8.2,251,43.7,23.1,323.0,32.2,12.5,44.0
2025-04-11T00:00,25.6,92,0.0,1003.4,6.8,252,43.4,22.7,293.0,28.3,11.0,46.0
2025-04-11T01:00,25.4,93,0.0,1002.8,8.0,242,43.1,22.3,258.0,22.6,9.1,51.0
2025-04-11T02:00,25.3,94,0.0,1002.4,9.7,242,43.2,21.6,233.0,17.7,7.6,55.0
2025-04-11T03:00,25.3,93,0.0,1002.0,10.4,252,42.4,20.7,216.0,14.0,6.9,59.0
2025-04-11T04:00,25.3,94,0.0,1001.9,10.1,258,41.0,19.6,208.0,11.1,6.5,62.0
2025-04-11T05:00,25.3,93,0.0,1002.1,10.8,259,36.4,18.1,221.0,9.0,6.7,64.0
2025-04-11T06:00,25.6,92,0.0,1002.5,10.8,259,36.3,17.9,279.0,11.2,7.5,63.0
2025-04-11T07:00,25.8,90,0.0,1002.7,10.7,254,39.3,20.0,359.0,14.1,8.7,62.0
2025-04-11T08:00,27.0,82,0.0,1003.3,11.3,261,44.6,21.6,404.0,15.3,10.2,67.0
2025-04-11T09:00,28.4,74,0.0,1003.7,12.8,260,50.4,22.6,377.0,13.1,12.4,82.0
2025-04-11T10:00,29.8,66,0.0,1003.9,13.8,258,53.7,23.9,315.0,9.3,14.8,102.0
2025-04-11T11:00,30.9,60,0.0,1003.7,14.5,253,56.0,24.7,269.0,6.2,16.3,118.0
2025-04-11T12:00,31.5,56,0.0,1003.1,16.1,252,56.5,24.6,257.0,4.8,16.1,125.0
2025-04-11T13:00,31.9,55,0.0,1002.4,15.9,250,56.0,23.9,261.0,4.2,14.9,127.0
2025-04-11T14:00,32.4,51,0.0,1001.4,14.7,243,54.8,23.1,275.0,4.5,13.9,126.0
2025-04-11T15:00,32.0,55,0.0,1000.5,14.1,233,53.3,22.3,301.0,5.8,13.6,121.0
2025-04-11T16:00,30.9,62,0.0,999.9,14.0,232,50.6,21.4,336.0,8.1,13.5,114.0
2025-04-11T17:00,30.1,66,0.0,999.8,13.8,233,51.0,21.5,370.0,10.7,13.3,104.0
2025-04-11T18:00,28.8,71,0.0,1000.6,13.4,233,45.8,21.5,393.0,15.8,12.4,92.0
2025-04-11T19:00,27.7,77,0.0,1001.0,12.1,226,40.7,22.4,415.0,22.6,11.2,76.0
2025-04-11T20:00,27.3,81,0.0,1001.4,11.8,219,43.5,23.4,451.0,27.1,10.2,65.0
2025-04-11T21:00,27.0,83,0.0,1001.9,9.9,226,48.5,24.5,537.0,27.0,9.6,64.0
2025-04-11T22:00,26.9,83,0.0,1002.5,9.5,237,54.6,26.0,638.0,24.4,9.2,67.0
2025-04-11T23:00,26.7,84,0.0,1003.2,6.6,291,59.3,27.1,667.0,21.8,8.9,70.0
2025-04-12T00:00,26.4,85,0.0,1003.0,7.6,262,61.0,27.5,554.0,19.7,8.5,70.0
2025-04-12T01:00,26.2,85,0.0,1002.7,7.6,267,60.8,27.2,368.0,17.5,8.2,70.0
2025-04-12T02:00,25.9,86,0.0,1002.5,7.5,255,65.4,28.1,230.0,15.6,8.1,70.0
2025-04-12T03:00,25.8,87,0.0,1002.4,7.3,245,67.3,28.1,176.0,13.4,8.3,71.0
2025-04-12T04:00,25.6,87,0.0,1002.5,8.3,240,65.0,27.2,170.0,11.6,8.7,72.0
2025-04-12T05:00,25.5,87,0.0,1002.7,8.3,252,44.9,21.8,222.0,9.7,7.8,75.0
2025-04-12T06:00,25.6,88,0.0,1003.2,8.9,262,43.9,21.3,393.0,15.3,8.4,71.0
2025-04-12T07:00,25.9,84,0.0,1004.0,10.1,265,43.4,22.5,622.0,22.8,9.4,66.0
2025-04-12T08:00,27.7,75,0.0,1004.5,9.2,263,40.3,23.7,741.0,26.5,10.5,69.0
2025-04-12T09:00,30.5,55,0.0,1005.3,12.6,273,47.0,22.9,638.0,22.6,12.1,88.0
2025-04-12T10:00,32.7,43,0.0,1005.9,12.0,279,51.8,22.6,425.0,14.8,13.9,116.0
2025-04-12T11:00,34.4,35,0.0,1005.9,12.8,274,56.1,22.8,264.0,8.6,15.0,135.0
2025-04-12T12:00,35.3,31,0.0,1005.6,14.2,263,55.4,22.3,224.0,6.1,14.7,139.0
2025-04-12T13:00,35.3,33,0.0,1005.4,14.5,253,53.3,21.3,237.0,5.2,13.7,135.0
2025-04-12T14:00,34.9,36,0.0,1004.9,14.4,250,52.2,20.6,262.0,5.2,12.9,128.0
2025-04-12T15:00,34.6,37,0.0,1004.5,14.4,248,53.6,20.1,290.0,5.9,12.6,121.0
2025-04-12T16:00,33.6,43,0.0,1004.3,13.8,244,53.7,19.7,331.0,7.4,12.5,111.0
2025-04-12T17:00,32.1,49,0.0,1004.2,12.8,241,48.4,17.0,371.0,11.0,12.4,100.0
2025-04-12T18:00,30.0,65,0.0,1005.3,11.5,236,40.5,17.0,415.0,15.1,11.7,88.0
2025-04-12T19:00,28.6,73,0.0,1005.7,10.5,233,35.7,17.9,459.0,20.7,10.6,72.0
2025-04-12T20:00,28.1,76,0.0,1006.4,10.1,241,33.6,17.4,478.0,24.2,9.8,61.0
2025-04-12T21:00,27.8,76,0.0,1007.0,9.3,245,31.5,17.2,459.0,23.9,9.5,58.0
2025-04-12T22:00,27.5,78,0.0,1007.5,9.0,247,29.3,16.9,415.0,21.4,9.5,60.0
2025-04-12T23:00,27.2,79,0.0,1007.4,11.0,238,27.1,16.3,365.0,18.5,9.2,62.0
2025-04-13T00:00,27.0,79,0.0,1006.9,12.5,242,25.8,14.9,305.0,15.1,8.3,65.0
2025-04-13T01:00,26.8,79,0.0,1006.7,9.9,279,25.4,13.3,238.0,11.1,7.2,68.0
2025-04-13T02:00,26.5,78,0.0,1006.4,11.3,277,25.8,12.4,192.0,8.1,6.4,71.0
2025-04-13T03:00,26.3,79,0.0,1006.4,11.1,286,25.7,11.9,172.0,6.4,6.2,72.0
2025-04-13T04:00,26.1,81,0.0,1006.6,10.8,288,26.1,11.9,173.0,5.7,6.4,71.0
2025-04-13T05:00,25.8,83,0.0,1007.0,10.7,283,28.5,12.4,200.0,6.6,7.0,70.0
2025-04-13T06:00,25.8,88,0.0,1007.1,11.9,267,27.7,12.7,281.0,9.4,7.8,68.0
2025-04-13T07:00,26.2,86,0.0,1007.7,12.5,266,28.9,14.4,389.0,13.1,8.9,65.0
2025-04-13T08:00,27.6,78,0.0,1008.8,12.8,267,32.7,16.3,448.0,14.9,10.1,68.0
2025-04-13T09:00,29.3,67,0.0,1009.3,13.5,268,35.6,16.6,410.0,12.9,11.5,80.0
2025-04-13T10:00,30.8,59,0.0,1009.6,14.3,265,37.1,16.8,324.0,8.9,12.9,97.0
2025-04-13T11:00,31.9,54,0.0,1009.5,15.5,261,37.4,17.0,259.0,5.8,13.8,110.0
2025-04-13T12:00,32.8,50,0.0,1009.4,16.5,259,36.8,16.8,241.0,4.5,13.7,114.0
2025-04-13T13:00,33.0,49,0.0,1009.1,17.1,255,36.4,16.5,245.0,4.1,12.9,114.0
2025-04-13T14:00,32.7,52,0.0,1008.6,17.5,251,36.8,16.3,256.0,4.3,12.2,111.0
2025-04-13T15:00,32.1,56,0.0,1008.2,17.9,249,36.8,16.3,276.0,5.1,11.6,104.0
2025-04-13T16:00,31.3,59,0.0,1007.8,17.5,249,36.2,16.3,304.0,6.5,11.0,94.0
2025-04-13T17:00,30.6,64,0.0,1007.7,17.0,252,39.5,16.5,327.0,9.2,10.7,84.0
2025-04-13T18:00,29.2,71,0.0,1007.9,15.7,257,36.8,17.6,343.0,12.8,10.5,75.0
2025-04-13T19:00,27.7,82,0.0,1008.3,13.5,254,32.8,18.6,355.0,17.7,10.1,63.0
2025-04-13T20:00,27.3,85,0.0,1008.6,13.2,256,33.5,18.9,357.0,20.6,9.7,54.0
2025-04-13T21:00,27.0,88,0.0,1009.1,12.0,252,32.4,18.5,346.0,19.8,9.3,53.0
2025-04-13T22:00,26.7,90,0.0,1009.5,11.0,265,30.6,17.9,326.0,17.0,8.9,56.0
2025-04-13T23:00,26.5,88,0.0,1009.8,12.7,281,29.2,17.5,299.0,14.2,8.4,59.0
2025-04-14T00:00,26.3,89,0.0,1009.5,13.6,281,27.6,16.8,259.0,11.8,7.9,61.0
2025-04-14T01:00,26.0,91,0.0,1009.2,14.2,291,25.6,15.7,213.0,9.3,7.3,63.0
2025-04-14T02:00,25.9,90,0.0,1008.6,14.7,284,22.8,14.1,181.0,7.4,6.8,65.0
2025-04-14T03:00,26.0,85,0.0,1007.9,17.3,280,20.4,12.7,166.0,5.9,6.4,67.0
2025-04-14T04:00,26.0,83,0.0,1007.5,18.0,277,19.4,11.9,165.0,4.8,6.1,68.0
2025-04-14T05:00,25.8,83,0.0,1007.3,16.7,277,18.0,10.4,191.0,5.0,5.9,69.0
2025-04-14T06:00,25.9,84,0.0,1008.1,16.1,276,17.7,10.1,274.0,8.4,6.5,66.0
2025-04-14T07:00,26.2,83,0.0,1008.6,14.8,280,19.2,11.4,383.0,12.9,7.4,62.0
2025-04-14T08:00,27.4,80,0.0,1009.4,14.4,283,22.8,13.5,443.0,15.4,8.5,64.0
2025-04-14T09:00,29.2,69,0.0,1009.3,16.9,284,26.9,14.4,405.0,13.8,10.2,76.0
2025-04-14T10:00,30.7,61,0.0,1009.1,17.2,280,33.8,15.3,317.0,10.1,12.2,94.0
2025-04-14T11:00,31.6,57,0.0,1008.9,18.0,272,40.3,16.3,251.0,7.0,13.4,107.0
2025-04-14T12:00,32.0,57,0.0,1008.6,17.9,264,41.3,16.7,235.0,5.4,13.0,111.0
2025-04-14T13:00,31.6,62,0.0,1008.1,19.4,255,39.8,16.3,241.0,4.4,11.8,110.0
2025-04-14T14:00,31.4,61,0.0,1007.3,20.6,254,38.9,15.9,254.0,4.2,10.7,106.0
2025-04-14T15:00,31.1,62,0.0,1006.6,20.9,257,37.1,15.8,271.0,4.8,10.0,100.0
2025-04-14T16:00,30.6,65,0.0,1006.3,19.6,259,34.9,15.9,295.0,6.1,9.5,92.0
2025-04-14T17:00,30.1,68,0.0,1006.2,16.6,266,34.7,16.8,316.0,8.5,9.3,82.0
2025-04-14T18:00,29.0,75,0.0,1006.4,17.4,263,32.4,18.5,332.0,12.4,9.6,74.0
2025-04-14T19:00,27.7,82,0.0,1006.4,15.6,262,30.3,19.9,345.0,17.8,10.0,63.0
2025-04-14T20:00,27.6,84,0.0,1007.0,14.0,258,31.3,21.4,350.0,21.1,10.1,56.0
2025-04-14T21:00,27.3,85,0.0,1007.8,12.2,262,31.2,21.5,348.0,20.7,9.9,55.0
2025-04-14T22:00,27.0,88,0.0,1008.2,11.3,268,30.6,21.2,339.0,18.2,9.4,57.0
2025-04-14T23:00,26.9,87,0.0,1008.3,13.6,281,29.3,20.4,318.0,15.4,8.8,60.0
2025-04-15T00:00,26.7,88,0.0,1008.3,15.0,289,27.6,19.2,273.0,12.4,7.9,63.0
2025-04-15T01:00,26.6,87,0.0,1007.6,16.2,278,25.6,17.3,216.0,9.2,6.9,66.0
2025-04-15T02:00,26.4,86,0.0,1006.7,17.2,276,24.1,15.7,175.0,6.7,6.2,68.0
2025-04-15T03:00,26.2,86,0.0,1006.2,15.9,280,22.9,14.5,158.0,5.4,5.9,68.0
2025-04-15T04:00,26.0,89,0.0,1005.9,16.2,285,22.5,13.6,157.0,4.9,5.8,68.0
2025-04-15T05:00,25.9,88,0.0,1005.8,16.5,284,22.9,12.8,177.0,5.5,6.0,67.0
2025-04-15T06:00,25.9,92,0.0,1006.3,16.2,282,22.6,12.9,239.0,8.3,6.8,64.0
2025-04-15T07:00,26.2,91,0.0,1007.1,13.4,290,24.3,14.5,323.0,12.1,8.0,61.0
2025-04-15T08:00,27.7,82,0.0,1007.7,12.9,290,28.9,16.3,373.0,14.1,9.5,63.0
2025-04-15T09:00,29.5,71,0.0,1007.9,13.4,281,34.8,17.3,355.0,12.7,11.5,77.0
2025-04-15T10:00,31.1,63,0.0,1007.5,13.9,271,45.2,19.3,303.0,9.5,13.8,96.0
2025-04-15T11:00,32.1,60,0.0,1007.3,15.5,265,55.5,21.5,263.0,6.9,15.2,110.0
2025-04-15T12:00,32.6,59,0.0,1006.9,17.3,258,61.5,22.9,250.0,5.6,15.2,116.0
2025-04-15T13:00,32.7,58,0.0,1006.4,18.1,257,63.3,22.9,249.0,4.8,14.4,116.0
2025-04-15T14:00,32.6,57,0.0,1005.8,17.8,254,60.1,22.1,255.0,4.7,13.4,113.0
2025-04-15T15:00,32.0,59,0.0,1005.2,17.7,248,57.6,21.0,270.0,5.3,12.5,105.0
2025-04-15T16:00,31.2,63,0.0,1004.9,17.3,247,50.1,19.4,292.0,6.5,11.4,93.0
2025-04-15T17:00,30.2,71,0.0,1004.9,16.4,249,44.4,17.5,312.0,9.1,11.0,81.0
2025-04-15T18:00,29.5,73,0.0,1005.6,11.9,256,37.8,16.8,326.0,13.0,10.6,73.0
2025-04-15T19:00,28.4,81,0.0,1006.0,11.2,249,32.1,16.7,338.0,18.3,10.0,61.0
2025-04-15T20:00,28.0,84,0.0,1006.3,11.9,243,29.3,17.5,346.0,21.6,9.5,53.0
2025-04-15T21:00,27.6,86,0.0,1006.9,11.5,253,30.2,17.7,355.0,21.0,9.3,52.0
2025-04-15T22:00,27.3,88,0.0,1007.3,10.8,249,31.4,18.0,361.0,18.4,9.2,55.0
2025-04-15T23:00,27.0,88,0.0,1007.2,11.1,262,33.3,18.5,347.0,15.6,8.9,58.0
2025-04-16T00:00,26.8,88,0.0,1006.9,12.5,274,34.5,18.5,295.0,12.8,8.3,60.0
2025-04-16T01:00,26.7,88,0.0,1006.6,14.8,279,34.6,17.8,224.0,9.9,7.6,63.0
2025-04-16T02:00,26.6,87,0.0,1006.1,14.3,276,33.9,16.9,173.0,7.6,7.0,65.0
2025-04-16T03:00,26.3,90,0.0,1005.7,12.8,275,33.6,16.2,153.0,6.1,6.7,66.0
2025-04-16T04:00,26.1,90,0.0,1005.5,12.5,275,33.6,15.7,153.0,5.4,6.5,66.0
2025-04-16T05:00,26.0,90,0.0,1005.5,13.3,273,39.6,15.9,179.0,6.0,6.7,64.0
2025-04-16T06:00,26.3,88,0.0,1005.8,13.5,270,38.4,16.4,256.0,9.3,7.4,61.0
2025-04-16T07:00,26.7,86,0.0,1006.0,13.1,272,40.5,18.3,358.0,13.7,8.4,58.0
2025-04-16T08:00,28.0,78,0.0,1006.5,12.4,272,46.1,20.5,415.0,16.0,9.5,60.0
2025-04-16T09:00,29.8,67,0.0,1006.8,15.0,274,51.5,21.3,381.0,14.0,11.1,73.0
2025-04-16T10:00,31.5,58,0.0,1007.0,16.6,274,56.3,22.1,303.0,9.9,12.8,91.0
2025-04-16T11:00,32.5,53,0.0,1007.1,17.3,270,59.1,23.0,243.0,6.6,13.8,105.0
2025-04-16T12:00,33.0,50,0.0,1006.7,17.9,265,60.3,23.2,229.0,5.1,13.5,110.0
2025-04-16T13:00,33.2,51,0.0,1006.0,18.8,263,58.8,22.5,234.0,4.5,12.4,110.0
2025-04-16T14:00,33.1,50,0.0,1005.2,19.1,258,55.9,21.3,245.0,4.5,11.4,107.0
2025-04-16T15:00,32.6,52,0.0,1004.7,18.8,255,51.3,19.8,260.0,5.1,10.7,100.0
2025-04-16T16:00,31.8,57,0.0,1004.4,18.1,251,43.9,18.2,281.0,6.3,10.0,89.0
2025-04-16T17:00,30.8,62,0.0,1004.4,16.5,250,42.6,17.2,305.0,8.9,10.1,81.0
2025-04-16T18:00,29.5,66,0.0,1004.5,14.5,253,35.5,17.1,337.0,11.6,9.7,74.0
2025-04-16T19:00,28.5,72,0.0,1005.0,11.8,251,30.5,17.6,371.0,15.2,9.0,65.0
2025-04-16T20:00,28.0,75,0.0,1005.3,10.6,251,31.2,17.7,385.0,17.3,8.5,58.0
2025-04-16T21:00,27.8,77,0.0,1006.0,10.7,256,30.4,17.2,367.0,16.4,8.1,57.0
2025-04-16T22:00,27.7,75,0.0,1006.2,12.0,261,30.4,16.9,329.0,14.0,7.8,60.0
2025-04-16T23:00,27.5,75,0.0,1006.3,12.3,277,30.5,16.6,288.0,11.7,7.5,62.0
2025-04-17T00:00,27.2,76,0.0,1006.2,14.2,278,30.0,16.0,243.0,10.1,7.0,63.0
2025-04-17T01:00,27.0,78,0.0,1005.6,14.6,279,29.7,15.2,195.0,8.6,6.6,63.0
2025-04-17T02:00,26.8,80,0.0,1005.2,14.0,279,28.8,14.3,161.0,7.3,6.2,63.0
2025-04-17T03:00,26.5,82,0.0,1005.0,13.8,281,27.9,13.4,143.0,6.0,6.0,63.0
2025-04-17T04:00,26.4,82,0.0,1004.7,14.7,278,27.1,12.6,139.0,5.0,5.9,63.0
2025-04-17T05:00,26.4,81,0.0,1004.7,15.7,272,27.0,11.8,165.0,5.0,6.1,64.0
2025-04-17T06:00,26.6,81,0.0,1004.8,15.7,272,26.4,11.9,255.0,7.9,6.8,61.0
2025-04-17T07:00,27.0,79,0.0,1005.2,15.3,267,27.2,13.1,375.0,11.9,7.8,57.0
2025-04-17T08:00,28.4,75,0.0,1005.7,14.8,260,29.7,15.0,441.0,13.9,8.8,59.0
2025-04-17T09:00,30.2,63,0.0,1006.0,17.3,266,33.9,15.8,400.0,12.2,10.0,72.0
2025-04-17T10:00,31.8,53,0.0,1006.1,20.0,270,38.9,16.6,306.0,8.5,11.1,91.0
2025-04-17T11:00,32.8,48,0.0,1006.1,21.2,269,42.6,17.2,234.0,5.7,11.8,105.0
2025-04-17T12:00,33.4,46,0.0,1005.6,21.7,265,42.1,16.7,215.0,4.6,11.5,108.0
2025-04-17T13:00,33.6,45,0.0,1005.1,21.7,264,39.5,15.7,220.0,4.2,10.7,106.0
2025-04-17T14:00,33.4,48,0.0,1004.4,20.8,264,34.6,14.3,233.0,4.5,10.0,102.0
2025-04-17T15:00,33.0,50,0.0,1003.9,20.0,262,31.4,13.2,253.0,5.6,9.7,95.0
2025-04-17T16:00,32.2,54,0.0,1003.4,18.7,258,27.9,12.7,283.0,7.3,9.5,86.0
2025-04-17T17:00,31.2,60,0.0,1002.9,18.3,257,31.0,14.2,311.0,9.6,9.7,77.0
2025-04-17T18:00,30.1,64,0.0,1003.5,15.9,254,27.6,14.1,342.0,12.9,9.3,69.0
2025-04-17T19:00,28.7,72,0.0,1003.9,14.8,254,24.5,15.0,372.0,17.4,8.8,58.0
2025-04-17T20:00,28.3,75,0.0,1004.1,15.0,259,27.2,15.2,383.0,19.9,8.4,52.0
2025-04-17T21:00,28.1,75,0.0,1004.9,13.9,260,29.0,15.5,363.0,18.8,8.2,54.0
2025-04-17T22:00,28.1,74,0.0,1005.3,15.6,264,32.5,16.2,323.0,15.8,8.0,60.0
2025-04-17T23:00,27.8,74,0.0,1005.5,15.1,271,37.7,17.5,282.0,12.9,7.8,66.0
2025-04-18T00:00,27.3,79,0.0,1005.3,13.5,282,42.8,18.6,239.0,10.6,7.3,72.0
2025-04-18T01:00,27.1,81,0.0,1004.9,13.9,281,45.1,18.9,195.0,8.4,6.8,78.0
2025-04-18T02:00,26.9,82,0.0,1004.5,13.4,284,44.9,18.6,165.0,6.7,6.4,82.0
2025-04-18T03:00,26.6,83,0.0,1004.3,13.3,288,42.0,17.8,149.0,5.7,6.3,84.0
2025-04-18T04:00,26.4,84,0.0,1004.3,13.8,284,38.8,17.0,147.0,5.2,6.4,84.0
2025-04-18T05:00,26.3,84,0.0,1004.6,14.7,281,34.0,16.5,175.0,5.7,6.8,85.0
2025-04-18T06:00,26.4,84,0.0,1004.7,13.9,281,31.2,16.4,267.0,8.9,7.8,83.0
2025-04-18T07:00,26.9,79,0.0,1005.2,13.2,282,30.7,17.8,390.0,13.1,9.2,80.0
2025-04-18T08:00,28.5,70,0.0,1005.6,13.0,272,31.9,18.9,457.0,15.1,10.5,82.0
2025-04-18T09:00,30.4,56,0.0,1006.0,15.9,266,29.3,17.8,413.0,12.9,11.5,93.0
2025-04-18T10:00,31.4,51,0.0,1006.4,17.6,263,25.4,15.8,312.0,8.5,12.4,110.0
2025-04-18T11:00,32.0,49,0.0,1006.3,18.5,257,23.3,14.5,237.0,5.1,12.9,122.0
2025-04-18T12:00,32.1,53,0.0,1005.9,18.0,249,22.6,13.7,220.0,3.9,12.7,127.0
2025-04-18T13:00,32.2,54,0.0,1005.5,17.6,244,23.8,13.9,227.0,3.6,12.0,128.0
2025-04-18T14:00,32.0,54,0.0,1004.7,17.3,241,25.9,14.6,240.0,3.9,11.4,126.0
2025-04-18T15:00,31.6,55,0.0,1004.1,17.8,240,29.0,15.5,255.0,4.6,11.2,123.0
2025-04-18T16:00,31.0,59,0.0,1003.6,17.6,243,34.3,16.9,276.0,5.8,11.1,117.0
2025-04-18T17:00,30.1,64,0.0,1003.3,16.5,240,41.3,17.4,293.0,7.6,11.0,110.0
2025-04-18T18:00,29.1,71,0.0,1003.2,14.7,231,47.8,18.5,303.0,10.8,10.7,97.0
2025-04-18T19:00,28.2,78,0.0,1003.2,13.4,227,45.5,18.4,309.0,15.2,10.3,79.0
2025-04-18T20:00,27.6,83,0.0,1003.7,12.9,229,50.5,19.2,311.0,17.9,9.9,66.0
2025-04-18T21:00,27.3,86,0.0,1004.0,12.6,229,52.9,19.2,309.0,17.5,9.6,64.0
2025-04-18T22:00,27.0,88,0.0,1004.2,12.9,229,53.6,19.2,302.0,15.3,9.2,67.0
2025-04-18T23:00,26.9,86,0.0,1004.2,13.4,244,53.8,19.0,287.0,13.0,8.8,71.0
2025-04-19T00:00,26.8,84,0.0,1003.9,12.9,251,54.8,18.6,257.0,10.7,8.1,74.0
2025-04-19T01:00,26.6,86,0.0,1003.5,11.8,257,58.3,18.3,220.0,8.1,7.4,77.0
2025-04-19T02:00,26.4,87,0.0,1003.1,13.0,256,62.6,18.5,193.0,6.1,6.8,81.0
2025-04-19T03:00,26.4,86,0.0,1002.5,14.2,255,67.1,19.0,179.0,4.8,6.4,84.0
2025-04-19T04:00,26.3,86,0.0,1002.2,13.9,256,69.6,19.7,175.0,4.2,6.2,88.0
2025-04-19T05:00,26.4,83,0.0,1002.5,14.7,263,74.7,21.7,193.0,4.0,6.2,95.0
2025-04-19T06:00,26.9,79,0.0,1002.8,15.5,265,71.7,22.3,256.0,6.4,7.0,95.0
2025-04-19T07:00,27.4,76,0.0,1003.7,14.4,269,71.9,24.1,340.0,9.5,8.1,95.0
2025-04-19T08:00,28.7,70,0.0,1004.6,14.4,273,87.5,27.6,389.0,11.2,9.8,100.0
2025-04-19T09:00,30.1,63,0.0,1005.1,14.5,265,119.7,32.8,367.0,10.0,12.5,114.0
2025-04-19T10:00,31.4,56,0.0,1005.2,14.3,259,174.6,41.4,311.0,7.2,15.6,132.0
2025-04-19T11:00,32.6,52,0.0,1005.2,14.1,254,223.5,49.7,268.0,5.1,17.9,145.0
2025-04-19T12:00,33.5,49,0.0,1004.9,13.9,246,245.9,54.2,257.0,4.1,18.6,151.0
2025-04-19T13:00,34.1,45,0.0,1004.3,15.1,239,274.7,59.4,260.0,3.7,18.4,152.0
2025-04-19T14:00,34.4,42,0.0,1003.6,16.0,237,305.5,65.2,274.0,4.2,17.8,149.0
2025-04-19T15:00,34.7,38,0.0,1003.0,16.1,241,326.0,70.5,304.0,5.7,16.8,142.0
2025-04-19T16:00,34.4,34,0.0,1002.2,15.4,240,330.6,74.7,345.0,8.0,15.3,131.0
2025-04-19T17:00,33.6,31,0.0,1002.0,13.8,235,362.3,83.1,385.0,11.0,13.8,119.0
2025-04-19T18:00,31.4,46,0.0,1002.4,12.7,241,345.5,88.2,427.0,15.2,12.1,105.0
2025-04-19T19:00,30.0,53,0.0,1002.9,10.9,258,343.7,92.7,467.0,20.9,9.8,85.0
2025-04-19T20:00,29.6,52,0.0,1003.4,10.0,256,367.9,95.7,481.0,24.0,8.0,73.0
2025-04-19T21:00,29.5,50,0.0,1004.0,11.0,268,368.8,94.1,452.0,22.0,7.2,74.0
2025-04-19T22:00,29.3,46,0.0,1004.4,14.4,272,337.1,86.8,398.0,17.4,7.0,82.0
2025-04-19T23:00,28.9,49,0.0,1004.5,16.7,271,290.6,76.8,343.0,13.3,6.8,89.0
2025-04-20T00:00,28.3,56,0.0,1004.5,16.2,272,250.5,68.5,289.0,10.5,6.5,93.0
2025-04-20T01:00,27.8,59,0.0,1004.1,14.9,278,225.8,64.0,234.0,8.0,6.2,95.0
2025-04-20T02:00,27.2,65,0.0,1003.8,13.0,299,212.8,62.9,201.0,6.6,6.1,94.0
2025-04-20T03:00,26.5,71,0.0,1003.5,12.5,297,204.4,63.6,173.0,5.9,6.1,88.0
2025-04-20T04:00,26.0,73,0.0,1003.6,10.8,314,198.8,64.5,167.0,6.1,6.2,80.0
2025-04-20T05:00,25.5,73,0.0,1003.9,9.3,328,185.8,62.6,258.0,8.2,6.8,76.0
2025-04-20T06:00,25.5,78,0.0,1004.4,8.4,318,177.0,63.8,573.0,14.3,8.4,67.0
2025-04-20T07:00,25.7,69,0.0,1005.0,8.2,322,165.8,66.1,985.0,22.6,10.8,56.0
2025-04-20T08:00,28.1,50,0.0,1005.8,7.3,318,156.9,65.9,1191.0,26.7,13.2,56.0
2025-04-20T09:00,32.1,21,0.0,1006.6,7.5,325,163.9,58.6,989.0,22.9,16.1,80.0
2025-04-20T10:00,35.1,11,0.0,1007.1,8.4,317,215.6,51.0,580.0,15.1,19.1,115.0
2025-04-20T11:00,36.9,8,0.0,1007.0,7.6,301,210.5,43.7,271.0,8.7,20.4,142.0
2025-04-20T12:00,38.0,8,0.0,1006.5,7.6,277,183.9,37.4,192.0,5.7,18.4,152.0
2025-04-20T13:00,38.7,8,0.0,1005.7,11.0,267,196.0,37.0,213.0,4.1,14.7,152.0
2025-04-20T14:00,38.8,8,0.0,1005.1,14.3,263,218.9,39.6,242.0,3.7,12.1,150.0
2025-04-20T15:00,38.5,9,0.0,1004.5,16.3,260,228.6,41.3,239.0,4.1,11.9,146.0
2025-04-20T16:00,37.7,9,0.0,1004.4,16.9,263,230.0,41.9,245.0,5.7,12.9,139.0
2025-04-20T17:00,36.7,10,0.0,1004.5,16.2,267,174.2,37.8,291.0,11.2,13.9,128.0
2025-04-20T18:00,33.5,24,0.0,1005.3,13.3,249,152.7,41.3,424.0,18.5,13.7,112.0
2025-04-20T19:00,30.0,49,0.0,1005.8,12.8,236,135.0,43.7,597.0,28.4,13.3,89.0
2025-04-20T20:00,29.1,51,0.0,1006.3,12.1,243,133.2,44.5,704.0,34.4,12.7,73.0
2025-04-20T21:00,28.8,50,0.0,1006.9,11.1,245,131.3,44.8,694.0,33.1,11.8,68.0
2025-04-20T22:00,28.4,51,0.0,1007.3,10.6,256,131.3,44.8,618.0,27.9,10.8,69.0
2025-04-20T23:00,27.6,57,0.0,1007.9,12.8,304,125.3,44.0,526.0,22.8,9.8,71.0
2025-04-21T00:00,27.1,61,0.0,1007.5,11.7,291,116.9,42.6,418.0,19.0,8.9,71.0
2025-04-21T01:00,26.5,63,0.0,1007.2,12.0,303,115.5,42.3,294.0,15.3,8.0,72.0
2025-04-21T02:00,26.0,65,0.0,1006.7,11.2,308,116.4,42.1,209.0,12.5,7.5,72.0
2025-04-21T03:00,26.0,62,0.0,1006.5,11.3,303,124.3,42.6,163.0,10.1,7.3,71.0
2025-04-21T04:00,26.1,57,0.0,1006.4,11.3,295,131.8,43.0,155.0,8.6,7.5,70.0
2025-04-21T05:00,25.6,58,0.0,1006.7,9.4,312,142.5,44.0,245.0,7.8,7.2,73.0
2025-04-21T06:00,25.2,69,0.0,1007.2,8.2,302,142.5,44.7,546.0,14.4,8.6,66.0
2025-04-21T07:00,25.3,69,0.0,1008.0,6.9,311,143.9,49.2,943.0,23.2,10.8,57.0
2025-04-21T08:00,27.1,58,0.0,1009.0,4.0,330,153.2,51.3,1152.0,28.1,13.9,60.0
2025-04-21T09:00,30.5,35,0.0,1009.6,4.3,345,206.3,54.8,989.0,25.4,19.2,85.0
2025-04-21T10:00,33.8,18,0.0,1009.8,3.0,346,222.1,55.3,638.0,18.7,25.4,122.0
2025-04-21T11:00,35.9,10,0.0,1009.7,2.7,212,194.2,51.8,363.0,12.8,29.1,152.0
2025-04-21T12:00,36.9,9,0.0,1009.3,6.7,214,161.6,46.7,269.0,8.9,28.0,170.0
2025-04-21T13:00,37.8,9,0.0,1008.6,9.6,232,143.9,43.0,250.0,5.9,24.4,182.0
2025-04-21T14:00,38.2,8,0.0,1007.9,13.5,254,134.6,40.9,257.0,4.7,21.4,185.0
2025-04-21T15:00,37.1,13,0.0,1007.5,17.5,253,140.6,43.8,275.0,5.9,20.3,175.0
2025-04-21T16:00,35.0,21,0.0,1007.2,18.1,246,143.0,46.3,319.0,9.0,19.8,156.0
2025-04-21T17:00,33.4,30,0.0,1007.4,15.1,243,128.5,44.2,378.0,13.4,20.1,139.0
2025-04-21T18:00,31.2,46,0.0,1008.3,12.6,232,110.4,43.0,468.0,20.4,18.3,118.0
2025-04-21T19:00,29.5,56,0.0,1008.9,10.1,231,95.5,43.1,572.0,30.1,15.8,88.0
2025-04-21T20:00,28.7,60,0.0,1009.4,9.7,246,92.7,41.8,638.0,36.6,13.8,66.0
2025-04-21T21:00,28.2,64,0.0,1009.8,10.9,257,92.0,41.4,640.0,37.3,12.9,58.0
2025-04-21T22:00,28.0,62,0.0,1010.0,10.7,276,93.4,41.8,602.0,34.8,12.6,57.0
2025-04-21T23:00,27.3,66,0.0,1010.5,8.8,311,96.9,42.7,543.0,31.9,12.3,57.0
2025-04-22T00:00,26.5,72,0.0,1010.5,7.2,338,95.9,43.8,450.0,29.1,12.0,57.0
2025-04-22T01:00,26.1,74,0.0,1010.1,6.2,348,88.9,41.8,334.0,25.9,11.7,57.0
2025-04-22T02:00,25.7,74,0.0,1009.8,5.6,295,86.4,39.5,251.0,22.6,11.4,59.0
2025-04-22T03:00,25.4,75,0.0,1009.3,6.8,270,84.8,37.5,197.0,18.7,10.9,62.0
2025-04-22T04:00,25.4,73,0.0,1009.2,8.6,281,85.0,35.9,174.0,14.8,10.5,66.0
2025-04-22T05:00,25.6,71,0.0,1009.4,9.7,282,84.1,34.0,245.0,11.5,9.3,70.0
2025-04-22T06:00,25.2,75,0.0,1009.9,6.8,297,82.9,34.3,503.0,16.7,10.1,66.0
2025-04-22T07:00,25.0,77,0.0,1010.6,4.9,332,79.9,37.5,854.0,23.6,11.5,62.0
2025-04-22T08:00,26.3,72,0.0,1011.3,2.2,9,82.4,38.0,1075.0,27.2,13.9,67.0
2025-04-22T09:00,28.8,59,0.0,1011.8,1.0,31,92.7,37.6,1046.0,24.6,18.5,91.0
2025-04-22T10:00,31.7,44,0.0,1011.7,0.4,27,110.8,38.3,886.0,18.8,24.1,125.0
2025-04-22T11:00,34.4,32,0.0,1011.4,1.8,191,125.3,39.2,731.0,13.5,28.0,153.0
2025-04-22T12:00,35.5,31,0.0,1010.7,6.8,197,129.9,39.3,616.0,9.7,28.7,171.0
2025-04-22T13:00,35.2,41,0.0,1009.9,11.9,203,123.9,36.8,505.0,6.4,27.7,182.0
2025-04-22T14:00,35.5,34,0.0,1009.3,13.7,212,110.4,33.5,427.0,5.1,25.9,184.0
2025-04-22T15:00,35.7,23,0.0,1008.6,14.0,226,98.3,30.9,397.0,6.4,23.5,173.0
2025-04-22T16:00,35.0,24,0.0,1008.2,13.5,232,86.8,27.8,399.0,9.7,20.5,152.0
2025-04-22T17:00,33.2,32,0.0,1008.0,12.4,234,81.3,27.4,418.0,13.8,18.2,130.0
2025-04-22T18:00,30.7,54,0.0,1009.0,11.8,231,72.2,27.1,457.0,20.2,16.2,109.0
2025-04-22T19:00,28.8,67,0.0,1009.1,10.1,241,66.4,28.8,512.0,29.0,13.5,81.0
2025-04-22T20:00,27.9,74,0.0,1009.4,8.9,242,68.9,29.6,554.0,34.8,11.4,59.0
2025-04-22T21:00,27.4,79,0.0,1009.9,8.3,266,69.8,30.5,582.0,35.1,10.5,51.0
2025-04-22T22:00,26.9,82,0.0,1010.2,8.3,281,70.1,31.1,597.0,32.4,10.2,51.0
2025-04-22T23:00,26.5,84,0.0,1010.1,8.2,284,68.9,31.4,578.0,29.1,9.9,52.0
2025-04-23T00:00,26.0,86,0.0,1009.9,8.9,299,65.4,31.2,499.0,25.4,9.2,54.0
2025-04-23T01:00,25.6,89,0.0,1009.3,9.1,284,62.6,29.7,387.0,21.0,8.5,57.0
2025-04-23T02:00,25.4,88,0.0,1008.9,7.6,308,61.7,28.0,299.0,17.3,8.1,60.0
2025-04-23T03:00,25.0,88,0.0,1008.5,5.7,328,62.9,26.9,235.0,14.4,8.0,61.0
2025-04-23T04:00,24.8,87,0.0,1008.2,5.7,305,64.3,26.3,195.0,12.3,8.2,62.0
2025-04-23T05:00,24.5,88,0.0,1008.1,6.3,290,69.4,26.8,243.0,12.2,8.7,63.0
2025-04-23T06:00,24.3,91,0.0,1008.6,5.6,301,74.0,28.0,480.0,16.2,9.7,61.0
2025-04-23T07:00,24.4,90,0.0,1009.0,5.5,316,74.3,31.1,805.0,22.2,11.1,59.0
2025-04-23T08:00,26.3,80,0.0,1009.6,3.5,282,73.1,31.5,976.0,25.1,12.8,65.0
2025-04-23T09:00,28.9,66,0.0,1009.7,6.2,255,81.0,30.9,841.0,21.8,15.4,88.0
2025-04-23T10:00,31.3,54,0.0,1009.5,8.3,243,85.0,28.9,554.0,15.3,18.3,119.0
2025-04-23T11:00,33.0,46,0.0,1009.0,10.8,249,89.6,28.1,331.0,10.0,19.9,142.0
2025-04-23T12:00,34.1,42,0.0,1008.4,13.3,254,92.0,27.9,262.0,7.2,19.3,150.0
2025-04-23T13:00,35.0,36,0.0,1007.4,15.1,258,95.2,27.2,257.0,5.6,17.4,151.0
2025-04-23T14:00,35.2,33,0.0,1006.5,15.3,258,98.0,27.2,270.0,5.3,15.7,147.0
2025-04-23T15:00,34.7,35,0.0,1005.6,15.4,253,104.8,28.2,290.0,6.3,14.8,139.0
2025-04-23T16:00,33.7,38,0.0,1005.0,15.3,252,114.1,30.3,328.0,8.5,14.1,126.0
2025-04-23T17:00,32.5,42,0.0,1004.8,14.9,255,106.2,29.9,368.0,11.9,13.2,111.0
2025-04-23T18:00,30.8,54,0.0,1005.1,12.4,254,106.4,31.5,410.0,17.5,12.3,96.0
2025-04-23T19:00,29.1,64,0.0,1005.1,10.7,250,87.5,31.8,455.0,25.2,11.1,74.0
2025-04-23T20:00,28.4,67,0.0,1005.7,6.8,253,82.7,30.3,490.0,30.1,10.2,59.0
2025-04-23T21:00,27.8,74,0.0,1006.0,6.6,241,75.0,28.3,518.0,29.8,9.8,56.0
2025-04-23T22:00,27.3,79,0.0,1006.5,7.6,273,65.7,26.4,538.0,26.8,9.6,58.0
2025-04-23T23:00,27.1,76,0.0,1006.5,9.1,262,58.2,25.6,530.0,23.7,9.4,61.0
2025-04-24T00:00,26.8,77,0.0,1005.9,9.6,257,53.3,25.0,476.0,21.4,9.1,62.0
2025-04-24T01:00,26.3,80,0.0,1006.1,8.4,320,48.5,24.2,395.0,19.0,8.7,63.0
2025-04-24T02:00,26.1,82,0.0,1005.3,7.4,274,43.1,22.4,325.0,16.6,8.4,65.0
2025-04-24T03:00,25.9,84,0.0,1004.9,9.9,255,38.5,20.1,263.0,13.5,8.1,70.0
2025-04-24T04:00,25.9,84,0.0,1004.5,9.3,252,34.3,18.2,213.0,10.3,7.9,76.0
2025-04-24T05:00,25.7,86,0.0,1004.6,9.3,242,35.2,16.9,225.0,8.7,7.6,81.0
2025-04-24T06:00,25.6,91,0.0,1005.1,9.6,240,34.7,17.0,369.0,12.3,7.9,80.0
2025-04-24T07:00,26.2,88,0.0,1005.6,9.6,244,36.4,19.3,574.0,17.2,8.5,80.0
2025-04-24T08:00,28.0,77,0.0,1006.3,7.9,253,40.7,21.4,682.0,19.5,9.5,86.0
2025-04-24T09:00,30.3,61,0.0,1006.8,10.4,256,47.1,22.5,591.0,17.0,11.6,103.0
2025-04-24T10:00,32.2,48,0.0,1006.9,12.5,262,52.9,23.1,403.0,12.0,14.1,126.0
2025-04-24T11:00,33.2,44,0.0,1006.8,14.3,260,59.5,24.2,262.0,7.9,15.8,143.0
2025-04-24T12:00,33.8,43,0.0,1006.2,16.4,255,63.6,24.4,228.0,5.9,15.8,148.0
2025-04-24T13:00,33.7,45,0.0,1005.2,18.3,249,62.4,23.5,241.0,4.8,14.8,147.0
2025-04-24T14:00,33.3,47,0.0,1004.4,18.1,250,60.1,22.4,262.0,4.7,13.9,143.0
2025-04-24T15:00,33.0,48,0.0,1003.8,17.5,251,55.2,21.0,277.0,5.4,13.3,136.0
2025-04-24T16:00,32.4,48,0.0,1003.3,17.1,253,49.0,19.6,300.0,7.1,12.7,126.0
2025-04-24T17:00,31.4,54,0.0,1003.2,15.9,250,42.4,18.4,331.0,10.0,12.7,115.0
2025-04-24T18:00,29.9,66,0.0,1003.4,11.4,247,39.0,18.7,375.0,15.0,12.3,102.0
2025-04-24T19:00,28.8,73,0.0,1003.8,9.4,228,32.5,19.6,427.0,21.9,11.8,84.0
2025-04-24T20:00,28.0,80,0.0,1004.2,8.7,218,34.3,20.0,468.0,26.4,11.2,71.0
2025-04-24T21:00,27.6,85,0.0,1004.9,8.7,214,34.6,19.9,497.0,26.4,10.6,66.0
2025-04-24T22:00,27.2,88,0.0,1005.5,7.1,251,35.7,19.8,514.0,24.1,10.0,66.0
2025-04-24T23:00,27.1,89,0.0,1005.5,9.6,244,37.3,20.0,508.0,21.7,9.5,65.0
2025-04-25T00:00,26.7,89,0.0,1005.6,6.7,289,39.1,20.3,460.0,20.0,9.2,63.0
2025-04-25T01:00,26.3,91,0.0,1005.0,4.7,272,40.7,20.3,387.0,18.4,9.0,61.0
2025-04-25T02:00,26.0,94,0.0,1004.3,5.4,217,45.6,21.0,332.0,16.7,8.8,59.0
2025-04-25T03:00,25.8,96,0.0,1003.9,7.1,218,48.9,21.0,306.0,14.7,8.6,58.0
2025-04-25T04:00,25.8,95,0.0,1004.0,7.9,235,48.3,20.0,297.0,12.8,8.4,57.0
2025-04-25T05:00,25.6,95,0.0,1004.7,8.5,253,44.7,17.8,312.0,9.7,7.6,62.0
2025-04-25T06:00,25.5,97,0.0,1005.2,6.7,251,45.1,18.3,373.0,12.4,8.3,61.0
2025-04-25T07:00,26.1,96,0.0,1005.9,8.1,249,47.4,21.0,458.0,16.0,9.4,61.0
2025-04-25T08:00,27.5,87,0.0,1006.5,7.9,258,56.2,22.9,500.0,17.6,10.9,68.0
2025-04-25T09:00,29.4,74,0.0,1007.2,7.1,260,65.9,24.9,459.0,15.1,13.5,87.0
2025-04-25T10:00,31.2,64,0.0,1007.3,8.9,242,70.5,26.9,376.0,10.6,16.5,114.0
2025-04-25T11:00,32.1,60,0.0,1007.1,11.8,234,72.4,28.3,311.0,7.1,18.4,133.0
2025-04-25T12:00,32.5,59,0.0,1006.6,13.8,231,73.8,28.5,284.0,5.5,18.3,141.0
2025-04-25T13:00,33.0,58,0.0,1005.7,14.7,237,72.9,27.4,274.0,4.9,17.1,142.0
2025-04-25T14:00,33.1,57,0.0,1004.9,15.3,238,69.2,25.8,281.0,5.2,15.7,139.0
2025-04-25T15:00,33.0,56,0.0,1004.0,14.9,234,66.8,24.9,308.0,6.5,14.4,131.0
2025-04-25T16:00,31.9,62,0.0,1003.6,15.4,228,66.6,24.2,352.0,8.7,12.8,118.0
2025-04-25T17:00,31.0,65,0.0,1003.3,10.6,224,52.4,20.7,401.0,12.3,12.3,104.0
2025-04-25T18:00,29.6,71,0.0,1003.6,8.3,229,48.3,21.1,460.0,17.4,11.4,90.0
2025-04-25T19:00,28.9,69,0.0,1003.9,11.4,259,44.4,22.1,523.0,24.3,10.1,72.0
2025-04-25T20:00,28.6,69,0.0,1003.8,9.1,248,47.5,21.8,566.0,28.4,9.1,59.0
2025-04-25T21:00,28.2,69,0.0,1004.6,6.4,280,46.6,21.0,583.0,27.1,8.7,59.0
2025-04-25T22:00,27.8,71,0.0,1005.4,5.9,340,44.4,20.1,579.0,22.9,8.6,64.0
2025-04-25T23:00,27.4,73,0.0,1005.4,6.6,254,42.4,19.8,543.0,19.0,8.4,69.0
2025-04-26T00:00,27.2,73,0.0,1005.1,7.3,260,40.5,19.8,449.0,16.5,8.0,70.0
2025-04-26T01:00,27.1,71,0.0,1004.5,8.3,270,37.0,18.7,322.0,14.2,7.6,71.0
2025-04-26T02:00,27.0,69,0.0,1004.1,11.4,276,34.7,16.9,228.0,12.2,7.3,72.0
2025-04-26T03:00,27.0,70,0.0,1003.6,12.1,267,35.4,15.6,184.0,9.7,7.0,74.0
2025-04-26T04:00,27.2,67,0.0,1003.3,12.1,273,38.9,15.1,173.0,7.5,6.9,75.0
2025-04-26T05:00,27.1,66,0.0,1003.5,12.3,274,41.2,14.7,208.0,6.2,6.7,81.0
2025-04-26T06:00,27.3,73,0.0,1003.7,11.7,271,46.3,16.2,332.0,12.5,7.9,74.0
2025-04-26T07:00,27.8,71,0.0,1004.5,10.3,273,49.0,19.6,501.0,20.9,9.7,66.0
2025-04-26T08:00,29.6,64,0.0,1005.2,8.0,278,53.3,23.5,597.0,25.6,12.0,68.0
2025-04-26T09:00,31.7,55,0.0,1005.6,9.0,271,66.8,25.1,547.0,23.1,15.4,89.0
2025-04-26T10:00,33.7,47,0.0,1005.8,8.8,259,80.6,27.9,424.0,16.8,19.4,121.0
2025-04-26T11:00,35.5,41,0.0,1005.7,10.1,253,93.4,31.4,325.0,11.6,22.1,147.0
2025-04-26T12:00,36.7,37,0.0,1005.0,12.6,251,105.0,34.1,285.0,9.0,22.7,163.0
2025-04-26T13:00,37.3,35,0.0,1004.4,14.9,253,112.5,34.8,270.0,7.4,22.0,174.0
2025-04-26T14:00,37.4,34,0.0,1003.6,16.1,257,107.1,34.7,272.0,7.1,20.5,175.0
2025-04-26T15:00,37.0,34,0.0,1003.1,16.5,256,103.8,35.3,296.0,8.4,17.8,161.0
2025-04-26T16:00,35.4,40,0.0,1002.7,17.3,250,101.3,34.7,338.0,11.1,14.3,136.0
2025-04-26T17:00,33.5,49,0.0,1002.8,18.0,256,92.7,33.1,376.0,16.3,13.5,120.0
2025-04-26T18:00,32.3,52,0.0,1003.4,13.8,261,78.2,31.1,405.0,22.6,12.3,100.0
2025-04-26T19:00,30.8,58,0.0,1003.7,12.1,274,77.1,29.3,430.0,31.2,10.7,73.0
2025-04-26T20:00,30.1,61,0.0,1004.1,11.9,275,68.0,27.7,452.0,37.1,9.7,53.0
2025-04-26T21:00,29.5,64,0.0,1004.8,8.8,296,68.5,26.7,475.0,37.9,9.8,47.0
2025-04-26T22:00,29.5,61,0.0,1005.4,6.7,267,65.9,26.8,493.0,36.0,10.5,48.0
2025-04-26T23:00,29.0,62,0.0,1005.8,8.9,298,66.4,27.6,491.0,33.6,11.0,50.0
2025-04-27T00:00,28.4,64,0.0,1005.5,7.6,282,65.9,28.3,453.0,31.1,10.7,50.0
2025-04-27T01:00,27.9,67,0.0,1005.4,7.0,291,65.7,28.2,394.0,28.1,10.2,51.0
2025-04-27T02:00,27.5,69,0.0,1004.8,6.0,260,68.2,28.0,340.0,25.5,10.0,52.0
2025-04-27T03:00,27.2,73,0.0,1004.5,7.8,248,76.8,29.4,281.0,23.4,10.5,53.0
2025-04-27T04:00,27.0,77,0.0,1004.5,8.3,246,81.3,30.3,228.0,21.8,11.3,53.0
2025-04-27T05:00,26.9,79,0.0,1004.7,8.4,251,74.5,25.5,237.0,13.7,9.0,59.0
2025-04-27T06:00,26.6,86,0.0,1005.0,8.7,246,71.2,25.6,381.0,17.0,9.5,57.0
2025-04-27T07:00,27.2,84,0.0,1005.6,9.2,247,65.2,27.0,586.0,21.2,10.2,56.0
2025-04-27T08:00,29.0,75,0.0,1005.9,8.5,249,69.2,28.5,693.0,22.8,11.2,61.0
2025-04-27T09:00,31.1,61,0.0,1006.3,10.6,251,78.2,28.5,598.0,19.0,12.8,79.0
2025-04-27T10:00,32.8,51,0.0,1006.8,13.0,248,77.1,28.7,405.0,12.6,14.7,104.0
2025-04-27T11:00,33.7,47,0.0,1006.8,15.0,249,79.4,29.6,258.0,7.5,15.8,123.0
2025-04-27T12:00,34.5,43,0.0,1006.5,16.4,253,81.7,30.4,220.0,5.3,15.4,130.0
2025-04-27T13:00,34.9,41,0.0,1006.0,17.3,255,83.4,30.3,228.0,4.5,14.3,130.0
2025-04-27T14:00,35.0,39,0.0,1005.4,17.3,257,84.3,29.8,247.0,4.7,13.2,128.0
2025-04-27T15:00,34.8,41,0.0,1004.9,16.3,256,80.3,29.0,262.0,5.8,12.6,124.0
2025-04-27T16:00,34.3,40,0.0,1004.4,15.8,255,73.6,27.8,287.0,7.9,12.0,117.0
2025-04-27T17:00,33.0,48,0.0,1004.4,14.1,253,72.2,27.9,327.0,11.1,12.2,106.0
2025-04-27T18:00,31.4,60,0.0,1004.5,11.8,242,65.4,27.4,391.0,17.4,11.9,92.0
2025-04-27T19:00,30.3,65,0.0,1004.8,7.7,237,57.5,27.6,469.0,25.9,11.6,72.0
2025-04-27T20:00,29.6,69,0.0,1005.2,5.9,227,59.1,27.8,540.0,31.7,11.2,57.0
2025-04-27T21:00,29.1,72,0.0,1005.8,6.5,219,60.5,27.4,617.0,32.3,10.9,52.0
2025-04-27T22:00,28.7,75,0.0,1006.2,5.5,218,60.1,27.1,687.0,30.2,10.7,51.0
2025-04-27T23:00,28.5,77,0.0,1006.2,5.1,216,59.5,27.0,688.0,27.3,10.3,52.0
2025-04-28T00:00,28.2,75,0.0,1006.0,6.3,255,57.5,26.3,559.0,24.0,9.6,53.0
2025-04-28T01:00,27.9,75,0.0,1005.3,5.7,259,54.2,25.0,361.0,20.0,8.7,55.0
2025-04-28T02:00,27.5,77,0.0,1004.6,7.6,258,51.5,23.4,214.0,16.5,8.0,57.0
2025-04-28T03:00,27.3,79,0.0,1004.1,8.3,248,49.8,22.2,160.0,13.4,7.7,59.0
2025-04-28T04:00,27.1,81,0.0,1003.8,8.4,236,48.1,21.2,157.0,10.8,7.5,61.0
2025-04-28T05:00,27.1,82,0.0,1003.8,10.0,250,44.1,19.9,202.0,9.3,7.5,63.0
2025-04-28T06:00,27.0,85,0.0,1003.8,10.3,269,42.4,19.6,337.0,13.0,8.1,61.0
2025-04-28T07:00,27.7,79,0.0,1004.1,10.3,274,41.4,20.8,519.0,17.8,8.9,59.0
2025-04-28T08:00,29.9,68,0.0,1004.4,9.6,266,42.7,22.9,614.0,20.1,9.9,63.0
2025-04-28T09:00,31.9,57,0.0,1004.6,14.1,272,47.3,23.4,534.0,17.4,11.2,80.0
2025-04-28T10:00,33.7,46,0.0,1004.8,16.7,277,54.5,24.4,367.0,12.0,12.6,104.0
2025-04-28T11:00,35.1,38,0.0,1004.6,17.8,273,65.0,26.3,241.0,7.8,13.5,122.0
2025-04-28T12:00,35.7,36,0.0,1004.3,18.4,266,72.6,27.5,211.0,5.9,13.5,131.0
2025-04-28T13:00,35.6,37,0.0,1003.8,17.8,259,71.9,27.7,222.0,5.0,13.0,134.0
2025-04-28T14:00,35.5,38,0.0,1003.2,17.8,256,67.3,26.8,242.0,5.1,12.4,133.0
2025-04-28T15:00,35.3,38,0.0,1002.3,17.3,253,58.2,24.6,256.0,6.0,11.9,126.0
2025-04-28T16:00,34.6,42,0.0,1001.8,15.9,250,49.6,22.1,278.0,7.9,11.4,115.0
2025-04-28T17:00,33.7,45,0.0,1001.6,14.4,252,39.7,18.7,317.0,11.1,11.3,104.0
2025-04-28T18:00,32.3,50,0.0,1002.1,12.4,242,34.3,18.0,390.0,16.1,10.9,91.0
2025-04-28T19:00,30.9,58,0.0,1002.6,9.9,238,32.4,18.5,479.0,22.9,10.4,74.0
2025-04-28T20:00,30.3,62,0.0,1003.0,9.5,238,32.0,18.5,540.0,27.5,10.0,62.0
2025-04-28T21:00,29.9,63,0.0,1003.6,8.5,245,31.4,18.6,561.0,28.2,9.8,59.0
2025-04-28T22:00,29.7,62,0.0,1003.9,8.5,241,31.1,18.7,554.0,26.7,9.7,61.0
2025-04-28T23:00,29.5,62,0.0,1004.0,10.8,255,30.6,18.5,513.0,24.2,9.3,65.0
2025-04-29T00:00,29.4,61,0.0,1003.5,13.2,263,28.8,17.5,411.0,20.6,8.4,69.0
2025-04-29T01:00,29.3,60,0.0,1003.0,13.5,269,26.0,15.7,276.0,16.0,7.4,75.0
2025-04-29T02:00,29.2,59,0.0,1002.4,13.5,268,22.7,13.8,178.0,12.1,6.5,80.0
2025-04-29T03:00,29.1,59,0.0,1002.0,13.2,272,19.3,12.0,143.0,9.1,6.0,84.0
2025-04-29T04:00,29.1,58,0.0,1002.0,14.6,269,15.9,10.4,146.0,6.9,5.7,87.0
2025-04-29T05:00,29.2,57,0.0,1002.1,15.3,270,11.0,8.8,188.0,6.9,5.9,88.0
2025-04-29T06:00,29.2,56,0.0,1002.5,14.0,278,10.2,8.1,306.0,11.7,6.7,84.0
2025-04-29T07:00,29.6,55,0.0,1003.3,13.5,279,11.6,9.6,463.0,18.2,7.9,80.0
2025-04-29T08:00,31.3,53,0.0,1003.6,13.3,269,15.1,12.6,545.0,21.4,9.0,82.0
2025-04-29T09:00,33.0,45,0.0,1004.1,17.8,272,20.4,13.6,476.0,18.1,10.1,96.0
2025-04-29T10:00,34.3,39,0.0,1004.3,19.3,274,27.9,15.0,333.0,11.6,11.1,117.0
2025-04-29T11:00,35.0,37,0.0,1004.4,20.3,271,27.8,14.8,225.0,6.5,11.7,131.0
2025-04-29T12:00,35.3,37,0.0,1003.9,19.9,264,23.3,13.7,200.0,4.7,11.5,133.0
2025-04-29T13:00,35.2,39,0.0,1003.7,19.3,255,19.5,12.4,211.0,4.4,10.8,128.0
2025-04-29T14:00,35.0,41,0.0,1002.9,18.8,253,18.1,12.1,231.0,4.8,10.3,122.0
2025-04-29T15:00,34.7,41,0.0,1002.2,18.2,253,17.3,11.8,251.0,5.8,10.1,115.0
2025-04-29T16:00,34.3,43,0.0,1001.7,17.5,253,17.1,11.9,278.0,7.6,10.0,106.0
2025-04-29T17:00,33.5,44,0.0,1001.4,16.9,255,16.8,11.8,311.0,9.8,9.5,95.0
2025-04-29T18:00,32.3,51,0.0,1001.8,14.7,246,19.5,14.0,352.0,13.4,9.3,85.0
2025-04-29T19:00,30.9,57,0.0,1002.3,11.4,249,22.1,15.9,398.0,18.3,8.9,72.0
2025-04-29T20:00,30.4,61,0.0,1003.0,8.5,245,23.9,16.9,433.0,21.5,8.6,62.0
2025-04-29T21:00,30.1,61,0.0,1003.3,9.1,248,24.8,17.2,458.0,21.6,8.4,59.0
2025-04-29T22:00,29.8,62,0.0,1004.1,8.5,268,25.2,17.3,471.0,20.0,8.3,60.0
2025-04-29T23:00,29.4,64,0.0,1004.2,9.1,262,25.2,17.3,452.0,17.9,8.1,61.0
2025-04-30T00:00,29.0,66,0.0,1004.3,10.3,274,24.6,16.9,373.0,15.6,7.6,63.0
2025-04-30T01:00,28.6,68,0.0,1003.9,11.5,278,23.1,15.9,261.0,12.8,7.0,65.0
2025-04-30T02:00,28.4,69,0.0,1003.5,13.5,278,20.9,14.5,180.0,10.3,6.5,67.0
2025-04-30T03:00,28.4,70,0.0,1003.3,14.1,274,19.1,13.2,148.0,8.0,6.2,69.0
2025-04-30T04:00,28.3,69,0.0,1003.6,14.4,270,18.0,12.3,146.0,5.9,6.0,70.0
2025-04-30T05:00,28.3,68,0.0,1003.9,13.5,268,19.3,11.6,181.0,5.5,6.0,71.0
2025-04-30T06:00,28.3,67,0.0,1004.0,14.2,269,18.9,11.9,289.0,9.1,6.8,69.0
2025-04-30T07:00,28.9,62,0.0,1004.7,14.0,269,21.6,13.9,433.0,13.9,7.9,66.0
2025-04-30T08:00,30.4,60,0.0,1005.1,11.4,266,26.1,16.4,510.0,16.4,9.0,69.0
2025-04-30T09:00,32.4,49,0.0,1005.6,14.6,265,30.2,17.1,451.0,14.4,10.3,84.0
2025-04-30T10:00,33.9,40,0.0,1005.9,16.7,263,33.8,17.5,325.0,10.1,11.7,105.0
2025-04-30T11:00,34.4,39,0.0,1005.8,19.3,269,37.4,17.5,231.0,6.7,12.5,120.0
2025-04-30T12:00,35.2,36,0.0,1005.5,20.2,271,38.0,17.2,210.0,5.3,12.1,123.0
2025-04-30T13:00,35.5,37,0.0,1005.1,19.2,264,36.7,16.5,221.0,4.7,11.1,119.0
2025-04-30T14:00,35.1,41,0.0,1004.4,18.5,257,32.0,15.5,237.0,4.8,10.3,113.0
2025-04-30T15:00,34.1,48,0.0,1003.7,17.6,248,27.5,14.6,252.0,5.5,9.9,106.0
2025-04-30T16:00,33.2,53,0.0,1003.4,17.1,249,24.5,14.1,273.0,6.9,9.7,97.0
2025-04-30T17:00,32.4,55,0.0,1003.3,17.3,255,18.5,10.8,296.0,8.9,9.1,88.0
2025-04-30T18:00,31.5,54,0.0,1003.6,15.8,262,16.5,11.6,326.0,12.0,9.0,81.0
2025-04-30T19:00,30.5,58,0.0,1004.2,13.3,257,17.8,13.5,359.0,16.3,8.9,71.0
2025-04-30T20:00,30.0,63,0.0,1004.9,11.1,263,19.2,14.2,374.0,19.2,8.8,64.0
2025-04-30T21:00,29.8,63,0.0,1005.6,11.2,269,20.1,14.5,363.0,19.5,8.8,62.0
2025-04-30T22:00,29.5,63,0.0,1005.9,12.2,268,20.7,14.8,335.0,18.3,8.9,63.0
2025-04-30T23:00,29.1,65,0.0,1005.8,11.9,273,21.7,15.5,300.0,16.6,8.8,65.0
2025-05-01T00:00,28.8,66,0.0,1005.6,12.1,281,22.2,15.8,255.0,14.3,8.4,67.0
2025-05-01T01:00,28.4,68,0.0,1005.1,12.0,279,21.7,15.3,204.0,11.5,7.7,69.0
2025-05-01T02:00,28.2,70,0.0,1004.7,12.3,277,21.2,14.6,169.0,9.1,7.2,71.0
2025-05-01T03:00,27.9,71,0.0,1004.4,12.4,272,20.7,13.9,156.0,7.3,6.8,73.0
2025-05-01T04:00,27.9,71,0.0,1004.3,13.5,269,20.4,13.4,158.0,6.0,6.4,74.0
2025-05-01T05:00,27.9,72,0.0,1004.4,13.9,260,19.7,13.2,185.0,6.4,6.5,74.0
2025-05-01T06:00,27.7,78,0.0,1004.6,13.5,262,20.3,13.2,261.0,8.8,7.0,73.0
2025-05-01T07:00,28.1,78,0.0,1005.1,12.1,267,21.8,14.5,360.0,11.9,7.7,72.0
2025-05-01T08:00,29.6,73,0.0,1005.7,12.9,262,24.9,16.4,414.0,13.3,8.5,75.0
2025-05-01T09:00,31.1,63,0.0,1006.0,15.5,261,27.7,16.9,378.0,11.4,9.7,87.0
2025-05-01T10:00,32.2,57,0.0,1006.5,17.3,257,30.6,17.2,297.0,7.8,11.1,102.0
2025-05-01T11:00,32.8,54,0.0,1006.6,18.3,252,33.1,17.3,235.0,5.0,11.8,113.0
2025-05-01T12:00,33.2,53,0.0,1006.5,19.7,247,32.1,16.7,219.0,3.9,11.4,115.0
2025-05-01T13:00,33.6,50,0.0,1006.0,20.5,249,29.8,15.8,222.0,3.5,10.3,112.0
2025-05-01T14:00,33.2,54,0.0,1005.3,20.4,242,27.6,15.1,232.0,3.8,9.5,107.0
2025-05-01T15:00,32.6,57,0.0,1004.7,20.4,244,26.2,14.8,244.0,4.6,9.3,102.0
2025-05-01T16:00,32.3,60,0.0,1004.9,17.6,252,25.6,14.7,261.0,6.0,9.4,95.0
2025-05-01T17:00,31.7,59,0.0,1005.0,16.7,250,24.6,15.1,286.0,8.4,10.8,90.0
2025-05-01T18:00,31.4,59,0.0,1004.8,12.7,254,24.7,15.8,326.0,11.4,10.5,82.0
2025-05-01T19:00,30.1,67,0.0,1004.9,11.4,232,24.2,16.8,372.0,15.5,10.0,70.0
2025-05-01T20:00,29.4,71,0.0,1005.5,10.4,253,25.3,16.8,400.0,18.2,9.6,62.0
2025-05-01T21:00,29.3,71,0.0,1006.4,11.1,261,26.1,17.1,401.0,18.6,9.5,59.0
2025-05-01T22:00,29.1,70,0.0,1006.9,13.6,265,27.4,17.8,383.0,17.6,9.4,59.0
2025-05-01T23:00,28.8,72,0.0,1006.7,12.4,268,27.9,18.1,352.0,15.9,9.1,60.0
2025-05-02T00:00,28.5,75,0.0,1006.1,13.1,261,27.4,17.4,297.0,13.1,8.3,63.0
2025-05-02T01:00,28.2,77,0.0,1005.6,13.9,260,25.8,16.1,228.0,9.4,7.2,68.0
2025-05-02T02:00,28.1,78,0.0,1005.1,13.5,271,24.5,15.1,179.0,6.7,6.4,71.0
2025-05-02T03:00,27.9,79,0.0,1004.8,13.7,274,23.7,14.4,160.0,5.4,6.0,72.0
2025-05-02T04:00,27.8,79,0.0,1004.8,13.5,274,23.1,14.1,161.0,4.9,5.8,71.0
2025-05-02T05:00,27.7,78,0.0,1005.0,13.5,272,19.0,13.6,182.0,5.8,5.7,70.0
2025-05-02T06:00,27.8,78,0.0,1004.8,13.4,262,20.7,13.9,243.0,8.1,7.0,69.0
2025-05-02T07:00,28.3,78,0.0,1005.2,11.8,259,22.5,15.6,324.0,11.2,8.9,67.0
2025-05-02T08:00,29.5,73,0.0,1006.0,14.8,257,26.1,17.6,369.0,12.7,10.4,70.0
2025-05-02T09:00,30.8,66,0.0,1006.5,16.8,257,28.9,18.0,341.0,10.9,11.4,81.0
2025-05-02T10:00,31.7,60,0.0,1006.8,18.2,256,32.4,18.2,276.0,7.5,12.1,96.0
2025-05-02T11:00,32.4,57,0.0,1006.6,19.1,256,35.9,18.2,228.0,4.9,12.3,107.0
2025-05-02T12:00,32.9,56,0.0,1006.2,19.8,255,35.4,17.7,216.0,3.8,11.7,110.0
2025-05-02T13:00,33.2,54,0.0,1005.7,19.6,255,32.1,16.8,220.0,3.5,10.6,108.0
2025-05-02T14:00,33.2,56,0.0,1004.8,19.7,249,29.8,16.1,231.0,3.8,9.8,104.0
2025-05-02T15:00,32.8,58,0.0,1004.1,18.6,250,28.0,15.7,249.0,4.8,9.7,99.0
2025-05-02T16:00,32.4,61,0.0,1003.8,16.7,251,27.4,15.4,275.0,6.5,9.9,92.0
2025-05-02T17:00,31.5,64,0.0,1003.4,16.1,243,26.0,15.8,297.0,8.9,11.3,86.0
2025-05-02T18:00,30.3,71,0.0,1003.4,15.2,236,26.9,16.6,311.0,13.8,11.5,76.0
2025-05-02T19:00,29.4,77,0.0,1003.8,11.2,249,27.1,17.8,322.0,20.4,11.8,62.0
2025-05-02T20:00,29.1,79,0.0,1004.4,8.8,251,29.0,18.9,332.0,24.4,11.7,52.0
2025-05-02T21:00,28.8,81,0.0,1004.7,9.0,255,29.3,18.3,348.0,23.3,11.0,52.0
2025-05-02T22:00,28.6,81,0.0,1004.9,9.2,249,28.2,17.5,363.0,19.5,10.0,56.0
2025-05-02T23:00,28.4,80,0.0,1005.0,11.4,257,27.3,17.1,356.0,16.2,9.2,59.0
2025-05-03T00:00,28.2,80,0.0,1004.5,11.7,257,26.7,16.9,306.0,14.4,8.7,59.0
2025-05-03T01:00,28.0,81,0.0,1003.9,10.4,261,26.0,16.4,233.0,13.1,8.3,59.0
2025-05-03T02:00,27.8,82,0.0,1003.8,10.0,252,25.1,15.7,181.0,11.8,8.1,59.0
2025-05-03T03:00,27.5,84,0.0,1003.5,11.2,244,24.2,14.7,161.0,10.1,7.9,60.0
2025-05-03T04:00,27.3,87,0.0,1003.3,11.2,251,23.7,13.8,162.0,8.6,7.8,61.0
2025-05-03T05:00,27.2,87,0.0,1003.4,11.9,259,25.0,14.5,187.0,10.2,8.7,59.0
2025-05-03T06:00,27.5,89,0.0,1003.7,10.3,247,24.7,14.1,262.0,12.1,9.4,61.0
2025-05-03T07:00,27.9,88,0.0,1004.2,8.8,251,26.3,15.8,362.0,14.5,10.5,64.0
2025-05-03T08:00,29.3,78,0.0,1004.7,10.2,257,32.2,17.6,419.0,15.4,11.8,72.0
2025-05-03T09:00,30.9,69,0.0,1005.0,12.1,259,35.9,18.6,389.0,13.2,13.6,91.0
2025-05-03T10:00,32.2,61,0.0,1005.0,13.8,256,41.9,19.9,316.0,9.3,15.5,116.0
2025-05-03T11:00,33.4,55,0.0,1004.9,15.1,250,47.0,21.5,260.0,6.3,16.6,133.0
2025-05-03T12:00,34.0,52,0.0,1004.4,17.0,247,46.4,21.5,245.0,4.9,16.0,138.0
2025-05-03T13:00,34.4,48,0.0,1003.4,18.1,248,43.0,20.3,248.0,4.3,14.6,136.0
2025-05-03T14:00,34.1,50,0.0,1002.6,18.2,247,36.9,18.4,255.0,4.6,13.4,130.0
2025-05-03T15:00,33.6,54,0.0,1001.9,16.1,252,31.9,16.7,263.0,5.7,12.9,121.0
2025-05-03T16:00,33.1,54,0.0,1001.8,15.6,258,29.8,15.9,275.0,7.6,12.7,109.0
2025-05-03T17:00,32.1,59,0.0,1001.7,16.8,261,24.6,13.2,293.0,10.3,12.3,99.0
2025-05-03T18:00,30.8,63,0.0,1001.8,11.3,236,24.6,14.1,316.0,18.5,12.6,82.0
2025-05-03T19:00,29.4,73,0.0,1001.8,10.3,220,27.1,16.6,344.0,29.6,12.9,59.0
2025-05-03T20:00,28.9,78,0.0,1002.4,10.5,207,31.4,19.7,379.0,36.8,13.0,43.0
2025-05-03T21:00,28.7,80,0.0,1002.6,10.3,216,33.2,20.7,436.0,36.6,12.8,40.0
2025-05-03T22:00,28.5,81,0.0,1003.0,7.6,251,32.8,20.2,500.0,32.4,12.4,44.0
2025-05-03T23:00,28.3,81,0.0,1003.2,6.2,249,31.0,19.2,530.0,27.9,11.8,48.0
2025-05-04T00:00,28.0,82,0.0,1003.2,1.3,344,29.6,18.1,500.0,23.8,10.6,51.0
2025-05-04T01:00,27.7,83,0.0,1002.5,3.0,256,28.6,16.9,435.0,19.3,9.2,54.0
2025-05-04T02:00,27.5,84,0.0,1002.1,5.0,221,28.9,16.5,370.0,15.7,8.2,57.0
2025-05-04T03:00,27.4,84,0.0,1002.1,6.1,236,29.9,16.5,302.0,13.2,7.9,59.0
2025-05-04T04:00,27.3,84,0.0,1001.7,10.3,239,29.5,15.8,234.0,11.5,7.9,60.0
2025-05-04T05:00,27.5,81,0.0,1002.0,12.6,253,25.6,15.1,207.0,9.3,7.6,68.0
2025-05-04T06:00,27.7,81,0.0,1002.4,13.0,272,27.2,15.7,264.0,11.4,8.4,75.0
2025-05-04T07:00,28.5,75,0.0,1002.5,11.2,264,28.9,17.8,362.0,14.2,9.6,85.0
2025-05-04T08:00,30.3,64,0.0,1002.9,12.5,264,31.9,20.2,419.0,15.2,10.7,95.0
2025-05-04T09:00,32.0,54,0.0,1003.4,14.8,268,31.8,20.0,386.0,12.8,11.9,105.0
2025-05-04T10:00,32.8,52,0.0,1003.5,13.8,261,29.7,18.4,311.0,8.6,13.0,114.0
2025-05-04T11:00,33.5,51,0.0,1003.5,15.0,251,28.1,17.0,255.0,5.3,13.5,120.0
2025-05-04T12:00,33.5,54,0.0,1002.7,16.1,237,28.8,16.2,242.0,3.9,12.7,120.0
2025-05-04T13:00,33.3,58,0.0,1002.0,17.1,229,30.5,17.0,247.0,3.5,11.3,117.0
2025-05-04T14:00,33.1,58,0.0,1001.1,18.0,236,32.1,18.1,261.0,3.7,10.3,113.0
2025-05-04T15:00,32.6,61,0.0,1000.2,17.4,230,32.5,18.5,282.0,4.1,10.2,109.0
2025-05-04T16:00,31.7,66,0.0,999.8,17.1,219,31.3,18.4,311.0,5.2,10.6,105.0
2025-05-04T17:00,31.3,68,0.0,999.6,13.7,224,38.1,22.2,340.0,7.8,12.8,100.0
2025-05-04T18:00,30.0,71,0.0,999.7,11.6,206,36.7,22.3,362.0,14.4,13.3,87.0
2025-05-04T19:00,29.3,76,0.0,1000.1,10.8,208,32.8,22.1,383.0,23.4,14.0,69.0
2025-05-04T20:00,29.1,78,0.0,1000.4,8.8,199,31.2,22.9,412.0,29.4,14.3,56.0
2025-05-04T21:00,29.0,79,0.0,1001.2,5.7,215,30.5,21.7,469.0,29.9,13.8,52.0
2025-05-04T22:00,28.8,80,0.0,1001.7,6.9,227,31.7,21.0,532.0,27.5,12.8,53.0
2025-05-04T23:00,28.6,80,0.0,1001.5,8.9,205,35.3,21.4,549.0,24.4,11.7,55.0
2025-05-05T00:00,28.3,83,0.0,1001.5,7.6,199,39.8,21.7,475.0,20.8,10.5,58.0
2025-05-05T01:00,28.0,84,0.0,1001.1,6.2,216,43.1,20.8,354.0,16.5,9.3,63.0
2025-05-05T02:00,27.9,84,0.0,1000.5,7.9,219,45.2,19.5,262.0,13.0,8.3,66.0
2025-05-05T03:00,27.8,85,0.0,1000.2,9.1,221,46.3,18.6,212.0,10.6,7.7,67.0
2025-05-05T04:00,27.7,85,0.0,1000.3,9.6,227,48.0,18.3,191.0,9.1,7.3,68.0
2025-05-05T05:00,27.6,87,0.0,1000.4,7.3,224,43.8,17.1,241.0,9.8,7.8,61.0
2025-05-05T06:00,26.4,74,0.0,1002.3,4.4,52,39.6,16.4,428.0,11.6,9.1,59.0
2025-05-05T07:00,26.9,67,0.0,1002.9,3.0,76,38.5,16.7,684.0,13.8,11.0,58.0
2025-05-05T08:00,28.5,57,0.0,1003.3,3.2,133,37.4,17.1,851.0,14.6,13.2,62.0
2025-05-05T09:00,30.0,54,0.0,1003.5,5.1,163,42.3,17.6,844.0,12.3,16.1,76.0
2025-05-05T10:00,31.0,52,0.0,1003.5,7.6,165,46.4,19.4,747.0,8.6,19.2,96.0
2025-05-05T11:00,31.7,53,0.0,1003.4,9.2,176,54.6,22.2,649.0,5.6,21.2,111.0
2025-05-05T12:00,32.3,51,0.0,1003.0,10.0,174,68.5,24.8,572.0,4.1,20.9,120.0
2025-05-05T13:00,33.0,46,0.0,1002.2,11.7,170,75.0,25.8,495.0,3.4,19.6,124.0
2025-05-05T14:00,32.7,50,0.0,1001.2,13.4,175,73.3,25.6,437.0,4.1,19.0,124.0
2025-05-05T15:00,32.0,61,0.0,1000.7,12.7,187,74.3,25.1,399.0,6.0,20.3,117.0
2025-05-05T16:00,31.8,65,0.0,1000.5,10.7,203,100.8,28.7,382.0,9.3,22.4,106.0
2025-05-05T17:00,31.4,69,0.0,1000.4,10.1,204,172.3,40.2,405.0,9.3,16.4,159.0
2025-05-05T18:00,32.1,52,0.0,1001.2,8.0,239,151.3,39.1,506.0,21.3,16.2,131.0
2025-05-05T19:00,30.6,63,0.0,1001.4,6.5,185,108.3,38.3,648.0,37.7,16.0,92.0
2025-05-05T20:00,29.6,78,0.0,1001.8,5.7,167,87.8,39.1,742.0,48.6,15.5,62.0
2025-05-05T21:00,29.1,85,0.0,1002.6,3.9,204,79.6,39.7,744.0,48.6,14.7,51.0
2025-05-05T22:00,28.9,84,0.0,1003.7,2.2,246,72.4,36.9,698.0,43.1,13.7,48.0
2025-05-05T23:00,28.7,85,0.0,1004.3,3.6,297,69.6,34.5,646.0,38.5,13.0,46.0
2025-05-06T00:00,28.5,86,0.0,1004.3,1.3,74,70.3,34.5,599.0,37.0,12.7,40.0
2025-05-06T01:00,28.3,87,0.0,1003.8,1.7,18,61.2,33.2,547.0,36.4,12.7,35.0
2025-05-06T02:00,27.9,89,0.0,1003.5,6.3,321,55.2,30.5,499.0,35.8,13.3,31.0
2025-05-06T03:00,27.4,89,0.0,1003.6,6.7,322,53.2,30.4,429.0,35.0,14.8,28.0
2025-05-06T04:00,27.2,86,0.0,1003.4,6.1,19,53.6,30.6,363.0,34.2,16.9,26.0
2025-05-06T05:00,27.4,77,0.0,1003.7,6.1,34,73.6,41.9,388.0,50.1,18.5,14.0
2025-05-06T06:00,27.3,95,0.0,1004.1,6.0,95,75.4,42.7,614.0,48.2,21.9,25.0
2025-05-06T07:00,27.8,84,0.0,1004.3,6.7,121,77.5,46.6,931.0,45.2,26.5,41.0
2025-05-06T08:00,29.1,76,0.0,1004.8,6.1,157,104.8,46.3,1100.0,40.1,30.5,64.0
2025-05-06T09:00,30.2,67,0.0,1005.3,7.2,174,122.9,43.3,976.0,31.0,33.3,98.0
2025-05-06T10:00,31.3,59,0.0,1005.5,8.5,184,129.0,43.1,703.0,19.8,35.3,138.0
2025-05-06T11:00,32.0,54,0.0,1005.8,10.3,191,135.0,45.3,482.0,11.2,36.0,169.0
2025-05-06T12:00,32.4,54,0.0,1005.2,12.1,198,129.9,44.6,386.0,7.0,34.5,185.0
2025-05-06T13:00,32.6,56,0.0,1004.2,13.0,202,121.1,42.5,340.0,5.4,31.6,190.0
2025-05-06T14:00,32.8,54,0.0,1003.2,13.0,200,116.6,40.5,322.0,5.1,28.8,186.0
2025-05-06T15:00,32.4,57,0.0,1002.3,13.0,198,120.1,38.0,338.0,6.1,26.7,168.0
2025-05-06T16:00,31.5,64,0.0,1001.7,12.3,198,120.6,35.6,381.0,8.5,24.6,140.0
2025-05-06T17:00,30.7,68,0.0,1001.4,10.9,200,129.5,36.8,408.0,12.7,20.5,110.0
2025-05-06T18:00,31.2,66,0.0,1001.2,8.3,214,127.1,34.5,397.0,17.7,18.9,90.0
2025-05-06T19:00,29.6,81,0.0,1001.9,11.1,224,111.8,31.5,369.0,24.4,16.6,62.0
2025-05-06T20:00,28.8,85,0.0,1002.6,9.2,244,92.9,28.4,342.0,28.6,14.6,42.0
2025-05-06T21:00,28.7,86,0.0,1003.0,10.2,211,70.5,24.7,321.0,27.9,13.1,36.0
2025-05-06T22:00,28.5,86,0.0,1003.1,10.5,218,54.8,21.4,301.0,24.6,11.9,38.0
2025-05-06T23:00,28.5,86,0.0,1003.6,9.6,227,40.2,18.7,287.0,21.5,10.9,40.0
2025-05-07T00:00,28.3,87,0.0,1003.6,8.2,256,32.2,16.9,282.0,19.1,9.8,40.0
2025-05-07T01:00,28.0,88,0.0,1003.1,7.0,267,28.5,15.5,283.0,16.8,9.0,40.0
2025-05-07T02:00,27.8,88,0.0,1002.8,4.1,283,27.0,15.3,291.0,15.6,9.0,40.0
2025-05-07T03:00,27.7,88,0.0,1002.8,1.9,299,27.0,15.9,301.0,16.6,10.1,37.0
2025-05-07T04:00,27.6,88,0.0,1002.9,2.4,312,29.3,17.2,318.0,18.7,12.1,34.0
2025-05-07T05:00,27.4,89,0.0,1003.2,3.4,313,23.1,16.6,359.0,22.5,13.9,25.0
2025-05-07T06:00,27.3,92,0.0,1003.2,2.2,24,27.0,17.8,447.0,21.1,18.0,29.0
2025-05-07T07:00,27.8,88,0.0,1003.4,1.9,49,38.1,19.4,560.0,19.0,23.9,36.0
2025-05-07T08:00,29.2,77,0.0,1004.1,0.7,194,54.8,20.1,647.0,16.7,29.4,51.0
2025-05-07T09:00,30.7,68,0.0,1004.2,2.5,180,78.2,23.1,700.0,14.2,34.7,79.0
2025-05-07T10:00,32.4,60,0.0,1004.0,4.8,169,99.4,29.3,727.0,11.4,39.6,114.0
2025-05-07T11:00,33.3,59,0.0,1003.5,9.2,180,116.4,37.5,701.0,9.1,42.1,143.0
2025-05-07T12:00,33.5,55,0.0,1003.2,12.4,194,117.6,41.3,579.0,7.1,40.7,164.0
2025-05-07T13:00,33.5,51,0.0,1002.6,12.9,207,101.3,38.1,405.0,5.6,36.8,178.0
2025-05-07T14:00,32.2,63,0.0,1002.0,14.8,211,81.7,33.6,282.0,5.1,32.3,178.0
2025-05-07T15:00,32.2,61,0.0,1001.2,14.9,214,67.3,27.3,264.0,6.2,27.1,154.0
2025-05-07T16:00,31.5,66,0.0,1000.8,14.8,222,61.9,23.2,298.0,8.3,21.2,115.0
2025-05-07T17:00,30.9,71,0.0,1000.7,14.3,228,50.6,18.8,325.0,10.2,17.9,87.0
2025-05-07T18:00,30.2,70,0.0,1000.8,12.1,238,46.0,16.6,325.0,13.0,16.1,73.0
2025-05-07T19:00,29.3,77,0.0,1001.2,10.8,240,40.7,15.4,317.0,16.9,13.7,53.0
2025-05-07T20:00,28.8,80,0.0,1001.7,7.7,240,37.4,15.4,306.0,20.7,12.1,38.0
2025-05-07T21:00,28.5,83,0.0,1002.6,7.2,251,36.1,15.8,290.0,24.0,12.3,31.0
2025-05-07T22:00,28.3,84,0.0,1002.9,7.6,258,35.7,16.5,271.0,27.2,13.4,28.0
2025-05-07T23:00,28.1,85,0.0,1003.0,6.9,261,34.9,18.7,253.0,30.3,14.1,25.0
2025-05-08T00:00,27.9,87,0.0,1002.7,6.4,243,36.7,21.8,235.0,33.9,14.0,20.0
2025-05-08T01:00,27.7,88,0.0,1001.9,6.2,218,38.0,23.7,219.0,37.4,13.6,16.0
2025-05-08T02:00,27.6,88,0.0,1001.9,4.7,254,37.0,22.8,211.0,38.5,13.1,14.0
2025-05-08T03:00,27.4,90,0.0,1001.9,3.1,273,35.0,21.0,210.0,35.7,12.2,15.0
2025-05-08T04:00,27.3,90,0.0,1001.8,4.0,216,34.3,19.4,218.0,30.5,11.3,18.0
2025-05-08T05:00,27.2,92,0.0,1002.4,4.7,227,41.9,24.1,244.0,38.3,14.4,12.0
2025-05-08T06:00,27.2,91,0.0,1003.0,3.7,281,39.6,23.2,311.0,31.4,16.0,21.0
2025-05-08T07:00,27.7,88,0.0,1003.8,3.6,290,42.8,21.5,397.0,21.7,18.3,33.0
2025-05-08T08:00,28.8,80,0.0,1004.3,2.4,257,47.0,19.3,445.0,13.8,20.1,47.0
2025-05-08T09:00,30.2,70,0.0,1004.8,4.5,217,50.3,19.5,419.0,9.4,21.1,64.0
2025-05-08T10:00,31.3,64,0.0,1005.1,8.3,198,51.3,20.8,356.0,6.7,21.6,83.0
2025-05-08T11:00,31.6,64,0.0,1005.1,11.9,190,52.7,22.4,304.0,4.9,21.4,97.0
2025-05-08T12:00,31.8,61,0.0,1004.8,12.1,192,52.7,22.5,279.0,3.6,20.1,104.0
2025-05-08T13:00,32.0,60,0.0,1004.2,12.0,193,53.6,22.0,266.0,3.2,18.1,105.0
2025-05-08T14:00,32.2,60,0.0,1003.6,11.7,198,52.2,21.3,269.0,3.4,16.8,104.0
2025-05-08T15:00,32.2,60,0.0,1003.5,8.6,178,53.0,21.2,300.0,4.1,16.9,99.0
2025-05-08T16:00,31.8,63,0.0,1002.9,10.0,194,53.0,21.1,347.0,5.5,17.6,92.0
2025-05-08T17:00,31.2,66,0.0,1003.0,8.2,195,48.7,19.6,382.0,7.4,18.6,85.0
2025-05-08T18:00,30.6,69,0.0,1002.2,11.1,203,50.9,19.6,396.0,11.1,18.8,72.0
2025-05-08T19:00,29.8,74,0.0,1003.0,7.3,197,50.4,19.3,398.0,16.2,19.0,55.0
2025-05-08T20:00,29.7,75,0.0,1004.0,6.0,224,50.9,19.7,387.0,20.7,18.9,41.0
2025-05-08T21:00,29.4,77,0.0,1004.8,6.8,235,50.6,20.8,353.0,24.0,18.2,34.0
2025-05-08T22:00,29.2,79,0.0,1005.4,7.3,224,52.5,22.0,306.0,26.6,17.1,31.0
2025-05-08T23:00,29.0,80,0.0,1005.4,8.0,245,54.0,23.2,273.0,27.9,15.8,29.0
2025-05-09T00:00,28.7,82,0.0,1004.9,9.5,245,56.1,24.0,264.0,27.2,14.2,29.0
2025-05-09T01:00,28.4,84,0.0,1004.3,8.0,260,58.0,24.5,268.0,25.1,12.4,30.0
2025-05-09T02:00,28.1,85,0.0,1003.7,8.1,253,59.0,25.1,280.0,23.3,11.1,31.0
2025-05-09T03:00,27.9,86,0.0,1003.8,5.8,277,59.8,25.5,296.0,22.6,10.3,29.0
2025-05-09T04:00,27.6,88,0.0,1003.9,5.8,270,61.7,25.7,320.0,22.2,10.0,28.0
2025-05-09T05:00,27.4,90,0.0,1004.4,5.1,278,66.1,30.2,354.0,30.4,15.6,18.0
2025-05-09T06:00,27.3,82,0.0,1005.4,3.4,342,59.5,31.5,414.0,27.8,19.5,24.0
2025-05-09T07:00,27.7,78,0.0,1006.5,3.3,41,63.3,31.4,484.0,24.0,24.8,34.0
2025-05-09T08:00,28.6,73,0.0,1007.2,2.4,99,87.8,31.7,520.0,19.8,28.2,47.0
2025-05-09T09:00,30.1,65,0.0,1007.5,3.7,169,91.5,30.4,493.0,14.9,28.1,67.0
2025-05-09T10:00,31.3,59,0.0,1007.5,7.3,187,90.8,31.3,431.0,9.6,26.1,90.0
2025-05-09T11:00,31.9,57,0.0,1007.5,10.3,187,92.0,33.5,374.0,5.6,23.9,108.0
2025-05-09T12:00,32.4,54,0.0,1007.1,10.9,189,89.6,33.9,330.0,3.7,21.7,116.0
2025-05-09T13:00,32.4,58,0.0,1006.5,12.3,198,85.9,33.1,291.0,3.2,19.4,119.0
2025-05-09T14:00,32.3,60,0.0,1005.6,13.0,213,81.0,31.4,269.0,3.4,17.7,117.0
2025-05-09T15:00,31.9,61,0.0,1004.9,13.6,220,76.4,29.5,274.0,4.1,17.3,110.0
2025-05-09T16:00,31.5,65,0.0,1005.4,10.0,234,74.5,28.4,295.0,5.6,17.5,98.0
2025-05-09T17:00,32.1,61,0.0,1005.4,9.1,212,80.8,30.6,315.0,7.7,19.6,105.0
2025-05-09T18:00,31.3,64,0.0,1005.0,11.9,210,69.4,27.0,330.0,11.2,18.2,88.0
2025-05-09T19:00,30.2,71,0.0,1005.2,10.2,226,59.6,24.3,342.0,16.1,16.3,64.0
2025-05-09T20:00,29.7,74,0.0,1006.2,7.5,262,57.5,24.0,344.0,20.0,15.0,46.0
2025-05-09T21:00,29.6,76,0.0,1007.0,8.9,263,57.3,24.5,326.0,21.9,14.9,40.0
2025-05-09T22:00,29.3,77,0.0,1007.3,10.1,258,56.3,25.0,297.0,22.9,15.3,39.0
2025-05-09T23:00,29.1,78,0.0,1007.7,8.4,289,56.0,25.8,273.0,22.9,15.3,39.0
2025-05-10T00:00,28.7,80,0.0,1007.0,6.8,268,55.6,26.4,263.0,21.7,14.4,39.0
2025-05-10T01:00,28.3,83,0.0,1006.1,7.8,262,56.0,26.3,258.0,19.7,13.0,40.0
2025-05-10T02:00,28.1,84,0.0,1005.3,8.5,272,55.9,26.0,252.0,18.1,12.0,40.0
2025-05-10T03:00,27.8,86,0.0,1005.1,10.1,275,55.9,26.1,232.0,17.6,11.3,38.0
2025-05-10T04:00,27.6,87,0.0,1005.4,9.1,304,56.1,26.3,210.0,17.6,10.8,35.0
2025-05-10T05:00,27.4,88,0.0,1005.9,7.4,313,54.6,27.5,216.0,19.9,11.8,28.0
2025-05-10T06:00,27.0,80,0.0,1006.2,6.5,326,55.9,27.9,285.0,18.5,13.9,35.0
2025-05-10T07:00,27.5,76,0.0,1006.9,6.2,300,73.3,30.0,381.0,16.4,17.0,44.0
2025-05-10T08:00,29.0,69,0.0,1007.4,8.2,293,80.3,30.7,433.0,14.0,19.9,58.0
2025-05-10T09:00,30.9,59,0.0,1007.8,8.5,287,85.9,32.6,393.0,11.1,22.7,79.0
2025-05-10T10:00,32.7,50,0.0,1007.9,9.6,267,90.3,35.3,308.0,7.9,25.5,103.0
2025-05-10T11:00,33.6,50,0.0,1007.9,11.5,256,91.5,36.8,245.0,5.5,26.8,121.0
2025-05-10T12:00,34.0,50,0.0,1007.5,13.1,247,89.9,36.6,231.0,4.2,25.9,130.0
2025-05-10T13:00,33.8,52,0.0,1007.0,15.2,237,88.9,35.9,238.0,3.8,23.6,133.0
2025-05-10T14:00,33.4,53,0.0,1006.0,16.3,233,86.1,34.5,249.0,4.0,21.3,131.0
2025-05-10T15:00,32.7,56,0.0,1005.4,13.9,236,81.7,32.8,259.0,5.0,19.1,121.0
2025-05-10T16:00,32.8,53,0.0,1005.2,13.6,248,77.3,31.2,272.0,6.6,16.7,105.0
2025-05-10T17:00,31.9,59,0.0,1004.5,17.2,252,59.1,25.1,281.0,8.9,15.9,93.0
2025-05-10T18:00,30.5,67,0.0,1004.9,13.2,253,60.3,25.4,286.0,11.9,15.4,80.0
2025-05-10T19:00,29.2,77,0.0,1005.4,13.7,249,61.5,26.1,287.0,16.1,14.6,62.0
2025-05-10T20:00,28.8,81,0.0,1006.3,13.2,255,62.4,26.9,283.0,19.1,13.9,48.0
2025-05-10T21:00,28.6,81,0.0,1006.7,11.5,260,63.3,27.5,271.0,20.1,13.6,43.0
2025-05-10T22:00,28.5,82,0.0,1007.0,11.8,257,61.9,27.9,253.0,19.9,13.3,43.0
2025-05-10T23:00,28.4,81,0.0,1006.9,12.7,259,63.1,28.2,234.0,18.8,12.7,44.0
2025-05-11T00:00,28.3,81,0.0,1006.5,13.4,258,63.3,28.0,211.0,16.2,11.2,47.0
2025-05-11T01:00,28.0,83,0.0,1006.2,14.3,280,63.3,27.3,186.0,12.7,9.2,52.0
2025-05-11T02:00,27.8,83,0.0,1005.6,11.4,286,62.2,26.7,172.0,9.9,7.8,56.0
2025-05-11T03:00,27.7,83,0.0,1005.6,10.5,290,59.3,26.3,169.0,8.2,7.2,58.0
2025-05-11T04:00,27.6,84,0.0,1005.4,9.0,275,57.0,25.9,176.0,7.2,7.3,58.0
2025-05-11T05:00,27.3,86,0.0,1005.5,9.6,275,56.9,25.5,200.0,6.9,7.9,60.0
2025-05-11T06:00,27.4,88,0.0,1005.8,8.6,281,56.0,25.8,263.0,8.9,9.7,59.0
2025-05-11T07:00,28.0,86,0.0,1006.0,8.6,268,62.4,27.9,344.0,11.6,12.3,60.0
2025-05-11T08:00,29.4,78,0.0,1006.4,9.2,259,71.9,30.0,387.0,12.8,14.7,65.0
2025-05-11T09:00,30.8,70,0.0,1006.8,10.8,255,78.7,31.8,356.0,11.2,16.8,82.0
2025-05-11T10:00,31.7,66,0.0,1006.9,13.1,251,82.9,33.6,288.0,8.1,18.8,103.0
2025-05-11T11:00,32.2,64,0.0,1006.7,15.0,246,85.0,35.3,237.0,5.6,19.7,119.0
2025-05-11T12:00,32.5,63,0.0,1006.1,15.7,243,84.1,35.2,224.0,4.4,18.9,123.0
2025-05-11T13:00,32.5,62,0.0,1005.2,16.7,237,81.7,34.2,227.0,3.7,17.0,120.0
2025-05-11T14:00,32.2,64,0.0,1004.2,17.3,237,78.9,33.1,238.0,3.7,15.4,115.0
2025-05-11T15:00,32.0,64,0.0,1003.4,18.0,243,76.4,32.0,258.0,4.3,14.6,108.0
2025-05-11T16:00,31.6,65,0.0,1003.3,14.5,248,74.0,31.0,285.0,5.6,14.0,98.0
2025-05-11T17:00,31.5,65,0.0,1003.2,11.4,237,106.4,43.9,305.0,8.2,14.9,90.0
2025-05-11T18:00,30.5,74,0.0,1003.0,13.3,235,104.3,43.8,312.0,11.0,14.8,81.0
2025-05-11T19:00,29.3,81,0.0,1002.7,15.0,233,99.4,43.4,311.0,14.9,14.7,68.0
2025-05-11T20:00,28.7,85,0.0,1003.5,13.7,247,95.7,43.5,302.0,17.8,14.3,59.0
2025-05-11T21:00,28.8,83,0.0,1004.5,14.0,241,87.8,43.3,283.0,19.2,13.4,56.0
2025-05-11T22:00,28.7,83,0.0,1005.5,14.4,257,87.5,43.2,257.0,19.7,12.2,56.0
2025-05-11T23:00,28.6,84,0.0,1005.6,12.7,259,86.6,43.1,232.0,19.2,11.1,57.0
2025-05-12T00:00,28.3,86,0.0,1004.9,12.1,240,85.4,42.4,210.0,17.2,10.3,60.0
2025-05-12T01:00,28.0,86,0.0,1004.3,12.2,243,84.3,41.2,189.0,14.3,9.6,64.0
2025-05-12T02:00,27.8,86,0.0,1003.9,10.2,244,83.8,40.0,175.0,11.8,9.0,67.0
2025-05-12T03:00,27.7,86,0.0,1003.4,10.0,242,82.0,38.8,169.0,10.2,8.1,68.0
2025-05-12T04:00,27.5,88,0.0,1003.3,10.0,240,80.3,37.7,169.0,9.0,7.2,68.0
2025-05-12T05:00,27.4,89,0.0,1003.6,9.7,242,71.2,35.7,183.0,8.8,7.5,69.0
2025-05-12T06:00,27.9,87,0.0,1003.8,11.6,240,71.2,35.5,223.0,9.2,9.2,73.0
2025-05-12T07:00,28.4,83,0.0,1004.3,12.6,244,85.0,36.8,276.0,9.8,11.6,79.0
2025-05-12T08:00,29.5,75,0.0,1005.1,12.8,250,89.6,36.0,305.0,9.6,13.6,87.0
2025-05-12T09:00,30.6,68,0.0,1005.4,14.5,250,89.6,35.4,288.0,8.0,14.9,99.0
2025-05-12T10:00,31.4,65,0.0,1005.2,16.2,247,92.2,35.2,248.0,5.7,15.9,112.0
2025-05-12T11:00,31.7,65,0.0,1004.9,17.8,244,95.9,35.2,219.0,3.9,16.2,121.0
2025-05-12T12:00,32.1,64,0.0,1004.3,18.5,243,102.9,34.8,214.0,3.1,15.6,122.0
2025-05-12T13:00,32.0,65,0.0,1003.7,18.1,245,100.8,33.5,219.0,2.9,14.4,119.0
2025-05-12T14:00,31.8,65,0.0,1003.1,18.1,242,96.2,31.8,228.0,3.2,13.4,115.0
2025-05-12T15:00,31.4,68,0.1,1002.2,18.1,241,92.0,29.9,240.0,3.8,13.0,110.0
2025-05-12T16:00,31.4,67,0.0,1002.2,16.7,246,85.4,27.6,256.0,4.8,12.7,104.0
2025-05-12T17:00,31.0,68,0.0,1002.0,15.5,245,68.5,22.1,269.0,6.4,13.2,97.0
2025-05-12T18:00,29.6,73,0.0,1001.7,17.0,234,59.5,20.0,276.0,8.5,13.4,90.0
2025-05-12T19:00,28.9,76,0.0,1002.1,13.2,235,50.2,18.4,280.0,11.4,13.6,81.0
2025-05-12T20:00,28.7,79,0.0,1003.0,12.2,221,42.4,17.6,282.0,13.7,13.4,73.0
2025-05-12T21:00,28.4,79,0.0,1003.5,12.7,219,35.6,17.2,285.0,15.0,12.6,69.0
2025-05-12T22:00,28.2,82,0.0,1004.0,10.8,232,31.8,16.6,286.0,15.8,11.3,67.0
2025-05-12T23:00,28.1,84,0.0,1004.4,10.0,232,29.3,16.6,277.0,15.9,10.2,66.0
2025-05-13T00:00,27.7,86,0.0,1004.2,9.1,238,27.6,16.8,250.0,15.0,9.3,66.0
2025-05-13T01:00,27.5,88,0.0,1003.7,8.8,242,26.1,16.4,214.0,13.4,8.5,67.0
2025-05-13T02:00,27.2,90,0.0,1003.0,8.7,236,24.9,15.7,187.0,11.8,7.8,68.0
2025-05-13T03:00,27.0,91,0.0,1002.8,9.4,244,24.2,15.1,174.0,10.2,7.2,69.0
2025-05-13T04:00,26.9,92,0.0,1002.9,8.2,238,24.5,14.9,171.0,8.7,6.7,71.0
2025-05-13T05:00,26.8,92,0.0,1003.2,9.7,242,26.8,15.4,182.0,7.3,7.1,75.0
2025-05-13T06:00,27.4,91,0.0,1003.4,11.0,236,27.8,16.2,222.0,8.0,8.3,77.0
2025-05-13T07:00,28.0,87,0.0,1004.0,12.7,235,33.1,18.3,277.0,8.8,10.0,81.0
2025-05-13T08:00,29.2,78,0.0,1004.8,13.5,243,37.3,19.7,307.0,8.9,11.6,87.0
2025-05-13T09:00,30.4,70,0.0,1005.5,14.4,244,40.4,20.9,289.0,7.6,13.2,97.0
2025-05-13T10:00,31.4,64,0.0,1005.6,15.6,247,44.0,22.4,247.0,5.6,14.7,108.0
2025-05-13T11:00,32.0,62,0.0,1005.4,16.3,247,46.6,23.3,216.0,4.1,15.6,116.0
2025-05-13T12:00,32.6,60,0.0,1004.8,16.5,243,49.8,23.9,209.0,3.4,15.4,119.0
2025-05-13T13:00,32.7,62,0.0,1004.1,16.9,241,52.6,23.9,213.0,3.2,14.6,118.0
2025-05-13T14:00,32.4,64,0.0,1003.2,17.3,240,55.4,23.7,223.0,3.4,13.8,115.0
2025-05-13T15:00,32.2,64,0.0,1002.5,16.0,240,53.7,22.9,241.0,4.0,13.2,110.0
2025-05-13T16:00,32.0,62,0.0,1002.5,15.1,245,48.0,21.6,266.0,5.1,12.7,102.0
2025-05-13T17:00,31.5,67,0.0,1002.5,13.8,246,47.4,20.5,285.0,7.1,14.8,97.0
2025-05-13T18:00,30.3,71,0.0,1002.7,12.8,239,42.8,20.4,294.0,9.9,15.4,88.0
2025-05-13T19:00,29.5,76,0.0,1002.7,11.5,230,38.4,20.1,298.0,13.8,16.1,76.0
2025-05-13T20:00,28.9,82,0.0,1003.1,12.2,209,34.1,19.8,296.0,16.9,16.2,66.0
2025-05-13T21:00,28.8,82,0.0,1003.8,11.4,207,31.5,19.8,287.0,18.4,15.2,61.0
2025-05-13T22:00,28.7,82,0.0,1004.3,10.9,232,31.0,19.8,272.0,19.0,13.5,59.0
2025-05-13T23:00,28.5,85,0.0,1004.1,10.7,233,30.5,20.0,254.0,18.9,11.9,57.0
2025-05-14T00:00,28.2,88,0.0,1003.8,11.8,244,29.9,20.0,230.0,17.8,10.5,56.0
2025-05-14T01:00,28.0,89,0.0,1003.6,8.4,251,29.1,19.7,202.0,15.9,9.3,56.0
2025-05-14T02:00,27.8,91,0.0,1003.3,7.6,265,28.5,18.9,184.0,14.0,8.4,57.0
2025-05-14T03:00,27.5,92,0.0,1003.1,7.4,267,29.0,18.5,176.0,11.9,8.0,59.0
2025-05-14T04:00,27.3,93,0.0,1003.1,8.0,252,30.9,18.6,178.0,9.8,7.9,62.0
2025-05-14T05:00,27.3,93,0.0,1003.3,7.5,260,23.6,16.0,201.0,7.8,8.0,65.0
2025-05-14T06:00,27.9,90,0.0,1003.2,8.5,270,26.4,16.7,267.0,9.3,9.1,65.0
2025-05-14T07:00,28.6,87,0.0,1003.8,7.6,263,31.2,18.5,354.0,11.2,10.8,67.0
2025-05-14T08:00,30.1,77,0.0,1004.2,9.4,258,35.5,20.0,404.0,12.0,12.9,74.0
2025-05-14T09:00,31.6,69,0.0,1004.7,9.5,256,40.2,21.7,379.0,10.5,16.0,92.0
2025-05-14T10:00,33.0,62,0.0,1004.7,10.2,244,48.3,24.2,317.0,7.9,19.6,116.0
2025-05-14T11:00,33.8,59,0.0,1004.6,12.0,234,58.9,26.9,270.0,5.8,21.5,133.0
2025-05-14T12:00,34.3,58,0.0,1004.2,13.4,230,63.6,27.6,257.0,4.7,20.5,137.0
2025-05-14T13:00,34.5,57,0.0,1003.7,14.9,223,62.6,26.5,259.0,4.0,17.9,133.0
2025-05-14T14:00,34.1,57,0.0,1002.8,15.5,224,61.9,25.3,269.0,4.1,15.7,127.0
2025-05-14T15:00,34.0,56,0.0,1002.6,11.6,228,63.8,25.0,287.0,4.7,14.5,120.0
2025-05-14T16:00,33.5,59,0.0,1001.9,14.7,219,62.2,24.6,312.0,6.0,13.7,112.0
2025-05-14T17:00,32.5,65,0.0,1001.9,13.0,221,75.0,27.6,337.0,9.0,15.4,101.0
2025-05-14T18:00,30.8,69,0.0,1002.2,13.3,205,67.1,27.0,365.0,14.3,15.1,87.0
2025-05-14T19:00,30.0,76,0.0,1002.6,12.6,202,56.0,25.4,394.0,21.5,14.7,68.0
2025-05-14T20:00,29.5,80,0.0,1003.2,11.5,188,46.4,24.5,403.0,26.4,14.1,54.0
2025-05-14T21:00,29.4,81,0.0,1003.6,12.8,204,41.0,23.3,381.0,26.8,13.1,50.0
2025-05-14T22:00,29.1,83,0.0,1004.2,9.2,223,38.5,22.1,339.0,24.8,11.8,50.0
2025-05-14T23:00,28.9,85,0.0,1004.6,7.3,205,36.6,21.5,299.0,22.9,10.8,51.0
2025-05-15T00:00,28.6,88,0.0,1004.3,8.4,220,35.7,21.5,262.0,21.9,10.2,49.0
2025-05-15T01:00,28.3,89,0.0,1003.9,7.3,242,35.5,21.7,226.0,21.0,9.7,47.0
2025-05-15T02:00,28.1,90,0.0,1003.6,7.1,234,34.1,20.8,204.0,19.5,9.4,47.0
2025-05-15T03:00,27.9,90,0.0,1003.3,7.8,220,32.1,19.2,196.0,16.7,8.9,49.0
2025-05-15T04:00,27.7,91,0.0,1003.3,6.7,226,31.0,17.7,201.0,13.3,8.6,52.0
2025-05-15T05:00,27.6,91,0.0,1003.1,8.5,238,30.4,16.9,231.0,12.2,8.8,54.0
2025-05-15T06:00,28.3,88,0.0,1003.3,8.1,241,29.5,16.3,313.0,13.5,9.6,56.0
2025-05-15T07:00,29.0,83,0.0,1003.8,6.7,232,30.7,18.5,419.0,15.1,10.9,60.0
2025-05-15T08:00,30.4,74,0.0,1004.3,8.2,209,37.3,19.4,479.0,15.3,12.9,70.0
2025-05-15T09:00,31.7,67,0.0,1004.6,9.8,216,41.7,21.0,447.0,12.9,16.5,92.0
2025-05-15T10:00,32.9,62,0.0,1004.6,10.5,217,46.7,22.8,368.0,9.1,20.7,121.0
2025-05-15T11:00,33.6,60,0.0,1004.5,12.3,212,51.0,24.4,304.0,6.1,23.0,140.0
2025-05-15T12:00,33.7,60,0.0,1004.1,14.1,205,53.2,24.4,278.0,4.7,21.8,143.0
2025-05-15T13:00,33.5,61,0.0,1003.7,15.6,204,53.9,23.7,267.0,4.1,18.7,138.0
2025-05-15T14:00,33.3,62,0.0,1002.9,16.2,204,58.2,23.7,268.0,4.2,16.1,131.0
2025-05-15T15:00,33.0,63,0.0,1002.1,16.1,204,65.4,24.4,285.0,4.7,14.9,125.0
2025-05-15T16:00,32.6,64,0.0,1001.7,14.8,210,68.0,24.6,314.0,5.9,14.2,118.0
2025-05-15T17:00,32.1,66,0.0,1001.9,10.5,217,68.2,23.3,340.0,9.3,14.0,103.0
2025-05-15T18:00,31.4,67,0.0,1002.2,10.4,214,64.3,23.8,360.0,16.4,14.1,87.0
2025-05-15T19:00,30.5,71,0.0,1002.4,10.8,208,54.7,23.5,377.0,26.1,14.2,66.0
2025-05-15T20:00,29.9,78,0.0,1002.7,10.6,194,45.4,24.2,382.0,32.5,14.0,50.0
2025-05-15T21:00,29.6,82,0.0,1003.2,10.2,188,41.0,23.7,370.0,32.8,13.3,45.0
2025-05-15T22:00,29.3,84,0.0,1003.6,9.9,184,37.3,22.3,346.0,29.8,12.3,46.0
2025-05-15T23:00,29.1,86,0.0,1004.1,7.7,198,33.3,20.3,319.0,26.5,11.3,47.0
2025-05-16T00:00,28.8,89,0.0,1003.8,7.1,186,31.7,19.0,290.0,23.7,10.3,48.0
2025-05-16T01:00,28.5,90,0.0,1003.4,5.4,222,31.9,18.7,258.0,20.6,9.3,49.0
2025-05-16T02:00,28.3,91,0.0,1003.0,4.5,196,32.7,19.2,234.0,18.0,8.5,50.0
2025-05-16T03:00,28.1,92,0.0,1002.6,6.7,186,38.4,21.7,215.0,16.2,8.0,48.0
2025-05-16T04:00,28.0,92,0.0,1002.5,7.0,177,38.4,21.9,203.0,14.9,7.7,46.0
2025-05-16T05:00,27.8,92,0.0,1002.4,8.1,167,34.0,19.2,214.0,13.2,7.9,48.0
2025-05-16T06:00,28.3,92,0.0,1002.7,8.7,175,29.8,17.8,271.0,13.3,8.9,52.0
2025-05-16T07:00,29.0,87,0.0,1003.3,10.3,185,30.5,17.5,350.0,13.4,10.3,58.0
2025-05-16T08:00,29.9,81,0.0,1003.8,10.7,186,31.9,17.0,394.0,12.6,11.6,67.0
2025-05-16T09:00,30.8,75,0.0,1004.4,12.7,193,34.0,18.0,365.0,10.2,12.8,82.0
2025-05-16T10:00,31.6,71,0.0,1004.1,13.8,195,35.5,18.3,301.0,7.0,14.0,100.0
2025-05-16T11:00,32.2,68,0.0,1004.0,14.5,192,36.2,18.1,252.0,4.6,14.7,114.0
2025-05-16T12:00,32.5,66,0.0,1003.7,14.8,194,36.8,18.0,237.0,3.6,14.4,120.0
2025-05-16T13:00,32.8,64,0.0,1003.2,14.8,198,38.4,18.3,238.0,3.3,13.6,121.0
2025-05-16T14:00,32.8,64,0.0,1002.5,14.9,201,40.9,19.0,249.0,3.7,13.2,119.0
2025-05-16T15:00,32.5,68,0.0,1001.9,13.6,203,43.5,19.9,275.0,4.2,13.6,116.0
2025-05-16T16:00,32.2,68,0.0,1001.3,13.4,206,45.4,20.5,310.0,5.3,14.4,112.0
2025-05-16T17:00,31.6,72,0.0,1001.1,12.9,200,47.8,21.3,339.0,8.0,14.6,100.0
2025-05-16T18:00,30.5,76,0.0,1001.8,12.5,188,47.8,21.4,357.0,14.0,14.9,84.0
2025-05-16T19:00,29.9,80,0.0,1002.1,10.5,192,44.7,20.7,368.0,22.4,15.4,61.0
2025-05-16T20:00,29.7,81,0.0,1002.4,11.7,182,39.3,21.3,363.0,28.3,15.5,44.0
2025-05-16T21:00,29.4,81,0.0,1002.7,13.0,176,37.1,21.1,331.0,30.0,15.1,37.0
2025-05-16T22:00,29.4,81,0.0,1003.1,14.8,171,35.4,20.7,282.0,29.4,14.4,36.0
2025-05-16T23:00,29.2,82,0.0,1003.4,11.9,183,33.5,19.8,240.0,27.4,13.3,36.0
2025-05-17T00:00,29.0,82,0.0,1003.4,10.9,192,30.9,18.1,213.0,23.7,11.7,38.0
2025-05-17T01:00,28.7,86,0.0,1002.9,9.6,201,28.9,16.7,193.0,18.8,9.7,42.0
2025-05-17T02:00,28.4,87,0.0,1002.2,9.3,199,28.8,16.4,180.0,14.7,8.2,46.0
2025-05-17T03:00,28.3,87,0.0,1002.0,9.7,199,28.2,16.0,171.0,12.5,7.3,47.0
2025-05-17T04:00,28.2,86,0.0,1001.8,10.3,191,28.8,15.7,169.0,11.1,6.9,48.0
2025-05-17T05:00,28.1,86,0.0,1002.2,8.0,198,29.2,15.9,184.0,12.3,7.5,47.0
2025-05-17T06:00,28.4,85,0.0,1002.7,7.2,198,30.4,16.0,234.0,12.4,9.7,49.0
2025-05-17T07:00,28.9,81,0.0,1003.3,8.9,194,35.0,17.3,300.0,12.4,12.8,53.0
2025-05-17T08:00,29.7,76,0.0,1003.7,10.6,189,41.1,18.1,337.0,11.7,15.3,60.0
2025-05-17T09:00,30.6,71,0.0,1003.8,12.8,184,45.3,18.7,317.0,9.6,16.9,75.0
2025-05-17T10:00,31.3,67,0.0,1003.9,14.6,179,46.4,20.4,268.0,6.8,18.0,94.0
2025-05-17T11:00,31.9,64,0.0,1003.9,15.7,177,47.4,21.2,230.0,4.7,18.3,108.0
2025-05-17T12:00,32.3,63,0.0,1003.6,15.8,179,46.9,21.1,217.0,3.7,17.2,112.0
2025-05-17T13:00,32.4,64,0.0,1003.2,15.9,190,46.0,20.5,216.0,3.4,15.2,111.0
2025-05-17T14:00,32.5,62,0.0,1002.5,16.2,197,45.1,20.1,224.0,3.6,13.8,107.0
2025-05-17T15:00,32.4,62,0.0,1001.8,15.4,198,44.2,19.7,247.0,3.9,13.6,101.0
2025-05-17T16:00,32.0,64,0.0,1001.4,13.7,198,43.1,19.3,280.0,4.8,14.0,92.0
2025-05-17T17:00,31.5,67,0.0,1001.2,13.1,195,47.3,20.0,302.0,7.1,14.9,84.0
2025-05-17T18:00,30.5,73,0.0,1001.9,11.1,188,42.7,19.2,304.0,12.5,15.1,70.0
2025-05-17T19:00,30.0,75,0.0,1002.0,11.4,187,39.2,18.2,297.0,19.8,15.4,52.0
2025-05-17T20:00,29.7,76,0.0,1002.4,11.5,191,35.2,19.0,288.0,24.7,15.2,38.0
2025-05-17T21:00,29.8,76,0.0,1002.6,13.0,178,34.0,19.0,285.0,24.7,14.1,35.0
2025-05-17T22:00,29.6,77,0.0,1003.1,13.0,182,32.7,18.1,281.0,22.2,12.5,37.0
2025-05-17T23:00,29.5,77,0.0,1003.4,10.1,199,32.1,17.2,268.0,19.9,11.0,39.0
2025-05-18T00:00,29.4,78,0.0,1003.3,9.6,197,32.5,16.8,234.0,18.5,9.7,39.0
2025-05-18T01:00,29.1,80,0.0,1003.0,9.3,208,32.4,16.8,190.0,17.3,8.6,38.0
2025-05-18T02:00,28.8,81,0.0,1002.5,8.2,209,31.7,17.1,163.0,16.4,7.9,37.0
2025-05-18T03:00,28.5,82,0.0,1002.5,6.9,208,32.0,17.1,160.0,16.2,7.5,35.0
2025-05-18T04:00,28.3,83,0.0,1003.0,5.4,249,32.1,16.9,174.0,16.4,7.6,32.0
2025-05-18T05:00,28.1,84,0.0,1002.9,4.2,258,30.2,15.9,203.0,14.9,8.6,34.0
2025-05-18T06:00,28.6,81,0.0,1003.7,5.1,276,30.2,16.2,264.0,13.6,11.6,39.0
2025-05-18T07:00,28.9,79,0.0,1004.0,4.3,248,38.3,17.5,340.0,11.8,15.7,47.0
2025-05-18T08:00,29.9,73,0.0,1004.5,6.9,189,41.0,17.3,382.0,9.9,19.0,58.0
2025-05-18T09:00,30.8,69,0.0,1004.7,9.7,183,42.0,18.3,359.0,8.0,20.9,74.0
2025-05-18T10:00,31.5,65,0.0,1004.6,11.5,184,42.6,19.8,302.0,6.1,22.0,92.0
2025-05-18T11:00,32.1,63,0.0,1004.5,12.8,190,42.8,21.1,256.0,4.7,22.2,105.0
2025-05-18T12:00,32.4,64,0.0,1004.3,12.9,193,40.3,20.5,237.0,3.9,21.1,111.0
2025-05-18T13:00,32.7,62,0.0,1003.6,13.4,202,36.9,19.2,230.0,3.6,19.2,111.0
2025-05-18T14:00,32.8,62,0.0,1002.8,13.7,207,32.9,17.2,233.0,3.7,17.4,108.0
2025-05-18T15:00,32.5,64,0.0,1002.1,14.7,205,30.4,15.6,253.0,4.3,16.0,100.0
2025-05-18T16:00,31.9,66,0.0,1001.4,15.4,206,29.7,15.0,282.0,5.3,14.9,87.0
2025-05-18T17:00,31.3,70,0.0,1001.1,14.5,201,29.6,14.0,301.0,6.9,14.3,76.0
2025-05-18T18:00,30.5,70,0.0,1001.7,14.2,196,29.3,14.1,298.0,9.4,14.2,67.0
2025-05-18T19:00,29.7,75,0.0,1001.9,12.1,200,29.3,14.3,283.0,12.9,14.0,54.0
2025-05-18T20:00,29.4,77,0.0,1002.4,11.5,211,29.9,14.9,268.0,16.1,13.8,43.0
2025-05-18T21:00,29.3,77,0.0,1003.2,8.1,223,30.4,15.7,257.0,19.0,13.5,37.0
2025-05-18T22:00,29.1,77,0.0,1003.2,11.0,221,31.1,16.4,246.0,21.7,13.1,34.0
2025-05-18T23:00,28.9,78,0.0,1003.6,9.8,232,32.1,17.5,231.0,22.9,12.6,32.0
2025-05-19T00:00,28.7,79,0.0,1003.4,8.1,249,32.4,17.8,206.0,21.8,11.7,32.0
2025-05-19T01:00,28.6,80,0.0,1003.0,8.4,254,31.7,17.1,176.0,19.4,10.7,34.0
2025-05-19T02:00,28.4,81,0.0,1002.8,8.8,261,30.9,16.2,156.0,17.0,9.9,36.0
2025-05-19T03:00,28.2,81,0.0,1002.4,9.4,277,29.8,15.3,146.0,15.2,9.2,37.0
2025-05-19T04:00,28.1,82,0.0,1002.3,9.8,276,28.7,14.5,145.0,13.5,8.7,37.0
2025-05-19T05:00,27.9,83,0.0,1002.3,8.6,269,28.9,14.6,161.0,13.2,9.3,37.0
2025-05-19T06:00,28.0,84,0.0,1002.5,8.1,274,28.8,14.8,211.0,12.1,11.2,42.0
2025-05-19T07:00,28.6,80,0.0,1003.0,8.2,261,36.0,16.2,277.0,10.6,13.9,49.0
2025-05-19T08:00,29.8,72,0.0,1003.7,10.1,253,37.7,16.6,314.0,9.0,15.9,57.0
2025-05-19T09:00,30.8,67,0.0,1004.2,11.6,246,37.1,17.1,294.0,7.2,16.6,68.0
2025-05-19T10:00,31.4,65,0.0,1004.3,13.6,233,38.2,18.0,246.0,5.2,16.7,81.0
2025-05-19T11:00,31.9,64,0.0,1004.3,14.7,227,39.6,18.8,210.0,3.8,16.4,90.0
2025-05-19T12:00,32.4,62,0.0,1004.0,15.3,229,40.2,19.0,202.0,3.1,15.6,94.0
2025-05-19T13:00,32.7,60,0.0,1003.3,16.2,225,40.3,18.7,207.0,2.9,14.5,94.0
2025-05-19T14:00,32.6,61,0.0,1002.6,16.7,225,41.1,18.7,217.0,3.2,13.6,92.0
2025-05-19T15:00,32.2,62,0.0,1001.8,16.1,229,41.6,18.6,235.0,4.0,13.4,87.0
2025-05-19T16:00,31.9,64,0.0,1001.2,15.7,232,42.1,18.4,259.0,5.2,13.4,80.0
2025-05-19T17:00,31.2,67,0.0,1000.8,15.1,237,53.0,21.3,273.0,6.8,13.7,73.0
2025-05-19T18:00,30.5,70,0.0,1001.4,12.5,234,54.2,21.7,270.0,10.3,13.8,64.0
2025-05-19T19:00,29.9,74,0.0,1001.2,12.4,228,53.3,21.7,257.0,15.1,13.9,51.0
2025-05-19T20:00,29.5,75,0.0,1001.4,13.9,217,49.2,22.0,242.0,18.5,13.7,42.0
2025-05-19T21:00,29.1,77,0.0,1002.9,12.2,261,49.5,21.9,228.0,19.4,13.0,39.0
2025-05-19T22:00,29.2,76,0.0,1003.4,13.0,266,48.5,22.1,213.0,19.0,12.1,39.0
2025-05-19T23:00,29.0,77,0.0,1003.6,12.6,266,48.3,22.3,198.0,17.9,11.2,40.0
2025-05-20T00:00,28.8,78,0.0,1003.5,11.9,259,48.4,22.4,182.0,16.2,10.4,41.0
2025-05-20T01:00,28.7,79,0.0,1003.0,10.8,234,48.0,22.0,165.0,14.0,9.6,43.0
2025-05-20T02:00,28.5,80,0.0,1002.8,11.1,241,46.8,21.5,153.0,11.9,8.9,45.0
2025-05-20T03:00,28.4,80,0.0,1002.3,11.6,248,44.6,20.5,144.0,10.2,8.2,46.0
2025-05-20T04:00,28.3,80,0.0,1002.2,11.1,253,42.5,19.5,139.0,8.7,7.6,48.0
2025-05-20T05:00,28.2,81,0.0,1002.5,11.3,257,42.5,19.2,148.0,7.0,8.0,50.0
2025-05-20T06:00,28.7,80,0.0,1002.6,11.4,252,41.6,19.0,185.0,7.2,9.1,52.0
2025-05-20T07:00,29.2,77,0.0,1003.2,13.9,257,45.3,20.1,236.0,7.4,10.7,55.0
2025-05-20T08:00,30.2,71,0.0,1003.6,14.2,258,50.3,20.6,266.0,7.1,12.0,60.0
2025-05-20T09:00,31.2,64,0.0,1003.7,14.7,259,59.0,21.6,252.0,6.0,12.6,69.0
2025-05-20T10:00,32.1,61,0.0,1003.7,15.4,256,71.9,23.6,217.0,4.5,12.9,79.0
2025-05-20T11:00,32.8,58,0.0,1003.4,16.5,250,82.4,24.9,191.0,3.3,13.0,87.0
2025-05-20T12:00,33.1,58,0.0,1003.1,17.2,244,88.5,25.7,185.0,2.8,12.7,91.0
2025-05-20T13:00,33.3,57,0.0,1002.5,17.1,245,86.6,25.3,189.0,2.6,12.3,91.0
2025-05-20T14:00,33.2,58,0.0,1001.7,16.8,247,85.9,25.0,198.0,2.9,12.1,90.0
2025-05-20T15:00,32.9,59,0.0,1001.0,16.4,245,85.2,24.7,216.0,3.6,12.5,86.0
2025-05-20T16:00,32.6,60,0.0,1000.4,16.1,245,86.1,24.4,240.0,4.7,13.1,80.0
2025-05-20T17:00,32.0,63,0.0,1000.1,15.5,245,108.7,27.8,256.0,6.4,15.4,78.0
2025-05-20T18:00,30.8,70,0.0,1000.5,13.1,254,102.2,26.5,258.0,8.3,15.5,70.0
2025-05-20T19:00,29.9,74,0.0,1000.3,12.6,261,94.5,25.3,252.0,11.0,15.5,58.0
2025-05-20T20:00,29.4,77,0.0,1000.6,11.6,264,86.6,24.3,244.0,13.1,15.4,49.0
2025-05-20T21:00,29.2,78,0.0,1001.4,12.6,253,81.5,23.4,238.0,14.4,15.0,45.0
2025-05-20T22:00,29.2,78,0.0,1001.9,13.0,244,75.2,22.9,230.0,15.2,14.3,45.0
2025-05-20T23:00,28.9,80,0.0,1002.3,13.4,243,72.9,22.9,218.0,15.1,13.4,45.0
2025-05-21T00:00,28.8,80,0.0,1002.3,12.6,245,72.4,22.6,197.0,13.5,11.9,47.0
2025-05-21T01:00,28.7,80,0.0,1002.0,12.8,251,71.2,21.8,171.0,11.1,10.2,50.0
2025-05-21T02:00,28.5,82,0.0,1001.9,12.4,260,68.7,20.9,152.0,9.1,8.9,52.0
2025-05-21T03:00,28.3,83,0.0,1001.8,11.9,259,67.1,20.3,142.0,8.2,8.2,53.0
2025-05-21T04:00,28.4,81,0.0,1001.8,12.2,251,66.8,20.1,140.0,7.7,7.9,53.0
2025-05-21T05:00,28.1,82,0.0,1002.0,11.6,246,67.8,20.2,151.0,7.2,8.2,54.0
2025-05-21T06:00,28.5,83,0.0,1002.2,12.7,247,72.6,21.1,189.0,7.7,9.9,56.0
2025-05-21T07:00,29.0,80,0.0,1002.7,13.8,255,96.6,24.2,240.0,8.3,12.3,60.0
2025-05-21T08:00,29.8,74,0.0,1003.1,14.0,263,133.2,28.0,271.0,8.3,14.2,66.0
2025-05-21T09:00,30.9,67,0.0,1003.6,14.9,263,140.2,29.7,260.0,7.0,15.1,77.0
2025-05-21T10:00,32.0,61,0.0,1003.6,15.0,260,140.2,31.2,228.0,5.0,15.4,90.0
2025-05-21T11:00,32.6,60,0.0,1003.4,15.6,256,136.0,32.1,205.0,3.6,15.6,100.0
2025-05-21T12:00,32.9,60,0.0,1003.0,16.0,249,131.3,32.1,201.0,3.1,15.7,105.0
2025-05-21T13:00,32.9,60,0.0,1002.4,16.3,244,129.5,32.0,205.0,3.1,15.6,108.0
2025-05-21T14:00,32.8,61,0.0,1001.5,15.9,241,126.2,31.7,214.0,3.5,15.5,107.0
2025-05-21T15:00,32.4,62,0.0,1000.8,15.5,239,121.5,30.9,232.0,4.3,15.3,102.0
2025-05-21T16:00,32.0,64,0.0,1000.4,14.8,241,116.4,29.7,255.0,5.4,14.9,93.0
2025-05-21T17:00,31.3,67,0.0,1000.2,14.6,243,149.0,34.3,271.0,6.9,15.9,87.0
2025-05-21T18:00,30.5,73,0.0,1000.6,14.1,235,133.2,32.4,272.0,9.2,15.9,77.0
2025-05-21T19:00,30.0,75,0.0,1000.7,13.3,240,116.2,30.5,266.0,12.4,15.8,63.0
2025-05-21T20:00,29.8,75,0.0,1001.0,13.4,239,104.1,29.2,258.0,15.1,15.4,52.0
2025-05-21T21:00,29.3,77,0.0,1001.6,14.5,236,89.9,27.9,253.0,17.1,14.6,46.0
2025-05-21T22:00,29.1,78,0.0,1002.1,13.6,244,86.8,27.6,247.0,18.5,13.6,44.0
2025-05-21T23:00,28.9,79,0.0,1002.8,13.9,257,85.4,27.3,235.0,18.6,12.5,43.0
2025-05-22T00:00,28.8,80,0.1,1002.7,14.1,260,84.3,26.0,210.0,16.2,11.4,45.0
2025-05-22T01:00,28.6,81,0.1,1002.3,13.5,256,78.0,23.7,179.0,12.4,10.3,50.0
2025-05-22T02:00,28.4,82,0.0,1001.7,11.6,251,72.9,21.7,155.0,9.4,9.4,53.0
2025-05-22T03:00,28.1,83,0.0,1001.6,11.1,253,68.9,20.3,141.0,8.3,8.7,53.0
2025-05-22T04:00,27.9,84,0.0,1001.4,10.9,261,66.8,19.5,135.0,8.0,8.3,53.0
2025-05-22T05:00,27.9,85,0.0,1001.5,10.8,266,78.2,20.6,144.0,7.6,8.7,53.0
2025-05-22T06:00,28.3,85,0.0,1001.3,10.4,269,78.9,20.9,182.0,8.0,10.4,55.0
2025-05-22T07:00,28.9,81,0.0,1001.9,13.0,268,96.4,23.2,234.0,8.6,12.8,57.0
2025-05-22T08:00,29.9,75,0.0,1002.1,13.9,266,113.9,25.0,267.0,8.5,14.7,63.0
2025-05-22T09:00,30.9,69,0.0,1002.2,14.3,258,115.7,26.4,259.0,7.3,15.8,74.0
2025-05-22T10:00,31.6,66,0.0,1002.2,15.7,254,110.4,27.0,231.0,5.4,16.4,88.0
2025-05-22T11:00,32.1,64,0.0,1001.9,16.9,253,106.4,27.3,210.0,4.0,16.5,98.0
2025-05-22T12:00,32.5,62,0.0,1001.7,17.3,246,101.0,26.5,205.0,3.3,15.8,101.0
2025-05-22T13:00,32.3,64,0.0,1001.3,17.3,237,96.6,25.3,206.0,3.1,14.5,99.0
2025-05-22T14:00,32.3,62,0.0,1000.4,16.9,239,94.1,24.4,214.0,3.3,13.6,96.0
2025-05-22T15:00,32.3,62,0.0,1000.0,16.5,248,91.7,23.6,233.0,3.8,13.3,91.0
2025-05-22T16:00,31.9,64,0.0,999.5,16.4,247,84.3,22.3,258.0,4.7,13.4,84.0
2025-05-22T17:00,31.1,68,0.0,999.3,15.7,243,85.7,22.1,276.0,6.6,13.7,76.0
2025-05-22T18:00,30.5,71,0.0,999.2,13.3,251,78.7,21.3,283.0,10.8,14.0,66.0
2025-05-22T19:00,29.7,77,0.0,999.2,12.1,250,68.7,20.3,283.0,16.5,14.3,53.0
2025-05-22T20:00,29.2,80,0.0,999.9,12.2,246,57.0,20.3,277.0,20.8,14.3,43.0
2025-05-22T21:00,29.0,81,0.0,1000.2,11.7,253,56.6,20.5,265.0,22.3,13.8,39.0
2025-05-22T22:00,28.7,83,0.0,1000.5,12.4,251,56.2,21.0,248.0,22.4,13.1,38.0
2025-05-22T23:00,28.5,84,0.0,1000.9,11.7,257,56.0,21.4,228.0,21.4,12.1,39.0
2025-05-23T00:00,28.4,84,0.0,1000.7,14.0,263,56.1,21.3,202.0,19.1,10.7,41.0
2025-05-23T01:00,28.3,85,0.0,1000.2,14.0,263,55.5,20.3,173.0,15.9,9.1,43.0
2025-05-23T02:00,28.1,85,0.0,999.8,12.5,277,54.9,19.1,152.0,13.0,8.0,46.0
2025-05-23T03:00,28.1,84,0.0,999.5,12.5,277,54.7,18.2,141.0,10.8,7.8,48.0
2025-05-23T04:00,28.0,84,0.0,999.3,12.4,271,54.2,17.6,137.0,9.0,8.1,50.0
2025-05-23T05:00,27.7,85,0.0,999.4,13.9,269,44.0,15.9,147.0,7.7,7.8,52.0
2025-05-23T06:00,28.0,87,0.0,1000.0,13.7,274,45.9,15.9,183.0,7.7,8.7,54.0
2025-05-23T07:00,28.7,82,0.0,1000.1,14.7,277,51.6,16.8,232.0,7.6,9.9,58.0
2025-05-23T08:00,30.0,71,0.0,1000.4,16.1,280,66.4,19.0,261.0,7.2,11.0,64.0
2025-05-23T09:00,31.0,67,0.0,1000.5,14.6,279,61.5,18.5,251.0,6.2,11.9,74.0
2025-05-23T10:00,32.3,62,0.0,1000.3,14.2,270,61.7,19.4,221.0,4.9,12.7,86.0
2025-05-23T11:00,33.1,59,0.0,999.7,15.5,269,62.2,20.0,200.0,3.9,13.3,95.0
2025-05-23T12:00,33.6,56,0.0,998.9,17.1,267,61.2,20.1,197.0,3.5,13.5,100.0
2025-05-23T13:00,33.8,55,0.0,998.0,16.9,263,58.2,19.9,202.0,3.4,13.5,102.0
2025-05-23T14:00,33.7,55,0.0,997.2,16.7,251,54.7,19.6,212.0,3.8,13.4,101.0
2025-05-23T15:00,33.0,59,0.0,996.6,16.9,239,51.7,19.3,233.0,4.4,13.3,96.0
2025-05-23T16:00,32.1,66,0.0,996.2,16.5,235,49.8,18.7,259.0,5.5,13.2,88.0
2025-05-23T17:00,31.3,69,0.0,995.8,16.7,237,52.5,18.5,275.0,7.8,13.9,79.0
2025-05-23T18:00,30.6,72,0.0,996.4,14.2,234,53.4,18.2,271.0,12.1,14.0,67.0
2025-05-23T19:00,29.7,78,0.0,996.8,13.8,234,52.5,18.1,255.0,17.9,14.0,51.0
2025-05-23T20:00,29.3,81,0.0,997.4,14.6,226,50.1,18.9,239.0,21.7,13.6,40.0
2025-05-23T21:00,29.0,83,0.0,998.0,15.5,228,49.9,19.4,226.0,21.6,12.5,38.0
2025-05-23T22:00,28.9,83,0.0,998.5,16.6,236,49.2,19.1,213.0,19.5,10.9,40.0
2025-05-23T23:00,28.9,83,0.0,999.3,15.7,260,48.3,18.3,198.0,16.9,9.6,43.0
2025-05-24T00:00,28.9,83,0.0,999.3,14.7,262,48.3,17.6,179.0,14.1,8.6,46.0
2025-05-24T01:00,28.7,83,0.0,998.9,14.0,258,48.3,17.2,158.0,10.9,7.8,50.0
2025-05-24T02:00,28.7,83,0.0,998.3,15.0,264,46.7,16.7,143.0,8.4,7.3,53.0
2025-05-24T03:00,28.5,83,0.0,998.1,14.8,271,45.5,16.5,134.0,7.1,7.0,54.0
2025-05-24T04:00,28.7,79,0.0,998.2,14.7,276,44.5,16.4,130.0,6.5,7.1,55.0
2025-05-24T05:00,28.8,78,0.0,998.4,15.0,276,41.4,15.9,140.0,5.9,7.2,57.0
2025-05-24T06:00,28.7,81,0.0,999.1,13.7,267,43.3,16.6,177.0,6.6,8.3,58.0
2025-05-24T07:00,29.3,76,0.0,999.4,14.8,264,51.9,19.0,228.0,7.4,9.9,60.0
2025-05-24T08:00,30.1,71,0.0,999.6,16.2,270,55.3,19.9,259.0,7.7,11.4,65.0
2025-05-24T09:00,31.2,65,0.0,999.8,16.0,271,57.0,21.1,250.0,6.8,12.9,76.0
2025-05-24T10:00,32.2,61,0.0,999.9,15.5,265,59.4,22.8,221.0,5.3,14.5,90.0
2025-05-24T11:00,32.9,58,0.0,999.7,16.2,261,62.9,23.9,199.0,4.2,15.4,100.0
2025-05-24T12:00,33.2,58,0.0,998.9,16.4,255,63.3,24.3,195.0,3.7,15.4,104.0
2025-05-24T13:00,33.1,60,0.0,998.4,17.1,246,63.1,24.3,199.0,3.5,14.8,104.0
2025-05-24T14:00,32.9,60,0.0,997.5,17.9,244,62.4,24.0,208.0,3.7,14.1,101.0
2025-05-24T15:00,32.7,62,0.0,996.8,18.3,244,61.2,23.5,225.0,4.2,13.5,94.0
2025-05-24T16:00,32.3,64,0.0,996.5,17.3,249,59.8,22.8,248.0,5.1,12.8,84.0
2025-05-24T17:00,31.9,66,0.0,996.6,15.3,255,73.8,25.3,263.0,6.9,12.8,75.0
2025-05-24T18:00,31.8,69,0.0,996.7,12.5,250,71.5,25.4,264.0,9.9,13.2,66.0
2025-05-24T19:00,30.3,78,0.0,997.0,13.4,253,68.7,25.4,258.0,14.1,13.7,55.0
2025-05-24T20:00,29.9,80,0.0,997.5,14.1,240,64.0,25.5,250.0,17.0,13.7,46.0
2025-05-24T21:00,29.7,82,0.0,997.7,15.1,244,60.8,25.7,242.0,17.7,13.0,43.0
2025-05-24T22:00,29.6,82,0.0,998.7,17.2,265,60.5,25.7,232.0,17.1,11.9,44.0
2025-05-24T23:00,29.6,82,0.0,999.3,15.5,275,60.3,25.8,217.0,15.9,10.7,45.0
2025-05-25T00:00,29.5,82,0.0,999.1,14.6,272,59.8,25.6,193.0,13.8,9.5,47.0
2025-05-25T01:00,29.2,85,0.0,998.6,13.1,272,57.4,24.5,165.0,10.9,8.2,50.0
2025-05-25T02:00,28.9,87,0.0,998.5,11.7,265,56.3,24.0,145.0,8.7,7.3,52.0
2025-05-25T03:00,28.8,87,0.0,998.6,12.2,253,56.0,23.6,136.0,7.6,6.9,53.0
2025-05-25T04:00,28.9,86,0.0,999.2,12.0,251,56.7,23.6,135.0,7.1,6.9,53.0
2025-05-25T05:00,28.8,84,0.0,999.6,11.8,249,69.2,24.6,147.0,5.7,7.2,57.0
2025-05-25T06:00,29.2,87,0.0,999.3,13.2,255,65.4,24.7,185.0,6.4,8.3,58.0
2025-05-25T07:00,29.6,83,0.0,1000.0,15.8,262,67.8,25.3,237.0,7.4,9.9,60.0
2025-05-25T08:00,30.6,76,0.0,1000.5,16.0,268,71.0,26.3,269.0,7.8,11.4,65.0
2025-05-25T09:00,31.8,68,0.0,1000.9,15.7,273,72.9,27.2,261.0,7.0,12.9,76.0
2025-05-25T10:00,33.0,62,0.0,1001.1,14.6,274,74.0,28.1,233.0,5.5,14.4,90.0
2025-05-25T11:00,33.8,59,0.0,1000.9,15.3,261,72.6,28.5,212.0,4.4,15.3,100.0
2025-05-25T12:00,33.9,60,0.0,1000.7,16.6,251,70.3,28.1,207.0,3.8,15.1,103.0
2025-05-25T13:00,33.9,60,0.0,1000.2,16.9,250,68.7,27.4,209.0,3.5,14.3,102.0
2025-05-25T14:00,33.8,60,0.0,999.5,17.4,250,66.4,26.7,216.0,3.6,13.5,98.0
2025-05-25T15:00,33.3,62,0.0,998.9,17.7,250,65.4,26.0,230.0,4.3,13.1,91.0
2025-05-25T16:00,32.8,65,0.0,998.6,17.5,253,64.0,25.5,249.0,5.5,12.7,81.0
2025-05-25T17:00,32.2,68,0.0,998.7,17.1,258,85.9,32.6,261.0,7.4,13.6,75.0
2025-05-25T18:00,31.3,72,0.0,998.7,16.7,252,83.1,32.1,260.0,9.9,13.4,66.0
2025-05-25T19:00,30.3,78,0.0,999.2,13.8,263,79.2,32.1,252.0,13.4,13.2,55.0
2025-05-25T20:00,30.1,79,0.0,999.7,11.2,272,74.5,32.0,243.0,15.9,13.0,46.0
2025-05-25T21:00,29.8,81,0.0,1000.2,11.9,273,71.9,32.0,234.0,16.6,12.9,43.0
2025-05-25T22:00,29.6,84,0.0,1000.9,13.5,271,69.2,31.9,224.0,16.4,12.8,44.0
2025-05-25T23:00,29.4,85,0.0,1001.5,12.4,269,67.8,31.7,211.0,15.5,12.4,45.0
2025-05-26T00:00,29.2,86,0.0,1001.4,12.1,265,63.1,30.6,190.0,13.7,11.3,47.0
2025-05-26T01:00,29.1,86,0.0,1001.2,13.7,267,59.5,29.1,166.0,11.3,10.0,50.0
2025-05-26T02:00,29.0,87,0.0,1001.1,14.2,270,56.3,27.7,149.0,9.2,8.8,52.0
2025-05-26T03:00,29.0,86,0.0,1001.1,13.6,278,53.4,26.4,137.0,7.5,7.9,54.0
2025-05-26T04:00,28.9,86,0.0,1001.3,12.8,290,50.1,25.0,132.0,6.1,7.2,55.0
2025-05-26T05:00,28.8,87,0.0,1001.7,12.4,287,49.6,24.4,145.0,6.2,7.6,57.0
2025-05-26T06:00,29.1,84,0.0,1001.9,12.7,277,49.6,24.1,196.0,7.1,8.9,57.0
2025-05-26T07:00,29.4,81,0.0,1002.2,13.0,275,59.0,25.7,264.0,8.3,10.7,58.0
2025-05-26T08:00,30.6,74,0.0,1002.4,13.4,278,63.6,26.5,305.0,8.7,12.4,63.0
2025-05-26T09:00,32.0,67,0.0,1002.5,13.8,285,64.7,27.1,289.0,7.7,14.0,75.0
2025-05-26T10:00,33.3,62,0.0,1002.2,13.7,289,67.3,28.2,244.0,6.0,15.5,91.0
2025-05-26T11:00,34.5,58,0.0,1001.9,14.3,288,69.6,29.2,211.0,4.6,16.4,103.0
2025-05-26T12:00,35.3,56,0.0,1001.3,14.9,278,70.1,29.2,205.0,3.9,16.3,107.0
2025-05-26T13:00,35.5,54,0.0,1000.5,16.4,271,67.1,28.2,212.0,3.5,15.5,106.0
2025-05-26T14:00,35.3,54,0.0,999.6,16.9,263,63.6,26.8,223.0,3.7,14.8,102.0
2025-05-26T15:00,34.5,57,0.0,998.8,17.2,256,60.5,25.4,242.0,4.5,14.2,94.0
2025-05-26T16:00,33.7,60,0.0,998.5,17.1,258,58.2,24.3,265.0,5.8,13.6,84.0
2025-05-26T17:00,32.9,63,0.0,997.9,16.6,260,87.8,37.8,281.0,9.9,16.1,83.0
2025-05-26T18:00,31.9,68,0.0,998.3,14.6,265,82.0,34.9,283.0,13.8,14.8,69.0
2025-05-26T19:00,30.5,79,0.0,998.2,14.5,264,73.3,32.9,277.0,19.1,13.1,51.0
2025-05-26T20:00,29.6,85,0.0,998.8,11.7,266,65.0,31.3,265.0,22.4,11.6,38.0
2025-05-26T21:00,29.4,87,0.0,999.4,14.4,273,59.1,30.0,244.0,21.9,10.8,36.0
2025-05-26T22:00,29.4,86,0.0,1000.1,13.4,275,53.0,28.9,218.0,19.3,10.4,40.0
2025-05-26T23:00,29.5,83,0.0,1000.5,14.5,276,50.2,27.8,194.0,16.5,9.9,44.0
2025-05-27T00:00,29.5,82,0.0,1000.2,15.4,275,47.1,26.0,176.0,13.6,9.1,47.0
2025-05-27T01:00,29.4,81,0.0,999.5,14.5,276,44.7,24.0,160.0,10.4,8.3,50.0
2025-05-27T02:00,29.0,85,0.0,999.1,13.9,274,42.0,22.1,148.0,7.9,7.7,52.0
2025-05-27T03:00,28.8,85,0.0,998.7,14.8,276,38.9,20.2,136.0,6.5,7.2,53.0
2025-05-27T04:00,28.8,86,0.0,998.9,16.2,282,37.0,18.9,127.0,5.8,7.0,53.0
2025-05-27T05:00,28.6,86,0.0,999.0,15.9,285,30.2,17.5,136.0,6.0,7.3,52.0
2025-05-27T06:00,28.9,84,0.0,999.1,15.4,276,32.5,17.3,179.0,6.8,8.2,53.0
2025-05-27T07:00,29.3,81,0.0,999.5,16.4,279,37.5,18.6,239.0,7.8,9.5,55.0
2025-05-27T08:00,30.4,74,0.0,999.7,16.6,282,43.1,20.0,276.0,8.2,10.7,60.0
2025-05-27T09:00,31.6,69,0.0,1000.1,15.7,279,46.8,21.1,266.0,7.2,11.7,72.0
2025-05-27T10:00,32.7,63,0.0,1000.0,15.1,269,49.5,22.1,233.0,5.5,12.5,86.0
2025-05-27T11:00,33.4,60,0.0,999.9,16.1,264,53.6,23.1,208.0,4.2,13.1,97.0
2025-05-27T12:00,33.9,58,0.0,999.5,16.2,257,57.2,23.6,204.0,3.6,13.3,101.0
2025-05-27T13:00,34.0,58,0.0,998.9,16.5,248,57.0,23.6,209.0,3.5,13.1,101.0
2025-05-27T14:00,33.7,60,0.0,998.0,17.8,246,55.2,23.3,218.0,3.8,12.9,98.0
2025-05-27T15:00,32.9,66,0.0,997.5,19.1,245,53.8,23.0,232.0,4.7,12.6,92.0
2025-05-27T16:00,32.2,68,0.0,997.0,19.1,249,51.6,22.8,251.0,6.2,12.2,83.0
2025-05-27T17:00,31.8,71,0.0,996.7,18.6,256,63.3,27.4,262.0,7.0,11.9,73.0
2025-05-27T18:00,31.3,75,0.0,997.0,16.1,254,59.6,27.2,262.0,9.4,11.9,66.0
2025-05-27T19:00,30.5,78,0.0,997.0,16.1,254,54.7,27.0,254.0,12.6,11.9,57.0
2025-05-27T20:00,30.0,80,0.0,997.5,16.0,261,50.4,26.4,245.0,14.9,11.8,50.0
2025-05-27T21:00,29.8,80,0.0,997.9,15.5,260,44.9,24.9,233.0,15.2,11.4,48.0
2025-05-27T22:00,29.6,80,0.0,998.2,15.3,254,43.7,24.3,220.0,14.5,10.7,49.0
2025-05-27T23:00,29.4,81,0.0,998.8,11.9,274,44.1,24.3,210.0,13.7,10.2,49.0
2025-05-28T00:00,29.4,82,0.0,998.9,11.2,285,44.5,24.1,209.0,13.3,9.8,48.0
2025-05-28T01:00,29.0,86,0.0,998.2,9.2,270,46.3,24.8,211.0,12.9,9.5,47.0
2025-05-28T02:00,28.6,89,0.0,997.7,10.5,251,44.0,23.7,209.0,12.1,9.2,47.0
2025-05-28T03:00,28.6,88,0.0,997.6,12.8,248,41.0,21.7,192.0,10.5,8.6,49.0
2025-05-28T04:00,28.5,88,0.0,997.4,13.1,240,40.0,20.1,170.0,8.7,7.9,52.0
2025-05-28T05:00,28.5,88,0.0,997.5,12.9,235,44.8,20.4,165.0,7.6,7.7,56.0
2025-05-28T06:00,28.8,92,0.0,997.8,12.5,245,45.1,20.3,198.0,7.9,9.1,58.0
2025-05-28T07:00,29.4,87,0.0,998.6,16.3,251,49.8,21.4,248.0,8.3,11.1,61.0
2025-05-28T08:00,30.4,80,0.0,999.0,17.3,259,81.7,29.5,278.0,8.2,12.9,67.0
2025-05-28T09:00,31.6,72,0.0,999.2,17.7,264,66.8,25.0,265.0,7.1,14.4,79.0
2025-05-28T10:00,32.8,66,0.0,999.2,16.6,268,69.8,26.4,231.0,5.4,15.6,95.0
2025-05-28T11:00,33.9,62,0.0,998.7,15.0,266,74.5,28.1,209.0,4.2,16.5,107.0
2025-05-28T12:00,34.5,61,0.0,998.1,14.1,253,78.5,29.3,210.0,3.7,16.7,114.0
2025-05-28T13:00,34.5,62,0.0,997.5,15.6,241,85.2,30.6,221.0,3.6,16.5,119.0
2025-05-28T14:00,34.1,65,0.0,996.5,16.0,240,92.2,31.9,239.0,4.2,16.2,119.0
2025-05-28T15:00,33.7,66,0.0,995.9,15.3,238,100.1,33.1,263.0,5.3,16.2,115.0
2025-05-28T16:00,33.0,68,0.0,995.3,14.6,238,109.2,33.9,292.0,7.2,16.1,107.0
2025-05-28T17:00,32.3,73,0.0,995.1,13.1,237,96.6,32.2,323.0,9.9,16.1,98.0
2025-05-28T18:00,30.8,79,0.0,995.9,12.9,230,95.0,31.2,355.0,13.9,14.9,87.0
2025-05-28T19:00,30.1,84,0.0,996.0,10.0,231,83.6,29.5,388.0,19.4,13.3,71.0
2025-05-28T20:00,29.7,86,0.0,995.7,12.5,198,66.6,27.5,414.0,23.5,12.3,59.0
2025-05-28T21:00,29.6,87,0.0,997.2,11.2,235,57.4,26.5,432.0,25.2,12.5,54.0
2025-05-28T22:00,29.5,86,0.0,997.5,8.1,225,55.3,26.1,443.0,25.5,13.3,52.0
2025-05-28T23:00,29.2,87,0.0,998.0,5.9,247,49.1,25.4,437.0,24.3,13.5,51.0
2025-05-29T00:00,28.9,90,0.0,997.4,8.1,215,43.0,24.2,406.0,20.7,12.6,52.0
2025-05-29T01:00,28.7,91,0.0,997.1,7.8,218,37.4,21.7,360.0,15.6,11.2,54.0
2025-05-29T02:00,28.5,92,0.0,996.2,9.0,223,32.7,19.2,313.0,11.4,9.9,55.0
2025-05-29T03:00,28.3,92,0.0,995.7,10.2,240,31.2,17.8,251.0,8.9,8.9,55.0
2025-05-29T04:00,28.3,91,0.0,995.7,11.6,249,33.5,17.5,189.0,7.3,8.0,54.0
2025-05-29T05:00,28.2,92,0.0,995.8,10.0,256,35.2,17.2,192.0,7.3,7.3,56.0
2025-05-29T06:00,29.0,92,0.0,996.6,6.3,263,40.2,18.3,329.0,10.0,8.2,54.0
2025-05-29T07:00,29.5,88,0.0,997.1,4.1,283,48.9,21.0,531.0,13.7,9.7,52.0
2025-05-29T08:00,30.7,81,0.0,997.2,0.9,143,73.1,25.4,661.0,15.8,12.1,61.0
2025-05-29T09:00,32.7,69,0.0,997.5,1.2,153,115.9,32.7,647.0,14.8,16.8,90.0
2025-05-29T10:00,34.9,59,0.0,997.2,4.5,185,188.6,44.4,560.0,12.2,22.6,130.0
2025-05-29T11:00,35.4,61,0.0,997.1,12.4,206,279.4,55.9,474.0,9.8,25.9,159.0
2025-05-29T12:00,35.5,62,0.0,996.4,12.8,202,247.7,49.8,404.0,7.6,25.0,168.0
2025-05-29T13:00,36.0,55,0.0,995.6,14.5,207,192.3,40.4,335.0,5.5,21.7,165.0
2025-05-29T14:00,36.6,48,0.0,994.9,15.1,215,195.1,41.2,300.0,5.0,18.3,158.0
2025-05-29T15:00,36.8,43,0.0,994.1,15.8,226,224.4,48.0,326.0,7.3,15.4,146.0
2025-05-29T16:00,36.1,44,0.0,993.6,15.9,226,219.3,50.6,385.0,11.2,12.5,129.0
2025-05-29T17:00,35.5,44,0.0,993.0,15.2,230,196.0,50.2,426.0,14.9,12.3,117.0
2025-05-29T18:00,34.1,50,0.0,993.5,11.1,250,178.3,47.5,430.0,17.5,10.8,104.0
2025-05-29T19:00,33.5,48,0.0,993.7,10.6,261,153.2,42.1,416.0,21.0,8.6,87.0
2025-05-29T20:00,32.6,50,0.0,993.9,14.4,267,151.3,38.5,393.0,22.5,7.1,76.0
2025-05-29T21:00,32.2,51,0.0,994.5,15.1,261,126.2,33.8,359.0,20.2,6.9,77.0
2025-05-29T22:00,32.8,45,0.0,995.0,16.9,272,106.9,30.0,316.0,15.8,7.2,83.0
2025-05-29T23:00,32.1,52,0.0,995.0,21.6,273,93.1,27.6,273.0,11.9,7.3,90.0
2025-05-30T00:00,31.5,59,0.0,994.8,20.3,269,87.1,26.3,229.0,9.1,6.7,95.0
2025-05-30T01:00,31.2,59,0.0,994.1,15.7,275,81.7,25.3,184.0,6.6,5.8,99.0
2025-05-30T02:00,30.5,65,0.0,994.1,19.7,275,80.1,25.1,155.0,4.9,5.2,102.0
2025-05-30T03:00,30.4,63,0.0,994.0,17.9,289,83.8,25.6,145.0,3.8,5.0,103.0
2025-05-30T04:00,30.4,60,0.0,994.0,17.0,285,92.4,26.4,149.0,3.5,5.1,103.0
2025-05-30T05:00,30.2,61,0.0,994.4,15.9,284,87.3,24.9,172.0,4.0,5.4,95.0
2025-05-30T06:00,30.0,73,0.0,994.9,18.5,270,97.8,26.5,231.0,7.3,6.0,91.0
2025-05-30T07:00,30.4,74,0.0,995.6,14.6,269,111.8,29.6,307.0,11.8,6.8,86.0
2025-05-30T08:00,31.1,75,0.0,996.1,13.7,268,117.8,32.6,350.0,14.2,7.7,87.0
2025-05-30T09:00,33.1,61,0.0,996.4,15.4,281,192.8,43.2,327.0,12.4,8.7,98.0
2025-05-30T10:00,35.5,43,0.0,996.3,17.5,279,279.4,56.5,270.0,8.4,9.7,115.0
2025-05-30T11:00,37.2,32,0.0,995.9,18.2,273,298.0,61.0,227.0,5.4,10.5,128.0
2025-05-30T12:00,38.3,25,0.0,995.4,20.9,269,285.0,60.5,214.0,4.4,10.8,133.0
2025-05-30T13:00,37.9,31,0.0,994.7,22.5,263,275.7,60.3,215.0,4.3,10.9,133.0
2025-05-30T14:00,36.6,44,0.0,994.1,24.7,260,271.9,61.7,225.0,4.9,10.6,130.0
2025-05-30T15:00,36.1,44,0.0,993.4,23.5,256,258.0,60.8,248.0,6.2,9.8,121.0
2025-05-30T16:00,35.1,51,0.0,993.0,21.2,252,228.2,56.0,281.0,8.2,8.7,108.0
2025-05-30T17:00,33.8,56,0.0,992.9,18.4,251,170.4,44.5,309.0,10.3,8.0,95.0
2025-05-30T18:00,32.5,60,0.0,993.7,19.2,247,120.6,34.8,329.0,13.6,7.9,85.0
2025-05-30T19:00,30.8,68,0.0,994.1,15.0,257,84.8,29.6,343.0,18.0,7.7,71.0
2025-05-30T20:00,30.3,74,0.0,994.6,15.6,255,71.7,28.5,345.0,19.9,7.4,62.0
2025-05-30T21:00,30.1,77,0.0,995.1,14.2,249,75.4,27.4,331.0,17.1,7.1,64.0
2025-05-30T22:00,29.8,78,0.0,995.7,15.8,249,67.5,25.4,306.0,12.0,6.8,71.0
2025-05-30T23:00,29.8,78,0.0,996.3,17.6,244,59.6,23.8,274.0,7.7,6.4,76.0
2025-05-31T00:00,29.5,82,0.0,996.2,18.7,244,52.5,22.3,231.0,5.7,6.0,77.0
2025-05-31T01:00,29.1,87,0.0,996.1,15.8,235,47.3,21.0,181.0,4.6,5.6,76.0
2025-05-31T02:00,28.9,89,0.0,996.0,17.0,239,42.6,20.1,147.0,3.9,5.3,75.0
2025-05-31T03:00,28.8,90,0.0,996.1,20.0,243,37.3,18.9,135.0,3.4,5.1,74.0
2025-05-31T04:00,28.7,91,0.0,996.3,18.5,249,37.5,18.7,139.0,3.3,5.1,72.0
2025-05-31T05:00,28.6,91,0.0,996.8,18.5,255,45.2,19.2,156.0,3.8,5.3,70.0
2025-05-31T06:00,28.8,90,0.0,997.9,17.2,246,43.2,19.5,199.0,5.7,6.1,69.0
2025-05-31T07:00,29.3,87,0.0,998.4,19.5,252,48.5,21.2,255.0,8.2,7.3,68.0
2025-05-31T08:00,30.2,82,0.0,999.1,17.9,251,60.8,23.7,289.0,9.5,8.5,72.0
2025-05-31T09:00,31.3,75,0.0,999.2,17.4,251,105.5,29.8,277.0,8.6,9.8,87.0
2025-05-31T10:00,32.9,64,0.0,999.0,17.8,254,179.7,40.3,242.0,6.5,11.1,107.0
2025-05-31T11:00,34.5,52,0.0,998.7,19.4,254,292.4,56.3,216.0,4.9,12.1,122.0
2025-05-31T12:00,35.5,45,0.0,998.1,21.1,253,378.1,69.2,210.0,4.3,12.6,130.0
2025-05-31T13:00,35.9,41,0.0,997.5,21.2,250,385.6,73.1,212.0,4.3,12.7,133.0
2025-05-31T14:00,36.3,37,0.0,996.7,20.9,246,355.8,72.6,223.0,4.7,12.4,132.0
2025-05-31T15:00,35.9,38,0.0,996.3,18.4,233,306.4,68.5,248.0,5.8,11.5,124.0
2025-05-31T16:00,34.4,54,0.0,996.1,17.7,241,243.1,59.5,281.0,7.5,10.2,112.0
2025-05-31T17:00,33.5,58,0.0,995.9,17.7,240,170.4,41.3,302.0,8.3,9.5,91.0
2025-05-31T18:00,32.2,69,0.0,995.9,17.7,233,127.1,32.8,298.0,9.9,8.8,83.0
2025-05-31T19:00,30.4,80,0.0,996.3,17.1,226,91.7,26.8,281.0,12.1,7.8,72.0
2025-05-31T20:00,29.7,85,0.0,997.0,18.2,225,67.1,22.9,269.0,13.2,7.0,64.0
2025-05-31T21:00,29.5,86,0.0,997.4,18.2,231,59.6,21.5,274.0,12.3,6.8,63.0
2025-05-31T22:00,29.4,86,0.0,997.9,16.0,224,55.4,20.8,283.0,10.4,6.8,66.0
2025-05-31T23:00,29.2,86,0.0,998.3,14.5,214,52.4,20.1,278.0,8.6,6.7,68.0
2025-06-01T00:00,29.4,81,0.0,998.2,14.8,216,49.6,19.4,242.0,7.2,6.3,69.0
2025-06-01T01:00,29.4,80,0.0,997.7,15.8,222,47.0,18.7,192.0,5.8,5.8,69.0
2025-06-01T02:00,29.3,79,0.0,997.2,15.8,229,44.1,17.9,158.0,4.9,5.5,70.0
2025-06-01T03:00,29.2,79,0.0,997.1,15.3,233,40.5,17.2,147.0,4.1,5.3,71.0
2025-06-01T04:00,29.3,78,0.0,996.7,16.2,234,37.4,16.6,152.0,3.7,5.3,71.0
2025-06-01T05:00,29.1,79,0.0,996.9,14.4,238,33.2,16.0,177.0,3.9,5.5,67.0
2025-06-01T06:00,28.7,89,0.0,998.2,13.4,234,32.4,16.0,244.0,5.9,6.3,66.0
2025-06-01T07:00,29.1,88,0.0,998.6,13.4,233,36.8,17.6,332.0,8.6,7.5,66.0
2025-06-01T08:00,30.4,79,0.0,998.8,15.6,229,68.0,22.7,383.0,10.1,9.0,71.0
2025-06-01T09:00,32.2,64,0.0,998.9,16.7,236,129.5,31.9,361.0,9.3,11.3,88.0
2025-06-01T10:00,33.7,55,0.0,998.7,15.3,234,209.5,44.2,303.0,7.4,13.8,111.0
2025-06-01T11:00,35.6,42,0.0,998.6,15.3,236,286.8,56.2,256.0,5.8,15.4,127.0
2025-06-01T12:00,36.5,36,0.0,998.0,16.6,233,322.2,63.3,238.0,4.9,15.2,132.0
2025-06-01T13:00,37.2,29,0.0,997.4,17.5,238,331.6,68.7,231.0,4.3,14.1,131.0
2025-06-01T14:00,37.7,24,0.0,996.8,18.6,240,334.3,73.3,236.0,4.4,12.8,126.0
2025-06-01T15:00,36.4,34,0.0,996.2,18.9,243,314.8,73.6,255.0,5.4,11.5,117.0
2025-06-01T16:00,34.7,53,0.0,995.7,19.8,241,267.3,66.4,286.0,7.1,10.0,105.0
2025-06-01T17:00,33.9,49,0.0,995.4,18.9,255,208.6,52.4,320.0,10.5,9.3,89.0
2025-06-01T18:00,32.9,58,0.0,995.5,15.3,248,154.6,40.2,361.0,14.8,9.2,78.0
2025-06-01T19:00,31.6,66,0.0,995.7,14.0,239,118.5,32.5,405.0,20.6,9.0,63.0
2025-06-01T20:00,30.8,74,0.0,996.1,12.2,233,101.5,29.7,431.0,23.9,8.9,52.0
2025-06-01T21:00,30.4,75,0.0,996.9,7.0,168,93.6,28.1,433.0,22.7,9.0,49.0
2025-06-01T22:00,29.9,79,0.0,997.5,11.8,126,79.9,25.9,418.0,19.2,9.2,51.0
2025-06-01T23:00,29.5,84,0.0,997.4,13.6,165,65.7,23.5,384.0,15.5,9.1,53.0
2025-06-02T00:00,29.3,85,0.0,997.1,15.9,192,56.5,21.5,316.0,12.2,8.3,55.0
2025-06-02T01:00,28.9,88,0.0,996.5,15.9,192,50.5,19.9,229.0,8.7,7.2,59.0
2025-06-02T02:00,28.9,86,0.0,996.0,15.1,203,50.9,19.4,167.0,6.2,6.4,62.0
2025-06-02T03:00,29.0,83,0.0,995.7,15.8,214,56.8,20.2,144.0,4.9,6.0,65.0
2025-06-02T04:00,28.9,84,0.0,995.8,14.7,219,65.9,21.8,146.0,4.5,5.8,67.0
2025-06-02T05:00,28.6,86,0.0,996.0,13.8,222,79.2,22.7,169.0,4.9,5.9,66.0
2025-06-02T06:00,29.3,82,0.0,996.5,12.7,232,84.1,25.0,230.0,6.9,6.9,66.0
2025-06-02T07:00,29.8,78,0.0,996.9,11.0,235,107.8,29.5,312.0,9.5,8.4,66.0
2025-06-02T08:00,30.8,73,0.0,997.3,12.7,232,173.7,38.8,359.0,10.9,10.1,72.0
2025-06-02T09:00,32.0,66,0.0,997.6,13.4,227,268.2,52.0,335.0,9.7,12.4,88.0
2025-06-02T10:00,32.8,62,0.0,997.5,15.3,225,331.6,63.1,276.0,7.3,14.9,109.0
2025-06-02T11:00,33.3,60,0.0,997.3,16.5,225,366.9,70.3,233.0,5.3,16.5,124.0
2025-06-02T12:00,33.8,57,0.0,996.8,16.8,221,372.5,73.1,225.0,4.4,16.3,129.0
2025-06-02T13:00,33.6,59,0.0,996.4,18.0,209,362.3,72.9,232.0,4.0,15.2,128.0
2025-06-02T14:00,33.3,61,0.0,995.9,18.4,206,360.4,72.9,245.0,4.1,14.0,124.0
2025-06-02T15:00,32.9,63,0.0,995.7,18.5,208,341.8,71.0,266.0,4.8,12.9,117.0
2025-06-02T16:00,32.4,67,0.0,995.5,17.6,206,314.8,67.1,293.0,6.1,11.8,107.0
2025-06-02T17:00,31.6,72,0.0,995.2,17.2,198,289.6,61.2,309.0,8.2,11.1,92.0
2025-06-02T18:00,30.8,77,0.0,995.8,16.0,194,228.6,52.4,306.0,11.9,10.6,82.0
2025-06-02T19:00,29.7,84,0.0,996.0,15.5,188,157.9,41.7,291.0,16.8,10.0,68.0
2025-06-02T20:00,29.5,85,0.0,996.9,15.1,188,120.1,35.3,275.0,19.6,9.3,59.0
2025-06-02T21:00,29.3,84,0.0,997.6,15.1,192,103.6,31.9,260.0,18.3,8.7,58.0
2025-06-02T22:00,29.1,83,0.0,998.0,16.2,197,92.0,29.4,243.0,14.8,8.2,62.0
2025-06-02T23:00,29.1,80,0.0,998.4,16.0,203,80.1,27.1,225.0,11.5,7.7,65.0
2025-06-03T00:00,29.0,80,0.0,998.4,16.6,210,73.1,25.6,202.0,9.1,7.2,66.0
2025-06-03T01:00,28.7,82,0.0,997.7,17.5,208,69.8,24.8,177.0,7.0,6.8,66.0
2025-06-03T02:00,28.4,85,0.0,997.2,15.0,198,70.5,24.4,159.0,5.5,6.5,66.0
2025-06-03T03:00,28.1,87,0.0,997.2,14.9,193,75.7,24.6,148.0,4.8,6.3,66.0
2025-06-03T04:00,28.1,87,0.0,997.3,15.3,192,77.8,24.5,143.0,4.6,6.2,66.0
2025-06-03T05:00,28.0,88,0.0,997.7,14.8,194,77.8,24.6,156.0,4.6,6.1,68.0
2025-06-03T06:00,28.3,89,0.0,998.2,13.8,204,72.2,23.7,203.0,5.7,6.7,69.0
2025-06-03T07:00,28.8,86,0.0,998.9,14.9,210,74.5,24.5,266.0,7.1,7.6,72.0
2025-06-03T08:00,29.6,80,0.0,999.3,15.8,215,92.0,26.7,304.0,7.7,8.4,76.0
2025-06-03T09:00,30.5,74,0.0,999.5,16.2,218,102.2,28.0,290.0,6.6,9.1,84.0
2025-06-03T10:00,31.3,68,0.0,999.6,16.7,218,105.9,28.4,251.0,4.7,9.7,95.0
2025-06-03T11:00,31.7,67,0.0,999.5,17.3,216,104.8,28.3,222.0,3.2,10.2,103.0
2025-06-03T12:00,32.0,67,0.0,999.3,18.4,215,101.7,28.1,215.0,2.7,10.5,107.0
2025-06-03T13:00,32.2,67,0.0,998.7,18.0,212,101.7,28.5,218.0,2.7,10.6,109.0
2025-06-03T14:00,32.2,67,0.0,997.9,17.7,210,103.6,29.4,229.0,3.1,10.8,110.0
2025-06-03T15:00,32.0,68,0.0,997.4,17.3,209,103.1,29.9,253.0,3.8,11.3,110.0
2025-06-03T16:00,31.7,70,0.0,997.2,16.3,208,100.8,30.2,286.0,4.9,11.8,108.0
2025-06-03T17:00,31.2,72,0.0,996.9,15.1,207,137.4,39.1,311.0,6.9,12.4,100.0
2025-06-03T18:00,30.4,77,0.0,997.4,14.9,201,119.7,38.1,322.0,11.4,12.1,90.0
2025-06-03T19:00,29.6,82,0.0,997.9,15.5,195,98.3,36.8,325.0,17.4,11.7,76.0
2025-06-03T20:00,29.0,87,0.0,998.3,15.0,191,83.8,36.6,322.0,21.1,11.2,67.0
2025-06-03T21:00,28.9,88,0.0,999.3,15.9,202,78.2,36.3,315.0,20.3,10.5,67.0
2025-06-03T22:00,28.8,89,0.0,999.9,15.3,211,70.5,35.4,302.0,17.1,9.8,72.0
2025-06-03T23:00,28.6,90,0.0,1000.1,14.2,219,65.4,34.2,282.0,14.1,9.1,75.0
2025-06-04T00:00,28.5,90,0.0,1000.0,11.5,228,64.5,32.8,249.0,11.8,8.6,75.0
2025-06-04T01:00,28.2,92,0.0,999.7,10.6,226,69.6,32.1,209.0,9.7,8.2,73.0
2025-06-04T02:00,28.0,91,0.0,999.3,10.7,222,75.0,31.7,178.0,8.2,8.0,71.0
2025-06-04T03:00,28.0,90,0.0,999.2,11.7,225,77.3,31.1,161.0,7.6,8.1,69.0
2025-06-04T04:00,28.0,89,0.0,999.2,12.9,233,77.1,30.2,154.0,7.6,8.5,66.0
2025-06-04T05:00,28.0,89,0.0,999.6,13.7,235,80.1,28.6,161.0,6.8,7.8,68.0
2025-06-04T06:00,28.6,81,0.0,999.9,12.2,233,79.2,28.6,197.0,7.5,9.1,71.0
2025-06-04T07:00,29.1,77,0.0,1000.3,14.6,235,93.4,30.7,248.0,8.5,10.9,75.0
2025-06-04T08:00,29.8,72,0.0,1001.2,15.8,234,103.6,31.4,277.0,8.7,12.4,81.0
2025-06-04T09:00,30.7,68,0.0,1002.1,15.1,232,110.6,32.4,263.0,7.4,13.5,91.0
2025-06-04T10:00,31.6,62,0.0,1002.5,16.4,227,108.3,32.7,228.0,5.3,14.3,102.0
2025-06-04T11:00,31.8,62,0.0,1002.6,18.1,223,106.6,32.7,202.0,3.7,14.6,110.0
2025-06-04T12:00,32.0,62,0.0,1002.2,18.5,225,101.7,31.8,197.0,3.0,13.9,112.0
2025-06-04T13:00,32.4,59,0.0,1001.8,18.7,228,98.7,30.5,200.0,2.8,12.7,109.0
2025-06-04T14:00,32.5,59,0.0,1001.1,18.9,227,95.5,28.9,208.0,3.0,11.7,105.0
2025-06-04T15:00,32.6,59,0.0,1000.8,18.6,227,88.0,26.8,223.0,3.4,11.4,98.0
2025-06-04T16:00,32.2,61,0.0,1000.4,18.8,231,81.3,24.9,241.0,4.1,11.3,90.0
2025-06-04T17:00,31.7,63,0.0,1000.3,18.4,233,99.4,28.8,252.0,6.0,12.2,83.0
2025-06-04T18:00,30.9,68,0.0,1001.0,15.5,234,91.0,27.4,246.0,9.6,12.2,72.0
2025-06-04T19:00,30.4,70,0.0,1001.6,15.8,236,78.5,25.7,232.0,14.6,12.2,56.0
2025-06-04T20:00,30.0,74,0.0,1002.2,14.9,234,64.0,25.3,222.0,17.9,12.1,45.0
2025-06-04T21:00,29.6,77,0.0,1003.0,15.8,236,60.8,25.6,223.0,18.3,11.8,41.0
2025-06-04T22:00,29.3,78,0.0,1003.5,15.2,233,58.8,25.5,228.0,17.1,11.3,42.0
2025-06-04T23:00,29.1,80,0.1,1003.7,14.4,237,57.9,24.6,224.0,15.4,10.8,43.0
2025-06-05T00:00,29.0,81,0.0,1003.8,11.9,245,58.9,23.9,202.0,13.2,10.1,45.0
2025-06-05T01:00,28.6,83,0.0,1003.3,11.2,246,58.6,22.8,173.0,10.4,9.3,47.0
2025-06-05T02:00,28.5,82,0.0,1003.1,10.6,247,60.8,22.1,151.0,8.5,8.8,49.0
2025-06-05T03:00,28.5,81,0.0,1002.9,11.0,249,60.8,21.4,142.0,8.0,8.5,48.0
2025-06-05T04:00,28.4,80,0.0,1003.0,11.1,253,60.3,21.0,141.0,8.4,8.4,47.0
2025-06-05T05:00,28.3,80,0.0,1003.6,10.7,254,55.6,19.5,152.0,6.3,7.7,52.0
2025-06-05T06:00,28.6,78,0.0,1004.2,10.8,259,63.1,21.0,188.0,6.7,9.1,55.0
2025-06-05T07:00,29.0,73,0.0,1005.0,12.1,255,76.6,23.6,236.0,7.2,10.9,59.0
2025-06-05T08:00,29.8,68,0.0,1005.8,12.6,248,80.6,23.5,264.0,7.2,12.3,65.0
2025-06-05T09:00,30.6,64,0.0,1006.3,13.7,240,84.8,24.3,251.0,6.1,12.7,75.0
2025-06-05T10:00,31.3,60,0.0,1006.6,14.8,232,85.2,24.9,218.0,4.5,12.6,87.0
2025-06-05T11:00,31.6,59,0.0,1006.6,14.8,233,85.2,25.4,194.0,3.3,12.5,96.0
2025-06-05T12:00,32.4,57,0.0,1006.4,14.9,226,83.8,25.8,191.0,2.8,12.6,101.0
2025-06-05T13:00,32.6,56,0.0,1005.9,14.9,224,82.0,25.8,198.0,2.8,12.6,103.0
2025-06-05T14:00,32.7,56,0.0,1005.4,15.4,225,79.9,25.6,208.0,3.1,12.9,102.0
2025-06-05T15:00,32.6,56,0.0,1004.9,15.3,225,77.3,25.0,225.0,3.6,13.6,99.0
2025-06-05T16:00,32.2,59,0.0,1004.5,14.7,229,73.3,24.2,246.0,4.4,14.5,92.0
2025-06-05T17:00,31.7,61,0.0,1004.3,13.7,236,94.8,29.4,258.0,6.5,15.3,88.0
2025-06-05T18:00,31.2,66,0.0,1004.7,12.5,233,87.5,27.9,253.0,9.8,14.9,76.0
2025-06-05T19:00,30.5,70,0.0,1005.2,12.4,236,78.7,26.2,240.0,14.4,14.2,60.0
2025-06-05T20:00,30.1,71,0.0,1005.9,11.9,238,66.8,25.5,230.0,18.0,13.6,47.0
2025-06-05T21:00,29.9,73,0.0,1006.5,11.5,240,66.4,25.7,234.0,19.9,13.0,41.0
2025-06-05T22:00,29.5,77,0.0,1007.0,10.8,234,64.5,25.8,243.0,20.7,12.5,39.0
2025-06-05T23:00,29.3,80,0.0,1007.2,11.9,236,64.0,25.7,238.0,20.0,11.9,39.0
2025-06-06T00:00,29.1,80,0.0,1007.1,11.5,239,64.0,25.1,206.0,16.8,11.4,43.0
2025-06-06T01:00,28.8,81,0.0,1006.9,10.3,251,64.0,23.9,162.0,12.1,10.8,49.0
2025-06-06T02:00,28.7,80,0.0,1006.4,9.9,265,64.0,23.3,130.0,8.6,10.4,53.0
2025-06-06T03:00,28.6,79,0.0,1006.2,11.0,270,64.0,23.3,121.0,7.4,10.0,54.0
2025-06-06T04:00,28.6,78,0.0,1006.3,11.7,268,60.5,22.5,124.0,7.4,9.6,52.0
2025-06-06T05:00,28.4,78,0.0,1006.5,11.7,272,56.7,21.8,139.0,6.7,10.5,55.0
2025-06-06T06:00,28.5,80,0.0,1006.7,10.9,279,60.3,23.0,174.0,6.9,11.2,57.0
2025-06-06T07:00,29.2,76,0.0,1007.5,12.3,274,68.9,24.8,220.0,7.1,12.1,60.0
2025-06-06T08:00,30.3,69,0.0,1007.9,13.7,272,69.8,25.3,247.0,6.9,12.7,66.0
2025-06-06T09:00,31.3,63,0.0,1008.5,14.5,265,72.2,26.1,236.0,5.9,12.6,76.0
2025-06-06T10:00,31.8,60,0.0,1008.5,14.5,256,74.5,27.4,205.0,4.4,12.3,88.0
2025-06-06T11:00,32.6,56,0.0,1008.4,15.4,247,75.0,28.2,182.0,3.3,12.0,97.0
2025-06-06T12:00,33.2,52,0.0,1008.1,16.0,247,74.5,28.9,177.0,2.8,12.0,101.0
2025-06-06T13:00,33.2,54,0.0,1007.8,16.3,247,72.2,28.5,180.0,2.6,12.0,103.0
2025-06-06T14:00,33.1,54,0.0,1007.0,16.8,243,70.3,27.8,188.0,2.9,12.2,102.0
2025-06-06T15:00,32.7,56,0.0,1006.4,17.2,244,68.0,26.8,204.0,3.5,12.7,98.0
2025-06-06T16:00,32.2,59,0.0,1006.1,17.9,242,65.7,25.8,225.0,4.4,13.3,91.0
2025-06-06T17:00,31.4,62,0.0,1005.8,17.5,243,69.2,25.8,240.0,6.0,13.4,84.0
2025-06-06T18:00,30.9,62,0.0,1006.2,17.1,243,65.0,25.0,242.0,9.4,13.2,74.0
2025-06-06T19:00,30.2,67,0.0,1006.2,16.4,246,62.4,24.7,238.0,13.9,13.0,59.0
2025-06-06T20:00,29.7,69,0.0,1006.7,15.7,250,56.9,24.9,232.0,17.1,12.6,49.0
2025-06-06T21:00,29.4,70,0.0,1007.3,15.2,256,58.9,25.3,228.0,17.6,12.0,46.0
2025-06-06T22:00,29.3,72,0.0,1007.6,14.6,261,60.3,25.5,223.0,16.8,11.3,47.0
2025-06-06T23:00,28.9,75,0.0,1007.5,14.2,263,62.2,25.6,211.0,15.3,10.5,49.0
2025-06-07T00:00,28.6,77,0.0,1007.1,13.7,269,63.8,25.3,185.0,13.2,9.6,52.0
2025-06-07T01:00,28.3,79,0.0,1006.7,13.2,275,65.4,24.9,153.0,10.5,8.7,55.0
2025-06-07T02:00,28.0,81,0.0,1006.2,13.2,277,65.4,24.2,130.0,8.3,8.0,58.0
2025-06-07T03:00,28.0,81,0.0,1005.8,14.1,275,63.3,23.3,120.0,7.1,7.6,59.0
2025-06-07T04:00,28.0,80,0.0,1005.9,14.6,275,62.2,22.8,118.0,6.4,7.4,60.0
2025-06-07T05:00,27.9,80,0.0,1005.9,15.3,273,61.2,22.4,129.0,6.6,7.7,59.0
2025-06-07T06:00,28.1,81,0.0,1006.6,14.9,269,61.7,22.6,165.0,7.0,8.8,61.0
2025-06-07T07:00,28.6,78,0.0,1007.2,16.4,269,75.2,24.9,213.0,7.5,10.3,65.0
2025-06-07T08:00,29.6,71,0.0,1007.8,17.3,271,75.9,24.9,242.0,7.4,11.6,70.0
2025-06-07T09:00,30.6,65,0.0,1008.1,17.8,268,76.1,25.5,232.0,6.3,12.5,79.0
2025-06-07T10:00,31.5,61,0.0,1008.1,18.0,261,76.1,26.2,202.0,4.7,13.3,90.0
2025-06-07T11:00,32.2,58,0.0,1007.8,18.6,253,76.1,26.5,180.0,3.5,13.5,97.0
2025-06-07T12:00,32.5,58,0.0,1007.6,19.1,251,78.0,26.4,176.0,3.0,12.9,99.0
2025-06-07T13:00,32.6,57,0.0,1007.0,19.7,249,76.6,25.8,179.0,2.8,11.9,98.0
2025-06-07T14:00,32.5,59,0.0,1006.1,20.0,248,75.4,25.4,186.0,3.0,11.1,95.0
2025-06-07T15:00,32.2,60,0.0,1005.6,20.6,247,73.6,25.0,200.0,3.4,10.9,90.0
2025-06-07T16:00,31.7,62,0.0,1005.3,20.5,248,71.9,24.6,217.0,4.2,10.9,84.0
2025-06-07T17:00,31.1,65,0.0,1004.9,20.0,251,71.0,23.8,227.0,5.7,11.3,78.0
2025-06-07T18:00,30.7,68,0.0,1005.2,18.8,252,66.1,23.4,221.0,8.6,11.1,70.0
2025-06-07T19:00,29.9,71,0.0,1005.3,17.9,255,62.9,23.1,207.0,12.5,10.9,60.0
2025-06-07T20:00,29.5,74,0.0,1005.7,17.4,259,56.6,23.3,197.0,15.1,10.6,52.0
2025-06-07T21:00,29.2,75,0.0,1006.1,16.5,260,55.5,23.3,201.0,15.4,10.2,50.0
2025-06-07T22:00,29.0,76,0.0,1006.4,15.4,260,53.4,23.2,209.0,14.5,9.7,52.0
2025-06-07T23:00,28.7,78,0.0,1006.5,14.7,263,51.1,22.6,208.0,13.0,9.1,54.0
2025-06-08T00:00,28.5,80,0.0,1006.3,14.9,268,48.4,21.7,187.0,10.9,8.4,57.0
2025-06-08T01:00,28.4,81,0.0,1005.9,14.2,269,45.2,20.3,156.0,8.4,7.6,60.0
2025-06-08T02:00,28.3,80,0.0,1005.5,14.8,270,42.4,19.0,133.0,6.4,7.1,63.0
2025-06-08T03:00,28.3,80,0.0,1005.4,14.0,269,40.2,18.2,122.0,5.6,6.8,64.0
2025-06-08T04:00,28.2,79,0.0,1005.5,13.7,267,39.2,17.6,118.0,5.3,6.8,65.0
2025-06-08T05:00,28.1,78,0.0,1005.6,13.8,261,36.1,17.0,130.0,6.4,7.3,63.0
2025-06-08T06:00,28.3,78,0.0,1006.0,14.5,259,38.8,17.3,171.0,6.8,8.4,66.0
2025-06-08T07:00,28.8,75,0.0,1006.4,15.6,259,49.8,19.4,227.0,7.4,9.9,70.0
2025-06-08T08:00,29.6,71,0.0,1006.9,15.8,258,55.2,20.7,260.0,7.4,11.3,76.0
2025-06-08T09:00,30.6,66,0.0,1007.3,16.3,257,58.4,21.9,248.0,6.4,12.4,86.0
2025-06-08T10:00,31.5,61,0.0,1007.2,17.2,257,61.0,23.2,214.0,4.9,13.3,97.0
2025-06-08T11:00,32.0,60,0.0,1007.1,17.3,251,63.8,24.0,188.0,3.7,13.8,105.0
2025-06-08T12:00,32.4,58,0.0,1006.9,17.6,244,63.8,24.0,183.0,3.2,13.6,107.0
2025-06-08T13:00,32.5,58,0.0,1006.2,18.3,244,63.1,23.8,187.0,3.0,12.9,106.0
2025-06-08T14:00,32.3,59,0.0,1005.5,19.2,243,61.2,23.5,195.0,3.2,12.2,102.0
2025-06-08T15:00,32.1,60,0.0,1004.9,20.1,245,58.8,22.9,210.0,3.6,11.7,96.0
2025-06-08T16:00,31.7,61,0.0,1004.5,19.9,249,56.3,22.2,229.0,4.2,11.3,89.0
2025-06-08T17:00,31.2,66,0.0,1004.2,18.9,251,66.8,25.4,240.0,5.9,11.8,84.0
2025-06-08T18:00,30.6,69,0.0,1004.6,18.3,251,62.6,24.3,234.0,8.6,11.6,76.0
2025-06-08T19:00,29.9,73,0.0,1005.0,17.0,254,59.1,23.6,219.0,12.4,11.3,64.0
2025-06-08T20:00,29.6,75,0.0,1005.5,15.9,258,52.5,23.7,207.0,15.1,11.0,56.0
2025-06-08T21:00,29.4,76,0.0,1006.2,15.9,257,52.5,24.2,203.0,15.9,10.8,54.0
2025-06-08T22:00,29.2,76,0.0,1006.5,16.2,258,52.4,24.4,201.0,15.6,10.5,55.0
2025-06-08T23:00,29.1,76,0.0,1006.5,15.8,263,51.7,24.5,194.0,14.7,10.1,57.0
2025-06-09T00:00,29.0,76,0.0,1006.1,15.9,267,49.7,23.9,176.0,12.8,9.3,59.0
2025-06-09T01:00,28.7,78,0.0,1005.8,15.3,271,47.4,23.0,153.0,10.2,8.3,61.0
2025-06-09T02:00,28.5,79,0.0,1005.3,14.8,272,45.9,22.1,136.0,8.2,7.6,63.0
2025-06-09T03:00,28.4,78,0.0,1004.9,15.0,273,44.7,21.5,126.0,7.2,7.2,63.0
2025-06-09T04:00,28.2,78,0.0,1005.0,14.8,273,43.8,21.0,121.0,6.7,7.1,63.0
2025-06-09T05:00,28.1,78,0.0,1005.1,14.1,275,42.4,20.9,132.0,6.9,7.8,62.0
2025-06-09T06:00,28.4,76,0.0,1005.5,13.2,273,42.7,21.0,173.0,7.2,8.9,64.0
2025-06-09T07:00,28.8,73,0.0,1006.0,14.7,264,61.2,26.6,230.0,7.5,10.4,66.0
2025-06-09T08:00,29.6,69,0.0,1006.5,15.5,262,54.6,23.4,263.0,7.3,11.6,71.0
2025-06-09T09:00,30.6,64,0.0,1006.7,16.2,260,55.6,24.2,249.0,6.2,12.3,79.0
2025-06-09T10:00,31.3,62,0.0,1006.6,17.4,257,56.2,24.7,211.0,4.5,12.7,90.0
2025-06-09T11:00,32.0,60,0.0,1006.5,18.2,254,56.2,24.9,183.0,3.3,12.8,97.0
2025-06-09T12:00,32.4,57,0.0,1006.0,18.7,248,55.2,24.7,177.0,2.8,12.4,99.0
2025-06-09T13:00,32.4,58,0.0,1005.3,19.6,246,54.5,24.4,180.0,2.8,11.7,99.0
2025-06-09T14:00,32.2,60,0.0,1004.4,20.5,242,53.9,24.0,188.0,3.0,11.2,96.0
2025-06-09T15:00,31.9,62,0.0,1003.7,20.8,240,52.7,23.4,202.0,3.4,11.0,92.0
2025-06-09T16:00,31.6,63,0.0,1003.3,20.6,240,51.8,22.6,220.0,4.1,10.9,85.0
2025-06-09T17:00,31.1,65,0.0,1003.0,19.7,242,53.3,22.3,230.0,5.7,11.2,78.0
2025-06-09T18:00,30.7,67,0.0,1003.6,17.5,244,52.2,21.5,225.0,8.7,11.3,70.0
2025-06-09T19:00,30.0,70,0.0,1003.7,17.6,244,50.5,20.7,211.0,12.8,11.5,58.0
2025-06-09T20:00,29.6,73,0.0,1004.1,17.4,247,45.5,20.5,201.0,15.7,11.5,50.0
2025-06-09T21:00,29.4,74,0.0,1004.3,16.7,249,45.6,20.5,200.0,16.5,11.2,47.0
2025-06-09T22:00,29.3,74,0.0,1004.7,16.6,257,44.7,20.1,202.0,16.1,10.6,47.0
2025-06-09T23:00,28.9,76,0.0,1004.7,15.9,264,43.2,19.4,197.0,14.9,10.0,48.0
2025-06-10T00:00,28.8,77,0.0,1004.2,15.6,263,41.9,18.6,179.0,12.6,9.2,51.0
2025-06-10T01:00,28.6,78,0.0,1003.6,15.1,268,40.4,17.6,154.0,9.5,8.2,55.0
2025-06-10T02:00,28.5,78,0.0,1003.0,15.3,270,39.5,17.0,136.0,7.1,7.5,58.0
2025-06-10T03:00,28.6,76,0.0,1002.9,16.2,267,38.6,16.8,126.0,6.1,7.1,59.0
2025-06-10T04:00,28.5,76,0.0,1002.9,16.0,263,38.0,16.6,124.0,5.8,6.9,60.0
2025-06-10T05:00,28.4,76,0.0,1003.1,15.2,260,37.5,17.4,134.0,6.1,7.3,62.0
2025-06-10T06:00,28.9,78,0.0,1003.2,14.8,257,38.4,17.8,172.0,6.4,8.3,65.0
2025-06-10T07:00,29.6,73,0.0,1003.6,16.3,257,45.4,19.7,222.0,6.8,9.7,69.0
2025-06-10T08:00,30.5,67,0.0,1004.0,18.1,255,48.4,20.3,253.0,6.7,10.7,74.0
2025-06-10T09:00,31.3,63,0.0,1004.2,19.1,252,49.6,20.8,242.0,5.7,11.1,82.0
2025-06-10T10:00,32.0,59,0.0,1003.9,19.8,250,51.2,21.4,212.0,4.2,11.3,90.0
2025-06-10T11:00,32.5,57,0.0,1003.8,20.0,246,52.3,21.7,188.0,3.1,11.2,96.0
2025-06-10T12:00,33.1,54,0.0,1003.4,20.6,245,52.0,21.7,182.0,2.7,10.8,97.0
2025-06-10T13:00,33.1,53,0.0,1002.8,21.7,244,51.3,21.5,183.0,2.6,10.3,96.0
2025-06-10T14:00,32.6,56,0.0,1002.0,21.1,244,50.6,21.2,190.0,2.8,9.9,93.0
2025-06-10T15:00,32.3,59,0.0,1001.3,20.7,243,49.1,20.8,205.0,3.2,9.9,89.0
2025-06-10T16:00,31.8,61,0.0,1001.0,20.7,240,47.4,20.2,226.0,4.0,10.0,84.0
2025-06-10T17:00,31.1,65,0.0,1000.8,19.4,242,63.8,25.9,239.0,5.4,10.7,78.0
2025-06-10T18:00,30.6,66,0.0,1001.5,17.3,243,60.3,24.9,236.0,7.1,10.8,72.0
2025-06-10T19:00,30.0,69,0.0,1001.8,18.4,244,58.3,24.3,225.0,9.4,10.9,64.0
2025-06-10T20:00,29.7,71,0.0,1002.1,18.0,243,52.3,23.2,217.0,11.4,10.9,58.0
2025-06-10T21:00,29.8,70,0.0,1002.7,16.1,243,50.2,23.0,220.0,12.9,10.8,54.0
2025-06-10T22:00,29.5,73,0.0,1003.1,16.3,245,49.8,23.0,227.0,14.0,10.7,53.0
2025-06-10T23:00,29.3,75,0.0,1003.4,16.1,252,50.2,23.1,223.0,14.1,10.4,52.0
2025-06-11T00:00,29.2,77,0.0,1003.1,16.1,259,48.9,22.5,197.0,12.5,9.8,54.0
2025-06-11T01:00,29.0,78,0.0,1002.5,15.0,260,46.9,21.5,162.0,10.0,8.9,57.0
2025-06-11T02:00,28.8,79,0.0,1001.8,14.9,262,44.7,20.4,136.0,8.0,8.3,59.0
2025-06-11T03:00,28.7,79,0.0,1001.6,15.3,267,43.7,19.8,127.0,7.1,7.8,59.0
2025-06-11T04:00,28.6,79,0.0,1001.6,15.2,265,42.5,19.3,128.0,6.7,7.5,59.0
2025-06-11T05:00,28.5,79,0.0,1001.9,13.8,262,40.2,18.6,141.0,6.6,7.7,60.0
2025-06-11T06:00,29.0,79,0.0,1002.0,14.1,254,40.9,18.8,178.0,6.9,8.8,62.0
2025-06-11T07:00,29.5,75,0.0,1002.7,15.5,257,46.9,20.3,227.0,7.3,10.3,65.0
2025-06-11T08:00,30.5,69,0.0,1003.3,16.9,258,49.8,20.1,255.0,7.2,11.4,70.0
2025-06-11T09:00,31.3,64,0.0,1003.1,19.0,255,51.1,20.5,242.0,6.0,11.8,78.0
2025-06-11T10:00,32.0,60,0.0,1003.1,18.8,247,51.3,21.0,209.0,4.4,11.8,87.0
2025-06-11T11:00,32.5,59,0.0,1003.1,18.7,241,50.8,21.1,185.0,3.1,11.6,94.0
2025-06-11T12:00,32.3,61,0.0,1002.9,19.9,238,49.2,20.9,182.0,2.6,11.1,95.0
2025-06-11T13:00,32.2,61,0.0,1002.6,19.7,237,48.7,20.7,188.0,2.5,10.5,94.0
2025-06-11T14:00,32.9,59,0.0,1001.6,20.9,242,49.1,20.6,199.0,2.8,10.1,91.0
2025-06-11T15:00,32.6,60,0.0,1000.8,20.7,247,48.4,20.6,217.0,3.4,10.3,87.0
2025-06-11T16:00,32.3,60,0.0,1000.3,19.8,247,47.8,20.4,240.0,4.4,10.7,83.0
2025-06-11T17:00,31.8,65,0.0,1000.1,18.4,250,61.7,25.1,254.0,5.8,12.3,80.0
2025-06-11T18:00,30.9,69,0.0,1000.5,16.1,252,58.3,25.0,251.0,8.0,12.5,73.0
2025-06-11T19:00,30.0,75,0.0,1000.6,13.7,247,54.0,24.6,239.0,11.1,12.7,63.0
2025-06-11T20:00,29.5,79,0.0,1000.8,12.1,250,48.5,24.3,226.0,13.3,12.6,55.0
2025-06-11T21:00,29.2,81,0.0,1001.5,14.9,262,44.8,24.2,216.0,14.1,12.0,52.0
2025-06-11T22:00,29.3,81,0.0,1002.2,15.3,270,43.3,23.5,205.0,14.0,11.1,52.0
2025-06-11T23:00,29.1,83,0.0,1002.5,14.5,264,42.5,23.1,192.0,13.2,10.3,52.0
2025-06-12T00:00,29.0,84,0.0,1002.1,14.3,255,38.3,20.8,175.0,11.4,9.5,53.0
2025-06-12T01:00,28.7,86,0.0,1001.6,13.9,256,35.9,19.4,156.0,9.0,8.8,55.0
2025-06-12T02:00,28.5,86,0.0,1001.2,14.1,263,33.5,18.2,142.0,7.1,8.2,57.0
2025-06-12T03:00,28.5,86,0.0,1001.0,14.7,262,31.2,17.1,131.0,6.2,7.7,57.0
2025-06-12T04:00,28.5,85,0.0,1001.0,16.6,265,29.7,16.2,124.0,5.7,7.2,57.0
2025-06-12T05:00,28.6,83,0.0,1001.0,16.7,272,27.9,15.8,132.0,5.7,7.3,57.0
2025-06-12T06:00,28.5,85,0.0,1001.3,15.0,273,28.6,15.8,170.0,6.5,8.3,58.0
2025-06-12T07:00,28.9,83,0.0,1001.5,14.4,269,32.0,16.8,223.0,7.6,9.7,59.0
2025-06-12T08:00,30.1,75,0.0,1002.0,18.6,273,38.1,18.1,255.0,7.9,11.0,63.0
2025-06-12T09:00,31.2,67,0.0,1001.9,20.0,272,41.0,18.9,244.0,6.9,12.2,73.0
2025-06-12T10:00,32.0,63,0.0,1001.7,18.8,265,43.1,20.1,213.0,5.1,13.3,86.0
2025-06-12T11:00,32.5,62,0.0,1001.5,18.4,258,45.9,21.0,189.0,3.8,13.9,95.0
2025-06-12T12:00,32.7,62,0.0,1001.0,18.1,251,48.0,21.4,184.0,3.2,13.6,98.0
2025-06-12T13:00,32.8,63,0.0,1000.4,18.7,247,50.2,21.5,188.0,3.1,12.9,98.0
2025-06-12T14:00,33.0,63,0.0,999.4,18.9,248,48.8,21.0,197.0,3.3,12.2,96.0
2025-06-12T15:00,32.6,65,0.0,998.6,19.7,246,47.5,20.3,217.0,4.0,11.9,91.0
2025-06-12T16:00,31.9,68,0.0,998.4,17.3,246,44.5,19.2,243.0,5.1,11.6,84.0
2025-06-12T17:00,31.5,72,0.0,997.8,16.8,235,37.0,15.9,257.0,7.2,12.8,78.0
2025-06-12T18:00,30.7,78,0.0,998.2,15.6,230,32.5,15.0,250.0,9.5,12.6,69.0
2025-06-12T19:00,29.8,83,0.0,998.3,13.6,239,27.0,13.8,232.0,12.6,12.2,57.0
2025-06-12T20:00,29.7,82,0.0,999.4,13.7,265,24.3,13.4,215.0,15.0,11.9,48.0
2025-06-12T21:00,29.7,83,0.0,999.8,12.1,267,22.8,13.5,206.0,16.1,11.6,45.0
2025-06-12T22:00,29.6,83,0.0,1000.1,8.2,256,23.6,14.1,199.0,16.4,11.2,44.0
2025-06-12T23:00,28.9,88,0.0,1000.4,9.9,255,23.1,14.1,189.0,15.9,10.8,45.0
2025-06-13T00:00,28.8,88,0.0,1000.3,11.5,259,23.4,14.2,173.0,14.2,10.1,46.0
2025-06-13T01:00,28.6,89,0.0,1000.0,11.9,260,23.5,13.8,154.0,11.8,9.3,48.0
2025-06-13T02:00,28.5,89,0.0,999.6,11.7,259,23.6,13.3,140.0,9.8,8.7,50.0
2025-06-13T03:00,28.3,91,0.0,999.5,11.6,265,23.9,12.9,130.0,8.6,8.2,50.0
2025-06-13T04:00,28.2,90,0.0,999.4,11.0,271,24.2,12.7,126.0,7.9,8.0,50.0
2025-06-13T05:00,28.2,90,0.0,999.5,9.4,268,27.1,14.1,139.0,8.7,7.3,49.0
2025-06-13T06:00,28.3,93,0.0,999.6,10.1,254,29.0,15.0,186.0,9.3,9.2,51.0
2025-06-13T07:00,29.1,87,0.0,1000.2,11.1,257,38.0,17.1,250.0,10.0,11.8,56.0
2025-06-13T08:00,30.1,80,0.0,1000.5,12.8,248,50.2,18.3,290.0,10.0,14.0,63.0
2025-06-13T09:00,31.2,74,0.0,1000.5,12.7,245,57.2,20.1,279.0,8.7,15.5,77.0
2025-06-13T10:00,32.4,69,0.0,1000.3,14.4,257,62.2,22.2,243.0,6.8,16.7,94.0
2025-06-13T11:00,33.4,65,0.0,999.7,14.7,259,68.2,24.6,219.0,5.3,17.4,108.0
2025-06-13T12:00,34.6,59,0.0,998.9,14.9,262,76.6,26.6,220.0,4.6,17.6,118.0
2025-06-13T13:00,35.4,55,0.0,998.1,14.5,259,87.8,28.5,232.0,4.3,17.5,124.0
2025-06-13T14:00,35.2,58,0.0,997.3,14.7,244,92.7,29.1,251.0,4.6,16.9,124.0
2025-06-13T15:00,34.1,64,0.0,996.7,14.5,227,90.3,28.3,283.0,5.4,15.8,115.0
2025-06-13T16:00,32.6,73,0.0,996.1,14.9,199,82.0,26.2,323.0,6.8,14.3,100.0
2025-06-13T17:00,31.5,78,0.0,996.1,15.7,185,75.9,24.7,346.0,9.6,15.8,92.0
2025-06-13T18:00,30.8,82,0.0,996.7,17.4,185,66.6,22.3,340.0,12.5,13.9,78.0
2025-06-13T19:00,30.0,86,0.0,996.7,19.1,189,53.7,20.1,318.0,16.5,11.2,58.0
2025-06-13T20:00,30.1,86,0.0,997.8,15.4,224,45.5,18.8,299.0,19.5,9.4,44.0
2025-06-13T21:00,29.9,88,0.0,997.9,13.7,208,43.1,19.0,295.0,20.7,9.3,40.0
2025-06-13T22:00,29.9,88,0.0,998.5,12.3,207,48.7,20.1,294.0,20.9,9.9,41.0
2025-06-13T23:00,29.5,89,0.0,999.0,9.6,196,55.8,21.9,281.0,20.3,10.3,43.0
2025-06-14T00:00,29.2,91,0.0,998.5,11.4,193,60.1,22.9,241.0,18.6,9.9,44.0
2025-06-14T01:00,28.9,93,0.0,998.3,10.9,204,64.3,22.6,188.0,16.2,9.3,46.0
2025-06-14T02:00,28.7,93,0.0,998.2,10.9,218,64.5,21.8,151.0,13.8,8.7,48.0
2025-06-14T03:00,28.8,92,0.0,997.8,11.3,228,63.8,21.0,134.0,11.6,8.0,50.0
2025-06-14T04:00,28.6,93,0.0,997.4,10.5,231,63.3,20.5,133.0,9.4,7.4,51.0
2025-06-14T05:00,28.4,94,0.0,997.4,10.4,226,66.4,20.3,157.0,7.5,7.4,55.0
2025-06-14T06:00,28.7,93,0.0,997.7,10.0,253,63.6,20.5,229.0,8.8,8.8,54.0
2025-06-14T07:00,29.1,89,0.0,997.9,6.6,261,66.1,22.4,326.0,10.6,10.8,54.0
2025-06-14T08:00,30.1,82,0.0,998.2,6.6,244,78.9,24.6,391.0,11.5,13.4,61.0
2025-06-14T09:00,31.3,75,0.0,998.1,7.4,227,91.5,27.9,393.0,10.9,17.1,80.0
2025-06-14T10:00,32.1,72,0.0,998.1,9.7,192,110.6,32.7,362.0,9.6,21.2,105.0
2025-06-14T11:00,32.2,73,0.0,997.7,11.9,180,130.9,39.0,334.0,8.2,23.9,126.0
2025-06-14T12:00,32.5,70,0.0,997.4,14.5,175,147.1,44.1,315.0,6.8,24.0,139.0
2025-06-14T13:00,32.8,70,0.0,996.6,14.5,174,146.7,44.4,298.0,5.3,22.6,146.0
2025-06-14T14:00,32.7,70,0.0,995.8,14.8,174,145.3,42.6,297.0,4.9,20.9,146.0
2025-06-14T15:00,32.5,72,0.0,995.2,14.2,176,149.5,40.9,323.0,5.8,19.2,134.0
2025-06-14T16:00,32.3,72,0.0,994.6,13.3,178,155.5,39.5,364.0,7.7,17.2,114.0
2025-06-14T17:00,31.8,73,0.0,994.1,9.7,176,151.8,39.8,401.0,11.3,19.1,106.0
2025-06-14T18:00,31.3,78,0.0,994.7,8.2,158,145.3,37.5,436.0,17.6,17.7,85.0
2025-06-14T19:00,30.6,79,0.0,995.2,7.9,159,136.4,35.7,467.0,26.2,15.8,57.0
2025-06-14T20:00,29.7,85,0.0,995.7,10.8,156,123.9,34.3,468.0,31.5,14.0,37.0
2025-06-14T21:00,29.4,89,0.0,996.2,14.1,152,109.4,32.1,414.0,30.3,12.5,33.0
2025-06-14T22:00,29.2,90,0.0,996.9,15.0,160,103.8,29.8,330.0,25.8,11.1,38.0
2025-06-14T23:00,29.2,88,0.0,997.4,11.8,173,98.0,28.5,260.0,21.8,9.9,42.0
2025-06-15T00:00,28.8,92,0.0,997.1,11.2,165,93.8,27.8,220.0,19.5,9.0,43.0
2025-06-15T01:00,28.6,92,0.0,996.8,8.3,191,89.4,27.2,195.0,17.6,8.4,44.0
2025-06-15T02:00,28.5,91,0.0,996.1,6.9,225,82.0,26.4,180.0,16.4,8.1,44.0
2025-06-15T03:00,28.2,93,0.0,995.4,3.8,225,82.2,27.8,171.0,15.9,7.9,42.0
2025-06-15T04:00,27.9,95,0.0,995.5,3.2,286,89.4,28.8,172.0,16.0,8.0,39.0
2025-06-15T05:00,27.8,94,0.0,995.7,1.0,31,85.7,27.5,200.0,18.8,9.1,34.0
2025-06-15T06:00,28.1,95,0.0,996.5,4.3,197,79.6,25.8,282.0,17.6,11.1,40.0
2025-06-15T07:00,28.5,91,0.0,996.6,5.2,176,106.9,27.3,390.0,15.8,13.9,49.0
2025-06-15T08:00,29.7,82,0.0,996.9,7.9,164,144.4,31.1,456.0,13.7,16.6,61.0
2025-06-15T09:00,30.7,75,0.0,996.8,9.0,157,194.6,37.0,442.0,11.2,19.2,80.0
2025-06-15T10:00,31.5,71,0.0,996.6,9.8,167,203.0,40.5,386.0,8.5,21.8,102.0
2025-06-15T11:00,32.1,67,0.0,996.2,10.7,174,210.9,44.7,339.0,6.4,23.1,119.0
2025-06-15T12:00,32.8,62,0.0,996.0,10.5,176,207.2,46.3,316.0,5.0,22.4,128.0
2025-06-15T13:00,33.4,58,0.0,995.2,12.1,178,195.1,45.2,302.0,4.1,20.5,132.0
2025-06-15T14:00,32.9,62,0.0,994.7,13.0,181,171.4,42.4,305.0,4.2,18.8,130.0
2025-06-15T15:00,32.8,67,0.0,994.3,11.2,177,147.1,39.2,337.0,5.2,17.8,122.0
2025-06-15T16:00,32.3,69,0.0,993.8,10.0,187,123.4,35.4,386.0,7.1,17.0,108.0
2025-06-15T17:00,32.0,69,0.0,993.6,9.2,192,137.4,40.3,429.0,10.1,16.7,100.0
2025-06-15T18:00,31.4,75,0.0,993.9,11.0,159,120.1,37.0,464.0,15.3,15.9,84.0
2025-06-15T19:00,30.7,77,0.0,994.8,10.5,164,104.5,34.2,493.0,22.5,14.8,62.0
2025-06-15T20:00,30.1,82,0.0,995.2,10.5,183,94.5,32.4,496.0,28.4,14.0,44.0
2025-06-15T21:00,29.9,84,0.0,995.6,11.2,182,92.0,31.1,457.0,31.6,13.8,35.0
2025-06-15T22:00,29.7,85,0.0,996.1,9.9,183,89.6,30.5,392.0,33.5,13.8,31.0
2025-06-15T23:00,29.5,87,0.0,996.3,7.7,201,88.5,31.3,334.0,35.1,14.1,27.0
2025-06-16T00:00,29.4,87,0.0,996.5,4.8,245,88.7,32.9,292.0,36.8,14.3,23.0
2025-06-16T01:00,29.4,87,0.0,996.6,6.0,291,93.1,35.2,256.0,38.3,14.7,20.0
2025-06-16T02:00,29.2,87,0.0,996.0,6.5,300,95.0,34.9,235.0,39.3,15.9,17.0
2025-06-16T03:00,29.1,88,0.0,995.9,6.1,326,88.9,33.9,229.0,39.9,18.3,15.0
2025-06-16T04:00,28.9,89,0.0,995.8,5.1,337,92.2,33.5,237.0,40.1,21.6,13.0
2025-06-16T05:00,28.9,89,0.0,995.9,5.3,336,89.4,33.3,264.0,33.5,21.6,20.0
2025-06-16T06:00,29.0,90,0.0,996.2,6.5,321,97.8,35.0,327.0,32.1,26.5,25.0
2025-06-16T07:00,29.6,85,0.0,996.1,7.9,317,125.3,39.1,409.0,29.8,33.2,33.0
2025-06-16T08:00,31.2,73,0.0,996.2,6.0,335,167.6,44.5,459.0,26.4,38.0,49.0
2025-06-16T09:00,33.6,59,0.0,996.1,4.6,342,175.1,47.7,446.0,20.7,39.3,81.0
2025-06-16T10:00,35.9,47,0.0,995.8,3.6,279,163.4,50.9,400.0,13.7,38.7,121.0
2025-06-16T11:00,37.4,40,0.0,995.7,4.7,223,156.9,53.7,364.0,8.4,36.9,153.0
2025-06-16T12:00,38.0,42,0.0,995.2,9.6,221,144.4,50.8,351.0,5.8,33.3,171.0
2025-06-16T13:00,36.8,50,1.0,994.8,12.7,230,130.9,46.9,348.0,4.9,28.6,181.0
2025-06-16T14:00,35.4,54,0.0,994.2,15.8,230,120.1,44.5,352.0,5.3,24.9,182.0
2025-06-16T15:00,34.9,57,0.2,994.8,9.8,229,117.3,44.2,369.0,7.3,23.4,170.0
2025-06-16T16:00,32.5,72,0.4,994.6,14.5,200,117.3,43.8,393.0,10.6,23.0,149.0
2025-06-16T17:00,32.1,73,0.4,994.2,10.3,213,107.6,34.1,406.0,17.3,25.0,88.0
2025-06-16T18:00,31.8,74,0.4,994.0,9.0,247,115.0,38.1,402.0,27.9,29.5,76.0
2025-06-16T19:00,31.1,80,0.0,994.7,8.6,259,110.8,40.2,387.0,42.2,35.4,60.0
2025-06-16T20:00,30.6,84,0.0,995.1,5.2,180,104.1,42.8,364.0,51.3,38.1,47.0
2025-06-16T21:00,30.3,89,0.0,995.4,5.6,174,99.4,39.6,329.0,50.3,34.7,39.0
2025-06-16T22:00,30.1,92,0.0,996.1,5.7,191,103.6,37.3,285.0,44.0,28.2,34.0
2025-06-16T23:00,29.9,92,0.0,996.7,7.6,258,106.4,36.2,244.0,37.6,22.5,31.0
2025-06-17T00:00,29.8,91,0.0,996.7,9.1,295,106.9,35.3,208.0,32.7,19.2,32.0
2025-06-17T01:00,29.6,91,0.0,996.6,8.3,314,99.2,33.5,175.0,27.6,16.8,36.0
2025-06-17T02:00,29.4,91,0.0,996.0,8.7,312,96.6,31.7,154.0,23.1,14.8,39.0
2025-06-17T03:00,29.3,91,0.0,995.9,7.7,309,95.5,30.0,140.0,18.8,13.0,41.0
2025-06-17T04:00,29.2,90,0.0,996.0,6.0,303,94.5,29.0,139.0,15.0,11.7,42.0
2025-06-17T05:00,29.1,91,0.0,996.1,7.0,296,120.6,34.0,175.0,17.5,14.2,43.0
2025-06-17T06:00,29.3,86,0.0,996.1,7.4,293,113.4,34.5,292.0,18.1,15.4,45.0
2025-06-17T07:00,29.8,85,0.0,996.7,6.9,285,132.7,36.8,447.0,18.8,17.1,49.0
2025-06-17T08:00,31.3,78,0.0,997.0,8.5,282,147.1,39.5,534.0,18.2,18.6,59.0
2025-06-17T09:00,33.3,67,0.0,997.4,7.6,285,140.6,41.0,489.0,15.1,19.8,81.0
2025-06-17T10:00,34.7,59,0.0,997.4,7.9,274,130.4,41.2,376.0,10.6,20.7,110.0
2025-06-17T11:00,35.9,53,0.0,997.1,11.4,259,124.8,41.0,289.0,7.1,20.9,130.0
2025-06-17T12:00,35.7,56,0.0,996.7,15.1,261,120.6,40.4,262.0,5.3,19.8,136.0
2025-06-17T13:00,35.2,57,0.0,996.3,15.2,263,116.2,39.2,260.0,4.4,18.0,134.0
2025-06-17T14:00,35.8,54,0.0,995.6,15.4,263,110.6,37.3,268.0,4.6,16.2,127.0
2025-06-17T15:00,36.1,50,0.0,995.0,15.9,266,102.2,34.9,289.0,6.3,14.7,114.0
2025-06-17T16:00,35.5,51,0.0,994.7,14.7,262,95.2,32.2,320.0,9.1,13.2,96.0
2025-06-17T17:00,34.5,55,0.0,994.9,13.4,253,89.2,30.4,342.0,12.0,12.4,82.0
2025-06-17T18:00,32.5,64,0.0,995.7,9.1,243,82.7,28.6,350.0,16.1,11.7,71.0
2025-06-17T19:00,31.0,81,0.0,996.0,11.7,245,75.9,27.0,348.0,21.6,10.7,55.0
2025-06-17T20:00,30.0,86,0.0,996.7,12.8,255,65.7,25.1,334.0,24.9,10.0,44.0
2025-06-17T21:00,29.8,88,0.0,997.2,14.3,258,56.9,23.9,298.0,24.3,10.0,42.0
2025-06-17T22:00,29.6,87,0.0,997.7,16.4,270,49.9,23.2,250.0,21.5,10.3,45.0
2025-06-17T23:00,29.4,87,0.0,998.1,15.8,282,47.5,22.9,208.0,18.3,10.5,48.0
2025-06-18T00:00,29.4,85,0.0,998.2,14.6,288,46.9,22.7,180.0,14.8,10.5,52.0
2025-06-18T01:00,29.3,84,0.0,997.9,15.4,291,46.2,22.4,160.0,11.0,10.4,56.0
2025-06-18T02:00,29.0,84,0.0,997.4,14.2,286,45.1,21.7,146.0,7.9,10.2,60.0
2025-06-18T03:00,28.8,86,0.0,997.2,14.6,279,43.4,20.9,136.0,6.1,9.6,62.0
2025-06-18T04:00,28.5,88,0.0,997.5,15.5,273,44.4,20.5,132.0,5.1,8.8,63.0
2025-06-18T05:00,28.3,89,0.0,997.8,15.1,271,42.3,19.8,146.0,5.5,8.1,64.0
2025-06-18T06:00,28.9,88,0.0,997.7,13.7,266,41.2,19.6,196.0,6.8,8.9,64.0
2025-06-18T07:00,29.4,85,0.0,998.2,14.6,270,46.6,21.2,263.0,8.5,10.1,65.0
2025-06-18T08:00,30.2,80,0.0,998.7,15.9,267,50.9,22.5,303.0,9.2,11.2,69.0
2025-06-18T09:00,31.2,74,0.0,998.8,16.9,268,53.4,23.4,289.0,8.0,12.1,80.0
2025-06-18T10:00,32.1,69,0.0,998.7,17.6,268,54.9,23.9,248.0,5.8,12.8,94.0
2025-06-18T11:00,32.7,66,0.0,998.6,17.3,265,55.5,23.9,217.0,4.1,13.2,104.0
2025-06-18T12:00,33.3,62,0.0,998.0,17.8,264,53.6,23.1,209.0,3.5,13.1,107.0
2025-06-18T13:00,33.5,61,0.0,997.5,18.5,260,51.3,22.2,211.0,3.3,12.8,106.0
2025-06-18T14:00,33.3,63,0.0,996.9,19.6,257,47.1,21.1,218.0,3.5,12.2,102.0
2025-06-18T15:00,32.9,65,0.0,996.5,20.7,253,44.7,20.0,232.0,3.9,11.4,94.0
2025-06-18T16:00,32.2,66,0.0,996.1,21.1,250,44.1,19.5,249.0,4.7,10.4,83.0
2025-06-18T17:00,31.5,69,0.0,996.0,21.0,249,53.4,24.0,259.0,5.9,10.0,74.0
2025-06-18T18:00,31.1,73,0.0,996.5,22.0,253,53.4,23.5,252.0,7.2,9.7,69.0
2025-06-18T19:00,30.2,81,0.0,996.8,20.2,248,50.9,23.2,237.0,8.9,9.3,63.0
2025-06-18T20:00,29.7,83,0.0,997.0,21.9,250,46.7,22.5,224.0,10.1,9.0,58.0
2025-06-18T21:00,29.7,84,0.1,997.6,20.0,248,45.1,22.3,219.0,10.5,8.9,56.0
2025-06-18T22:00,29.4,85,0.1,998.3,18.4,258,43.7,22.2,215.0,10.4,8.9,56.0
2025-06-18T23:00,29.2,86,0.0,998.0,18.0,256,43.8,21.9,206.0,9.9,8.8,56.0
2025-06-19T00:00,29.1,85,0.0,997.5,17.0,260,42.3,21.2,185.0,8.8,8.5,57.0
2025-06-19T01:00,28.9,86,0.0,997.1,17.4,263,41.4,20.5,158.0,7.3,8.0,58.0
2025-06-19T02:00,28.8,86,0.0,996.5,17.0,261,43.2,20.5,139.0,6.1,7.6,59.0
2025-06-19T03:00,28.9,85,0.0,996.4,16.7,259,46.6,20.9,130.0,5.3,7.1,60.0
2025-06-19T04:00,28.8,84,0.0,996.4,17.8,256,47.7,20.5,128.0,4.7,6.6,60.0
2025-06-19T05:00,28.8,84,0.0,996.7,18.6,261,46.0,19.2,138.0,4.4,6.5,61.0
2025-06-19T06:00,29.2,81,0.0,996.4,19.5,260,43.8,18.2,169.0,5.2,7.0,60.0
2025-06-19T07:00,29.5,79,0.0,996.6,22.8,260,44.5,17.9,212.0,6.3,7.7,59.0
2025-06-19T08:00,30.5,72,0.0,996.8,25.1,262,49.1,18.9,237.0,6.7,8.2,60.0
2025-06-19T09:00,31.2,67,0.0,997.0,25.7,264,56.2,21.0,227.0,5.8,8.4,65.0
2025-06-19T10:00,31.7,65,0.0,996.9,26.6,264,49.2,19.4,199.0,4.2,8.4,71.0
2025-06-19T11:00,32.0,64,0.0,996.8,26.8,264,50.5,19.8,180.0,3.0,8.4,77.0
2025-06-19T12:00,32.2,64,0.0,996.6,26.1,263,49.0,19.8,179.0,2.5,8.2,81.0
2025-06-19T13:00,32.4,63,0.0,996.2,26.5,260,50.4,20.3,186.0,2.4,8.0,83.0
2025-06-19T14:00,32.0,66,0.1,995.8,25.8,255,51.0,20.5,195.0,2.6,7.9,84.0
2025-06-19T15:00,31.9,67,0.1,995.2,24.2,257,49.1,20.4,207.0,3.2,8.1,81.0
2025-06-19T16:00,31.8,66,0.0,994.6,24.1,253,48.5,20.3,222.0,4.1,8.4,77.0
2025-06-19T17:00,31.3,69,0.0,994.4,24.1,250,57.2,22.7,233.0,5.5,9.4,72.0
2025-06-19T18:00,31.0,73,0.0,994.7,20.4,243,55.4,22.6,240.0,7.0,9.4,67.0
2025-06-19T19:00,30.2,78,0.1,995.2,18.6,235,52.2,21.8,243.0,9.2,9.3,61.0
2025-06-19T20:00,29.7,82,0.1,995.9,18.3,242,48.8,21.1,243.0,10.6,9.2,56.0
2025-06-19T21:00,29.5,84,0.0,996.6,17.1,243,45.8,20.4,241.0,10.9,8.9,55.0
2025-06-19T22:00,29.3,85,0.0,997.0,18.4,244,46.9,20.4,236.0,10.5,8.5,55.0
2025-06-19T23:00,29.3,85,0.0,997.4,17.5,242,46.7,20.4,223.0,9.7,8.0,56.0
2025-06-20T00:00,29.1,84,0.0,997.2,16.0,240,45.8,20.0,196.0,8.4,7.5,57.0
2025-06-20T01:00,29.0,85,0.0,996.8,15.8,240,45.3,19.6,162.0,6.8,7.0,58.0
2025-06-20T02:00,28.8,86,0.0,996.2,16.5,243,44.5,18.9,138.0,5.5,6.6,59.0
2025-06-20T03:00,28.9,84,0.0,996.1,15.5,248,43.2,18.2,129.0,4.8,6.4,59.0
2025-06-20T04:00,28.8,85,0.0,996.1,15.5,250,42.5,17.6,129.0,4.5,6.3,59.0
2025-06-20T05:00,28.7,86,0.0,996.2,15.8,249,41.3,17.2,142.0,4.6,6.0,59.0
2025-06-20T06:00,29.2,86,0.0,996.3,18.0,248,39.6,16.6,178.0,5.6,6.6,59.0
2025-06-20T07:00,29.4,85,0.3,996.8,21.6,250,40.6,17.1,226.0,7.0,7.6,58.0
2025-06-20T08:00,30.2,80,0.6,997.3,23.6,256,43.9,17.9,256.0,7.6,8.4,60.0
2025-06-20T09:00,30.9,76,0.0,997.6,21.6,251,45.9,18.5,249.0,6.7,9.1,66.0
2025-06-20T10:00,31.3,74,0.2,997.8,22.8,242,46.0,18.3,223.0,5.1,9.7,73.0
2025-06-20T11:00,31.5,73,0.5,997.9,22.0,237,48.2,19.0,205.0,3.9,10.1,79.0
2025-06-20T12:00,31.1,75,0.3,997.7,22.4,232,47.8,19.2,206.0,3.4,10.1,81.0
2025-06-20T13:00,30.9,77,0.3,997.4,22.5,221,87.3,27.8,214.0,3.2,9.8,82.0
2025-06-20T14:00,31.1,77,0.3,996.9,22.3,222,53.3,20.9,225.0,3.4,9.6,81.0
2025-06-20T15:00,31.3,75,0.0,996.5,21.1,226,50.6,20.5,236.0,4.0,9.6,78.0
2025-06-20T16:00,31.2,75,0.1,996.3,21.3,223,59.0,22.8,250.0,4.9,9.7,74.0
2025-06-20T17:00,30.8,76,0.0,996.2,19.9,226,67.8,28.1,266.0,7.0,9.6,66.0
2025-06-20T18:00,30.8,80,0.4,996.4,17.1,219,65.4,27.3,289.0,10.2,9.6,60.0
2025-06-20T19:00,30.2,85,0.1,997.0,14.7,223,59.3,26.4,314.0,14.4,9.6,53.0
2025-06-20T20:00,29.5,90,0.1,997.5,13.9,216,52.7,25.5,324.0,17.0,9.6,48.0
2025-06-20T21:00,29.6,89,0.1,998.2,14.5,229,51.8,24.4,309.0,16.4,9.5,48.0
2025-06-20T22:00,29.4,90,0.1,999.1,16.3,232,50.9,23.4,279.0,14.1,9.5,50.0
2025-06-20T23:00,29.3,90,0.0,999.0,16.4,240,50.4,22.6,247.0,11.7,9.2,53.0
2025-06-21T00:00,29.2,90,0.0,999.0,14.8,238,49.1,21.5,212.0,9.7,8.6,55.0
2025-06-21T01:00,29.1,90,0.1,998.6,13.4,233,47.1,20.3,176.0,7.6,7.9,57.0
2025-06-21T02:00,28.8,91,0.1,998.0,14.4,240,46.2,19.4,149.0,6.1,7.4,59.0
2025-06-21T03:00,28.8,90,0.1,997.8,14.6,244,46.8,18.9,134.0,5.3,7.2,59.0
2025-06-21T04:00,28.8,89,0.0,997.6,13.6,247,47.3,18.7,129.0,5.1,7.3,59.0
2025-06-21T05:00,28.7,89,0.0,997.9,14.3,253,42.7,17.6,143.0,5.0,7.0,59.0
2025-06-21T06:00,29.5,88,0.0,998.0,14.3,246,41.9,17.5,193.0,6.3,7.9,58.0
2025-06-21T07:00,29.8,83,0.0,998.3,16.1,250,41.3,17.5,261.0,8.0,9.1,58.0
2025-06-21T08:00,30.0,82,0.5,998.9,18.4,250,44.0,18.6,301.0,8.8,10.1,59.0
2025-06-21T09:00,30.5,79,0.4,999.4,18.1,248,46.3,19.4,286.0,8.0,10.8,63.0
2025-06-21T10:00,31.2,75,0.4,999.8,19.8,240,45.5,19.6,243.0,6.4,11.4,68.0
2025-06-21T11:00,31.2,76,0.5,999.4,21.4,234,44.5,19.6,210.0,5.0,11.6,73.0
2025-06-21T12:00,31.8,73,0.4,998.9,22.3,232,44.7,19.6,200.0,4.2,11.4,77.0
2025-06-21T13:00,31.7,74,0.2,998.6,22.0,231,44.9,20.1,201.0,3.7,10.9,79.0
2025-06-21T14:00,31.4,75,0.3,998.3,22.1,231,50.2,21.5,208.0,3.8,10.5,80.0
2025-06-21T15:00,31.6,74,0.2,997.9,22.2,233,40.7,19.3,225.0,4.6,10.4,77.0
2025-06-21T16:00,31.2,75,0.2,997.5,22.2,230,38.5,18.9,249.0,5.9,10.5,71.0
2025-06-21T17:00,30.6,78,0.0,997.2,20.9,226,47.7,22.6,268.0,7.2,11.8,68.0
2025-06-21T18:00,30.6,82,0.1,997.4,17.1,228,45.8,22.6,277.0,9.7,11.7,62.0
2025-06-21T19:00,30.1,84,0.3,997.9,15.3,226,44.8,22.8,280.0,13.3,11.5,55.0
2025-06-21T20:00,29.7,88,0.1,998.6,14.4,228,36.7,21.3,279.0,15.9,11.3,49.0
2025-06-21T21:00,29.3,89,0.1,999.1,13.9,236,35.0,21.1,277.0,17.0,11.2,47.0
2025-06-21T22:00,29.3,88,0.0,999.6,12.7,247,35.7,21.1,272.0,17.3,11.0,47.0
2025-06-21T23:00,29.2,88,0.0,999.6,12.8,248,39.0,21.8,257.0,16.8,10.7,47.0
2025-06-22T00:00,29.1,88,0.0,999.3,12.6,246,40.9,21.9,224.0,15.2,10.1,48.0
2025-06-22T01:00,28.9,90,0.1,998.7,13.2,242,41.1,21.1,182.0,12.9,9.4,50.0
2025-06-22T02:00,28.8,90,0.1,998.3,12.6,244,43.2,20.5,151.0,11.0,8.9,52.0
2025-06-22T03:00,28.8,89,0.0,997.8,12.5,252,43.7,19.8,136.0,9.6,8.5,53.0
2025-06-22T04:00,28.8,89,0.0,997.7,13.6,253,44.7,19.4,132.0,8.7,8.2,54.0
2025-06-22T05:00,28.7,89,0.0,997.5,15.9,255,42.8,19.2,147.0,7.0,8.1,57.0
2025-06-22T06:00,29.3,86,0.0,997.7,11.1,262,45.8,19.4,198.0,9.1,9.2,56.0
2025-06-22T07:00,29.2,87,0.0,997.9,11.8,259,54.2,21.3,267.0,12.0,10.8,55.0
2025-06-22T08:00,30.2,80,0.1,998.3,15.6,259,59.1,22.7,311.0,13.3,12.2,57.0
2025-06-22T09:00,30.7,75,0.0,998.4,15.5,262,67.3,23.4,304.0,11.7,13.5,64.0
2025-06-22T10:00,30.7,74,0.1,998.9,15.5,258,75.0,24.4,271.0,8.6,14.8,74.0
2025-06-22T11:00,30.7,74,0.1,998.6,16.9,255,78.2,25.4,243.0,6.0,15.3,82.0
2025-06-22T12:00,30.9,74,0.1,997.7,17.3,249,79.9,26.8,228.0,4.6,14.5,88.0
2025-06-22T13:00,32.1,69,0.1,997.1,18.0,246,76.6,26.6,218.0,3.6,13.0,92.0
2025-06-22T14:00,31.8,70,0.1,996.3,18.2,240,74.7,26.0,218.0,3.4,11.9,93.0
2025-06-22T15:00,31.4,73,0.1,995.9,18.8,234,65.9,24.6,236.0,3.9,11.7,89.0
2025-06-22T16:00,31.1,74,0.0,995.3,18.6,232,59.3,23.5,264.0,5.2,11.8,82.0
2025-06-22T17:00,30.2,78,0.1,995.1,19.2,230,73.8,26.5,288.0,7.3,13.8,79.0
2025-06-22T18:00,30.1,79,0.1,995.0,14.5,240,60.8,24.2,303.0,10.3,13.4,71.0
2025-06-22T19:00,29.8,80,0.0,995.3,13.5,256,56.0,23.3,314.0,14.4,12.8,61.0
2025-06-22T20:00,29.7,82,0.0,996.1,13.6,238,48.2,23.2,319.0,17.5,12.4,53.0
2025-06-22T21:00,29.4,84,0.0,996.9,12.4,240,45.2,23.2,319.0,18.7,12.5,50.0
2025-06-22T22:00,29.1,85,0.0,997.6,11.6,237,47.0,23.9,314.0,18.8,12.7,49.0
2025-06-22T23:00,29.1,85,0.0,997.4,9.6,232,50.2,24.9,296.0,18.2,12.7,49.0
2025-06-23T00:00,29.0,85,0.0,997.3,8.3,243,50.3,24.6,256.0,16.6,12.0,50.0
2025-06-23T01:00,28.8,86,0.0,996.8,8.9,230,50.1,23.7,204.0,14.3,11.1,51.0
2025-06-23T02:00,28.6,87,0.0,996.3,9.5,234,49.1,22.8,165.0,12.3,10.3,52.0
2025-06-23T03:00,28.6,88,0.0,996.4,10.1,241,48.7,21.9,148.0,10.9,9.7,52.0
2025-06-23T04:00,28.5,88,0.0,996.3,9.8,229,48.2,21.1,144.0,9.9,9.2,53.0
2025-06-23T05:00,28.5,88,0.0,996.4,9.9,237,48.1,20.7,156.0,8.1,9.5,56.0
2025-06-23T06:00,29.0,88,0.0,996.0,11.5,240,46.7,20.3,196.0,9.1,10.4,57.0
2025-06-23T07:00,29.6,82,0.0,996.4,11.8,239,56.1,22.2,251.0,10.3,11.5,59.0
2025-06-23T08:00,30.6,74,0.0,996.8,15.6,246,58.6,22.9,285.0,10.6,12.6,63.0
2025-06-23T09:00,31.2,71,0.1,997.2,17.9,248,64.7,23.6,274.0,9.0,13.4,72.0
2025-06-23T10:00,31.4,71,0.1,997.2,18.1,247,69.2,24.9,242.0,6.5,14.0,83.0
2025-06-23T11:00,32.0,70,0.2,996.9,17.9,245,69.2,25.7,218.0,4.6,14.4,92.0
2025-06-23T12:00,31.9,71,0.2,996.4,17.4,242,69.8,26.1,214.0,3.8,14.4,96.0
2025-06-23T13:00,32.2,70,0.0,995.8,16.5,233,69.8,26.4,218.0,3.7,14.1,98.0
2025-06-23T14:00,32.5,68,0.0,995.1,16.4,232,68.5,26.9,226.0,4.0,13.7,97.0
2025-06-23T15:00,32.3,69,0.0,994.5,17.3,228,63.6,26.1,238.0,4.7,13.2,92.0
2025-06-23T16:00,31.7,71,0.0,994.0,17.3,225,59.5,25.2,253.0,5.8,12.6,84.0
2025-06-23T17:00,31.3,71,0.0,993.8,17.9,225,88.5,34.1,266.0,9.1,16.2,79.0
2025-06-23T18:00,30.6,81,0.1,994.1,14.7,213,86.6,34.6,274.0,11.8,16.2,70.0
2025-06-23T19:00,30.2,84,0.0,994.4,13.1,205,79.9,33.4,281.0,15.5,16.1,58.0
2025-06-23T20:00,29.6,87,0.0,995.2,12.7,211,76.1,33.2,290.0,18.6,15.9,48.0
2025-06-23T21:00,29.5,86,0.0,995.9,9.5,217,73.3,33.3,313.0,20.7,15.5,43.0
2025-06-23T22:00,29.3,87,0.0,996.1,9.0,224,74.7,32.8,338.0,22.2,14.8,40.0
2025-06-23T23:00,29.2,88,0.0,995.9,9.3,227,75.7,32.0,342.0,22.2,13.9,39.0
2025-06-24T00:00,29.0,89,0.0,995.6,9.5,237,71.9,30.0,303.0,19.6,12.4,40.0
2025-06-24T01:00,28.9,90,0.0,995.3,9.9,233,68.0,27.7,242.0,15.4,10.5,44.0
2025-06-24T02:00,28.7,90,0.0,994.7,9.5,231,66.6,26.2,195.0,12.3,9.2,46.0
2025-06-24T03:00,28.6,90,0.0,994.5,9.6,237,66.6,25.5,175.0,11.2,8.5,45.0
2025-06-24T04:00,28.5,91,0.0,994.2,8.9,227,64.5,24.9,170.0,11.2,8.4,44.0
2025-06-24T05:00,28.3,91,0.0,994.3,9.3,234,67.8,24.9,181.0,9.6,9.2,47.0
2025-06-24T06:00,28.9,90,0.0,994.6,10.3,227,68.9,25.4,224.0,9.7,11.0,50.0
2025-06-24T07:00,29.5,84,0.0,995.0,10.7,230,86.6,28.7,283.0,9.9,13.6,55.0
2025-06-24T08:00,30.2,78,0.0,995.3,11.0,228,100.6,30.5,318.0,9.5,15.8,63.0
2025-06-24T09:00,30.9,74,0.1,995.6,12.9,223,106.2,32.4,302.0,8.1,17.5,77.0
2025-06-24T10:00,31.3,71,0.1,995.8,13.2,223,109.4,34.6,262.0,6.2,18.9,94.0
2025-06-24T11:00,32.0,68,0.0,995.6,14.1,220,108.7,37.1,231.0,4.8,19.6,108.0
2025-06-24T12:00,32.2,67,0.0,995.1,14.7,216,106.2,38.5,223.0,4.1,19.4,116.0
2025-06-24T13:00,32.7,65,0.0,994.6,14.4,214,101.3,38.3,226.0,3.8,18.5,120.0
2025-06-24T14:00,32.8,65,0.0,994.0,15.2,217,96.2,36.7,233.0,4.0,17.5,119.0
2025-06-24T15:00,32.4,66,0.0,993.4,16.4,211,89.4,33.9,246.0,4.6,16.3,110.0
2025-06-24T16:00,31.8,69,0.0,993.0,17.1,206,82.4,30.4,263.0,5.6,14.9,95.0
2025-06-24T17:00,31.3,71,0.0,992.8,17.2,208,88.5,29.5,279.0,6.6,13.2,79.0
2025-06-24T18:00,30.7,76,0.0,993.2,16.4,201,87.3,27.9,290.0,9.1,13.3,70.0
2025-06-24T19:00,30.4,78,0.1,993.7,13.4,198,87.8,27.4,299.0,12.8,13.5,58.0
2025-06-24T20:00,29.9,83,0.1,994.6,10.9,202,86.4,28.2,309.0,16.4,13.8,47.0
2025-06-24T21:00,29.7,85,0.0,995.1,11.1,196,83.1,29.5,322.0,19.8,14.2,41.0
2025-06-24T22:00,29.5,85,0.0,995.7,9.6,201,78.2,29.6,337.0,23.2,14.6,37.0
2025-06-24T23:00,29.3,87,0.0,995.8,9.3,204,74.5,29.7,349.0,26.0,14.9,33.0
2025-06-25T00:00,29.1,88,0.0,995.6,6.4,196,71.0,30.2,358.0,28.5,14.8,29.0
2025-06-25T01:00,28.9,88,0.0,995.2,5.3,208,70.3,31.1,365.0,30.4,14.5,26.0
2025-06-25T02:00,28.7,89,0.0,994.7,5.5,199,76.8,33.5,372.0,30.9,14.7,25.0
2025-06-25T03:00,28.6,89,0.0,994.7,3.7,203,89.4,36.0,379.0,28.9,15.6,26.0
2025-06-25T04:00,28.4,89,0.0,994.5,3.5,165,96.2,34.6,385.0,25.5,17.0,29.0
2025-06-25T05:00,28.4,88,0.0,994.7,2.9,180,69.8,29.7,388.0,23.9,14.4,30.0
2025-06-25T06:00,28.7,88,0.0,994.9,5.4,166,70.8,28.8,388.0,21.9,16.7,35.0
2025-06-25T07:00,29.3,82,0.0,995.2,7.4,187,81.3,30.6,385.0,19.1,19.9,44.0
2025-06-25T08:00,30.1,76,0.0,995.4,9.6,188,86.8,30.7,377.0,16.1,22.5,55.0
2025-06-25T09:00,30.7,73,0.0,996.2,10.3,179,97.1,31.8,360.0,12.8,23.9,72.0
2025-06-25T10:00,30.5,74,0.0,996.5,11.0,179,100.4,34.1,337.0,9.3,24.7,92.0
2025-06-25T11:00,30.9,72,0.0,996.4,11.0,186,97.6,36.0,318.0,6.6,24.6,109.0
2025-06-25T12:00,30.8,72,0.0,996.0,10.8,180,94.8,37.4,304.0,5.0,23.3,121.0
2025-06-25T13:00,32.1,67,0.0,995.5,11.5,180,89.9,37.1,293.0,4.3,21.3,128.0
2025-06-25T14:00,32.2,65,0.0,994.8,13.0,174,84.8,35.7,296.0,4.2,19.4,130.0
2025-06-25T15:00,32.0,65,0.0,994.1,13.9,180,78.9,33.9,323.0,4.8,18.0,122.0
2025-06-25T16:00,31.4,69,0.0,994.0,12.6,178,75.4,31.9,363.0,6.1,16.7,108.0
2025-06-25T17:00,31.1,72,0.0,993.8,13.2,174,87.1,32.4,391.0,7.2,11.8,85.0
2025-06-25T18:00,30.1,76,0.0,994.6,13.7,181,82.4,31.2,394.0,10.1,12.2,76.0
2025-06-25T19:00,29.7,79,0.0,994.9,10.0,186,79.4,30.0,386.0,14.1,12.8,64.0
2025-06-25T20:00,29.6,80,0.0,995.7,11.4,161,78.5,29.7,384.0,17.5,13.2,53.0
2025-06-25T21:00,29.6,80,0.0,996.4,12.4,161,75.0,29.2,404.0,19.8,13.2,47.0
2025-06-25T22:00,29.6,81,0.0,996.8,11.6,164,78.5,29.1,430.0,21.5,13.1,43.0
2025-06-25T23:00,29.4,84,0.0,997.0,9.7,170,80.6,29.3,433.0,22.8,12.8,39.0
2025-06-26T00:00,29.3,85,0.0,997.2,7.2,176,79.9,30.0,390.0,23.6,12.3,35.0
2025-06-26T01:00,29.1,87,0.0,997.1,5.2,186,78.0,29.3,324.0,23.9,11.8,32.0
2025-06-26T02:00,28.9,89,0.0,996.6,3.9,202,78.0,29.2,276.0,24.1,11.6,30.0
2025-06-26T03:00,28.8,90,0.0,996.4,1.5,234,74.7,29.7,255.0,24.5,12.0,27.0
2025-06-26T04:00,28.7,90,0.0,996.4,2.5,135,73.1,28.9,252.0,24.7,12.7,25.0
2025-06-26T05:00,28.6,91,0.0,996.2,1.1,108,82.0,31.2,278.0,27.3,15.4,24.0
2025-06-26T06:00,28.9,95,0.0,996.8,1.9,214,79.4,30.5,354.0,26.8,19.3,27.0
2025-06-26T07:00,29.3,91,0.0,997.0,1.3,286,97.3,32.2,460.0,25.9,24.6,32.0
2025-06-26T08:00,30.3,83,0.0,998.0,1.5,159,117.6,33.8,547.0,24.1,28.7,38.0
2025-06-26T09:00,31.6,71,0.0,998.0,1.8,217,166.2,42.4,609.0,20.9,30.5,47.0
2025-06-26T10:00,33.2,64,0.0,998.2,5.2,184,141.6,36.3,652.0,16.8,31.0,58.0
2025-06-26T11:00,33.4,64,0.0,998.2,10.3,177,136.9,35.6,652.0,13.2,30.4,69.0
2025-06-26T12:00,33.7,55,0.0,997.9,12.6,176,134.6,35.9,573.0,10.3,28.7,80.0
2025-06-26T13:00,34.2,45,0.0,997.5,10.8,179,130.9,36.0,450.0,7.9,26.0,92.0
2025-06-26T14:00,33.9,51,0.0,996.8,10.6,184,120.6,34.5,368.0,6.4,22.7,97.0
2025-06-26T15:00,32.6,62,0.0,996.0,10.1,207,103.1,30.0,376.0,6.0,18.4,92.0
2025-06-26T16:00,32.8,63,0.0,995.5,10.0,221,89.9,25.5,425.0,6.5,13.7,82.0
2025-06-26T17:00,32.5,67,0.0,995.4,11.9,211,82.0,23.9,451.0,7.4,11.3,76.0
2025-06-26T18:00,31.4,76,0.0,995.3,10.2,222,83.4,24.2,419.0,10.0,11.5,72.0
2025-06-26T19:00,30.6,84,0.0,996.1,10.9,211,79.2,24.1,364.0,13.6,11.8,66.0
2025-06-26T20:00,30.2,87,0.0,996.2,10.9,213,75.2,24.2,326.0,16.3,12.1,62.0
2025-06-26T21:00,30.2,86,0.0,997.2,9.0,223,72.4,24.6,330.0,16.9,12.3,62.0
2025-06-26T22:00,30.2,86,0.0,998.2,7.0,235,68.7,24.7,350.0,16.6,12.6,63.0
2025-06-26T23:00,29.9,88,0.0,998.2,6.2,248,64.7,24.7,350.0,16.8,12.8,62.0
2025-06-27T00:00,29.7,88,0.1,998.2,5.7,252,63.3,25.4,306.0,18.1,12.9,58.0
2025-06-27T01:00,29.6,89,0.0,997.7,6.9,279,60.5,26.1,242.0,19.9,13.0,52.0
2025-06-27T02:00,29.6,88,0.0,997.4,7.0,299,58.3,26.1,196.0,21.4,13.6,47.0
2025-06-27T03:00,29.4,89,0.0,996.8,6.8,302,57.9,26.5,177.0,22.1,14.6,43.0
2025-06-27T04:00,29.3,88,0.0,996.7,7.8,316,61.9,27.2,176.0,22.5,16.2,40.0
2025-06-27T05:00,29.2,88,0.0,996.2,8.8,317,43.1,22.9,204.0,17.7,20.2,42.0
2025-06-27T06:00,28.8,89,0.0,996.5,6.5,330,47.1,22.6,287.0,19.5,19.3,41.0
2025-06-27T07:00,28.8,90,0.0,997.0,8.0,332,56.7,25.0,399.0,21.9,18.1,40.0
2025-06-27T08:00,29.8,83,0.0,997.2,8.6,327,72.9,29.5,470.0,22.7,18.3,46.0
2025-06-27T09:00,31.4,73,0.0,997.3,7.6,332,93.6,35.2,451.0,20.6,21.4,64.0
2025-06-27T10:00,32.8,64,0.0,997.4,6.5,341,103.1,38.8,392.0,17.0,25.9,89.0
2025-06-27T11:00,34.6,55,0.0,996.7,4.6,349,105.0,41.0,369.0,14.1,28.7,111.0
2025-06-27T12:00,35.9,51,0.0,996.5,4.1,113,99.4,39.9,417.0,12.0,28.2,129.0
2025-06-27T13:00,35.3,56,0.8,996.0,11.0,180,87.1,37.4,501.0,10.6,26.0,144.0
2025-06-27T14:00,29.4,80,10.4,996.9,9.0,224,87.1,38.6,601.0,11.6,24.3,149.0
2025-06-27T15:00,27.0,92,2.5,996.6,7.6,271,91.0,40.7,737.0,16.1,23.6,138.0
2025-06-27T16:00,27.6,90,1.3,995.2,6.6,325,92.7,43.2,888.0,23.1,23.3,118.0
2025-06-27T17:00,27.8,93,1.4,995.0,6.6,327,80.1,53.9,970.0,66.9,30.1,34.0
2025-06-27T18:00,29.2,85,0.0,995.9,9.6,298,78.0,49.2,931.0,63.6,28.5,36.0
2025-06-27T19:00,28.6,84,0.1,996.2,11.3,303,65.0,43.8,823.0,58.6,26.2,38.0
2025-06-27T20:00,27.8,87,0.2,996.8,12.5,317,61.2,39.6,722.0,51.8,23.4,42.0
2025-06-27T21:00,27.7,88,0.1,997.6,10.0,330,56.7,33.9,657.0,41.8,19.6,49.0
2025-06-27T22:00,27.7,88,0.2,997.8,9.8,317,52.3,30.0,599.0,29.9,15.3,57.0
2025-06-27T23:00,27.8,89,0.0,997.5,10.6,320,50.2,26.2,534.0,20.3,11.8,63.0
2025-06-28T00:00,27.9,91,0.2,997.6,9.1,324,50.3,24.4,450.0,14.6,9.8,66.0
2025-06-28T01:00,27.9,94,0.2,996.9,9.9,325,48.5,22.7,360.0,11.0,8.6,68.0
2025-06-28T02:00,27.9,94,0.1,996.0,10.6,326,43.2,20.4,290.0,8.5,7.8,70.0
2025-06-28T03:00,27.4,94,5.7,996.2,9.3,304,37.6,17.3,231.0,6.0,7.1,73.0
2025-06-28T04:00,27.0,97,10.3,996.2,11.8,327,41.0,17.5,193.0,4.6,6.7,76.0
2025-06-28T05:00,26.8,97,1.3,996.7,13.2,348,50.9,20.4,233.0,7.3,7.9,69.0
2025-06-28T06:00,26.7,98,3.1,996.4,7.2,342,48.2,20.1,436.0,11.9,9.0,64.0
2025-06-28T07:00,26.8,95,7.6,996.8,7.2,4,48.4,21.5,716.0,18.2,10.5,58.0
2025-06-28T08:00,27.2,93,0.8,996.7,8.0,306,54.4,24.0,882.0,21.8,12.1,58.0
2025-06-28T09:00,28.4,87,0.1,997.0,11.1,313,56.3,24.7,820.0,20.2,13.6,69.0
2025-06-28T10:00,28.8,84,0.1,997.4,11.6,305,53.2,21.6,642.0,16.0,15.2,86.0
2025-06-28T11:00,28.5,87,2.2,997.2,7.9,286,49.4,20.7,492.0,13.0,16.3,98.0
2025-06-28T12:00,28.4,88,1.2,996.9,7.5,300,47.5,21.5,422.0,13.1,16.7,100.0
2025-06-28T13:00,29.6,80,2.1,996.4,14.8,273,43.0,21.0,379.0,14.5,16.8,96.0
2025-06-28T14:00,28.5,83,0.5,995.5,13.8,291,38.4,19.8,349.0,15.6,16.9,93.0
2025-06-28T15:00,29.2,79,0.2,995.1,15.5,283,32.5,18.2,324.0,14.7,17.5,95.0
2025-06-28T16:00,28.2,83,0.3,994.6,16.5,293,33.6,19.2,313.0,13.6,18.2,97.0
2025-06-28T17:00,28.3,83,0.0,994.7,14.8,299,55.3,37.4,323.0,13.7,23.7,159.0
2025-06-28T18:00,28.5,83,0.0,995.7,13.9,253,49.8,33.2,376.0,19.6,22.6,130.0
2025-06-28T19:00,28.2,85,0.0,996.1,12.0,251,46.0,28.4,452.0,27.7,21.0,90.0
2025-06-28T20:00,28.0,86,0.0,996.4,11.8,251,49.7,27.5,496.0,32.8,19.3,59.0
2025-06-28T21:00,27.9,88,0.0,996.8,10.8,240,49.4,25.0,483.0,32.2,17.6,47.0
2025-06-28T22:00,27.9,88,0.1,997.5,9.7,235,48.3,23.5,438.0,28.6,15.9,45.0
2025-06-28T23:00,27.6,89,0.1,997.6,12.7,238,47.0,22.5,384.0,25.1,14.3,44.0
2025-06-29T00:00,27.7,88,0.1,997.4,14.9,235,47.5,22.5,317.0,22.4,12.7,43.0
2025-06-29T01:00,27.7,88,0.0,996.7,15.4,238,48.1,22.6,240.0,19.8,11.3,44.0
2025-06-29T02:00,27.5,90,0.0,996.3,15.3,239,48.8,22.5,187.0,17.6,10.5,45.0
2025-06-29T03:00,27.2,90,0.1,996.2,15.7,239,50.1,22.5,166.0,15.6,10.5,45.0
2025-06-29T04:00,27.3,89,0.1,996.1,14.8,241,46.2,21.8,168.0,14.0,11.1,45.0
2025-06-29T05:00,27.5,88,0.0,996.1,13.2,242,28.8,16.2,201.0,16.3,13.9,49.0
2025-06-29T06:00,27.8,91,0.0,995.8,8.1,253,23.2,14.8,295.0,17.5,14.9,53.0
2025-06-29T07:00,28.2,89,0.3,996.1,8.3,240,21.0,14.6,421.0,18.9,16.3,58.0
2025-06-29T08:00,28.9,85,0.1,996.5,10.1,229,18.1,13.8,497.0,18.8,17.4,66.0
2025-06-29T09:00,29.3,82,0.1,996.7,11.7,227,12.4,10.6,477.0,15.5,18.2,79.0
2025-06-29T10:00,29.6,81,0.0,996.3,9.4,218,10.3,9.4,406.0,10.7,18.7,94.0
2025-06-29T11:00,30.2,79,0.0,996.5,11.1,203,11.2,9.7,344.0,6.8,18.3,104.0
2025-06-29T12:00,30.0,80,0.0,996.5,14.4,212,16.1,10.4,308.0,4.8,16.1,107.0
2025-06-29T13:00,30.3,79,0.2,995.8,16.3,217,16.3,9.5,280.0,3.8,13.0,105.0
2025-06-29T14:00,30.2,79,0.3,995.5,16.9,215,19.5,10.4,265.0,3.7,10.9,102.0
2025-06-29T15:00,30.3,78,0.1,995.0,15.1,219,21.2,11.1,264.0,4.2,10.6,98.0
2025-06-29T16:00,29.9,79,0.0,994.3,16.7,221,21.8,11.6,276.0,5.5,11.2,93.0
2025-06-29T17:00,29.5,81,0.1,994.0,17.1,224,21.9,11.5,304.0,10.7,19.0,88.0
2025-06-29T18:00,30.1,79,0.0,994.0,10.1,209,24.3,13.1,364.0,16.2,18.9,76.0
2025-06-29T19:00,29.5,83,0.0,994.3,8.0,208,24.7,13.8,439.0,23.9,18.7,61.0
2025-06-29T20:00,29.1,86,0.0,994.9,6.7,224,25.0,16.4,483.0,29.7,18.2,48.0
2025-06-29T21:00,29.0,87,0.0,995.8,6.6,223,25.0,17.2,472.0,32.4,17.2,42.0
2025-06-29T22:00,28.9,88,0.0,996.3,6.7,251,25.6,18.0,430.0,33.3,15.9,40.0
2025-06-29T23:00,28.7,88,0.0,996.5,7.8,262,27.2,19.0,377.0,32.5,14.6,39.0
2025-06-30T00:00,28.3,92,0.1,996.5,11.0,267,30.3,20.0,311.0,29.3,13.4,40.0
2025-06-30T01:00,28.3,92,0.0,996.1,10.3,268,34.8,20.7,236.0,24.5,12.3,43.0
2025-06-30T02:00,28.3,90,0.1,995.3,11.4,267,43.8,22.2,181.0,20.0,11.4,46.0
2025-06-30T03:00,28.4,91,0.0,995.2,10.5,262,57.4,25.1,157.0,16.3,10.8,49.0
2025-06-30T04:00,28.5,90,0.0,994.9,10.2,262,72.9,27.9,153.0,13.0,10.4,52.0
2025-06-30T05:00,28.5,90,0.0,995.2,10.7,264,101.0,32.1,172.0,9.3,10.2,60.0
2025-06-30T06:00,29.2,84,0.0,995.2,11.9,285,103.1,32.8,234.0,10.0,10.6,61.0
2025-06-30T07:00,29.6,83,0.0,995.8,12.6,275,99.7,32.4,318.0,10.9,11.2,62.0
2025-06-30T08:00,30.2,77,0.2,996.4,20.1,252,92.4,29.4,365.0,10.8,11.7,64.0
2025-06-30T09:00,30.4,79,0.3,997.1,22.1,251,75.2,25.8,336.0,8.9,12.0,69.0
2025-06-30T10:00,30.8,75,0.1,997.2,21.9,247,62.9,23.3,270.0,6.0,12.2,75.0
2025-06-30T11:00,31.1,75,0.0,997.4,21.3,242,57.0,22.1,219.0,3.9,12.2,79.0
2025-06-30T12:00,31.4,74,0.0,997.1,21.0,243,55.3,21.8,202.0,3.2,11.8,79.0
2025-06-30T13:00,31.6,72,0.0,996.5,20.5,241,56.5,21.9,200.0,3.3,11.1,76.0
2025-06-30T14:00,31.4,71,0.0,996.0,20.9,237,54.8,21.5,207.0,3.8,10.5,73.0
2025-06-30T15:00,31.2,71,0.0,995.5,20.1,234,53.9,21.6,224.0,4.4,10.2,69.0
2025-06-30T16:00,30.8,72,0.1,995.2,20.6,235,49.8,20.3,249.0,5.4,10.1,64.0
2025-06-30T17:00,30.5,75,0.2,995.1,21.4,232,64.5,26.0,275.0,6.8,10.7,62.0
2025-06-30T18:00,30.5,79,0.0,995.2,18.5,234,60.1,24.0,304.0,11.0,10.7,55.0
2025-06-30T19:00,30.1,82,0.0,995.6,16.0,236,57.3,24.4,333.0,16.6,10.7,44.0
2025-06-30T20:00,29.7,84,0.0,996.2,15.4,234,50.1,23.5,345.0,20.4,10.6,37.0
2025-06-30T21:00,29.5,85,0.0,997.1,15.3,232,48.5,22.6,329.0,20.6,10.3,36.0
2025-06-30T22:00,29.2,86,0.0,997.6,14.9,232,48.7,22.4,296.0,18.9,9.9,37.0
2025-06-30T23:00,29.0,88,0.0,998.1,15.2,236,48.0,22.1,260.0,16.8,9.3,39.0
2025-07-01T00:00,28.9,88,0.0,997.8,15.1,242,46.2,21.2,219.0,14.3,8.5,41.0
2025-07-01T01:00,28.6,90,0.0,997.4,14.8,248,43.3,20.0,175.0,11.3,7.6,43.0
2025-07-01T02:00,28.4,91,0.0,997.1,13.4,250,41.0,19.0,144.0,9.0,7.0,44.0
2025-07-01T03:00,28.3,92,0.0,996.9,12.4,254,39.5,18.5,131.0,7.9,6.8,44.0
2025-07-01T04:00,28.3,92,0.0,996.9,11.5,256,40.6,18.7,131.0,7.5,7.0,44.0
2025-07-01T05:00,28.2,92,0.0,997.2,11.4,257,38.9,18.5,146.0,6.5,7.1,48.0
2025-07-01T06:00,29.0,87,0.0,996.7,12.7,263,43.1,19.8,189.0,8.6,8.0,47.0
2025-07-01T07:00,29.5,85,0.0,997.2,11.6,262,52.2,22.6,246.0,11.4,9.3,46.0
2025-07-01T08:00,30.0,79,0.0,997.8,15.2,253,59.1,24.6,282.0,12.7,10.6,49.0
2025-07-01T09:00,30.6,77,0.1,998.2,15.7,255,68.7,25.7,273.0,10.8,12.0,58.0
2025-07-01T10:00,31.5,73,0.0,998.3,14.2,248,79.2,27.9,243.0,7.4,13.4,70.0
2025-07-01T11:00,31.9,71,0.0,998.3,15.0,236,80.8,28.1,220.0,4.8,14.2,79.0
2025-07-01T12:00,32.0,70,0.0,997.9,16.2,231,78.2,27.7,217.0,3.9,14.1,83.0
2025-07-01T13:00,31.5,73,0.2,997.4,17.6,227,77.1,27.6,222.0,3.7,13.3,83.0
2025-07-01T14:00,31.0,75,0.1,996.7,17.7,224,64.0,24.1,232.0,4.1,12.7,81.0
2025-07-01T15:00,31.3,74,0.0,996.1,17.4,225,58.7,22.5,247.0,4.6,12.4,76.0
2025-07-01T16:00,30.9,75,0.1,995.8,17.6,227,53.1,21.0,268.0,5.7,12.1,69.0
2025-07-01T17:00,30.2,79,0.3,995.8,18.3,227,71.9,27.6,292.0,8.1,12.7,62.0
2025-07-01T18:00,30.3,76,0.0,996.5,14.3,223,66.4,26.1,327.0,12.5,12.5,54.0
2025-07-01T19:00,29.8,80,0.0,996.7,12.0,230,61.9,25.7,364.0,18.5,12.3,42.0
2025-07-01T20:00,29.4,82,0.0,997.4,11.4,231,53.0,25.1,381.0,22.6,12.0,34.0
2025-07-01T21:00,29.2,84,0.0,997.7,12.8,238,48.7,24.0,363.0,23.4,11.7,31.0
2025-07-01T22:00,29.0,86,0.0,998.1,13.1,240,48.2,23.3,323.0,22.4,11.4,32.0
2025-07-01T23:00,29.0,86,0.0,998.6,12.6,241,48.7,22.8,281.0,20.6,10.9,33.0
2025-07-02T00:00,28.6,88,0.1,998.4,13.0,244,47.8,21.5,235.0,17.7,9.9,36.0
2025-07-02T01:00,28.3,90,0.1,997.8,13.1,251,44.9,19.5,187.0,14.0,8.8,40.0
2025-07-02T02:00,28.2,91,0.2,997.4,13.2,260,43.2,17.9,152.0,10.9,7.9,43.0
2025-07-02T03:00,28.1,91,0.0,997.2,12.5,263,41.8,16.6,137.0,9.0,7.4,45.0
2025-07-02T04:00,28.0,91,0.0,997.4,11.2,266,42.8,16.1,137.0,7.8,7.1,46.0
2025-07-02T05:00,27.9,92,0.0,997.4,10.3,266,47.6,16.9,151.0,7.5,7.4,47.0
2025-07-02T06:00,28.7,88,0.0,997.2,10.3,269,47.7,17.2,193.0,9.0,8.6,47.0
2025-07-02T07:00,29.2,85,0.0,997.4,9.2,267,54.9,19.2,251.0,11.1,10.4,46.0
2025-07-02T08:00,30.1,76,0.0,997.9,12.1,258,65.2,21.2,286.0,11.9,12.0,49.0
2025-07-02T09:00,30.9,73,0.0,998.3,13.4,255,79.6,23.1,276.0,10.4,13.3,56.0
2025-07-02T10:00,31.4,70,0.0,998.5,14.4,248,87.1,24.8,243.0,7.7,14.5,67.0
2025-07-02T11:00,31.6,71,0.0,998.1,15.2,240,91.7,26.0,219.0,5.5,15.2,75.0
2025-07-02T12:00,31.6,73,0.0,997.7,15.0,233,92.2,27.1,215.0,4.4,15.2,81.0
2025-07-02T13:00,31.5,74,0.1,997.1,15.7,228,91.7,27.5,219.0,3.9,14.7,85.0
2025-07-02T14:00,31.5,74,0.1,996.3,16.3,226,87.1,26.7,229.0,4.0,14.2,85.0
2025-07-02T15:00,31.4,74,0.2,995.9,16.7,222,81.3,25.0,244.0,4.4,13.7,80.0
2025-07-02T16:00,30.9,76,0.2,995.5,16.8,225,74.3,23.0,266.0,5.3,13.1,71.0
2025-07-02T17:00,30.5,78,0.1,995.2,16.8,229,100.8,29.6,290.0,8.3,14.6,62.0
2025-07-02T18:00,30.4,77,0.0,995.7,14.8,222,85.9,26.5,325.0,12.2,14.2,54.0
2025-07-02T19:00,29.7,82,0.1,996.2,14.3,220,83.8,26.5,362.0,17.6,13.6,43.0
2025-07-02T20:00,29.5,84,0.0,996.9,12.7,216,69.4,25.6,381.0,21.8,13.1,34.0
2025-07-02T21:00,29.5,82,0.0,997.5,12.7,219,65.2,25.6,368.0,23.7,12.9,31.0
2025-07-02T22:00,29.2,83,0.0,997.6,13.0,224,63.8,25.6,337.0,24.4,12.7,30.0
2025-07-02T23:00,29.0,84,0.0,997.7,13.0,229,61.9,25.1,299.0,24.0,12.3,30.0
2025-07-03T00:00,28.8,85,0.1,997.8,10.7,243,60.3,24.3,254.0,21.9,11.4,31.0
2025-07-03T01:00,28.6,87,0.1,997.2,11.4,254,57.6,22.9,202.0,18.7,10.2,34.0
2025-07-03T02:00,28.2,88,0.0,996.8,10.9,257,55.9,21.9,165.0,16.0,9.4,36.0
2025-07-03T03:00,28.1,90,0.0,996.6,9.5,260,54.9,21.2,134.0,14.5,9.0,36.0
2025-07-03T04:00,28.2,90,0.0,996.6,10.1,269,54.0,20.6,118.0,13.5,9.0,36.0
2025-07-03T05:00,28.1,90,0.1,996.7,9.5,270,64.5,22.2,155.0,11.6,9.7,40.0
2025-07-03T06:00,29.1,85,0.0,997.0,8.8,275,65.9,22.9,309.0,13.4,11.7,40.0
2025-07-03T07:00,29.0,86,0.0,997.3,9.9,291,75.0,25.9,517.0,15.8,14.5,40.0
2025-07-03T08:00,29.3,84,0.0,998.0,7.1,286,90.6,28.1,632.0,16.6,16.9,43.0
2025-07-03T09:00,29.9,80,0.1,998.3,7.4,270,98.0,28.2,560.0,14.2,18.6,52.0
2025-07-03T10:00,30.7,75,0.0,997.8,9.9,261,108.7,30.2,394.0,10.1,20.0,65.0
2025-07-03T11:00,31.7,70,0.0,997.6,11.6,255,120.6,33.2,267.0,7.2,21.1,76.0
2025-07-03T12:00,32.5,66,0.0,997.3,10.5,246,125.7,36.1,233.0,6.4,22.1,84.0
2025-07-03T13:00,32.5,66,0.0,996.9,13.3,234,121.5,36.3,238.0,6.8,22.9,90.0
2025-07-03T14:00,31.5,72,0.0,996.5,13.5,223,114.3,34.7,254.0,7.6,23.0,90.0
2025-07-03T15:00,31.6,72,0.0,996.3,13.2,223,105.2,31.8,274.0,8.4,22.0,82.0
2025-07-03T16:00,31.3,74,0.0,996.0,13.5,227,99.7,29.2,304.0,9.8,20.2,68.0
2025-07-03T17:00,30.5,77,0.0,996.1,13.2,231,108.5,34.6,337.0,14.2,22.3,60.0
2025-07-03T18:00,30.6,78,0.0,996.1,10.7,228,90.3,29.7,378.0,18.2,20.7,50.0
2025-07-03T19:00,30.2,80,0.0,996.9,11.0,247,81.7,26.3,421.0,23.8,18.4,36.0
2025-07-03T20:00,29.9,82,0.0,997.5,9.5,241,69.2,25.5,441.0,28.3,16.5,25.0
2025-07-03T21:00,29.7,83,0.0,997.9,8.4,223,68.0,25.8,424.0,31.0,15.7,20.0
2025-07-03T22:00,29.6,84,0.0,998.5,8.3,224,67.8,26.6,384.0,32.7,15.3,18.0
2025-07-03T23:00,29.5,85,0.0,998.4,8.9,222,63.8,26.4,339.0,32.2,14.5,19.0
2025-07-04T00:00,29.3,86,0.0,998.5,8.2,232,60.3,25.1,290.0,28.3,12.8,23.0
2025-07-04T01:00,29.1,86,0.0,997.9,8.6,244,56.7,23.4,236.0,22.3,10.8,29.0
2025-07-04T02:00,29.0,87,0.0,997.1,9.2,266,54.9,22.2,196.0,17.5,9.4,33.0
2025-07-04T03:00,28.9,87,0.0,997.1,7.6,269,55.9,21.9,171.0,14.8,8.9,34.0
2025-07-04T04:00,28.9,87,0.1,997.4,8.9,279,57.6,22.0,160.0,13.3,9.0,34.0
2025-07-04T05:00,28.7,89,0.1,997.8,9.4,290,56.5,23.3,179.0,16.7,11.9,30.0
2025-07-04T06:00,29.1,85,0.0,998.2,6.4,306,55.5,22.7,261.0,16.8,12.8,31.0
2025-07-04T07:00,29.2,85,0.0,998.5,6.5,318,62.6,24.1,374.0,16.8,14.1,34.0
2025-07-04T08:00,29.7,81,0.0,998.8,5.6,297,68.2,25.1,436.0,15.8,15.5,40.0
2025-07-04T09:00,30.9,74,0.0,999.1,7.2,288,84.3,26.5,396.0,13.0,17.1,52.0
2025-07-04T10:00,31.6,70,0.0,999.0,8.7,262,103.4,30.0,306.0,9.2,18.7,67.0
2025-07-04T11:00,32.5,66,0.0,999.1,11.2,246,113.9,33.4,240.0,6.4,19.8,80.0
2025-07-04T12:00,33.1,63,0.0,998.5,11.5,240,122.9,36.9,229.0,5.1,19.9,90.0
2025-07-04T13:00,33.0,64,0.0,998.0,13.1,227,118.0,37.0,241.0,4.6,19.5,96.0
2025-07-04T14:00,32.1,71,0.0,997.5,14.9,224,110.1,35.3,258.0,5.2,19.2,97.0
2025-07-04T15:00,31.9,71,0.0,997.0,13.5,236,118.0,38.0,274.0,6.8,19.2,87.0
2025-07-04T16:00,31.8,72,0.0,996.9,15.1,234,105.0,34.0,294.0,9.3,19.3,71.0
2025-07-04T17:00,31.1,75,0.0,996.7,12.7,241,125.3,37.4,315.0,10.1,20.1,77.0
2025-07-04T18:00,31.1,74,0.0,996.4,11.1,236,115.9,34.8,342.0,16.8,20.0,62.0
2025-07-04T19:00,30.4,79,0.0,996.9,10.6,230,101.0,31.8,369.0,26.0,19.7,42.0
2025-07-04T20:00,30.0,81,0.0,997.5,9.5,226,82.0,30.5,377.0,32.2,18.9,27.0
2025-07-04T21:00,29.7,82,0.0,998.1,10.7,222,72.4,28.4,353.0,32.8,17.2,23.0
2025-07-04T22:00,29.5,83,0.0,998.5,10.3,221,66.6,27.2,310.0,30.4,14.9,26.0
2025-07-04T23:00,29.3,84,0.0,998.5,9.2,219,62.9,26.4,270.0,27.1,12.9,30.0
2025-07-05T00:00,29.3,84,0.0,998.4,10.3,230,62.6,25.8,239.0,22.9,11.3,36.0
2025-07-05T01:00,29.3,85,0.0,998.0,9.5,237,63.3,25.6,212.0,17.9,9.9,43.0
2025-07-05T02:00,29.1,87,0.1,997.6,9.1,240,66.6,26.3,190.0,13.7,8.8,49.0
2025-07-05T03:00,28.9,88,0.2,997.7,9.2,244,71.7,27.7,169.0,11.1,8.0,53.0
2025-07-05T04:00,28.8,89,0.1,997.7,10.0,252,76.4,29.4,153.0,9.4,7.6,56.0
2025-07-05T05:00,28.7,89,0.0,997.6,9.8,252,76.1,28.9,160.0,9.8,8.8,55.0
2025-07-05T06:00,29.4,84,0.0,997.8,8.7,275,82.0,31.2,215.0,10.5,10.2,57.0
2025-07-05T07:00,29.7,82,0.0,998.1,8.7,274,103.4,35.5,293.0,11.4,12.1,60.0
2025-07-05T08:00,30.7,76,0.0,998.3,9.7,271,112.2,37.1,340.0,11.4,13.7,65.0
2025-07-05T09:00,31.8,70,0.0,998.6,9.7,269,120.6,38.6,325.0,9.6,14.9,74.0
2025-07-05T10:00,32.9,64,0.0,998.6,9.7,254,127.1,39.7,279.0,6.8,15.7,85.0
2025-07-05T11:00,33.7,61,0.0,998.2,11.2,244,127.1,40.4,242.0,4.7,16.2,94.0
2025-07-05T12:00,33.8,61,0.0,997.7,13.0,233,135.0,43.8,230.0,3.8,16.0,99.0
2025-07-05T13:00,33.5,63,0.0,997.1,14.3,227,124.3,41.7,228.0,3.5,15.3,101.0
2025-07-05T14:00,33.5,63,0.0,996.5,14.9,222,116.4,39.8,231.0,3.7,14.8,101.0
2025-07-05T15:00,33.0,65,0.0,995.8,16.6,217,112.2,38.4,242.0,4.2,14.9,97.0
2025-07-05T16:00,32.5,67,0.0,995.6,16.2,226,106.4,36.4,259.0,5.1,15.1,89.0
2025-07-05T17:00,32.4,67,0.0,995.6,16.6,233,107.3,36.7,269.0,7.2,16.1,85.0
2025-07-05T18:00,31.3,72,0.0,995.5,13.4,217,95.7,32.8,266.0,11.0,15.3,74.0
2025-07-05T19:00,30.5,77,0.0,996.1,12.6,213,88.2,30.6,258.0,16.1,14.1,60.0
2025-07-05T20:00,30.2,79,0.0,996.6,11.7,212,75.2,29.5,251.0,19.6,13.0,50.0
2025-07-05T21:00,30.1,80,0.0,997.0,12.9,229,69.8,28.7,254.0,20.0,12.1,48.0
2025-07-05T22:00,30.0,80,0.0,997.5,13.5,234,68.0,27.6,258.0,18.6,11.4,51.0
2025-07-05T23:00,29.9,82,0.1,997.6,11.6,237,68.0,26.5,252.0,16.7,10.5,54.0
2025-07-06T00:00,29.6,84,0.0,997.6,9.9,233,69.2,25.3,223.0,14.1,9.4,56.0
2025-07-06T01:00,29.5,84,0.0,997.1,11.6,242,68.9,24.1,183.0,10.9,8.2,58.0
2025-07-06T02:00,29.2,85,0.0,996.3,12.8,248,66.8,23.3,153.0,8.4,7.4,60.0
2025-07-06T03:00,28.9,86,0.0,995.9,13.7,253,62.4,22.8,138.0,7.1,7.2,62.0
2025-07-06T04:00,28.8,87,0.0,996.0,14.9,255,61.0,22.8,134.0,6.4,7.4,63.0
2025-07-06T05:00,28.7,87,0.0,996.3,14.2,252,63.8,22.8,147.0,6.5,8.2,62.0
2025-07-06T06:00,29.8,80,0.0,995.8,12.2,250,65.0,23.7,193.0,8.3,9.5,62.0
2025-07-06T07:00,30.1,78,0.0,996.6,13.9,249,74.0,26.3,255.0,10.8,11.2,63.0
2025-07-06T08:00,30.5,75,0.3,997.2,17.7,245,78.0,27.3,293.0,11.8,12.7,67.0
2025-07-06T09:00,31.1,73,0.2,997.6,17.1,245,84.1,28.6,282.0,10.1,13.6,76.0
2025-07-06T10:00,31.8,70,0.1,997.8,16.8,240,81.3,28.5,247.0,7.1,14.3,88.0
2025-07-06T11:00,32.4,67,0.1,997.6,15.4,237,84.3,29.9,220.0,4.7,14.6,97.0
2025-07-06T12:00,32.3,67,0.0,997.1,16.3,222,85.7,30.5,212.0,3.7,14.5,102.0
2025-07-06T13:00,32.2,67,0.0,996.6,16.1,228,86.4,30.7,213.0,3.4,14.0,105.0
2025-07-06T14:00,32.4,66,0.1,995.6,17.8,227,87.1,30.7,218.0,3.6,13.6,104.0
2025-07-06T15:00,32.0,68,0.0,995.1,17.0,231,85.7,29.9,230.0,4.1,13.3,98.0
2025-07-06T16:00,32.2,66,0.0,994.7,17.5,236,88.2,29.7,248.0,5.1,13.1,88.0
2025-07-06T17:00,31.6,68,0.0,994.8,16.1,243,82.0,30.3,262.0,8.9,16.4,83.0
2025-07-06T18:00,31.2,72,0.0,994.7,12.5,230,85.4,29.3,271.0,12.2,16.0,73.0
2025-07-06T19:00,30.6,75,0.0,995.5,10.7,228,87.5,28.7,278.0,16.9,15.6,59.0
2025-07-06T20:00,30.2,78,0.0,995.9,9.7,236,79.9,29.3,280.0,21.7,15.2,47.0
2025-07-06T21:00,30.0,80,0.0,996.2,12.1,229,80.3,31.2,278.0,27.0,15.3,38.0
2025-07-06T22:00,29.6,83,0.0,996.6,13.1,232,78.9,32.8,271.0,32.3,15.5,31.0
2025-07-06T23:00,29.4,84,0.0,996.6,12.0,238,79.2,33.2,256.0,34.7,15.2,28.0
2025-07-07T00:00,29.3,85,0.0,996.8,10.6,244,77.3,32.0,226.0,32.1,13.8,30.0
2025-07-07T01:00,29.1,85,0.0,996.2,10.3,241,75.0,30.5,189.0,26.6,11.8,35.0
2025-07-07T02:00,29.0,85,0.0,995.5,9.2,247,73.8,28.9,161.0,21.8,10.3,39.0
2025-07-07T03:00,28.9,86,0.0,995.5,6.8,253,72.2,27.4,139.0,19.0,9.3,41.0
2025-07-07T04:00,28.7,87,0.0,995.8,6.3,233,71.7,26.3,127.0,16.8,8.7,42.0
2025-07-07T05:00,28.6,87,0.0,996.1,5.9,235,72.6,32.7,156.0,33.5,13.8,21.0
2025-07-07T06:00,29.1,85,0.0,995.9,3.8,301,74.7,33.2,266.0,29.8,17.5,29.0
2025-07-07T07:00,29.4,82,0.0,996.2,2.9,281,90.8,35.0,416.0,24.5,22.5,40.0
2025-07-07T08:00,29.9,77,0.0,996.7,4.0,252,105.5,33.4,515.0,19.8,26.6,52.0
2025-07-07T09:00,30.5,74,0.0,997.3,4.2,234,107.3,33.9,515.0,16.4,28.8,63.0
2025-07-07T10:00,31.5,68,0.0,997.4,5.1,190,107.1,35.4,463.0,13.6,29.9,74.0
2025-07-07T11:00,32.4,64,0.0,997.1,8.1,180,106.9,36.8,409.0,11.4,30.3,85.0
2025-07-07T12:00,33.1,63,0.0,996.6,10.0,189,109.2,38.9,364.0,9.7,29.8,97.0
2025-07-07T13:00,33.0,62,0.0,996.4,12.0,189,112.0,41.2,318.0,8.5,28.5,110.0
2025-07-07T14:00,32.6,64,0.0,995.9,13.3,193,114.6,42.3,290.0,8.1,26.8,115.0
2025-07-07T15:00,32.0,67,0.0,995.3,13.0,202,111.5,40.9,297.0,8.3,24.4,110.0
2025-07-07T16:00,31.9,69,0.0,994.8,13.3,199,105.9,38.4,323.0,9.3,21.6,98.0
2025-07-07T17:00,31.5,70,0.0,994.9,13.5,196,108.3,38.1,339.0,9.9,19.5,91.0
2025-07-07T18:00,30.7,75,0.0,995.5,13.3,183,97.3,34.0,326.0,14.7,18.5,77.0
2025-07-07T19:00,30.1,79,0.0,996.1,12.5,188,92.2,31.4,302.0,21.2,17.2,57.0
2025-07-07T20:00,29.9,79,0.0,996.9,11.1,189,84.1,30.7,295.0,26.2,16.0,42.0
2025-07-07T21:00,29.8,79,0.0,997.8,9.7,195,84.8,30.4,326.0,28.1,15.4,36.0
2025-07-07T22:00,29.8,79,0.0,998.4,8.5,197,85.4,30.2,374.0,28.5,15.0,34.0
2025-07-07T23:00,29.5,82,0.0,998.6,7.3,191,83.8,29.9,395.0,28.1,14.4,34.0
2025-07-08T00:00,29.2,83,0.0,998.0,8.8,179,82.0,29.4,365.0,26.9,13.4,34.0
2025-07-08T01:00,29.0,84,0.0,997.3,9.2,181,80.3,28.6,308.0,24.9,12.2,35.0
2025-07-08T02:00,28.9,85,0.0,996.8,8.3,186,78.7,28.2,257.0,23.3,11.5,35.0
2025-07-08T03:00,28.8,85,0.0,996.7,5.7,221,78.5,27.9,211.0,22.7,11.1,34.0
2025-07-08T04:00,28.7,87,0.0,996.8,4.6,225,78.5,27.9,171.0,22.5,11.2,32.0
2025-07-08T05:00,28.6,87,0.0,997.0,3.8,225,85.9,29.7,175.0,22.7,11.9,34.0
2025-07-08T06:00,29.1,83,0.0,997.7,0.9,233,77.8,29.9,265.0,21.2,16.7,39.0
2025-07-08T07:00,29.6,79,0.0,998.2,0.9,180,104.3,31.9,400.0,19.0,23.3,47.0
2025-07-08T08:00,30.3,74,0.0,998.6,1.8,174,115.7,33.2,493.0,16.5,28.1,59.0
2025-07-08T09:00,31.1,70,0.0,999.0,3.3,167,115.9,34.1,506.0,13.3,29.6,77.0
2025-07-08T10:00,32.1,65,0.0,999.1,6.5,174,109.0,34.8,477.0,9.8,29.4,98.0
2025-07-08T11:00,32.9,61,0.0,999.1,8.8,176,103.6,36.7,437.0,7.0,28.2,115.0
2025-07-08T12:00,33.4,58,0.0,998.7,11.0,179,98.3,37.5,387.0,5.4,25.8,126.0
2025-07-08T13:00,33.7,55,0.0,998.0,13.0,184,94.8,37.1,325.0,4.5,22.5,132.0
2025-07-08T14:00,33.0,60,0.0,997.2,14.2,193,92.2,36.2,284.0,4.3,19.9,133.0
2025-07-08T15:00,32.8,63,0.0,996.5,15.4,201,94.5,36.4,282.0,4.7,18.8,127.0
2025-07-08T16:00,32.3,66,0.0,996.1,17.0,202,98.5,36.6,299.0,5.8,18.3,115.0
2025-07-08T17:00,31.6,69,0.0,996.0,16.5,205,110.4,42.6,309.0,8.9,17.1,100.0
2025-07-08T18:00,31.3,75,0.0,996.4,14.2,195,120.1,42.1,299.0,14.2,16.3,84.0
2025-07-08T19:00,30.5,79,0.0,997.1,13.7,203,122.0,40.9,282.0,21.4,15.2,62.0
2025-07-08T20:00,30.3,79,0.0,997.8,12.3,215,111.8,39.7,265.0,26.2,14.1,46.0
2025-07-08T21:00,30.2,80,0.0,999.2,9.5,226,115.9,38.9,251.0,26.4,13.1,41.0
2025-07-08T22:00,30.1,80,0.1,999.9,9.9,224,117.6,38.1,238.0,24.1,12.1,43.0
2025-07-08T23:00,29.9,80,0.1,999.6,11.8,223,114.8,36.8,222.0,21.6,11.2,44.0
2025-07-09T00:00,29.7,80,0.1,999.1,12.9,223,106.4,34.5,200.0,19.3,10.3,44.0
2025-07-09T01:00,29.5,82,0.1,998.5,13.0,226,93.4,31.5,176.0,16.9,9.5,44.0
2025-07-09T02:00,29.2,83,0.0,997.9,11.5,236,82.2,28.9,160.0,15.3,9.1,43.0
2025-07-09T03:00,28.7,86,0.1,997.6,10.3,245,73.8,26.9,149.0,15.5,8.9,39.0
2025-07-09T04:00,28.6,87,0.0,997.5,9.4,247,69.4,26.0,145.0,16.5,9.0,35.0
2025-07-09T05:00,28.3,89,0.0,997.6,9.0,250,71.2,27.5,170.0,19.6,10.9,31.0
2025-07-09T06:00,29.0,87,0.0,997.6,3.5,231,70.1,28.7,254.0,18.9,14.7,36.0
2025-07-09T07:00,29.4,83,0.0,998.0,4.5,217,90.6,30.7,366.0,17.7,19.9,44.0
2025-07-09T08:00,30.3,77,0.0,998.4,6.6,215,101.0,30.6,431.0,16.0,23.5,53.0
2025-07-09T09:00,31.2,72,0.0,998.8,7.7,208,108.0,32.6,405.0,13.1,24.0,66.0
2025-07-09T10:00,32.0,68,0.0,999.0,9.2,206,105.9,33.6,333.0,9.6,22.9,81.0
2025-07-09T11:00,32.6,65,0.0,999.0,10.0,198,105.9,35.4,275.0,7.0,21.4,92.0
2025-07-09T12:00,32.7,65,0.0,998.7,12.2,188,104.1,36.4,254.0,5.8,19.8,96.0
2025-07-09T13:00,32.6,67,0.0,998.4,13.2,184,102.9,36.9,248.0,5.4,17.9,97.0
2025-07-09T14:00,32.2,69,0.0,997.8,14.7,188,98.3,35.7,252.0,5.5,16.4,95.0
2025-07-09T15:00,32.2,70,0.1,997.1,14.4,200,95.9,35.0,269.0,5.9,15.8,91.0
2025-07-09T16:00,31.6,73,0.1,996.6,14.4,200,93.6,34.5,296.0,6.7,15.6,85.0
2025-07-09T17:00,31.5,73,0.0,996.2,13.5,205,99.9,36.9,314.0,9.2,16.9,80.0
2025-07-09T18:00,30.7,78,0.0,996.7,13.2,174,93.8,34.2,314.0,13.3,15.8,69.0
2025-07-09T19:00,30.3,81,0.0,996.8,13.5,178,91.3,32.7,305.0,19.1,14.2,53.0
2025-07-09T20:00,30.1,81,0.0,997.7,13.4,194,84.3,32.4,292.0,24.1,13.1,40.0
2025-07-09T21:00,30.1,81,0.0,998.4,12.5,208,86.8,32.8,275.0,28.0,13.0,33.0
2025-07-09T22:00,29.9,82,0.0,999.2,11.7,211,88.2,33.8,253.0,31.1,13.3,29.0
2025-07-09T23:00,29.7,83,0.1,999.4,10.3,221,87.3,34.3,230.0,31.9,13.2,28.0
2025-07-10T00:00,29.4,84,0.1,999.1,12.1,230,85.2,33.3,203.0,28.6,12.0,31.0
2025-07-10T01:00,29.2,85,0.0,998.5,11.6,238,80.3,30.7,174.0,22.9,10.4,37.0
2025-07-10T02:00,29.0,86,0.0,997.8,11.0,240,76.6,28.1,154.0,18.3,9.2,41.0
2025-07-10T03:00,28.8,86,0.0,997.7,9.2,237,73.6,26.2,143.0,16.0,8.6,42.0
2025-07-10T04:00,28.6,87,0.0,998.0,7.9,237,71.2,25.0,142.0,14.8,8.4,41.0
2025-07-10T05:00,28.4,88,0.0,998.0,7.7,239,71.2,26.7,161.0,17.6,10.2,36.0
2025-07-10T06:00,29.2,83,0.0,998.4,7.0,224,68.7,26.5,220.0,16.7,12.4,41.0
2025-07-10T07:00,29.5,80,0.0,999.0,8.7,212,92.0,28.8,299.0,15.4,15.4,47.0
2025-07-10T08:00,30.0,77,0.1,999.4,9.2,213,97.1,28.3,349.0,13.8,17.7,54.0
2025-07-10T09:00,30.8,73,0.1,999.8,10.5,215,102.0,29.0,341.0,11.7,18.5,61.0
2025-07-10T10:00,31.3,71,0.1,999.9,10.6,206,109.0,30.6,303.0,9.3,18.5,69.0
2025-07-10T11:00,31.7,70,0.1,1000.1,12.1,197,114.8,32.5,271.0,7.4,18.3,76.0
2025-07-10T12:00,31.5,71,0.0,999.9,12.8,197,112.7,32.9,257.0,6.1,17.8,82.0
2025-07-10T13:00,32.0,67,0.0,999.3,13.4,202,113.9,34.5,248.0,5.3,17.1,87.0
2025-07-10T14:00,32.1,67,0.0,998.5,13.5,205,113.2,34.6,251.0,5.1,16.6,89.0
2025-07-10T15:00,32.3,66,0.0,997.8,12.2,204,115.3,35.4,271.0,5.3,16.6,88.0
2025-07-10T16:00,31.6,69,0.0,997.5,12.7,198,112.5,34.1,301.0,6.0,16.7,85.0
2025-07-10T17:00,31.1,71,0.0,997.1,11.0,206,130.4,37.8,326.0,8.7,17.2,73.0
2025-07-10T18:00,30.6,74,0.0,997.8,11.7,211,128.1,37.5,339.0,14.6,17.2,61.0
2025-07-10T19:00,30.1,77,0.0,998.4,11.1,209,123.4,36.9,346.0,22.7,17.2,44.0
2025-07-10T20:00,29.7,78,0.0,999.0,10.0,208,108.5,37.6,349.0,28.8,16.9,31.0
2025-07-10T21:00,29.7,78,0.0,1000.0,8.6,211,101.3,37.3,353.0,31.2,16.0,26.0
2025-07-10T22:00,29.7,78,0.0,1000.4,7.8,199,95.5,36.8,353.0,31.6,14.8,25.0
2025-07-10T23:00,29.6,79,0.0,1000.5,8.3,179,89.2,36.0,336.0,30.8,13.6,25.0
2025-07-11T00:00,29.4,80,0.0,1000.1,8.6,190,81.5,34.5,287.0,28.8,12.4,26.0
2025-07-11T01:00,29.3,80,0.0,999.7,9.5,213,73.6,31.9,220.0,25.6,11.1,28.0
2025-07-11T02:00,29.2,80,0.0,999.0,9.8,232,67.1,29.4,171.0,22.6,10.2,30.0
2025-07-11T03:00,28.9,82,0.1,998.7,9.7,252,61.0,27.1,146.0,20.2,9.5,31.0
2025-07-11T04:00,28.4,87,0.1,998.8,9.8,264,56.8,25.1,139.0,18.0,9.0,33.0
2025-07-11T05:00,28.3,88,0.0,999.2,8.1,267,55.8,24.2,159.0,15.7,9.8,36.0
2025-07-11T06:00,28.7,88,0.0,999.7,6.1,289,53.7,24.0,235.0,15.5,12.6,39.0
2025-07-11T07:00,29.1,86,0.0,1000.5,4.9,278,66.8,26.4,339.0,15.2,16.4,43.0
2025-07-11T08:00,30.0,80,0.0,1000.8,4.9,260,75.7,26.9,401.0,14.3,19.3,49.0
2025-07-11T09:00,31.1,73,0.0,1001.3,6.3,233,87.3,27.5,380.0,12.3,20.6,57.0
2025-07-11T10:00,32.2,67,0.0,1001.6,8.5,226,100.1,29.5,317.0,9.8,21.1,68.0
2025-07-11T11:00,32.8,64,0.0,1001.6,10.3,218,105.2,31.2,267.0,7.7,21.0,76.0
2025-07-11T12:00,32.5,66,0.0,1001.4,13.6,210,104.8,33.1,251.0,6.4,20.3,82.0
2025-07-11T13:00,32.4,67,0.0,1000.9,15.7,210,99.7,32.9,248.0,5.7,19.1,87.0
2025-07-11T14:00,32.3,66,0.0,1000.3,15.6,218,93.8,31.5,251.0,5.5,17.9,89.0
2025-07-11T15:00,32.1,66,0.0,999.6,16.0,227,91.7,29.8,260.0,5.7,16.9,86.0
2025-07-11T16:00,31.9,67,0.0,998.9,15.9,228,85.2,27.4,274.0,6.4,16.1,80.0
2025-07-11T17:00,31.3,69,0.0,998.7,15.7,232,93.1,30.2,283.0,8.3,15.8,73.0
2025-07-11T18:00,30.9,72,0.0,999.4,13.1,234,82.7,26.8,283.0,12.1,15.5,63.0
2025-07-11T19:00,30.2,76,0.0,999.9,11.5,238,74.0,24.7,279.0,17.4,15.0,49.0
2025-07-11T20:00,30.0,77,0.0,1000.5,12.2,237,62.4,24.1,272.0,21.6,14.5,38.0
2025-07-11T21:00,29.8,78,0.0,1001.0,12.9,233,60.1,24.4,264.0,24.0,14.1,33.0
2025-07-11T22:00,29.7,79,0.0,1001.6,13.4,227,58.3,24.5,254.0,25.4,13.7,32.0
2025-07-11T23:00,29.4,81,0.0,1002.2,13.6,238,56.8,24.6,237.0,25.2,13.1,32.0
2025-07-12T00:00,29.1,82,0.0,1001.9,13.0,252,56.2,24.3,207.0,22.7,12.0,34.0
2025-07-12T01:00,28.8,84,0.0,1001.7,12.3,258,55.1,23.3,170.0,18.6,10.6,38.0
2025-07-12T02:00,28.7,84,0.0,1000.8,12.9,258,54.8,22.6,145.0,15.1,9.5,42.0
2025-07-12T03:00,28.6,84,0.0,1000.8,11.8,264,54.4,22.0,134.0,12.5,8.6,44.0
2025-07-12T04:00,28.6,84,0.0,1000.7,10.5,265,53.9,21.7,134.0,10.5,7.9,46.0
2025-07-12T05:00,28.6,83,0.0,1000.9,10.6,261,60.1,22.6,153.0,10.2,8.1,48.0
2025-07-12T06:00,28.4,83,0.1,1001.7,9.9,260,65.4,23.8,210.0,11.0,9.7,49.0
2025-07-12T07:00,28.9,80,0.0,1002.0,9.9,255,71.9,25.7,285.0,12.0,11.9,51.0
2025-07-12T08:00,29.9,74,0.0,1002.1,11.2,249,78.7,26.2,330.0,12.2,13.8,55.0
2025-07-12T09:00,30.9,68,0.0,1002.0,12.5,252,90.1,28.3,314.0,10.9,15.1,62.0
2025-07-12T10:00,32.0,62,0.0,1002.1,13.6,248,98.5,30.3,268.0,8.7,16.2,71.0
2025-07-12T11:00,31.9,64,0.0,1002.1,14.0,240,98.3,30.3,233.0,7.0,16.6,77.0
2025-07-12T12:00,32.0,64,0.0,1002.0,13.5,234,97.1,29.7,224.0,6.0,16.1,80.0
2025-07-12T13:00,32.1,64,0.0,1001.5,14.4,230,95.2,28.7,225.0,5.4,15.1,81.0
2025-07-12T14:00,32.0,66,0.0,1001.0,15.7,229,92.4,27.7,232.0,5.4,14.2,80.0
2025-07-12T15:00,31.5,68,0.0,1000.6,16.1,233,83.6,25.6,248.0,5.8,13.8,75.0
2025-07-12T16:00,31.7,66,0.0,1000.2,14.9,239,79.2,24.4,270.0,6.7,13.6,68.0
2025-07-12T17:00,31.9,65,0.0,1000.1,13.6,247,96.6,29.6,283.0,8.7,15.9,72.0
2025-07-12T18:00,31.1,68,0.0,1000.9,12.9,228,87.1,27.2,277.0,13.5,15.6,61.0
2025-07-12T19:00,30.3,73,0.0,1001.2,11.4,231,75.7,25.0,261.0,19.9,15.1,46.0
2025-07-12T20:00,29.7,77,0.0,1001.5,12.6,227,62.4,24.2,249.0,23.9,14.3,36.0
2025-07-12T21:00,29.4,80,0.0,1002.1,14.2,237,57.3,23.5,248.0,23.1,13.0,35.0
2025-07-12T22:00,29.2,81,0.0,1002.7,14.5,243,55.1,22.5,251.0,19.9,11.5,38.0
2025-07-12T23:00,29.1,80,0.0,1002.7,14.6,254,53.8,22.1,243.0,16.6,10.2,42.0
2025-07-13T00:00,28.9,80,0.1,1002.5,14.1,257,52.9,21.5,212.0,13.9,9.2,45.0
2025-07-13T01:00,28.9,80,0.0,1002.2,13.3,262,51.7,20.8,170.0,11.2,8.5,47.0
2025-07-13T02:00,28.7,80,0.0,1001.8,13.3,261,51.1,20.1,141.0,9.3,8.1,49.0
2025-07-13T03:00,28.4,81,0.0,1001.3,14.9,262,51.5,19.8,131.0,8.6,8.1,49.0
2025-07-13T04:00,28.3,83,0.0,1001.5,11.8,264,52.2,19.7,134.0,8.6,8.3,47.0
2025-07-13T05:00,28.2,84,0.0,1001.7,11.0,268,57.2,19.8,150.0,7.3,8.7,51.0
2025-07-13T06:00,29.0,79,0.0,1001.7,10.3,267,58.4,20.3,193.0,8.6,9.9,52.0
2025-07-13T07:00,29.3,77,0.0,1002.2,12.7,263,67.5,22.3,251.0,10.4,11.5,53.0
2025-07-13T08:00,30.0,73,0.0,1002.3,14.6,252,78.0,23.2,285.0,11.1,12.9,57.0
2025-07-13T09:00,30.6,70,0.1,1002.4,16.1,254,89.9,24.2,273.0,9.6,13.7,66.0
2025-07-13T10:00,30.9,69,0.1,1002.4,17.2,256,97.3,25.9,238.0,7.0,14.3,76.0
2025-07-13T11:00,31.5,66,0.0,1002.2,16.3,256,100.4,27.4,214.0,5.1,14.5,84.0
2025-07-13T12:00,31.7,66,0.0,1001.8,16.5,257,104.5,28.3,213.0,4.5,14.2,86.0
2025-07-13T13:00,32.2,65,0.1,1000.9,16.7,252,103.4,28.5,223.0,4.4,13.4,84.0
2025-07-13T14:00,31.8,67,0.0,1000.0,17.0,247,98.3,27.5,235.0,4.7,12.8,81.0
2025-07-13T15:00,31.9,67,0.0,999.3,16.6,240,102.0,28.2,252.0,4.9,12.4,78.0
2025-07-13T16:00,31.0,71,0.0,998.9,17.7,229,99.4,27.1,272.0,5.4,12.0,75.0
2025-07-13T17:00,30.6,73,0.0,998.7,17.3,235,109.2,29.2,283.0,6.9,12.8,74.0
2025-07-13T18:00,30.2,72,0.0,998.9,17.2,233,102.0,28.0,279.0,10.5,12.4,65.0
2025-07-13T19:00,29.7,76,0.0,999.4,15.0,230,96.6,27.7,266.0,15.5,11.8,53.0
2025-07-13T20:00,29.4,78,0.0,999.6,15.9,236,81.0,27.6,253.0,18.6,11.2,45.0
2025-07-13T21:00,29.3,79,0.0,1000.1,16.3,242,76.1,26.6,244.0,18.3,10.7,43.0
2025-07-13T22:00,29.2,80,0.1,1000.7,16.7,254,68.0,24.3,234.0,16.2,10.1,45.0
2025-07-13T23:00,28.8,83,0.1,1000.8,16.6,257,65.7,22.9,221.0,13.9,9.6,47.0
2025-07-14T00:00,28.5,85,0.0,1000.6,14.4,260,64.3,22.1,199.0,11.9,9.0,49.0
2025-07-14T01:00,28.4,86,0.0,1000.4,13.8,261,65.2,21.6,172.0,9.8,8.5,51.0
2025-07-14T02:00,28.1,87,0.0,1000.1,14.1,263,65.7,21.1,152.0,8.1,8.1,53.0
2025-07-14T03:00,28.1,87,0.0,999.6,13.5,266,64.7,20.6,138.0,7.0,7.8,54.0
2025-07-14T04:00,28.1,87,0.0,999.3,13.3,268,64.0,20.3,130.0,6.4,7.7,54.0
2025-07-14T05:00,28.0,87,0.0,999.3,12.8,267,61.7,20.0,140.0,6.5,8.1,55.0
2025-07-14T06:00,28.5,87,0.0,999.0,13.3,267,59.3,19.5,185.0,7.6,8.9,55.0
2025-07-14T07:00,28.8,85,0.1,999.6,14.6,261,63.8,20.4,248.0,9.1,10.1,56.0
2025-07-14T08:00,29.5,80,0.1,999.7,16.6,260,73.3,21.8,286.0,9.6,11.1,59.0
2025-07-14T09:00,30.6,73,0.1,999.9,17.4,262,85.2,24.2,273.0,8.3,11.8,66.0
2025-07-14T10:00,31.2,70,0.1,999.9,18.2,262,89.4,25.1,235.0,6.1,12.4,76.0
2025-07-14T11:00,31.7,67,0.0,999.4,18.1,264,101.5,27.7,207.0,4.4,12.9,84.0
2025-07-14T12:00,32.1,66,0.0,998.9,17.9,261,112.2,29.5,203.0,3.6,13.2,91.0
2025-07-14T13:00,32.1,66,0.1,998.1,17.5,256,124.3,31.3,209.0,3.3,13.4,96.0
2025-07-14T14:00,32.3,66,0.0,997.4,18.0,251,139.7,33.5,220.0,3.5,13.5,97.0
2025-07-14T15:00,31.9,69,0.1,997.0,17.9,244,126.2,32.1,240.0,4.1,13.4,92.0
2025-07-14T16:00,31.1,72,0.1,996.9,17.2,238,114.3,30.4,266.0,5.2,13.1,83.0
2025-07-14T17:00,30.9,72,0.0,996.7,16.3,235,111.1,31.1,280.0,7.4,14.9,78.0
2025-07-14T18:00,30.5,75,0.0,997.3,17.4,220,100.6,29.1,270.0,10.7,14.3,68.0
2025-07-14T19:00,29.8,78,0.0,997.7,15.7,230,92.2,27.6,248.0,15.3,13.3,55.0
2025-07-14T20:00,29.6,78,0.0,998.5,16.4,230,73.3,25.6,234.0,18.3,12.4,45.0
2025-07-14T21:00,29.3,81,0.0,999.3,15.2,234,68.2,24.3,240.0,18.4,11.4,43.0
2025-07-14T22:00,29.1,80,0.0,1000.0,13.4,242,65.0,23.3,252.0,16.9,10.4,45.0
2025-07-14T23:00,28.9,81,0.0,1000.2,12.1,245,63.6,22.9,253.0,15.4,9.6,47.0
2025-07-15T00:00,28.6,83,0.0,999.8,14.3,259,64.3,23.4,229.0,14.3,9.3,47.0
2025-07-15T01:00,28.4,85,0.0,999.3,13.8,264,61.2,23.1,192.0,13.2,9.2,47.0
2025-07-15T02:00,28.1,87,0.0,998.9,11.4,263,58.9,22.4,163.0,12.1,9.1,47.0
2025-07-15T03:00,28.0,87,0.0,998.8,11.5,256,58.0,21.9,142.0,10.6,8.6,47.0
2025-07-15T04:00,27.9,87,0.0,998.7,12.1,263,57.0,21.5,128.0,9.1,8.1,48.0
2025-07-15T05:00,27.8,88,0.0,998.8,10.8,271,60.8,22.2,137.0,9.4,8.9,47.0
2025-07-15T06:00,28.6,83,0.0,999.0,8.6,278,63.8,23.3,192.0,10.4,10.7,48.0
2025-07-15T07:00,29.0,79,0.0,999.2,9.1,263,75.7,26.7,269.0,11.6,13.3,51.0
2025-07-15T08:00,29.8,73,0.0,999.5,9.9,258,92.4,29.3,316.0,11.8,15.4,56.0
2025-07-15T09:00,31.0,67,0.0,999.6,11.2,252,103.4,31.7,301.0,10.0,16.7,67.0
2025-07-15T10:00,31.7,63,0.0,999.8,12.4,246,106.6,33.8,255.0,7.2,17.6,82.0
2025-07-15T11:00,32.2,60,0.0,999.7,13.1,241,109.4,36.2,221.0,5.0,17.9,92.0
2025-07-15T12:00,32.2,60,0.0,999.6,13.8,238,108.7,37.5,217.0,4.1,17.2,96.0
2025-07-15T13:00,32.2,60,0.0,998.8,14.0,235,102.2,36.0,226.0,3.8,16.0,96.0
2025-07-15T14:00,31.9,63,0.0,998.1,15.0,224,95.5,33.4,237.0,4.3,15.1,93.0
2025-07-15T15:00,31.6,65,0.0,997.4,15.8,227,90.8,31.1,251.0,5.5,15.2,86.0
2025-07-15T16:00,31.5,65,0.0,996.7,15.7,232,85.7,28.8,268.0,7.5,15.7,75.0
2025-07-15T17:00,31.2,67,0.0,996.5,15.3,236,101.7,34.6,278.0,10.1,15.7,64.0
2025-07-15T18:00,30.3,70,0.0,997.6,12.6,256,95.9,33.3,275.0,13.9,15.4,56.0
2025-07-15T19:00,29.8,73,0.0,997.8,13.2,231,91.3,32.7,266.0,19.0,14.8,45.0
2025-07-15T20:00,29.1,78,0.0,998.5,14.5,231,75.7,31.2,259.0,22.4,14.1,37.0
2025-07-15T21:00,29.0,78,0.0,999.4,11.8,237,71.7,30.3,263.0,22.6,13.0,35.0
2025-07-15T22:00,28.9,79,0.0,1000.0,12.6,243,69.6,29.4,270.0,21.1,11.7,37.0
2025-07-15T23:00,28.8,80,0.0,1000.1,11.5,240,69.2,29.1,265.0,19.2,10.6,39.0
2025-07-16T00:00,28.6,80,0.0,1000.2,10.9,243,70.1,29.2,235.0,17.3,10.0,41.0
2025-07-16T01:00,28.4,81,0.0,999.9,10.7,256,69.8,28.3,192.0,15.0,9.7,42.0
2025-07-16T02:00,28.2,82,0.0,999.4,10.1,258,68.2,27.3,161.0,13.1,9.5,44.0
2025-07-16T03:00,28.0,83,0.0,999.0,9.3,257,66.1,26.4,147.0,11.5,9.2,45.0
2025-07-16T04:00,27.9,84,0.0,998.8,8.2,260,64.5,25.6,146.0,10.3,9.0,46.0
2025-07-16T05:00,27.7,85,0.0,999.1,8.1,267,62.9,25.0,164.0,9.8,9.9,47.0
2025-07-16T06:00,28.4,80,0.0,999.0,6.7,264,64.7,25.6,221.0,10.1,11.4,49.0
2025-07-16T07:00,28.8,77,0.0,999.4,8.7,262,79.9,28.3,298.0,10.5,13.4,53.0
2025-07-16T08:00,29.5,73,0.0,999.7,9.4,246,78.7,27.1,345.0,10.2,14.9,58.0
2025-07-16T09:00,30.2,69,0.0,1000.2,9.9,235,90.1,29.3,332.0,8.8,15.4,66.0
2025-07-16T10:00,30.9,65,0.0,1000.1,11.2,228,82.4,27.1,288.0,6.7,15.3,77.0
2025-07-16T11:00,31.5,63,0.0,1000.2,11.6,229,79.9,26.6,252.0,5.1,14.9,84.0
2025-07-16T12:00,32.1,60,0.0,999.9,13.6,224,75.9,25.9,236.0,4.1,14.2,87.0
2025-07-16T13:00,32.1,61,0.0,999.3,15.4,224,72.6,25.4,227.0,3.6,13.2,87.0
2025-07-16T14:00,32.0,62,0.0,998.6,16.3,222,70.5,24.9,226.0,3.5,12.4,85.0
2025-07-16T15:00,32.1,62,0.0,998.0,16.6,227,69.2,24.1,238.0,3.9,12.1,80.0
2025-07-16T16:00,31.8,64,0.0,997.5,16.5,226,66.8,23.3,258.0,4.7,11.9,72.0
2025-07-16T17:00,31.3,67,0.0,997.4,15.7,226,81.3,28.2,272.0,6.6,12.1,64.0
2025-07-16T18:00,30.6,69,0.0,998.2,13.3,220,83.8,29.2,276.0,10.7,12.6,56.0
2025-07-16T19:00,30.0,72,0.0,998.6,12.9,220,82.0,30.2,274.0,16.4,13.3,45.0
2025-07-16T20:00,29.5,76,0.0,999.5,11.7,225,73.6,30.6,270.0,21.0,13.8,36.0
2025-07-16T21:00,29.3,78,0.1,1000.0,11.5,219,75.2,32.2,266.0,24.0,14.0,31.0
2025-07-16T22:00,29.0,79,0.0,1000.5,11.1,219,78.5,34.0,259.0,25.9,13.9,29.0
2025-07-16T23:00,28.9,80,0.0,1000.5,12.1,220,80.6,34.8,246.0,26.1,13.5,29.0
2025-07-17T00:00,28.6,82,0.1,1000.6,12.6,232,78.2,33.6,220.0,23.5,12.5,31.0
2025-07-17T01:00,28.6,82,0.0,999.9,11.1,238,75.2,31.8,189.0,19.2,11.1,36.0
2025-07-17T02:00,28.4,82,0.0,999.4,10.8,249,72.4,29.9,166.0,15.7,10.0,39.0
2025-07-17T03:00,28.5,81,0.0,999.5,8.0,264,70.8,28.5,154.0,13.8,9.2,39.0
2025-07-17T04:00,28.3,81,0.0,999.5,6.3,252,68.5,27.4,151.0,12.6,8.7,39.0
2025-07-17T05:00,28.1,82,0.0,999.7,6.3,250,66.1,26.1,168.0,10.3,8.5,42.0
2025-07-17T06:00,28.8,82,0.0,999.7,8.4,235,66.1,26.5,228.0,10.8,10.5,44.0
2025-07-17T07:00,29.4,76,0.0,1000.5,10.2,228,83.4,30.0,308.0,11.4,13.2,48.0
2025-07-17T08:00,29.3,77,0.1,1001.2,12.9,221,91.7,31.2,354.0,11.4,15.2,52.0
2025-07-17T09:00,29.9,76,0.2,1001.3,13.0,223,88.9,30.3,332.0,10.1,15.9,57.0
2025-07-17T10:00,30.9,70,0.0,1001.5,12.9,222,88.5,29.4,276.0,8.1,15.9,64.0
2025-07-17T11:00,31.5,67,0.0,1001.3,13.0,222,87.1,29.0,233.0,6.4,15.8,70.0
2025-07-17T12:00,31.4,68,0.1,1001.3,13.3,220,81.3,28.2,223.0,5.3,15.6,77.0
2025-07-17T13:00,31.7,67,0.2,1000.8,14.6,213,82.4,28.2,226.0,4.4,15.2,85.0
2025-07-17T14:00,31.1,71,0.2,1000.2,16.5,214,79.6,27.5,234.0,4.1,14.9,88.0
2025-07-17T15:00,30.9,72,0.1,999.9,16.2,217,75.0,26.7,247.0,4.4,14.6,85.0
2025-07-17T16:00,30.8,72,0.0,999.2,15.8,214,73.6,25.8,265.0,5.2,14.3,79.0
2025-07-17T17:00,30.3,74,0.0,999.1,14.7,215,83.8,28.5,281.0,6.8,14.9,73.0
2025-07-17T18:00,30.1,75,0.1,999.8,12.3,214,79.9,27.3,293.0,9.2,15.4,64.0
2025-07-17T19:00,29.6,78,0.0,1000.3,11.9,218,74.5,26.4,302.0,12.5,16.1,52.0
2025-07-17T20:00,29.3,78,0.0,1000.6,11.4,215,71.7,26.4,309.0,15.2,16.5,42.0
2025-07-17T21:00,29.2,77,0.0,1001.0,12.0,213,69.4,26.1,318.0,16.6,16.5,38.0
2025-07-17T22:00,29.1,77,0.0,1001.5,12.4,208,64.7,25.7,324.0,17.3,16.2,37.0
2025-07-17T23:00,29.1,77,0.0,1001.5,12.0,213,60.3,25.3,316.0,17.4,15.4,37.0
2025-07-18T00:00,29.0,76,0.0,1001.5,11.5,228,56.7,24.6,279.0,16.6,13.8,37.0
2025-07-18T01:00,28.9,77,0.0,1001.5,9.6,242,54.0,23.8,228.0,15.1,11.9,38.0
2025-07-18T02:00,28.8,77,0.0,1001.1,9.7,255,52.3,23.4,189.0,14.0,10.4,38.0
2025-07-18T03:00,28.4,79,0.0,1000.8,10.2,263,51.0,23.1,169.0,13.6,9.6,37.0
2025-07-18T04:00,28.2,80,0.0,1001.1,9.0,271,48.4,22.5,162.0,13.5,9.4,35.0
2025-07-18T05:00,28.1,81,0.0,1001.3,7.6,266,53.4,24.8,177.0,16.0,11.4,31.0
2025-07-18T06:00,28.9,77,0.0,1001.5,5.9,268,56.8,25.3,235.0,14.7,13.9,36.0
2025-07-18T07:00,29.3,74,0.0,1001.9,6.1,273,65.7,26.2,315.0,12.8,17.2,42.0
2025-07-18T08:00,30.0,69,0.0,1002.0,7.9,258,66.8,25.3,360.0,10.9,19.3,50.0
2025-07-18T09:00,31.0,64,0.0,1002.3,9.1,252,70.5,25.7,336.0,8.8,18.8,60.0
2025-07-18T10:00,32.0,59,0.0,1002.6,9.5,245,73.6,26.4,277.0,6.6,16.9,71.0
2025-07-18T11:00,32.8,56,0.0,1002.4,10.7,245,77.8,27.2,233.0,5.0,15.5,79.0
2025-07-18T12:00,33.2,55,0.0,1001.8,12.3,235,83.1,28.5,222.0,4.5,15.3,83.0
2025-07-18T13:00,33.2,55,0.0,1001.2,14.0,222,87.1,29.6,225.0,4.6,15.5,84.0
2025-07-18T14:00,32.7,57,0.0,1000.4,14.7,213,87.1,30.3,233.0,4.9,15.7,83.0
2025-07-18T15:00,32.2,60,0.0,999.9,14.7,213,83.8,29.8,248.0,5.2,15.8,81.0
2025-07-18T16:00,31.8,62,0.0,999.7,14.0,215,81.0,28.8,269.0,5.8,15.9,78.0
2025-07-18T17:00,31.4,64,0.0,999.3,13.4,219,84.8,30.5,284.0,7.1,17.3,82.0
2025-07-18T18:00,31.1,66,0.0,999.7,12.7,231,80.1,27.6,289.0,9.5,16.4,71.0
2025-07-18T19:00,30.4,70,0.0,1000.1,11.9,236,73.1,25.1,288.0,12.7,15.1,55.0
2025-07-18T20:00,29.9,74,0.0,1000.3,11.3,237,66.8,23.9,278.0,14.6,14.0,44.0
2025-07-18T21:00,29.6,75,0.0,1000.7,11.4,232,66.6,23.7,254.0,14.1,13.4,42.0
2025-07-18T22:00,29.3,77,0.0,1000.8,11.5,231,68.0,24.2,222.0,12.3,13.0,44.0
2025-07-18T23:00,29.2,78,0.0,1000.7,12.4,237,64.5,23.9,193.0,10.6,12.3,46.0
2025-07-19T00:00,29.0,78,0.0,1000.3,14.1,247,60.8,23.5,172.0,9.5,11.1,47.0
2025-07-19T01:00,28.9,79,0.0,999.8,13.0,259,50.8,21.0,154.0,8.5,9.6,47.0
2025-07-19T02:00,28.9,78,0.0,998.9,13.7,268,46.9,20.0,140.0,7.8,8.6,47.0
2025-07-19T03:00,28.6,80,0.0,998.5,14.4,269,48.4,20.3,125.0,7.3,8.2,46.0
2025-07-19T04:00,28.4,83,0.1,998.6,13.4,276,45.8,19.9,115.0,7.0,8.2,46.0
2025-07-19T05:00,28.2,85,0.1,998.5,13.2,277,52.2,21.2,125.0,7.2,10.3,47.0
2025-07-19T06:00,29.0,80,0.0,998.7,12.8,284,55.4,21.5,176.0,8.2,11.0,47.0
2025-07-19T07:00,29.1,79,0.0,999.3,13.6,281,58.0,22.2,248.0,9.4,12.0,47.0
2025-07-19T08:00,29.6,75,0.0,999.7,15.0,284,63.6,23.9,291.0,9.8,13.0,50.0
2025-07-19T09:00,30.6,71,0.0,999.6,13.5,275,78.9,27.8,276.0,8.5,14.0,60.0
2025-07-19T10:00,31.8,65,0.0,999.3,14.6,269,80.6,28.2,232.0,6.4,15.0,73.0
2025-07-19T11:00,32.4,63,0.0,998.7,14.8,260,88.9,30.6,199.0,4.9,15.7,82.0
2025-07-19T12:00,32.8,62,0.0,998.0,16.2,253,92.0,31.9,191.0,4.5,15.9,85.0
2025-07-19T13:00,32.9,62,0.0,997.2,16.9,254,88.9,31.4,194.0,4.6,15.8,84.0
2025-07-19T14:00,33.0,61,0.0,996.4,16.9,253,82.4,29.7,204.0,5.3,15.5,80.0
2025-07-19T15:00,32.8,62,0.0,996.0,17.1,243,77.5,27.8,228.0,6.7,15.1,72.0
2025-07-19T16:00,31.3,68,0.0,995.6,16.9,237,72.9,26.4,259.0,8.7,14.6,61.0
2025-07-19T17:00,31.0,68,0.0,995.4,17.3,239,72.2,26.4,277.0,10.1,15.6,55.0
2025-07-19T18:00,30.2,72,0.0,995.9,18.0,244,68.9,25.8,272.0,11.1,14.7,52.0
2025-07-19T19:00,29.9,74,0.0,996.0,16.1,248,66.1,25.5,253.0,12.4,13.4,49.0
2025-07-19T20:00,29.6,76,0.1,995.9,18.3,239,65.4,25.4,234.0,13.1,12.3,46.0
2025-07-19T21:00,29.3,79,0.0,996.4,17.8,240,57.7,24.0,217.0,12.6,11.7,46.0
2025-07-19T22:00,29.0,80,0.1,997.9,16.1,263,57.9,23.5,200.0,11.5,11.3,47.0
2025-07-19T23:00,28.9,81,0.1,997.8,16.5,262,55.3,23.1,184.0,10.5,10.9,48.0
2025-07-20T00:00,28.7,82,0.0,997.7,14.7,262,58.0,24.3,171.0,9.9,10.3,48.0
2025-07-20T01:00,28.6,82,0.0,997.2,15.4,263,55.6,23.7,159.0,9.5,9.7,47.0
2025-07-20T02:00,28.4,84,0.0,996.5,15.2,260,51.5,22.3,151.0,9.1,9.1,46.0
2025-07-20T03:00,28.2,85,0.0,996.4,15.4,259,48.3,21.1,139.0,8.4,8.4,46.0
2025-07-20T04:00,28.1,86,0.0,996.5,13.6,264,49.1,20.8,130.0,7.7,7.9,45.0
2025-07-20T05:00,28.0,86,0.0,996.4,13.5,270,43.0,19.3,146.0,9.0,8.6,43.0
2025-07-20T06:00,28.6,84,0.0,996.5,10.6,279,46.0,19.8,217.0,9.7,9.4,44.0
2025-07-20T07:00,28.8,82,0.0,997.0,11.9,273,55.4,22.1,313.0,10.7,10.6,46.0
2025-07-20T08:00,29.1,80,0.0,997.0,13.2,276,64.0,24.7,370.0,11.0,11.8,49.0
2025-07-20T09:00,29.6,77,0.0,997.4,13.5,278,73.6,26.9,348.0,9.9,13.2,55.0
2025-07-20T10:00,30.1,73,0.0,997.4,13.7,274,80.1,28.6,286.0,8.1,14.6,61.0
2025-07-20T11:00,30.8,69,0.0,997.2,14.2,261,79.2,28.5,238.0,6.9,15.8,66.0
2025-07-20T12:00,31.2,67,0.0,996.8,13.5,260,79.2,28.8,226.0,6.7,16.4,67.0
2025-07-20T13:00,32.1,62,0.0,996.2,13.6,253,80.3,29.2,228.0,6.9,16.8,67.0
2025-07-20T14:00,31.9,63,0.0,995.5,13.4,248,82.2,29.6,236.0,7.5,17.1,65.0
2025-07-20T15:00,31.2,67,0.0,995.3,13.8,242,82.7,29.6,251.0,8.2,17.6,62.0
2025-07-20T16:00,31.4,66,0.0,995.1,13.0,242,81.3,28.9,272.0,9.2,18.0,59.0
2025-07-20T17:00,30.6,70,0.0,995.0,13.5,240,78.5,28.5,291.0,11.5,19.8,55.0
2025-07-20T18:00,30.4,73,0.0,995.4,12.0,227,76.6,27.5,305.0,13.2,19.1,51.0
2025-07-20T19:00,30.1,74,0.0,996.0,11.7,229,72.4,26.5,317.0,15.6,18.0,45.0
2025-07-20T20:00,29.8,76,0.0,996.3,12.9,235,63.3,24.8,321.0,17.4,16.9,40.0
2025-07-20T21:00,29.5,78,0.0,996.7,11.9,229,57.4,24.4,316.0,18.4,15.9,38.0
2025-07-20T22:00,29.4,79,0.0,997.4,11.7,225,54.6,23.9,303.0,18.8,14.9,38.0
2025-07-20T23:00,29.3,80,0.0,998.0,11.6,223,53.1,23.8,281.0,18.4,13.9,39.0
2025-07-21T00:00,29.1,82,0.0,998.1,11.6,235,52.5,23.5,244.0,16.6,12.7,41.0
2025-07-21T01:00,28.9,83,0.0,998.0,11.6,237,52.4,23.0,198.0,13.9,11.4,44.0
2025-07-21T02:00,28.5,86,0.2,997.5,11.8,251,58.1,24.7,164.0,11.7,10.3,46.0
2025-07-21T03:00,27.9,91,1.0,997.3,11.4,257,52.7,23.3,146.0,10.4,9.4,46.0
2025-07-21T04:00,27.6,93,0.4,997.6,10.4,272,48.3,21.7,141.0,9.5,8.6,45.0
2025-07-21T05:00,27.6,93,0.0,998.0,8.8,281,45.8,20.8,157.0,11.7,9.2,39.0
2025-07-21T06:00,28.9,81,0.0,997.6,9.7,268,46.8,21.5,215.0,13.0,11.0,40.0
2025-07-21T07:00,29.2,80,0.0,998.3,9.4,262,50.8,23.7,293.0,14.6,13.6,41.0
2025-07-21T08:00,29.9,74,0.0,998.5,9.8,263,59.4,25.0,341.0,15.1,15.7,44.0
2025-07-21T09:00,30.6,71,0.0,998.9,10.3,251,63.1,25.7,326.0,13.5,16.9,51.0
2025-07-21T10:00,31.1,68,0.1,999.2,10.6,236,69.2,28.9,280.0,10.8,17.7,60.0
2025-07-21T11:00,31.9,66,0.1,999.1,11.4,241,73.6,29.8,246.0,8.5,18.0,68.0
2025-07-21T12:00,32.0,66,0.0,998.5,12.9,231,78.9,31.7,240.0,6.9,17.6,74.0
2025-07-21T13:00,32.3,65,0.0,998.1,13.5,224,85.4,34.3,245.0,5.6,16.7,79.0
2025-07-21T14:00,32.0,66,0.0,997.6,16.1,222,83.4,33.1,255.0,5.0,16.0,82.0
2025-07-21T15:00,31.7,66,0.0,997.4,16.3,228,81.3,32.6,268.0,5.1,15.8,81.0
2025-07-21T16:00,31.6,66,0.0,997.4,15.1,229,79.4,31.5,284.0,6.0,15.7,78.0
2025-07-21T17:00,31.0,68,0.0,997.5,14.8,231,97.8,37.3,300.0,8.3,17.5,82.0
2025-07-21T18:00,30.6,72,0.0,997.9,11.7,229,95.0,36.1,313.0,13.4,17.3,69.0
2025-07-21T19:00,30.1,76,0.0,998.4,11.2,228,86.4,33.9,325.0,20.3,17.0,52.0
2025-07-21T20:00,29.7,78,0.0,998.8,10.9,225,71.0,32.0,334.0,25.2,16.4,39.0
2025-07-21T21:00,29.5,80,0.0,999.5,10.4,231,66.8,30.9,344.0,26.2,15.5,34.0
2025-07-21T22:00,29.4,81,0.0,1000.0,9.3,234,64.5,30.4,350.0,25.1,14.3,34.0
2025-07-21T23:00,29.2,82,0.0,1000.0,9.4,232,62.4,30.0,337.0,23.2,13.1,35.0
2025-07-22T00:00,29.1,82,0.0,1000.1,9.9,232,60.5,29.1,286.0,20.3,11.8,37.0
2025-07-22T01:00,29.0,83,0.0,999.8,10.2,234,58.0,27.8,216.0,16.6,10.4,40.0
2025-07-22T02:00,28.9,83,0.0,999.6,11.0,238,55.5,26.6,164.0,13.6,9.4,43.0
2025-07-22T03:00,28.5,85,0.0,999.5,11.1,241,53.2,25.4,142.0,11.9,8.8,43.0
2025-07-22T04:00,28.5,85,0.0,999.8,10.7,248,50.1,24.3,138.0,10.8,8.5,43.0
2025-07-22T05:00,28.4,85,0.0,1000.1,10.7,250,49.2,23.7,152.0,10.1,8.8,44.0
2025-07-22T06:00,29.0,83,0.0,999.7,10.5,254,49.2,23.5,199.0,10.4,10.2,45.0
2025-07-22T07:00,29.2,81,0.0,1000.4,10.6,256,55.5,24.8,264.0,10.8,12.2,48.0
2025-07-22T08:00,29.5,79,0.1,1000.7,10.9,253,57.9,24.7,304.0,10.5,13.8,52.0
2025-07-22T09:00,30.4,74,0.1,1001.0,11.8,244,65.0,25.8,293.0,8.8,14.6,60.0
2025-07-22T10:00,31.3,70,0.0,1000.9,12.7,238,72.4,28.1,257.0,6.5,14.9,71.0
2025-07-22T11:00,31.8,66,0.0,1000.5,13.5,236,85.7,32.4,228.0,4.7,14.9,79.0
2025-07-22T12:00,31.9,65,0.0,1000.0,13.6,235,78.9,30.2,219.0,3.9,14.3,83.0
2025-07-22T13:00,32.6,62,0.0,999.2,14.4,232,75.2,28.8,217.0,3.7,13.3,84.0
2025-07-22T14:00,32.6,62,0.0,998.4,15.4,227,82.0,30.5,222.0,3.9,12.5,83.0
2025-07-22T15:00,32.1,64,0.0,997.7,15.9,227,72.9,27.5,239.0,4.4,12.1,79.0
2025-07-22T16:00,31.7,66,0.0,997.2,16.6,229,73.3,27.4,263.0,5.2,11.8,71.0
2025-07-22T17:00,30.9,70,0.0,996.8,16.7,229,86.4,31.2,278.0,6.9,13.7,72.0
2025-07-22T18:00,30.9,69,0.0,997.4,14.2,231,82.7,30.0,275.0,10.8,13.4,62.0
2025-07-22T19:00,30.2,72,0.0,997.5,16.1,220,78.9,29.3,263.0,16.1,13.0,49.0
2025-07-22T20:00,29.7,76,0.0,998.0,16.2,227,67.5,28.6,251.0,19.2,12.4,40.0
2025-07-22T21:00,29.6,77,0.1,998.5,17.1,232,65.4,28.2,243.0,18.4,11.4,39.0
2025-07-22T22:00,29.5,76,0.1,999.0,17.5,231,60.1,26.4,235.0,15.4,10.1,43.0
2025-07-22T23:00,29.3,77,0.0,999.3,17.8,235,55.8,24.6,221.0,12.5,8.9,46.0
2025-07-23T00:00,28.6,82,0.1,999.3,17.9,240,51.2,22.7,195.0,10.2,7.9,48.0
2025-07-23T01:00,28.4,84,0.1,998.9,19.3,242,49.2,21.5,163.0,8.0,6.9,51.0
2025-07-23T02:00,28.4,84,0.0,998.3,18.0,241,48.8,21.0,140.0,6.3,6.3,53.0
2025-07-23T03:00,28.3,84,0.0,997.9,17.2,243,48.4,20.6,128.0,5.3,6.0,54.0
2025-07-23T04:00,28.2,84,0.0,997.5,16.9,248,48.1,20.1,126.0,4.7,6.0,55.0
2025-07-23T05:00,28.3,82,0.0,997.2,16.6,252,50.8,21.0,139.0,4.7,6.3,55.0
2025-07-23T06:00,28.8,79,0.0,997.1,15.0,253,51.2,20.9,184.0,6.0,7.1,55.0
2025-07-23T07:00,28.7,80,0.0,997.3,16.8,255,57.4,22.5,245.0,7.7,8.3,54.0
2025-07-23T08:00,29.5,74,0.1,997.6,19.0,258,65.0,24.3,284.0,8.5,9.3,56.0
2025-07-23T09:00,30.2,71,0.1,997.6,19.2,253,69.8,25.4,277.0,7.6,10.0,61.0
2025-07-23T10:00,30.6,71,0.1,997.8,19.1,248,73.6,26.4,247.0,5.9,10.6,68.0
2025-07-23T11:00,30.6,71,0.1,997.5,19.4,249,72.9,26.1,224.0,4.5,10.9,73.0
2025-07-23T12:00,30.3,73,0.1,996.9,19.7,249,73.1,26.1,218.0,3.9,10.7,75.0
2025-07-23T13:00,30.4,73,0.1,996.0,20.3,247,76.1,26.7,219.0,3.6,10.2,75.0
2025-07-23T14:00,30.6,73,0.3,995.1,20.4,240,74.7,26.8,225.0,3.7,9.8,74.0
2025-07-23T15:00,30.6,72,0.1,994.8,20.8,239,74.5,26.9,239.0,4.1,9.7,71.0
2025-07-23T16:00,30.8,71,0.1,994.1,21.5,239,69.2,25.6,259.0,4.9,9.6,66.0
2025-07-23T17:00,30.2,73,0.1,993.6,20.7,241,67.3,25.0,272.0,6.8,10.1,62.0
2025-07-23T18:00,30.0,74,0.1,994.1,19.5,233,65.4,24.6,274.0,10.3,10.1,56.0
2025-07-23T19:00,29.5,78,0.2,994.6,18.4,231,54.1,23.6,269.0,15.2,10.2,48.0
2025-07-23T20:00,29.1,80,0.0,994.8,18.1,232,53.2,24.0,262.0,18.1,10.1,42.0
2025-07-23T21:00,28.9,82,0.0,995.5,16.9,223,53.3,24.0,255.0,17.5,9.8,42.0
2025-07-23T22:00,28.8,83,0.0,996.4,16.1,229,48.9,22.5,246.0,15.1,9.4,44.0
2025-07-23T23:00,28.5,85,0.1,996.5,15.9,235,47.7,21.5,231.0,12.7,8.8,47.0
2025-07-24T00:00,28.4,85,0.1,996.2,16.3,236,46.3,20.7,206.0,10.7,8.0,49.0
2025-07-24T01:00,28.0,87,0.1,995.9,15.4,241,43.7,19.6,176.0,8.7,7.0,51.0
2025-07-24T02:00,28.0,87,0.1,995.4,14.7,246,42.8,19.0,154.0,7.1,6.4,52.0
2025-07-24T03:00,27.8,88,0.3,994.9,14.5,248,43.3,19.0,140.0,6.1,6.2,53.0
2025-07-24T04:00,27.7,89,0.1,994.9,14.1,245,45.8,19.6,134.0,5.6,6.3,53.0
2025-07-24T05:00,27.8,88,0.1,995.0,13.8,248,40.7,19.0,148.0,5.9,6.2,52.0
2025-07-24T06:00,28.4,85,0.2,995.0,13.5,251,44.6,19.9,202.0,7.3,7.4,52.0
2025-07-24T07:00,28.8,82,0.0,995.5,12.6,253,50.4,21.9,275.0,9.1,9.1,52.0
2025-07-24T08:00,29.6,76,0.0,995.8,14.0,248,60.8,24.2,320.0,9.9,10.5,55.0
2025-07-24T09:00,30.2,73,0.2,996.4,15.2,246,68.2,25.8,308.0,8.6,11.4,62.0
2025-07-24T10:00,30.5,71,0.2,996.7,15.9,245,75.0,28.1,267.0,6.2,12.0,72.0
2025-07-24T11:00,30.9,69,0.2,996.4,16.6,241,83.4,30.9,235.0,4.3,12.4,80.0
2025-07-24T12:00,31.3,68,0.0,996.2,16.2,235,85.2,32.0,224.0,3.6,12.5,84.0
2025-07-24T13:00,32.1,64,0.0,995.4,15.9,231,82.9,31.2,222.0,3.5,12.3,86.0
2025-07-24T14:00,32.0,65,0.0,994.6,15.3,227,81.0,31.0,228.0,3.7,12.2,86.0
2025-07-24T15:00,31.6,67,0.0,993.9,15.4,223,82.2,31.1,245.0,3.9,12.2,82.0
2025-07-24T16:00,31.3,68,0.0,993.6,15.2,224,79.6,30.4,270.0,4.6,12.3,76.0
2025-07-24T17:00,30.8,69,0.0,993.4,13.8,230,85.7,32.7,291.0,6.4,13.7,76.0
2025-07-24T18:00,30.5,70,0.0,993.9,12.0,220,78.0,30.0,306.0,9.7,13.7,67.0
2025-07-24T19:00,30.1,74,0.1,994.3,12.8,204,71.2,28.3,318.0,14.3,13.7,54.0
2025-07-24T20:00,29.4,77,0.0,994.8,13.3,210,66.8,28.3,323.0,17.9,13.5,44.0
2025-07-24T21:00,29.2,78,0.0,995.4,13.4,224,57.0,27.0,320.0,19.8,13.2,40.0
2025-07-24T22:00,29.1,80,0.1,996.5,12.9,224,55.1,26.1,309.0,20.7,12.8,39.0
2025-07-24T23:00,28.7,82,0.0,996.7,13.4,223,53.0,25.5,290.0,20.5,12.1,39.0
2025-07-25T00:00,28.4,84,0.0,996.4,12.7,234,51.2,24.6,257.0,18.5,11.0,41.0
2025-07-25T01:00,28.2,86,0.0,996.1,11.0,246,48.1,23.3,215.0,15.4,9.6,43.0
2025-07-25T02:00,28.0,87,0.0,995.7,10.8,252,44.9,21.9,183.0,12.6,8.5,46.0
2025-07-25T03:00,27.7,88,0.0,995.3,9.7,254,42.3,20.7,162.0,10.6,7.9,48.0
2025-07-25T04:00,27.6,89,0.0,995.2,10.4,256,40.6,19.8,151.0,8.9,7.6,49.0
2025-07-25T05:00,27.6,89,0.0,995.6,10.1,267,40.4,19.6,163.0,8.9,8.0,50.0
2025-07-25T06:00,28.1,88,0.0,995.4,8.5,265,41.6,19.7,221.0,9.9,9.3,50.0
2025-07-25T07:00,28.5,85,0.0,995.9,9.4,253,50.1,21.4,302.0,11.2,11.1,51.0
2025-07-25T08:00,29.4,79,0.0,996.1,11.3,248,55.1,22.4,349.0,11.5,12.8,55.0
2025-07-25T09:00,30.4,73,0.1,996.5,12.4,240,61.2,23.2,329.0,9.8,14.2,65.0
2025-07-25T10:00,31.0,69,0.1,997.0,13.5,237,69.2,25.0,275.0,7.2,15.4,77.0
2025-07-25T11:00,31.3,68,0.1,996.7,14.9,239,74.5,26.1,235.0,5.2,16.0,86.0
2025-07-25T12:00,31.7,66,0.1,996.6,15.1,239,77.1,26.4,228.0,4.5,15.5,88.0
2025-07-25T13:00,32.1,64,0.0,996.1,14.4,230,78.7,26.3,235.0,4.4,14.4,85.0
2025-07-25T14:00,32.1,64,0.0,995.4,15.0,226,79.9,26.0,246.0,4.6,13.4,82.0
2025-07-25T15:00,31.7,67,0.0,995.0,15.6,220,82.7,26.5,260.0,5.1,12.8,78.0
2025-07-25T16:00,31.5,67,0.0,994.5,16.0,221,82.0,25.6,277.0,5.8,12.3,72.0
2025-07-25T17:00,30.8,70,0.0,994.3,16.0,225,98.0,29.5,287.0,6.3,13.1,71.0
2025-07-25T18:00,30.3,72,0.0,995.1,13.6,229,94.5,28.1,284.0,9.3,13.0,64.0
2025-07-25T19:00,30.0,73,0.1,995.3,14.5,221,90.3,27.1,274.0,13.3,12.8,55.0
2025-07-25T20:00,29.5,78,0.1,995.6,15.3,210,74.3,25.6,266.0,16.1,12.4,48.0
2025-07-25T21:00,29.2,79,0.0,996.6,14.3,228,67.3,25.2,266.0,16.6,11.8,47.0
2025-07-25T22:00,29.1,80,0.0,997.5,12.0,242,63.3,24.8,267.0,16.0,10.9,48.0
2025-07-25T23:00,29.1,79,0.0,997.4,14.0,244,57.3,23.7,259.0,14.8,10.1,50.0
2025-07-26T00:00,28.6,82,0.1,997.3,15.1,247,54.1,22.8,232.0,13.1,9.2,51.0
2025-07-26T01:00,28.4,84,0.1,997.3,13.5,251,58.3,23.6,196.0,11.0,8.3,53.0
2025-07-26T02:00,28.2,85,0.0,996.8,13.0,252,54.7,22.5,169.0,9.3,7.8,54.0
2025-07-26T03:00,27.9,87,0.1,996.6,12.6,256,51.9,21.7,153.0,8.2,7.7,54.0
2025-07-26T04:00,27.7,88,0.0,996.5,11.2,259,51.7,21.4,145.0,7.6,7.9,54.0
2025-07-26T05:00,27.6,89,0.0,996.6,10.9,261,50.6,20.9,159.0,7.5,8.3,56.0
2025-07-26T06:00,28.7,80,0.0,996.5,9.9,269,53.7,21.1,216.0,9.5,9.9,55.0
2025-07-26T07:00,28.9,80,0.0,997.0,10.7,276,61.7,22.9,293.0,12.2,12.1,55.0
2025-07-26T08:00,29.8,75,0.0,997.2,13.1,261,69.8,24.7,338.0,13.4,13.9,57.0
2025-07-26T09:00,30.8,70,0.0,997.3,15.3,252,79.6,26.4,316.0,11.9,14.9,64.0
2025-07-26T10:00,31.3,68,0.1,997.3,15.8,249,85.9,27.8,262.0,8.9,15.5,73.0
2025-07-26T11:00,31.9,66,0.1,997.5,16.8,240,89.4,28.8,220.0,6.4,15.5,81.0
2025-07-26T12:00,31.5,68,0.1,997.3,18.1,239,91.7,29.9,210.0,4.9,14.6,87.0
2025-07-26T13:00,31.8,67,0.1,996.8,18.9,239,87.1,29.2,213.0,3.9,13.2,91.0
2025-07-26T14:00,32.0,66,0.0,995.9,18.6,239,86.1,28.8,221.0,3.5,12.1,92.0
2025-07-26T15:00,31.5,68,0.2,995.4,18.9,241,81.7,27.6,234.0,3.9,11.5,87.0
2025-07-26T16:00,31.0,70,0.1,995.1,17.4,244,75.9,25.8,251.0,5.0,11.2,78.0
2025-07-26T17:00,31.1,69,0.0,994.8,18.4,241,92.0,30.9,264.0,6.1,11.3,72.0
2025-07-26T18:00,29.9,71,0.0,996.1,17.1,235,88.0,30.2,269.0,8.7,11.5,66.0
2025-07-26T19:00,29.2,73,0.0,996.1,16.8,240,83.6,29.7,269.0,12.2,11.7,57.0
2025-07-26T20:00,28.8,77,0.0,996.7,16.8,253,75.4,29.3,264.0,14.7,11.8,51.0
2025-07-26T21:00,28.9,77,0.0,997.4,16.2,251,71.7,29.0,252.0,15.5,11.6,49.0
2025-07-26T22:00,28.8,77,0.0,997.8,15.1,253,71.2,29.1,235.0,15.2,11.3,49.0
2025-07-26T23:00,28.8,77,0.0,997.8,13.5,254,71.9,29.3,216.0,14.5,10.9,50.0
2025-07-27T00:00,28.6,78,0.0,997.7,14.8,261,72.9,29.3,193.0,13.1,10.2,51.0
2025-07-27T01:00,28.3,80,0.0,997.5,12.4,261,98.0,36.7,168.0,11.3,9.4,52.0
2025-07-27T02:00,28.1,82,0.0,996.9,12.7,264,75.9,30.6,152.0,9.6,8.8,54.0
2025-07-27T03:00,27.9,83,0.0,996.6,12.4,271,72.6,29.4,146.0,8.2,8.3,55.0
2025-07-27T04:00,27.8,83,0.0,996.5,12.6,272,68.0,27.6,149.0,7.1,8.0,57.0
2025-07-27T05:00,27.8,84,0.0,996.8,11.2,270,49.2,21.0,164.0,5.0,7.2,62.0
2025-07-27T06:00,28.5,80,0.0,996.7,12.1,269,53.0,21.7,204.0,7.0,8.5,61.0
2025-07-27T07:00,28.9,78,0.0,997.3,14.1,263,62.2,23.4,256.0,9.7,10.3,59.0
2025-07-27T08:00,29.6,74,0.0,997.3,17.4,265,63.8,23.9,286.0,11.2,11.8,60.0
2025-07-27T09:00,30.1,71,0.0,997.5,16.9,267,67.3,24.3,273.0,10.2,12.9,65.0
2025-07-27T10:00,31.0,66,0.0,997.4,16.5,262,65.9,23.8,238.0,7.9,13.6,72.0
2025-07-27T11:00,31.5,65,0.0,997.6,17.0,253,68.2,24.2,212.0,6.0,13.9,78.0
2025-07-27T12:00,31.4,65,0.0,997.4,16.7,248,68.0,24.3,206.0,4.8,13.3,82.0
2025-07-27T13:00,31.4,65,0.0,996.9,17.6,241,68.0,24.6,209.0,3.8,12.1,85.0
2025-07-27T14:00,30.5,70,0.2,996.5,19.4,236,69.2,24.8,217.0,3.7,11.3,85.0
2025-07-27T15:00,30.4,71,0.0,996.0,18.9,240,66.6,24.3,233.0,4.8,11.3,80.0
2025-07-27T16:00,30.7,68,0.0,995.8,18.9,245,65.7,23.8,254.0,6.6,11.6,72.0
2025-07-27T17:00,29.9,72,0.2,995.9,18.7,238,69.6,26.5,268.0,7.1,12.9,72.0
2025-07-27T18:00,29.8,75,0.2,996.5,17.8,225,71.7,26.9,270.0,9.2,13.0,66.0
2025-07-27T19:00,29.1,79,0.0,997.0,15.8,234,78.0,29.3,265.0,12.2,13.1,58.0
2025-07-27T20:00,28.7,81,0.0,997.7,15.3,245,68.5,27.2,258.0,14.6,13.1,52.0
2025-07-27T21:00,28.6,81,0.0,998.1,13.2,248,63.6,26.8,253.0,16.1,12.9,48.0
2025-07-27T22:00,28.6,80,0.0,998.4,13.6,255,63.8,27.4,245.0,17.1,12.5,46.0
2025-07-27T23:00,28.5,79,0.0,998.4,13.5,257,61.0,26.1,232.0,16.8,11.9,46.0
2025-07-28T00:00,28.4,80,0.0,998.2,14.2,262,58.8,24.3,207.0,14.5,11.0,48.0
2025-07-28T01:00,28.0,83,0.0,998.1,14.9,262,56.6,22.8,176.0,11.1,9.9,52.0
2025-07-28T02:00,27.9,84,0.0,997.4,15.6,262,64.5,24.3,152.0,8.3,9.0,55.0
2025-07-28T03:00,28.0,82,0.0,997.0,14.5,264,58.1,21.5,136.0,6.6,8.4,57.0
2025-07-28T04:00,28.0,81,0.0,997.0,15.0,264,56.8,20.2,128.0,5.6,7.9,58.0
2025-07-28T05:00,27.9,82,0.0,997.2,15.3,269,52.5,18.6,137.0,5.6,7.7,58.0
2025-07-28T06:00,28.5,79,0.0,997.8,14.1,260,68.0,21.3,180.0,6.9,8.3,57.0
2025-07-28T07:00,28.5,78,0.0,998.2,16.1,260,70.8,19.8,241.0,8.7,9.2,57.0
2025-07-28T08:00,29.0,75,0.0,998.2,17.3,258,68.0,20.0,277.0,9.5,10.0,58.0
2025-07-28T09:00,29.9,69,0.0,998.5,19.4,257,70.5,20.4,264.0,8.3,10.6,63.0
2025-07-28T10:00,30.9,64,0.0,998.5,19.6,251,75.0,21.9,226.0,6.1,11.2,70.0
2025-07-28T11:00,30.6,67,0.0,998.3,19.7,250,75.9,22.4,199.0,4.4,11.4,76.0
2025-07-28T12:00,30.9,66,0.1,998.0,20.0,248,74.0,22.5,194.0,3.6,11.1,79.0
2025-07-28T13:00,31.4,64,0.0,997.6,20.7,244,73.1,22.9,200.0,3.3,10.5,80.0
2025-07-28T14:00,30.9,68,0.0,997.0,20.3,241,72.2,23.1,211.0,3.4,9.9,79.0
2025-07-28T15:00,31.1,66,0.0,996.6,20.2,242,72.6,23.0,231.0,4.0,9.6,75.0
2025-07-28T16:00,30.6,69,0.0,996.1,21.1,239,71.5,22.2,258.0,5.1,9.3,69.0
2025-07-28T17:00,30.0,73,0.0,996.1,20.7,239,79.4,24.3,275.0,6.3,10.1,64.0
2025-07-28T18:00,29.7,73,0.0,996.6,17.8,242,79.6,24.4,276.0,8.2,10.0,60.0
2025-07-28T19:00,29.2,77,0.1,997.2,17.6,241,75.7,23.8,269.0,10.9,9.9,53.0
2025-07-28T20:00,29.1,78,0.0,997.5,16.1,238,71.9,23.5,260.0,12.7,9.8,49.0
2025-07-28T21:00,28.9,80,0.0,998.5,14.1,242,69.2,23.7,256.0,13.2,9.8,48.0
2025-07-28T22:00,28.8,80,0.0,998.6,15.5,244,66.6,23.5,250.0,12.9,9.7,49.0
2025-07-28T23:00,28.5,82,0.0,998.9,16.2,243,63.8,23.0,237.0,12.0,9.5,50.0
2025-07-29T00:00,28.2,83,0.0,998.8,15.2,248,62.2,22.7,207.0,10.4,8.9,51.0
2025-07-29T01:00,28.1,84,0.0,998.6,15.8,251,57.6,21.1,170.0,8.2,8.0,53.0
2025-07-29T02:00,28.0,84,0.0,998.0,15.8,251,53.4,19.5,141.0,6.4,7.3,55.0
2025-07-29T03:00,27.9,84,0.0,997.8,16.2,251,49.7,18.0,124.0,5.3,6.8,56.0
2025-07-29T04:00,27.8,84,0.0,997.8,16.8,254,46.6,17.1,116.0,4.5,6.4,57.0
2025-07-29T05:00,27.8,84,0.0,997.8,16.8,260,47.0,17.0,125.0,4.7,6.5,57.0
2025-07-29T06:00,28.4,82,0.0,998.3,16.3,257,45.9,16.8,166.0,5.9,7.1,56.0
2025-07-29T07:00,28.6,81,0.0,998.3,19.2,260,49.1,17.9,223.0,7.5,7.8,55.0
2025-07-29T08:00,29.3,75,0.0,998.6,21.8,257,54.2,19.6,257.0,8.3,8.5,56.0
2025-07-29T09:00,30.0,71,0.0,998.6,22.7,259,60.1,21.0,245.0,7.4,9.0,60.0
2025-07-29T10:00,30.6,67,0.0,998.7,23.3,257,61.2,21.7,211.0,5.6,9.4,65.0
2025-07-29T11:00,31.0,65,0.0,998.7,24.1,256,59.8,21.7,185.0,4.2,9.5,69.0
2025-07-29T12:00,30.9,67,0.1,998.5,23.5,253,60.1,22.0,180.0,3.4,9.1,72.0
2025-07-29T13:00,31.3,64,0.0,997.9,24.2,257,58.2,21.4,183.0,2.9,8.5,74.0
2025-07-29T14:00,31.4,64,0.0,996.9,23.5,252,58.0,20.8,191.0,2.9,8.1,74.0
2025-07-29T15:00,31.1,66,0.0,996.4,23.6,248,58.6,20.7,205.0,3.3,8.2,72.0
2025-07-29T16:00,30.6,69,0.0,995.9,23.3,242,56.1,19.8,225.0,4.1,8.4,68.0
2025-07-29T17:00,30.2,71,0.0,995.9,23.0,241,61.0,21.8,239.0,5.4,9.1,65.0
2025-07-29T18:00,29.5,75,0.0,996.2,21.6,236,54.0,20.4,245.0,7.9,8.9,60.0
2025-07-29T19:00,28.9,77,0.0,996.4,20.4,236,49.9,20.2,246.0,11.3,8.7,54.0
2025-07-29T20:00,28.5,81,0.1,997.2,18.8,241,43.9,19.7,245.0,13.6,8.6,49.0
2025-07-29T21:00,28.2,83,0.1,997.8,19.1,246,46.0,20.9,246.0,13.9,8.9,48.0
2025-07-29T22:00,27.8,86,0.0,998.5,14.9,248,53.9,23.9,244.0,13.1,9.4,49.0
2025-07-29T23:00,27.9,85,0.0,998.7,14.3,246,48.8,22.4,234.0,12.0,9.6,50.0
2025-07-30T00:00,27.8,86,0.0,998.5,15.0,254,48.0,22.0,207.0,10.5,9.2,51.0
2025-07-30T01:00,27.7,87,0.0,997.7,14.8,254,47.8,21.4,171.0,8.7,8.6,53.0
2025-07-30T02:00,27.6,88,0.0,996.8,15.3,252,48.7,20.9,144.0,7.2,8.0,54.0
2025-07-30T03:00,27.6,87,0.0,996.5,16.1,250,50.4,20.7,128.0,6.1,7.4,55.0
2025-07-30T04:00,27.4,88,0.0,996.3,16.7,254,51.8,20.6,119.0,5.3,6.9,55.0
2025-07-30T05:00,27.4,87,0.0,996.2,16.6,252,53.2,20.7,128.0,5.2,6.7,55.0
2025-07-30T06:00,28.1,82,0.0,995.9,18.6,247,53.4,20.9,169.0,6.4,6.9,54.0
2025-07-30T07:00,28.3,80,0.0,996.5,19.5,251,60.3,22.6,227.0,8.3,7.4,53.0
2025-07-30T08:00,28.9,76,0.1,996.8,21.0,255,60.8,23.1,262.0,9.2,8.1,53.0
2025-07-30T09:00,29.8,72,0.0,997.2,20.4,254,65.7,24.1,251.0,8.3,9.0,57.0
2025-07-30T10:00,30.3,69,0.0,997.3,21.1,251,66.6,24.1,218.0,6.4,10.0,63.0
2025-07-30T11:00,30.2,70,0.1,997.2,21.0,250,68.9,24.7,195.0,4.9,10.8,68.0
2025-07-30T12:00,30.9,68,0.0,996.9,20.4,244,70.1,25.1,194.0,4.1,11.1,73.0
2025-07-30T13:00,31.1,67,0.0,996.4,19.7,239,71.5,25.7,203.0,3.7,11.1,78.0
2025-07-30T14:00,30.6,70,0.1,995.9,19.0,227,72.9,26.4,216.0,3.8,11.1,80.0
2025-07-30T15:00,30.2,72,0.0,995.6,18.2,231,73.6,26.3,232.0,4.1,11.3,79.0
2025-07-30T16:00,30.2,72,0.0,995.1,18.0,223,79.2,27.3,252.0,4.8,11.5,75.0
2025-07-30T17:00,29.7,74,0.1,994.8,19.5,224,83.6,27.4,270.0,7.6,11.9,65.0
2025-07-30T18:00,29.4,78,0.3,995.8,16.9,214,85.0,27.4,284.0,10.0,11.9,60.0
2025-07-30T19:00,28.9,80,0.5,996.1,15.7,219,80.6,27.5,296.0,13.3,11.8,53.0
2025-07-30T20:00,28.5,85,0.2,996.7,13.4,216,77.1,27.5,302.0,15.6,11.7,48.0
2025-07-30T21:00,28.2,87,0.1,997.8,13.0,211,71.9,27.4,302.0,16.4,11.5,46.0
2025-07-30T22:00,28.0,88,0.0,998.1,12.8,219,69.4,27.0,296.0,16.2,11.3,46.0
2025-07-30T23:00,27.7,89,0.0,998.2,12.3,224,68.5,26.9,280.0,15.3,10.9,46.0
2025-07-31T00:00,27.6,89,0.0,998.2,11.0,230,65.4,26.2,245.0,13.3,10.2,48.0
2025-07-31T01:00,27.4,90,0.0,997.3,11.3,237,65.2,25.3,201.0,10.7,9.4,50.0
2025-07-31T02:00,27.2,90,0.0,996.4,10.8,238,65.2,24.6,169.0,8.6,8.7,52.0
2025-07-31T03:00,27.2,89,0.0,996.2,9.9,237,64.3,23.9,155.0,7.6,8.2,52.0
2025-07-31T04:00,27.0,91,0.0,996.5,8.5,235,61.2,23.0,154.0,7.2,7.9,51.0
2025-07-31T05:00,26.9,91,0.0,997.0,8.4,235,72.4,25.4,170.0,9.4,9.6,50.0
2025-07-31T06:00,27.9,85,0.0,997.2,9.3,212,71.9,25.0,219.0,10.1,10.6,51.0
2025-07-31T07:00,28.2,82,0.0,997.7,11.3,222,82.2,26.5,284.0,11.1,12.1,52.0
2025-07-31T08:00,29.1,76,0.0,997.9,12.2,225,87.5,27.6,323.0,11.3,13.3,55.0
2025-07-31T09:00,29.8,72,0.1,998.3,13.7,225,93.8,29.1,308.0,10.0,14.3,61.0
2025-07-31T10:00,30.1,71,0.2,998.8,14.7,220,94.8,29.6,265.0,8.0,15.1,68.0
2025-07-31T11:00,30.3,70,0.1,998.8,14.5,212,95.5,30.5,233.0,6.3,15.3,74.0
2025-07-31T12:00,30.7,69,0.1,998.7,14.7,206,94.1,30.3,223.0,5.2,14.5,78.0
2025-07-31T13:00,30.7,68,0.1,998.2,15.1,208,92.0,30.0,224.0,4.3,13.2,81.0
2025-07-31T14:00,31.0,68,0.1,997.7,15.0,214,87.5,28.6,232.0,4.1,12.2,81.0
2025-07-31T15:00,30.6,70,0.1,997.6,15.1,212,81.3,27.0,252.0,4.6,11.9,77.0
2025-07-31T16:00,30.4,71,0.1,997.3,14.9,212,76.1,25.7,280.0,5.7,12.0,71.0
2025-07-31T17:00,29.9,73,0.3,997.3,15.1,208,78.2,27.6,301.0,7.5,12.4,63.0
2025-07-31T18:00,29.1,79,0.0,998.4,12.3,201,74.7,27.0,308.0,12.2,12.7,55.0
2025-07-31T19:00,28.7,80,0.0,998.7,8.0,216,83.6,31.1,308.0,18.7,13.2,43.0
2025-07-31T20:00,28.3,84,0.0,999.1,10.5,193,58.7,26.6,306.0,23.2,13.4,35.0
2025-07-31T21:00,28.0,86,0.0,999.7,11.1,192,52.0,25.7,305.0,24.0,13.4,33.0
2025-07-31T22:00,27.8,88,0.0,1000.1,11.5,202,48.7,25.1,301.0,22.8,13.2,34.0
2025-07-31T23:00,27.5,90,0.0,999.8,12.1,217,47.8,24.7,288.0,21.0,12.7,35.0
2025-08-01T00:00,27.3,91,0.1,999.5,10.6,231,47.7,24.0,258.0,18.5,11.6,37.0
2025-08-01T01:00,27.1,91,0.1,999.6,10.1,237,48.5,23.2,220.0,15.4,10.2,39.0
2025-08-01T02:00,27.0,91,0.1,999.2,11.4,241,48.5,22.6,190.0,12.8,9.2,41.0
2025-08-01T03:00,26.8,90,0.1,999.0,11.1,247,47.4,21.8,173.0,11.2,8.7,42.0
2025-08-01T04:00,26.7,90,0.1,999.1,10.3,247,46.4,20.9,165.0,10.2,8.6,41.0
2025-08-01T05:00,26.6,91,0.0,999.4,10.1,250,45.8,19.7,174.0,8.4,8.7,45.0
2025-08-01T06:00,27.0,92,0.2,999.1,11.0,252,45.2,19.3,217.0,9.0,9.4,46.0
2025-08-01T07:00,27.4,89,0.2,1000.0,13.3,249,51.0,20.3,277.0,9.8,10.4,48.0
2025-08-01T08:00,28.6,75,0.1,1000.5,14.2,244,54.1,20.5,312.0,9.9,11.3,51.0
2025-08-01T09:00,29.0,73,0.1,1000.8,13.9,236,64.7,21.8,295.0,8.6,12.0,58.0
2025-08-01T10:00,29.6,70,0.1,1001.0,16.4,230,69.2,23.1,253.0,6.6,12.6,66.0
2025-08-01T11:00,29.7,70,0.2,1001.2,18.2,228,67.5,23.1,220.0,5.0,12.9,73.0
2025-08-01T12:00,29.9,70,0.2,1001.3,19.3,230,68.0,23.6,209.0,4.2,12.6,76.0
2025-08-01T13:00,30.6,67,0.0,1000.7,17.9,231,64.0,23.1,208.0,3.9,11.8,78.0
2025-08-01T14:00,30.6,66,0.0,1000.0,17.2,233,62.6,22.7,215.0,4.0,11.3,77.0
2025-08-01T15:00,30.5,66,0.0,999.8,17.6,230,58.6,21.9,234.0,4.4,11.1,74.0
2025-08-01T16:00,30.0,68,0.1,999.4,17.2,225,57.3,21.3,262.0,5.3,11.1,68.0
2025-08-01T17:00,29.7,71,0.0,999.3,16.8,231,72.6,25.5,282.0,7.0,11.7,63.0
2025-08-01T18:00,29.1,77,0.1,999.9,16.1,222,83.8,28.1,290.0,11.0,11.8,56.0
2025-08-01T19:00,28.5,79,0.0,1000.3,13.8,227,69.6,25.8,291.0,16.6,12.0,45.0
2025-08-01T20:00,28.2,82,0.1,1000.9,14.1,224,58.2,25.1,288.0,20.5,12.1,38.0
2025-08-01T21:00,27.7,85,0.2,1001.6,13.4,227,58.4,25.4,285.0,21.5,12.1,36.0
2025-08-01T22:00,27.5,86,0.0,1001.8,13.0,232,57.7,25.3,278.0,20.9,12.0,36.0
2025-08-01T23:00,27.2,88,0.0,1001.8,13.3,238,73.6,29.0,261.0,19.6,11.7,37.0
2025-08-02T00:00,27.1,89,0.0,1001.6,13.8,237,59.8,25.6,226.0,17.4,10.9,39.0
2025-08-02T01:00,26.9,89,0.1,1001.1,12.5,249,58.2,24.4,181.0,14.5,9.9,42.0
2025-08-02T02:00,26.6,91,0.0,1000.4,12.6,256,56.7,23.2,148.0,11.9,9.1,44.0
2025-08-02T03:00,26.5,91,0.1,1000.2,12.7,263,56.8,22.2,130.0,9.8,8.5,46.0
2025-08-02T04:00,26.6,90,0.0,1000.2,12.3,259,59.1,21.9,124.0,8.1,8.2,48.0
2025-08-02T05:00,26.5,90,0.0,1000.2,13.9,256,56.9,20.8,138.0,6.8,7.9,51.0
2025-08-02T06:00,27.4,87,0.0,1000.6,13.7,247,58.7,20.4,194.0,8.5,8.5,51.0
2025-08-02T07:00,27.7,85,0.0,1001.2,14.6,249,64.0,21.1,271.0,10.8,9.3,50.0
2025-08-02T08:00,28.1,82,0.2,1001.5,18.0,247,63.6,20.7,316.0,12.2,10.2,51.0
2025-08-02T09:00,28.4,79,0.5,1001.9,19.3,249,68.0,20.5,297.0,11.8,11.2,53.0
2025-08-02T10:00,28.8,76,0.1,1001.9,19.6,248,67.1,20.0,246.0,10.5,12.1,56.0
2025-08-02T11:00,28.8,75,0.1,1002.2,18.3,244,61.9,19.3,207.0,9.2,12.7,59.0
2025-08-02T12:00,28.7,76,0.1,1002.1,17.0,242,64.5,19.4,197.0,7.8,12.6,62.0
2025-08-02T13:00,29.4,72,0.1,1001.2,18.2,242,65.4,19.3,199.0,6.5,12.0,65.0
2025-08-02T14:00,29.9,70,0.1,1000.3,19.6,243,64.7,19.3,209.0,5.8,11.6,66.0
2025-08-02T15:00,29.7,71,0.1,999.9,18.0,241,62.6,19.2,228.0,6.1,11.5,65.0
2025-08-02T16:00,29.5,72,0.2,999.6,18.0,237,60.5,19.2,255.0,7.2,11.5,62.0
2025-08-02T17:00,29.2,73,0.1,999.4,17.8,240,78.0,23.6,277.0,9.1,11.9,57.0
2025-08-02T18:00,28.9,76,0.1,1000.1,17.3,231,74.0,23.7,290.0,12.9,11.8,51.0
2025-08-02T19:00,28.5,79,0.1,1000.5,15.9,228,65.9,23.6,299.0,18.1,11.6,43.0
2025-08-02T20:00,28.0,83,0.1,1001.0,15.0,230,58.8,23.7,299.0,21.4,11.3,38.0
2025-08-02T21:00,27.8,84,0.0,1001.6,14.6,231,55.1,23.2,289.0,21.2,11.0,37.0
2025-08-02T22:00,27.6,85,0.0,1002.1,13.3,237,54.2,22.8,272.0,19.2,10.7,39.0
2025-08-02T23:00,27.5,85,0.0,1002.1,12.8,244,53.6,22.4,248.0,16.9,10.2,41.0
2025-08-03T00:00,27.1,87,0.0,1001.8,13.3,252,51.1,21.5,213.0,14.5,9.5,43.0
2025-08-03T01:00,27.0,88,0.0,1001.2,12.6,261,49.0,20.2,172.0,11.9,8.7,45.0
2025-08-03T02:00,26.8,89,0.1,1000.9,12.0,261,47.8,19.2,142.0,9.7,8.0,47.0
2025-08-03T03:00,26.8,88,0.0,1000.6,11.6,257,47.4,18.5,125.0,8.1,7.5,48.0
2025-08-03T04:00,26.7,89,0.0,1000.7,12.2,262,47.0,18.0,119.0,7.0,7.1,49.0
2025-08-03T05:00,26.5,90,0.0,1001.0,13.0,264,48.2,18.1,132.0,6.6,7.3,51.0
2025-08-03T06:00,27.4,87,0.0,1001.4,12.3,255,50.1,18.3,184.0,8.2,8.5,51.0
2025-08-03T07:00,27.6,85,0.0,1001.7,14.3,253,56.0,19.9,257.0,10.3,10.2,51.0
2025-08-03T08:00,28.3,80,0.1,1001.9,14.9,251,65.7,21.4,301.0,11.2,11.5,54.0
2025-08-03T09:00,28.9,76,0.2,1002.5,16.1,250,72.4,22.2,290.0,9.7,12.3,62.0
2025-08-03T10:00,29.2,74,0.1,1002.8,15.9,244,73.3,22.4,250.0,7.0,12.8,72.0
2025-08-03T11:00,29.5,73,0.1,1002.6,17.2,240,77.5,23.3,220.0,4.9,12.9,79.0
2025-08-03T12:00,29.7,72,0.1,1002.4,17.8,240,78.7,23.9,211.0,3.9,12.5,82.0
2025-08-03T13:00,30.0,71,0.1,1001.8,17.6,235,71.9,22.7,211.0,3.5,11.8,82.0
2025-08-03T14:00,30.2,70,0.1,1001.4,17.3,231,78.2,23.5,217.0,3.6,11.2,80.0
2025-08-03T15:00,30.2,70,0.1,1001.0,17.1,230,73.8,22.6,233.0,4.1,11.0,76.0
2025-08-03T16:00,29.9,71,0.1,1000.7,16.9,227,69.4,21.4,255.0,5.1,10.9,70.0
2025-08-03T17:00,29.6,72,0.1,1000.7,16.7,226,78.7,23.5,275.0,7.0,11.4,65.0
2025-08-03T18:00,29.2,75,0.0,1001.1,14.5,218,62.6,19.6,290.0,9.6,12.1,59.0
2025-08-03T19:00,28.3,80,0.1,1001.8,13.9,220,59.1,19.3,301.0,13.2,13.1,51.0
2025-08-03T20:00,27.9,83,0.0,1002.2,10.5,229,53.8,19.1,307.0,16.2,13.6,45.0
2025-08-03T21:00,27.7,85,0.0,1003.0,10.6,226,49.4,19.5,308.0,18.2,13.5,41.0
2025-08-03T22:00,27.6,84,0.0,1003.6,11.7,223,46.0,19.6,304.0,19.6,12.9,39.0
2025-08-03T23:00,27.4,86,0.0,1003.9,12.0,231,43.3,18.6,286.0,19.7,12.1,38.0
2025-08-04T00:00,27.3,86,0.0,1003.8,11.5,240,39.6,17.5,243.0,17.7,11.0,39.0
2025-08-04T01:00,27.0,87,0.0,1003.8,10.9,250,38.1,16.5,187.0,14.5,9.6,42.0
2025-08-04T02:00,26.7,89,0.1,1003.1,11.1,256,36.7,15.6,145.0,11.7,8.5,44.0
2025-08-04T03:00,26.6,90,0.0,1002.8,11.1,262,36.6,15.0,124.0,9.9,7.9,45.0
2025-08-04T04:00,26.5,90,0.0,1002.7,11.1,262,36.2,14.5,118.0,8.5,7.6,47.0
2025-08-04T05:00,26.3,90,0.0,1003.1,11.5,268,36.6,14.3,134.0,7.8,7.7,48.0
2025-08-04T06:00,26.9,91,0.0,1002.9,11.0,266,35.9,14.2,192.0,8.4,8.5,49.0
2025-08-04T07:00,27.2,88,0.0,1003.2,11.3,263,42.7,15.5,272.0,9.8,9.8,49.0
2025-08-04T08:00,27.9,83,0.2,1003.5,13.9,257,44.6,16.3,318.0,10.2,10.9,52.0
2025-08-04T09:00,29.0,76,0.0,1004.0,15.5,252,50.5,17.3,295.0,8.7,11.7,60.0
2025-08-04T10:00,29.8,70,0.0,1004.2,16.5,248,57.4,18.9,238.0,6.2,12.4,70.0
2025-08-04T11:00,30.2,68,0.0,1004.0,17.9,245,61.9,19.8,195.0,4.3,12.7,78.0
2025-08-04T12:00,30.5,66,0.0,1003.8,17.8,237,66.8,21.2,186.0,3.4,12.3,81.0
2025-08-04T13:00,30.6,66,0.0,1003.5,17.4,231,65.9,21.1,193.0,3.1,11.5,82.0
2025-08-04T14:00,30.7,66,0.1,1003.0,18.4,231,67.3,21.1,204.0,3.3,10.9,80.0
2025-08-04T15:00,30.4,68,0.1,1002.6,19.5,232,63.8,20.3,222.0,3.8,10.7,76.0
2025-08-04T16:00,29.7,71,0.1,1002.1,19.4,234,60.1,19.5,245.0,4.9,10.7,69.0
2025-08-04T17:00,29.5,72,0.3,1001.9,19.2,233,63.8,20.2,261.0,7.0,10.7,61.0
2025-08-04T18:00,28.7,76,0.1,1002.1,18.0,230,79.2,24.7,264.0,10.7,10.8,54.0
2025-08-04T19:00,28.1,80,0.0,1002.4,16.8,242,50.6,18.8,261.0,15.8,10.9,45.0
2025-08-04T20:00,28.0,81,0.2,1002.7,15.8,240,43.9,19.0,253.0,19.2,10.9,39.0
2025-08-04T21:00,27.8,83,0.2,1003.6,15.7,242,39.0,18.0,243.0,19.4,10.7,38.0
2025-08-04T22:00,27.5,85,0.1,1003.9,15.0,251,38.3,17.9,229.0,17.8,10.3,39.0
2025-08-04T23:00,27.3,86,0.0,1003.9,14.6,254,38.9,17.7,211.0,15.8,9.7,41.0
2025-08-05T00:00,27.0,87,0.0,1003.5,15.1,255,38.1,17.1,185.0,13.4,8.9,43.0
2025-08-05T01:00,26.8,88,0.0,1003.0,14.3,252,37.7,16.5,156.0,10.5,7.9,46.0
2025-08-05T02:00,26.6,89,0.1,1002.4,15.0,252,36.9,15.8,134.0,8.1,7.1,49.0
2025-08-05T03:00,26.6,89,0.1,1002.2,15.8,255,35.7,15.3,121.0,6.6,6.6,51.0
2025-08-05T04:00,26.5,89,0.0,1002.1,15.5,261,35.3,15.0,117.0,5.6,6.3,52.0
2025-08-05T05:00,26.3,90,0.1,1002.3,15.4,264,34.3,14.8,130.0,6.0,6.3,51.0
2025-08-05T06:00,27.1,88,0.0,1001.9,13.3,261,36.4,15.5,180.0,7.3,7.3,51.0
2025-08-05T07:00,27.3,86,0.0,1002.4,13.2,260,41.2,17.1,248.0,9.1,8.7,50.0
2025-08-05T08:00,28.1,79,0.1,1002.9,17.1,253,53.0,19.2,288.0,9.8,9.8,52.0
2025-08-05T09:00,28.6,76,0.2,1003.4,19.7,252,56.5,19.9,272.0,8.6,10.6,57.0
2025-08-05T10:00,29.4,73,0.2,1003.6,20.0,248,57.6,20.0,228.0,6.4,11.1,64.0
2025-08-05T11:00,29.7,70,0.1,1003.4,19.9,245,58.2,20.2,197.0,4.7,11.3,69.0
2025-08-05T12:00,30.1,68,0.1,1002.9,20.6,244,58.4,20.6,194.0,4.0,11.0,70.0
2025-08-05T13:00,29.8,70,0.2,1002.6,20.9,243,59.1,21.1,204.0,3.9,10.3,69.0
2025-08-05T14:00,29.5,71,0.1,1002.3,20.0,238,56.8,20.9,217.0,4.3,9.8,67.0
2025-08-05T15:00,29.3,72,0.1,1002.1,19.5,236,54.4,20.5,231.0,5.2,9.7,64.0
2025-08-05T16:00,29.2,72,0.1,1001.7,19.9,235,51.9,20.2,247.0,6.6,9.8,60.0
2025-08-05T17:00,28.9,73,0.2,1001.5,19.5,232,57.5,21.6,265.0,8.3,9.8,56.0
2025-08-05T18:00,28.4,77,0.2,1001.7,16.2,226,51.8,21.5,288.0,12.3,10.0,50.0
2025-08-05T19:00,28.0,80,0.1,1001.9,14.7,234,47.5,21.2,312.0,17.6,10.2,43.0
2025-08-05T20:00,27.8,81,0.0,1002.3,14.5,234,46.2,22.9,321.0,20.9,10.2,38.0
2025-08-05T21:00,27.5,83,0.0,1002.9,15.6,236,44.5,22.2,306.0,20.4,10.0,38.0
2025-08-05T22:00,27.3,84,0.0,1003.6,14.8,238,43.5,21.5,276.0,17.8,9.7,40.0
2025-08-05T23:00,27.2,85,0.0,1003.7,14.6,240,41.9,20.9,244.0,15.0,9.2,43.0
2025-08-06T00:00,26.7,88,0.1,1003.5,14.6,241,40.4,20.1,210.0,12.3,8.4,45.0
2025-08-06T01:00,26.7,88,0.1,1003.2,14.9,247,39.1,19.0,174.0,9.5,7.4,47.0
2025-08-06T02:00,26.4,89,0.0,1002.5,15.8,251,38.0,18.1,149.0,7.3,6.7,49.0
2025-08-06T03:00,26.3,89,0.0,1002.4,15.9,255,37.7,17.5,137.0,6.1,6.3,49.0
2025-08-06T04:00,26.3,89,0.0,1002.2,15.3,261,37.0,17.2,135.0,5.5,6.3,49.0
2025-08-06T05:00,26.2,90,0.1,1002.5,14.2,261,37.5,17.1,150.0,5.7,6.6,50.0
2025-08-06T06:00,27.0,88,0.0,1002.3,13.2,256,39.9,17.5,198.0,7.5,7.8,49.0
2025-08-06T07:00,27.3,84,0.0,1002.9,14.0,250,44.2,19.4,262.0,9.9,9.5,47.0
2025-08-06T08:00,28.1,76,0.0,1003.3,16.2,253,52.5,20.8,301.0,11.0,10.8,48.0
2025-08-06T09:00,28.8,72,0.1,1003.7,18.4,249,69.8,24.4,289.0,9.5,11.4,55.0
2025-08-06T10:00,29.2,71,0.1,1004.0,18.8,243,58.8,21.0,252.0,6.6,11.7,64.0
2025-08-06T11:00,29.3,71,0.2,1003.9,19.6,242,59.8,21.4,224.0,4.4,11.7,71.0
2025-08-06T12:00,29.8,69,0.2,1003.8,18.8,238,55.5,20.5,218.0,3.7,11.5,73.0
2025-08-06T13:00,30.0,68,0.1,1003.3,18.1,233,56.1,21.0,221.0,3.6,11.0,74.0
2025-08-06T14:00,30.1,68,0.2,1002.5,18.3,231,53.8,20.8,231.0,4.0,10.7,72.0
2025-08-06T15:00,29.5,72,0.1,1002.2,18.3,232,52.4,20.8,248.0,4.4,10.6,69.0
2025-08-06T16:00,29.6,71,0.2,1002.0,18.7,232,51.0,20.7,271.0,5.3,10.6,64.0
2025-08-06T17:00,29.0,74,0.3,1002.0,18.4,230,54.6,21.9,294.0,7.6,10.9,59.0
2025-08-06T18:00,28.6,76,0.1,1002.5,17.4,227,62.4,24.3,321.0,10.6,11.1,53.0
2025-08-06T19:00,28.1,79,0.0,1002.9,15.3,232,52.7,22.2,349.0,14.7,11.5,46.0
2025-08-06T20:00,27.6,83,0.0,1003.3,13.7,230,47.6,22.4,360.0,17.9,11.7,40.0
2025-08-06T21:00,27.3,84,0.0,1003.7,13.4,230,52.4,24.1,344.0,19.4,11.8,37.0
2025-08-06T22:00,27.1,86,0.0,1004.3,12.0,231,56.5,25.7,312.0,19.8,11.8,37.0
2025-08-06T23:00,27.0,86,0.0,1004.2,12.3,240,51.8,24.6,277.0,19.3,11.5,37.0
2025-08-07T00:00,26.7,88,0.1,1003.9,11.7,252,50.2,23.7,241.0,17.3,10.7,38.0
2025-08-07T01:00,26.6,89,0.1,1003.3,11.7,259,48.7,22.6,203.0,14.3,9.7,41.0
2025-08-07T02:00,26.4,90,0.0,1002.7,11.2,265,46.8,21.5,175.0,11.8,8.9,43.0
2025-08-07T03:00,26.3,90,0.0,1002.3,12.1,267,44.9,20.5,158.0,10.0,8.4,44.0
2025-08-07T04:00,26.1,91,0.0,1002.7,12.6,265,42.6,19.4,151.0,8.7,8.0,44.0
2025-08-07T05:00,26.2,91,0.0,1003.1,12.5,262,38.9,18.3,165.0,8.1,8.2,45.0
2025-08-07T06:00,26.8,92,0.1,1003.0,9.9,266,36.4,17.8,221.0,9.1,9.3,45.0
2025-08-07T07:00,27.2,88,0.1,1003.8,12.1,263,37.6,19.2,298.0,10.9,10.9,45.0
2025-08-07T08:00,27.8,83,0.1,1004.2,14.4,261,42.6,18.7,343.0,11.6,12.2,48.0
2025-08-07T09:00,28.7,76,0.1,1004.6,16.2,251,45.4,18.9,323.0,9.9,12.8,55.0
2025-08-07T10:00,29.2,73,0.4,1004.7,18.1,241,48.7,19.4,271.0,7.0,13.0,65.0
2025-08-07T11:00,29.4,72,0.1,1004.7,17.8,239,53.8,20.8,231.0,4.8,13.0,73.0
2025-08-07T12:00,29.6,72,0.3,1004.4,18.2,237,54.5,21.0,221.0,3.9,12.6,77.0
2025-08-07T13:00,30.1,70,0.1,1003.7,18.4,239,59.6,22.5,223.0,3.6,11.9,78.0
2025-08-07T14:00,30.2,69,0.0,1002.9,18.3,240,61.0,22.9,232.0,3.8,11.4,77.0
2025-08-07T15:00,30.0,70,0.0,1002.5,19.0,239,69.6,25.0,250.0,4.2,11.5,74.0
2025-08-07T16:00,29.7,72,0.3,1002.1,18.8,241,65.2,24.0,274.0,5.1,11.8,69.0
2025-08-07T17:00,29.3,73,0.2,1002.1,17.8,242,61.9,23.0,292.0,6.7,12.1,64.0
2025-08-07T18:00,29.1,73,0.1,1002.5,16.8,240,62.4,23.3,300.0,10.9,12.0,56.0
2025-08-07T19:00,28.0,80,0.1,1002.8,15.1,245,58.3,23.2,303.0,16.6,12.0,44.0
2025-08-07T20:00,27.8,81,0.0,1003.2,14.4,250,49.6,23.2,301.0,20.6,11.8,36.0
2025-08-07T21:00,27.7,81,0.0,1003.6,14.0,248,48.0,23.2,296.0,21.5,11.6,34.0
2025-08-07T22:00,27.4,82,0.0,1004.2,15.1,244,45.6,22.9,285.0,20.6,11.4,34.0
2025-08-07T23:00,27.3,83,0.0,1004.3,14.3,250,44.1,22.6,267.0,18.8,10.8,36.0
2025-08-08T00:00,26.9,85,0.0,1004.1,13.4,256,42.0,21.5,233.0,15.9,9.7,39.0
2025-08-08T01:00,26.8,86,0.0,1003.7,12.8,260,38.3,19.7,192.0,12.2,8.2,43.0
2025-08-08T02:00,26.6,86,0.0,1003.1,12.5,263,35.5,18.0,161.0,9.2,7.2,46.0
2025-08-08T03:00,26.2,89,0.1,1002.5,12.2,268,33.9,17.1,146.0,7.6,6.8,47.0
2025-08-08T04:00,26.3,89,0.0,1002.4,13.3,268,33.5,16.6,143.0,6.8,6.7,48.0
2025-08-08T05:00,26.2,88,0.0,1002.4,13.7,269,34.8,16.6,156.0,6.2,6.8,49.0
2025-08-08T06:00,26.8,85,0.0,1002.7,13.4,275,35.7,16.9,203.0,7.5,7.9,49.0
2025-08-08T07:00,27.1,83,0.0,1003.1,15.0,273,38.5,18.3,267.0,9.2,9.4,49.0
2025-08-08T08:00,27.7,80,0.0,1003.5,17.3,274,43.8,19.0,304.0,9.9,10.7,51.0
2025-08-08T09:00,28.6,74,0.0,1004.0,18.3,263,46.1,19.5,286.0,8.7,11.5,57.0
2025-08-08T10:00,29.5,69,0.0,1004.4,18.7,256,47.3,19.6,241.0,6.5,11.9,64.0
2025-08-08T11:00,30.1,66,0.0,1004.4,18.8,250,47.8,19.9,208.0,4.7,12.1,70.0
2025-08-08T12:00,30.1,67,0.1,1004.4,18.5,245,50.6,20.5,202.0,3.8,11.8,74.0
2025-08-08T13:00,30.6,64,0.0,1004.2,18.3,238,49.4,19.7,208.0,3.3,11.1,76.0
2025-08-08T14:00,30.7,63,0.0,1003.5,18.7,237,50.4,19.7,218.0,3.3,10.6,75.0
2025-08-08T15:00,30.3,65,0.1,1003.3,19.3,233,48.4,19.0,235.0,3.8,10.4,71.0
2025-08-08T16:00,29.5,70,0.1,1003.2,18.5,235,46.6,18.2,257.0,4.8,10.3,64.0
2025-08-08T17:00,29.3,71,0.1,1003.1,18.3,244,56.5,20.7,268.0,6.0,10.1,59.0
2025-08-08T18:00,29.4,69,0.0,1003.4,17.5,243,51.5,19.8,259.0,8.9,10.3,53.0
2025-08-08T19:00,28.8,74,0.2,1003.9,18.1,237,44.9,18.3,240.0,12.9,10.5,45.0
2025-08-08T20:00,28.2,77,0.2,1004.6,17.5,241,40.3,18.5,226.0,15.5,10.5,39.0
2025-08-08T21:00,27.9,79,0.0,1005.3,17.7,239,37.7,17.5,229.0,15.6,10.3,38.0
2025-08-08T22:00,27.6,81,0.0,1006.1,15.9,242,35.6,16.8,237.0,14.2,9.9,40.0
2025-08-08T23:00,27.3,82,0.0,1006.1,15.1,255,33.1,16.2,234.0,12.6,9.4,42.0
2025-08-09T00:00,27.1,84,0.0,1005.9,15.0,257,30.6,15.3,207.0,10.7,8.6,44.0
2025-08-09T01:00,26.9,85,0.0,1005.5,15.2,259,29.6,14.6,168.0,8.5,7.7,46.0
2025-08-09T02:00,26.7,86,0.0,1005.1,15.3,261,29.5,14.2,139.0,6.8,7.1,47.0
2025-08-09T03:00,26.7,86,0.0,1004.9,14.3,263,29.9,14.1,123.0,5.9,6.8,48.0
2025-08-09T04:00,26.6,87,0.0,1004.9,15.1,262,29.9,14.1,117.0,5.6,6.7,48.0
2025-08-09T05:00,26.5,87,0.1,1004.9,15.6,264,27.9,13.6,128.0,5.5,6.8,49.0
2025-08-09T06:00,27.1,83,0.0,1004.7,14.6,274,29.9,14.3,173.0,7.1,8.0,48.0
2025-08-09T07:00,27.1,84,0.1,1005.1,16.0,272,34.8,16.2,235.0,9.3,9.7,47.0
2025-08-09T08:00,27.8,79,0.1,1005.7,18.2,268,39.2,17.2,273.0,10.4,11.0,48.0
2025-08-09T09:00,28.6,74,0.0,1006.0,16.7,264,45.1,18.7,261.0,9.4,11.7,51.0
2025-08-09T10:00,29.6,69,0.1,1006.4,16.2,255,45.3,18.5,226.0,7.2,12.1,56.0
2025-08-09T11:00,30.1,67,0.1,1006.5,16.3,245,46.2,18.3,199.0,5.4,12.1,61.0
2025-08-09T12:00,30.2,68,0.1,1006.2,17.9,240,49.2,19.2,194.0,4.2,11.6,66.0
2025-08-09T13:00,30.1,69,0.0,1005.8,18.2,238,47.7,19.0,199.0,3.4,10.9,70.0
2025-08-09T14:00,30.6,66,0.0,1005.2,18.0,241,45.9,18.3,208.0,3.2,10.3,71.0
2025-08-09T15:00,30.3,68,0.2,1004.6,18.6,235,50.4,19.3,225.0,4.0,10.1,67.0
2025-08-09T16:00,29.6,70,0.1,1004.2,17.8,244,44.4,17.5,247.0,5.4,10.2,60.0
2025-08-09T17:00,29.3,72,0.2,1003.8,18.5,246,48.8,19.7,262.0,8.6,11.0,49.0
2025-08-09T18:00,28.8,74,0.1,1004.4,15.2,247,49.8,20.3,265.0,10.9,11.5,45.0
2025-08-09T19:00,28.0,79,0.2,1004.6,14.2,244,44.2,19.7,262.0,14.1,12.2,41.0
2025-08-09T20:00,27.7,83,0.3,1004.8,14.4,247,40.3,19.1,256.0,16.4,12.5,37.0
2025-08-09T21:00,27.5,85,0.1,1005.2,14.4,252,36.0,18.4,251.0,17.1,12.1,36.0
2025-08-09T22:00,27.1,87,0.0,1005.9,13.3,254,34.7,18.0,244.0,16.8,11.2,35.0
2025-08-09T23:00,27.0,88,0.1,1006.0,13.5,258,33.3,17.4,229.0,15.8,10.3,36.0
2025-08-10T00:00,26.8,88,0.0,1005.9,12.5,258,32.6,16.8,199.0,13.8,9.4,38.0
2025-08-10T01:00,26.7,89,0.0,1005.4,12.3,262,31.7,16.2,161.0,11.1,8.5,40.0
2025-08-10T02:00,26.5,90,0.0,1004.9,13.2,260,30.9,15.5,134.0,8.9,7.8,42.0
2025-08-10T03:00,26.3,91,0.1,1004.8,13.6,262,30.2,15.0,121.0,7.5,7.3,43.0
2025-08-10T04:00,26.3,91,0.0,1004.8,13.7,259,29.7,14.7,117.0,6.7,7.0,44.0
2025-08-10T05:00,26.3,90,0.0,1004.9,13.4,264,33.3,15.2,131.0,6.6,7.4,44.0
2025-08-10T06:00,26.9,85,0.0,1004.3,13.1,261,32.6,15.7,178.0,8.1,8.5,43.0
2025-08-10T07:00,27.0,84,0.0,1004.7,14.1,266,36.2,17.4,241.0,10.2,9.9,42.0
2025-08-10T08:00,27.6,80,0.2,1005.0,16.7,264,41.2,18.8,278.0,10.9,11.1,44.0
2025-08-10T09:00,28.6,74,0.1,1005.3,15.7,259,44.8,19.4,262.0,9.1,11.8,52.0
2025-08-10T10:00,29.6,69,0.0,1005.3,17.1,255,48.5,20.5,220.0,6.1,12.2,62.0
2025-08-10T11:00,29.8,68,0.0,1005.2,17.5,255,53.4,22.1,190.0,3.8,12.3,70.0
2025-08-10T12:00,29.9,68,0.1,1004.8,16.6,252,53.8,22.5,189.0,3.0,12.0,73.0
2025-08-10T13:00,30.1,67,0.1,1004.3,16.7,244,54.0,22.6,200.0,3.0,11.5,74.0
2025-08-10T14:00,30.0,68,0.1,1003.7,17.5,238,53.8,22.6,214.0,3.4,11.0,72.0
2025-08-10T15:00,29.7,71,0.3,1003.2,18.7,236,51.5,21.8,229.0,4.0,10.8,68.0
2025-08-10T16:00,29.3,72,0.1,1002.6,18.4,235,51.3,21.3,246.0,5.0,10.7,61.0
2025-08-10T17:00,29.1,72,0.1,1002.3,18.2,238,51.8,21.0,260.0,7.2,11.5,54.0
2025-08-10T18:00,28.7,72,0.0,1003.2,15.9,244,48.2,20.6,271.0,9.6,11.7,49.0
2025-08-10T19:00,28.1,76,0.1,1003.4,16.2,246,48.2,21.0,279.0,12.9,12.0,43.0
2025-08-10T20:00,27.6,81,0.3,1003.7,15.2,237,48.3,21.8,279.0,15.3,12.0,38.0
2025-08-10T21:00,27.5,81,0.0,1004.2,15.0,240,45.2,21.3,268.0,16.1,11.5,36.0
2025-08-10T22:00,27.1,84,0.0,1004.7,14.6,248,45.1,21.3,249.0,15.9,10.6,36.0
2025-08-10T23:00,26.8,86,0.1,1005.1,13.6,255,43.2,20.8,226.0,14.9,9.7,37.0
2025-08-11T00:00,26.8,86,0.0,1005.1,13.5,257,42.4,20.0,196.0,12.7,8.7,39.0
2025-08-11T01:00,26.5,87,0.0,1004.7,13.8,257,39.5,18.6,162.0,9.7,7.7,42.0
2025-08-11T02:00,26.4,88,0.0,1004.1,13.4,259,37.4,17.2,137.0,7.3,6.9,44.0
2025-08-11T03:00,26.3,88,0.0,1003.7,13.6,259,35.9,16.2,123.0,6.1,6.4,45.0
2025-08-11T04:00,26.2,89,0.0,1003.7,14.5,262,35.2,15.6,117.0,5.6,6.1,44.0
2025-08-11T05:00,26.3,88,0.0,1003.8,13.9,266,36.2,15.6,131.0,5.3,6.4,45.0
2025-08-11T06:00,26.7,87,0.1,1003.6,16.0,261,38.0,16.1,182.0,7.0,7.4,44.0
2025-08-11T07:00,26.8,87,0.1,1004.2,16.1,265,43.2,17.8,251.0,9.3,8.8,42.0
2025-08-11T08:00,27.4,81,0.0,1004.4,17.5,261,48.4,19.0,293.0,10.4,9.9,42.0
2025-08-11T09:00,28.5,74,0.1,1004.6,18.4,255,52.9,19.5,278.0,9.1,10.6,47.0
2025-08-11T10:00,29.0,72,0.2,1004.7,19.4,251,54.1,19.7,235.0,6.7,11.0,53.0
2025-08-11T11:00,29.3,72,0.2,1004.7,20.2,250,54.8,20.0,203.0,4.8,11.1,58.0
2025-08-11T12:00,28.7,75,0.2,1004.5,20.8,249,55.6,20.3,197.0,4.1,10.8,59.0
2025-08-11T13:00,28.8,74,0.2,1004.1,21.0,249,54.4,20.3,201.0,4.0,10.2,59.0
2025-08-11T14:00,28.6,75,0.1,1003.3,21.4,249,52.6,20.0,212.0,4.3,9.8,57.0
2025-08-11T15:00,28.8,73,0.0,1002.6,20.5,249,52.2,20.3,230.0,4.9,9.7,55.0
2025-08-11T16:00,28.9,73,0.1,1002.0,20.9,242,49.6,19.6,253.0,6.0,9.9,51.0
2025-08-11T17:00,28.5,75,0.1,1001.9,18.5,242,59.6,22.6,274.0,7.5,10.6,49.0
2025-08-11T18:00,28.4,76,0.1,1002.2,18.2,237,56.7,22.6,294.0,10.9,10.6,44.0
2025-08-11T19:00,28.0,79,0.1,1002.3,17.7,233,54.2,22.5,311.0,15.5,10.6,37.0
2025-08-11T20:00,27.5,81,0.0,1002.8,15.8,240,46.1,21.7,314.0,18.2,10.4,33.0
2025-08-11T21:00,27.5,80,0.0,1003.1,16.2,243,43.1,20.7,292.0,17.5,10.0,33.0
2025-08-11T22:00,27.5,80,0.0,1003.8,14.5,245,41.9,20.0,255.0,14.8,9.4,36.0
2025-08-11T23:00,27.3,80,0.0,1003.8,16.6,247,40.2,19.4,219.0,12.2,8.7,39.0
2025-08-12T00:00,27.1,81,0.0,1003.5,17.5,251,37.8,18.6,187.0,9.9,7.9,41.0
2025-08-12T01:00,27.0,81,0.0,1002.9,16.2,255,37.5,18.1,156.0,7.5,7.0,43.0
2025-08-12T02:00,26.7,82,0.0,1002.4,17.3,261,35.9,17.3,134.0,5.8,6.3,44.0
2025-08-12T03:00,26.8,81,0.0,1002.0,16.9,263,34.6,16.4,123.0,4.9,6.0,44.0
2025-08-12T04:00,26.7,82,0.0,1001.7,18.0,263,41.8,18.7,121.0,4.6,5.9,44.0
2025-08-12T05:00,26.9,80,0.0,1001.7,18.0,262,34.6,15.7,133.0,5.0,6.1,44.0
2025-08-12T06:00,27.4,77,0.0,1001.8,17.8,262,33.5,15.1,171.0,6.4,6.9,43.0
2025-08-12T07:00,27.4,79,0.0,1002.4,18.3,260,35.2,15.8,224.0,8.2,8.0,42.0
2025-08-12T08:00,27.6,79,0.1,1002.5,22.0,262,36.4,16.1,255.0,9.1,9.0,43.0
2025-08-12T09:00,28.4,74,0.0,1002.6,20.1,263,38.3,16.4,245.0,8.0,9.6,47.0
2025-08-12T10:00,29.4,68,0.0,1002.9,21.1,258,40.9,17.3,213.0,6.0,10.1,52.0
2025-08-12T11:00,29.4,69,0.1,1002.7,21.6,255,41.1,17.5,191.0,4.4,10.3,56.0
2025-08-12T12:00,29.5,70,0.2,1002.3,21.1,248,38.8,17.1,188.0,3.7,10.2,59.0
2025-08-12T13:00,29.5,70,0.2,1001.7,20.9,246,37.3,16.9,194.0,3.4,9.8,61.0
2025-08-12T14:00,29.4,71,0.3,1000.9,21.6,241,36.6,16.9,206.0,3.6,9.6,61.0
2025-08-12T15:00,29.3,71,0.2,1000.4,20.3,239,36.2,17.2,226.0,4.4,9.6,59.0
2025-08-12T16:00,28.9,73,0.3,999.6,20.7,237,35.3,16.9,253.0,5.6,9.6,55.0
2025-08-12T17:00,28.5,75,0.1,999.4,19.2,235,41.9,19.7,277.0,7.2,10.0,52.0
2025-08-12T18:00,28.4,76,0.1,999.8,16.2,240,43.5,21.0,300.0,10.7,10.2,47.0
2025-08-12T19:00,28.1,78,0.1,999.9,15.7,231,44.7,21.7,321.0,15.4,10.5,39.0
2025-08-12T20:00,27.7,81,0.1,1000.2,15.8,236,44.1,23.3,331.0,18.5,10.7,34.0
2025-08-12T21:00,27.5,82,0.0,1001.1,13.7,238,45.1,24.0,327.0,18.8,10.7,33.0
2025-08-12T22:00,27.3,84,0.0,1001.6,12.7,243,48.5,25.4,312.0,17.5,10.5,34.0
2025-08-12T23:00,27.3,85,0.0,1001.4,13.5,245,51.3,26.7,287.0,15.7,10.1,36.0
2025-08-13T00:00,27.0,86,0.0,1001.3,13.5,245,49.8,25.9,242.0,13.2,9.2,38.0
2025-08-13T01:00,26.6,88,0.1,1000.7,13.9,249,49.2,25.7,187.0,10.2,8.1,41.0
2025-08-13T02:00,26.4,90,0.1,1000.2,13.3,249,42.4,22.4,147.0,7.9,7.3,43.0
2025-08-13T03:00,26.4,89,0.0,999.9,13.2,253,33.3,18.1,130.0,6.6,6.9,44.0
2025-08-13T04:00,26.6,86,0.0,999.6,11.8,258,31.7,16.8,130.0,6.1,6.8,43.0
2025-08-13T05:00,26.6,86,0.0,999.5,11.9,256,27.6,15.9,150.0,6.5,7.4,44.0
2025-08-13T06:00,27.1,85,0.0,999.4,10.8,252,30.6,16.5,212.0,8.4,8.9,43.0
2025-08-13T07:00,27.3,84,0.0,999.8,10.6,252,37.3,18.9,295.0,11.0,10.9,43.0
2025-08-13T08:00,28.1,78,0.0,999.8,13.1,255,42.7,20.5,344.0,12.3,12.6,44.0
2025-08-13T09:00,29.0,73,0.1,1000.2,14.0,252,55.4,24.9,326.0,11.0,13.5,49.0
2025-08-13T10:00,29.3,73,0.2,1000.4,14.5,240,51.8,23.1,275.0,8.4,14.0,57.0
2025-08-13T11:00,29.3,74,0.1,1000.2,14.9,233,52.3,22.8,236.0,6.3,14.1,63.0
2025-08-13T12:00,29.6,74,0.0,999.8,16.4,226,54.5,23.3,226.0,5.3,13.7,66.0
2025-08-13T13:00,29.7,73,0.2,999.5,17.6,224,54.6,23.1,229.0,4.9,12.9,68.0
2025-08-13T14:00,29.5,74,0.0,999.0,15.9,223,53.3,22.4,238.0,5.0,12.4,68.0
2025-08-13T15:00,29.8,72,0.1,998.1,16.0,219,51.6,21.5,252.0,5.7,12.4,66.0
2025-08-13T16:00,29.3,74,0.1,997.6,14.8,221,53.7,21.9,272.0,6.9,12.7,62.0
2025-08-13T17:00,29.1,76,0.1,997.6,14.5,214,52.4,22.2,295.0,9.9,14.4,55.0
2025-08-13T18:00,28.8,78,0.0,998.4,12.4,208,50.6,21.1,327.0,13.4,14.5,49.0
2025-08-13T19:00,28.1,82,0.1,998.6,12.0,202,50.4,20.7,362.0,18.3,14.6,40.0
2025-08-13T20:00,27.8,84,0.0,999.3,11.1,200,48.9,21.5,384.0,21.9,14.6,33.0
2025-08-13T21:00,27.7,84,0.0,999.8,10.8,204,49.7,22.1,383.0,23.1,14.3,30.0
2025-08-13T22:00,27.6,85,0.0,1000.3,8.8,199,48.3,21.8,369.0,23.1,13.9,29.0
2025-08-13T23:00,27.4,86,0.0,1000.5,7.0,206,46.0,21.3,359.0,22.6,13.3,29.0
2025-08-14T00:00,27.2,88,0.0,1000.5,4.8,207,43.9,20.9,366.0,21.4,12.4,29.0
2025-08-14T01:00,27.0,90,0.0,1000.0,3.8,221,41.6,20.2,377.0,19.6,11.3,29.0
2025-08-14T02:00,26.9,90,0.0,999.6,3.4,198,39.7,19.7,375.0,18.5,10.9,29.0
2025-08-14T03:00,26.7,90,0.0,999.7,4.3,180,39.8,19.9,334.0,18.9,11.4,27.0
2025-08-14T04:00,26.8,90,0.0,999.7,4.5,182,45.4,21.1,281.0,20.1,12.4,24.0
2025-08-14T05:00,26.7,90,0.0,1000.0,4.3,208,53.4,25.3,274.0,23.4,17.8,26.0
2025-08-14T06:00,27.2,90,0.0,1000.0,2.5,150,44.1,23.9,369.0,23.0,19.5,27.0
2025-08-14T07:00,27.3,90,0.0,1000.6,3.4,155,47.4,24.6,510.0,22.2,21.8,28.0
2025-08-14T08:00,28.0,86,0.1,1000.9,5.0,142,48.5,23.2,592.0,20.3,23.0,32.0
2025-08-14T09:00,29.1,79,0.0,1001.3,7.5,150,52.3,21.1,555.0,16.3,22.3,42.0
2025-08-14T10:00,29.9,74,0.0,1001.7,8.9,156,57.0,21.7,458.0,11.1,20.6,55.0
2025-08-14T11:00,30.4,72,0.0,1001.7,10.0,166,59.3,22.0,377.0,7.2,19.0,65.0
2025-08-14T12:00,30.6,70,0.0,1001.2,9.6,185,59.5,21.9,336.0,5.5,17.8,71.0
2025-08-14T13:00,30.6,70,0.0,1000.6,10.7,189,56.8,21.6,310.0,5.0,16.6,75.0
2025-08-14T14:00,30.6,69,0.0,999.9,13.7,184,56.5,21.4,303.0,5.2,15.8,75.0
2025-08-14T15:00,30.2,72,0.0,999.6,13.3,182,56.3,20.8,320.0,5.9,15.6,71.0
2025-08-14T16:00,29.8,75,0.0,999.0,13.1,180,55.4,20.0,354.0,7.3,15.6,63.0
2025-08-14T17:00,29.4,77,0.0,998.7,12.8,177,61.2,22.9,393.0,13.7,16.5,54.0
2025-08-14T18:00,29.0,78,0.0,999.5,6.8,182,58.7,21.7,445.0,18.4,16.4,45.0
2025-08-14T19:00,28.7,80,0.0,999.9,7.7,168,53.3,21.3,501.0,24.8,16.2,33.0
2025-08-14T20:00,28.3,84,0.0,1000.4,7.7,168,47.8,21.3,519.0,29.6,15.9,24.0
2025-08-14T21:00,27.9,87,0.0,1001.0,6.0,183,46.3,22.1,469.0,31.4,15.5,21.0
2025-08-14T22:00,27.8,88,0.0,1001.5,4.9,176,47.5,22.3,382.0,31.5,14.9,21.0
2025-08-14T23:00,27.7,89,0.0,1001.6,5.6,165,48.4,21.9,309.0,30.7,14.2,22.0
2025-08-15T00:00,27.6,89,0.0,1001.5,4.4,173,49.6,21.5,270.0,28.7,13.0,23.0
2025-08-15T01:00,27.6,89,0.0,1001.3,2.0,180,50.4,21.6,247.0,25.6,11.6,26.0
2025-08-15T02:00,27.5,90,0.0,1000.7,1.5,144,50.8,21.7,233.0,23.0,11.3,28.0
2025-08-15T03:00,27.4,90,0.0,1000.5,1.3,106,52.0,22.1,205.0,20.8,12.8,31.0
2025-08-15T04:00,27.4,90,0.0,1000.7,2.2,99,69.4,23.5,187.0,19.0,15.4,33.0
2025-08-15T05:00,27.4,90,0.0,1001.0,1.1,72,69.4,26.8,246.0,28.9,19.0,24.0
2025-08-15T06:00,27.2,93,0.2,1001.2,3.5,351,61.5,27.4,460.0,29.0,23.4,25.0
2025-08-15T07:00,27.4,92,0.0,1001.8,3.8,11,70.8,29.2,750.0,29.1,29.4,28.0
2025-08-15T08:00,28.3,84,0.0,1002.0,3.6,30,85.2,31.7,946.0,27.6,33.3,34.0
2025-08-15T09:00,29.5,73,0.1,1002.1,3.5,75,97.8,34.0,966.0,23.5,33.4,47.0
2025-08-15T10:00,30.6,66,0.0,1002.3,3.7,119,93.6,33.9,892.0,18.0,31.5,64.0
2025-08-15T11:00,31.4,62,0.0,1002.1,6.4,172,83.4,30.9,798.0,13.2,29.3,80.0
2025-08-15T12:00,32.0,60,0.0,1001.6,8.7,186,78.2,29.7,696.0,9.7,27.0,94.0
2025-08-15T13:00,32.4,59,0.0,1001.0,8.9,204,76.8,30.4,574.0,6.9,24.5,107.0
2025-08-15T14:00,32.7,58,0.0,999.8,11.5,209,76.1,30.9,476.0,5.5,22.6,114.0
2025-08-15T15:00,31.9,63,0.0,998.8,13.4,215,77.8,31.4,420.0,5.7,22.1,113.0
2025-08-15T16:00,31.5,63,0.0,998.2,13.2,217,79.9,31.7,388.0,7.2,22.2,107.0
2025-08-15T17:00,30.3,72,0.0,998.6,12.7,218,63.1,25.7,371.0,9.3,20.5,93.0
2025-08-15T18:00,30.2,71,0.0,999.2,9.7,242,64.0,25.5,374.0,14.6,19.1,75.0
2025-08-15T19:00,29.5,75,0.0,999.6,8.5,246,62.4,24.9,391.0,22.1,17.2,51.0
2025-08-15T20:00,29.0,79,0.0,1000.2,8.3,259,61.9,25.1,396.0,28.5,15.8,31.0
2025-08-15T21:00,28.8,80,0.0,1000.5,6.1,265,62.4,25.3,377.0,32.9,15.5,21.0
2025-08-15T22:00,28.6,82,0.0,1000.7,5.4,249,62.6,25.7,346.0,36.2,15.8,16.0
2025-08-15T23:00,28.3,84,0.0,1000.8,3.9,248,61.0,27.1,316.0,37.9,15.9,13.0
2025-08-16T00:00,28.1,85,0.0,1000.5,2.9,263,61.7,27.7,288.0,37.4,15.5,13.0
2025-08-16T01:00,27.8,87,0.0,1000.1,3.4,252,61.0,27.2,262.0,35.3,14.9,14.0
2025-08-16T02:00,27.6,88,0.0,999.5,3.8,278,59.6,26.0,241.0,33.1,14.6,16.0
2025-08-16T03:00,27.4,89,0.0,999.5,3.7,281,56.9,25.0,223.0,31.6,14.3,16.0
2025-08-16T04:00,27.2,91,0.0,999.7,4.1,257,55.8,24.3,212.0,30.0,14.2,15.0
2025-08-16T05:00,27.1,92,0.0,1000.0,5.1,293,55.1,24.6,224.0,29.0,16.9,16.0
2025-08-16T06:00,27.4,92,0.0,999.9,5.8,296,61.5,25.4,282.0,27.0,19.9,19.0
2025-08-16T07:00,27.6,91,0.0,1000.1,6.7,297,70.3,26.8,363.0,24.1,24.3,25.0
2025-08-16T08:00,28.6,83,0.0,1000.5,5.2,301,86.8,28.4,417.0,20.9,28.2,36.0
2025-08-16T09:00,29.3,77,0.0,1000.8,4.6,296,89.4,29.6,419.0,17.2,31.8,58.0
2025-08-16T10:00,30.2,72,0.0,1001.0,3.4,273,83.1,30.5,394.0,13.0,35.1,85.0
2025-08-16T11:00,31.7,65,0.0,1000.5,4.2,239,80.6,32.7,366.0,9.6,36.3,109.0
2025-08-16T12:00,32.9,61,0.0,999.7,9.1,212,76.4,33.1,336.0,6.9,33.9,127.0
2025-08-16T13:00,32.8,63,0.0,999.0,12.7,216,69.4,31.4,303.0,4.8,29.3,141.0
2025-08-16T14:00,32.3,62,0.0,998.1,14.6,213,65.2,30.4,288.0,4.2,25.4,146.0
2025-08-16T15:00,32.1,61,0.0,997.0,13.5,217,63.6,30.0,307.0,5.4,23.2,136.0
2025-08-16T16:00,31.6,64,0.0,997.0,12.9,220,61.9,28.8,345.0,8.0,21.7,117.0
2025-08-16T17:00,30.6,71,0.0,997.4,13.0,226,66.6,34.1,374.0,10.1,25.0,127.0
2025-08-16T18:00,30.6,71,0.0,997.8,10.1,235,60.3,30.0,387.0,15.0,22.2,100.0
2025-08-16T19:00,29.6,78,0.0,998.4,9.8,238,52.2,26.2,392.0,21.9,18.3,64.0
2025-08-16T20:00,29.2,80,0.0,999.0,8.6,248,49.9,24.2,384.0,27.5,15.3,35.0
2025-08-16T21:00,29.0,81,0.0,999.6,7.5,250,50.9,23.7,357.0,30.9,14.3,23.0
2025-08-16T22:00,28.7,83,0.0,999.9,7.4,252,52.7,24.1,316.0,32.9,14.2,19.0
2025-08-16T23:00,28.5,84,0.0,1000.1,7.3,259,51.3,24.9,276.0,33.2,14.2,18.0
2025-08-17T00:00,28.2,85,0.0,999.9,7.9,283,50.6,24.4,235.0,30.8,13.8,19.0
2025-08-17T01:00,28.0,86,0.0,999.7,7.8,292,48.8,23.0,195.0,26.6,13.4,22.0
2025-08-17T02:00,27.8,88,0.0,999.1,9.3,299,46.9,21.5,168.0,22.8,13.1,25.0
2025-08-17T03:00,27.7,88,0.0,999.0,9.9,305,45.2,20.4,153.0,20.1,12.9,26.0
2025-08-17T04:00,27.6,88,0.0,999.2,8.9,310,43.4,19.5,152.0,17.9,13.0,27.0
2025-08-17T05:00,27.5,89,0.0,999.3,8.3,309,39.1,18.5,184.0,18.1,13.5,25.0
2025-08-17T06:00,27.6,91,0.0,998.5,7.5,297,40.9,18.2,285.0,17.5,15.1,27.0
2025-08-17T07:00,27.7,89,0.0,998.6,6.2,280,47.5,19.4,420.0,16.5,17.5,31.0
2025-08-17T08:00,28.8,82,0.0,999.0,4.6,279,51.9,20.7,503.0,15.1,19.7,40.0
2025-08-17T09:00,30.3,73,0.0,999.6,4.5,254,51.6,21.8,484.0,12.8,21.8,60.0
2025-08-17T10:00,31.5,66,0.0,999.8,5.8,234,51.6,23.5,413.0,9.9,23.8,86.0
2025-08-17T11:00,31.9,67,0.0,999.3,8.7,233,54.4,25.8,355.0,7.6,25.0,108.0
2025-08-17T12:00,32.7,64,0.0,998.8,9.7,225,56.5,28.0,332.0,6.0,25.2,127.0
2025-08-17T13:00,33.1,63,0.0,998.5,11.6,217,55.4,28.5,321.0,4.9,24.6,142.0
2025-08-17T14:00,32.3,65,0.0,997.6,13.1,232,54.7,28.8,320.0,4.8,23.6,147.0
2025-08-17T15:00,32.1,65,0.0,997.0,10.2,236,53.1,28.2,333.0,5.9,22.0,136.0
2025-08-17T16:00,32.6,64,0.0,996.9,10.9,239,48.9,26.1,356.0,8.1,20.1,114.0
2025-08-17T17:00,32.0,67,0.0,996.8,11.9,247,45.5,26.5,375.0,12.0,21.8,111.0
2025-08-17T18:00,31.7,68,0.0,997.2,11.2,260,41.0,23.2,385.0,16.9,20.2,87.0
2025-08-17T19:00,30.8,71,0.0,998.1,9.4,263,38.8,21.5,391.0,23.7,18.0,53.0
2025-08-17T20:00,30.3,72,0.0,998.6,7.7,279,39.2,21.1,392.0,29.0,16.4,28.0
2025-08-17T21:00,30.0,73,0.0,999.1,7.1,277,39.8,21.2,393.0,31.2,16.1,19.0
2025-08-17T22:00,29.5,77,0.0,1000.0,6.3,275,40.4,21.4,390.0,31.8,16.4,17.0
2025-08-17T23:00,29.2,80,0.0,1000.6,7.9,297,40.4,21.8,371.0,32.2,16.6,17.0
2025-08-18T00:00,28.9,83,0.0,1000.6,7.6,313,40.4,22.1,320.0,33.2,16.3,15.0
2025-08-18T01:00,28.6,86,0.0,999.9,8.4,310,38.5,23.2,253.0,34.0,15.8,13.0
2025-08-18T02:00,28.3,88,0.0,999.4,7.7,298,38.0,22.6,202.0,33.5,15.4,13.0
2025-08-18T03:00,28.1,89,0.0,999.1,8.0,301,37.4,21.3,168.0,30.6,15.0,15.0
2025-08-18T04:00,27.9,91,0.0,999.1,8.5,312,36.9,20.3,149.0,26.5,14.7,18.0
2025-08-18T05:00,27.8,91,0.0,999.5,8.4,307,36.0,18.8,178.0,21.5,13.1,25.0
2025-08-18T06:00,28.2,93,0.0,999.5,6.5,314,39.3,21.1,295.0,22.9,15.0,23.0
2025-08-18T07:00,28.5,90,0.0,999.5,6.7,329,43.4,23.7,460.0,24.6,17.8,21.0
2025-08-18T08:00,29.8,82,0.0,999.9,6.0,331,47.0,25.0,578.0,24.5,20.9,31.0
2025-08-18T09:00,32.0,69,0.0,1000.3,5.7,342,49.8,27.2,603.0,21.0,25.2,65.0
2025-08-18T10:00,34.3,59,0.0,1000.6,2.3,331,45.4,27.1,582.0,15.6,29.9,110.0
2025-08-18T11:00,35.4,54,0.0,1000.3,3.6,180,39.5,27.8,563.0,11.1,31.8,146.0
2025-08-18T12:00,35.4,55,0.0,999.7,7.9,180,38.9,29.6,564.0,8.0,28.4,164.0
2025-08-18T13:00,34.0,67,4.2,999.4,12.7,230,36.2,28.9,566.0,5.7,22.2,173.0
2025-08-18T14:00,31.9,75,3.2,998.8,4.9,274,33.4,27.6,562.0,5.0,17.7,172.0
2025-08-18T15:00,33.7,66,0.0,997.5,6.1,227,34.3,28.3,533.0,6.3,16.9,160.0
2025-08-18T16:00,32.3,72,0.0,997.4,10.6,231,37.4,28.5,498.0,9.2,17.7,139.0
2025-08-18T17:00,31.9,71,0.0,997.6,11.7,239,38.0,28.2,503.0,13.0,16.7,109.0
2025-08-18T18:00,31.6,71,0.0,998.8,9.6,233,40.7,27.9,605.0,18.9,18.2,91.0
2025-08-18T19:00,30.4,78,0.0,999.8,9.3,246,43.8,28.6,747.0,27.1,20.3,67.0
2025-08-18T20:00,29.8,82,0.0,1000.8,8.3,297,44.4,28.0,805.0,32.6,21.4,48.0
2025-08-18T21:00,28.4,86,0.0,1001.7,11.5,321,43.9,27.1,698.0,33.4,20.9,39.0
2025-08-18T22:00,28.2,88,0.0,1001.8,6.6,323,41.6,25.0,508.0,31.6,19.6,36.0
2025-08-18T23:00,28.1,89,0.0,1001.9,8.3,304,39.8,24.2,351.0,29.1,18.0,35.0
2025-08-19T00:00,27.9,89,0.0,1001.3,6.8,348,37.4,22.9,275.0,26.2,16.1,35.0
2025-08-19T01:00,27.9,89,0.0,1000.5,4.8,315,34.6,21.6,234.0,22.6,14.0,37.0
2025-08-19T02:00,27.6,89,0.0,999.9,7.1,304,32.9,20.8,204.0,19.6,12.4,39.0
2025-08-19T03:00,27.6,88,0.0,999.7,4.1,319,31.3,20.0,161.0,17.2,11.5,40.0
2025-08-19T04:00,27.7,88,0.0,1000.0,3.8,253,29.3,19.0,129.0,15.3,11.1,42.0
2025-08-19T05:00,27.0,92,4.5,1000.6,4.7,254,25.4,19.7,163.0,11.3,11.2,58.0
2025-08-19T06:00,27.7,93,0.8,999.3,7.8,7,27.6,21.2,337.0,15.9,12.7,53.0
2025-08-19T07:00,26.8,94,9.4,1001.3,10.4,228,31.2,24.6,577.0,22.1,15.0,47.0
2025-08-19T08:00,27.0,97,3.7,1000.7,7.1,297,35.2,26.0,712.0,25.2,17.6,51.0
2025-08-19T09:00,27.9,92,0.6,1001.7,5.0,235,43.2,26.9,633.0,22.0,21.0,77.0
2025-08-19T10:00,28.7,87,0.5,1002.0,10.2,279,60.3,29.6,450.0,15.6,24.8,114.0
2025-08-19T11:00,29.5,83,0.5,1001.5,7.6,295,63.6,30.5,317.0,11.2,27.0,139.0
2025-08-19T12:00,30.9,76,0.2,1000.6,8.6,327,66.1,32.2,298.0,10.4,26.6,143.0
2025-08-19T13:00,31.3,73,0.1,999.9,7.9,330,73.3,35.9,330.0,11.4,24.7,136.0
2025-08-19T14:00,32.2,70,0.0,998.8,4.9,332,55.8,31.1,381.0,14.1,22.7,123.0
2025-08-19T15:00,32.1,69,1.4,998.1,10.6,296,47.5,27.3,457.0,18.9,21.1,102.0
2025-08-19T16:00,31.3,74,0.0,997.7,8.5,322,41.3,26.1,552.0,25.5,19.4,76.0
2025-08-19T17:00,30.9,77,0.0,998.0,6.7,284,58.8,36.8,617.0,45.0,19.7,48.0
2025-08-19T18:00,28.1,88,0.4,998.9,7.1,223,59.4,37.6,632.0,48.9,19.9,41.0
2025-08-19T19:00,27.9,89,0.2,999.3,6.8,245,56.9,37.4,617.0,53.9,20.1,32.0
2025-08-19T20:00,27.7,91,0.0,999.3,6.9,285,53.1,35.5,582.0,55.9,19.9,26.0
2025-08-19T21:00,27.6,92,0.0,999.6,7.1,297,46.6,32.0,524.0,52.0,18.8,26.0
2025-08-19T22:00,27.6,92,0.0,1000.0,7.0,320,42.3,29.2,446.0,44.9,17.3,28.0
2025-08-19T23:00,27.5,91,0.0,999.6,8.8,316,40.5,28.3,371.0,38.7,15.9,30.0
2025-08-20T00:00,27.5,90,0.0,999.3,9.6,310,40.0,27.6,300.0,35.1,14.9,29.0
2025-08-20T01:00,27.4,92,0.0,998.6,10.6,310,40.4,27.5,232.0,32.4,14.1,28.0
2025-08-20T02:00,27.3,94,0.0,998.2,10.3,295,39.1,27.0,188.0,29.4,13.4,30.0
2025-08-20T03:00,26.6,97,7.0,998.5,9.7,305,37.1,26.0,171.0,25.0,12.9,38.0
2025-08-20T04:00,26.7,98,1.0,998.4,5.7,347,32.2,24.6,177.0,20.3,12.6,49.0
2025-08-20T05:00,26.3,97,6.0,999.2,4.8,326,29.5,21.5,222.0,18.8,10.9,36.0
2025-08-20T06:00,27.0,95,0.1,998.6,9.7,304,29.6,22.8,336.0,19.1,12.0,47.0
2025-08-20T07:00,27.1,94,0.8,999.0,6.6,327,30.7,26.3,488.0,19.3,13.6,64.0
2025-08-20T08:00,27.6,93,0.0,998.8,6.2,339,28.9,25.3,596.0,18.3,14.7,84.0
2025-08-20T09:00,29.0,89,0.0,998.9,2.8,320,28.5,24.0,619.0,14.8,15.3,110.0
2025-08-20T10:00,30.8,81,0.0,998.6,2.2,284,33.6,26.7,599.0,10.1,15.5,139.0
2025-08-20T11:00,33.0,71,2.1,998.5,0.6,198,39.3,30.4,578.0,6.4,14.9,159.0
2025-08-20T12:00,30.8,81,9.2,998.4,10.6,201,40.2,31.1,547.0,4.6,12.9,162.0
2025-08-20T13:00,29.5,85,0.0,997.7,12.2,279,36.2,28.3,515.0,3.8,10.1,155.0
2025-08-20T14:00,29.9,83,0.1,997.0,2.2,325,31.8,25.6,549.0,4.1,8.5,147.0
2025-08-20T15:00,30.4,81,0.2,997.1,3.9,317,30.0,25.0,629.0,3.7,9.0,144.0
2025-08-20T16:00,30.8,79,0.0,996.7,4.1,2,29.2,25.0,774.0,4.3,10.7,141.0
2025-08-20T17:00,30.6,80,0.0,997.1,3.1,50,30.2,25.2,1113.0,9.6,10.8,122.0
2025-08-20T18:00,29.4,82,0.0,997.4,10.7,275,36.7,33.3,1838.0,21.3,12.1,105.0
2025-08-20T19:00,28.9,85,0.0,998.0,7.4,283,39.9,36.8,2756.0,37.4,13.9,82.0
2025-08-20T20:00,28.4,87,0.0,998.6,6.5,302,40.7,37.3,3416.0,49.9,15.8,63.0
2025-08-20T21:00,28.1,88,0.0,999.1,5.1,315,42.6,38.4,3645.0,55.5,17.9,54.0
2025-08-20T22:00,27.9,88,0.1,999.4,5.7,328,44.7,40.7,3616.0,57.4,20.1,50.0
2025-08-20T23:00,27.9,89,0.2,999.9,1.7,32,46.3,42.3,3398.0,57.4,21.8,48.0
2025-08-21T00:00,27.4,92,0.2,999.3,0.8,225,47.3,42.6,2924.0,56.0,23.0,46.0
2025-08-21T01:00,27.4,91,0.0,999.3,1.9,236,47.1,42.1,2260.0,52.6,23.7,46.0
2025-08-21T02:00,26.3,97,12.8,999.9,8.4,215,45.8,40.7,1674.0,46.9,23.2,49.0
2025-08-21T03:00,26.4,95,0.0,998.9,7.6,14,42.5,37.0,1223.0,35.7,20.2,60.0
2025-08-21T04:00,26.5,96,0.0,999.5,4.5,299,43.5,31.5,850.0,22.3,16.0,75.0
2025-08-21T05:00,26.5,95,0.0,999.1,8.4,345,22.6,18.3,647.0,18.1,16.3,59.0
2025-08-21T06:00,26.6,97,0.0,1000.0,5.6,291,22.8,19.3,735.0,21.8,17.7,55.0
2025-08-21T07:00,26.9,96,0.0,1000.7,5.7,307,26.3,23.2,995.0,26.6,19.6,51.0
2025-08-21T08:00,27.9,92,0.0,1001.1,4.4,330,33.1,27.8,1159.0,28.3,20.3,52.0
2025-08-21T09:00,29.6,82,0.0,1001.5,2.0,297,45.3,28.3,1104.0,23.7,18.7,66.0
2025-08-21T10:00,30.9,77,0.0,1001.7,0.9,259,54.5,25.6,953.0,15.9,15.8,86.0
2025-08-21T11:00,31.6,75,0.1,1001.6,4.0,170,43.7,20.9,813.0,10.0,13.5,99.0
2025-08-21T12:00,31.4,77,0.5,1001.1,5.8,200,25.8,16.0,678.0,7.6,12.1,100.0
2025-08-21T13:00,31.2,74,6.2,1000.3,11.3,211,13.5,11.1,553.0,7.1,11.2,94.0
2025-08-21T14:00,27.9,88,16.5,1000.3,7.1,251,9.0,8.6,565.0,8.9,11.3,86.0
2025-08-21T15:00,27.6,89,0.2,999.8,1.8,276,8.1,7.9,798.0,14.2,13.1,76.0
2025-08-21T16:00,27.9,88,0.8,999.7,2.7,356,9.4,9.1,1167.0,21.9,15.8,65.0
2025-08-21T17:00,28.1,88,0.8,1000.1,2.4,9,19.3,18.7,1543.0,37.5,17.0,44.0
2025-08-21T18:00,28.3,90,0.4,1000.1,6.8,243,25.8,25.3,1960.0,44.0,19.3,34.0
2025-08-21T19:00,28.0,93,0.3,1001.0,4.5,241,27.6,27.2,2383.0,52.9,22.5,20.0
2025-08-21T20:00,27.8,94,0.6,1001.6,3.4,276,30.0,29.7,2585.0,59.6,25.0,10.0
2025-08-21T21:00,27.7,97,0.5,1001.9,2.5,240,33.1,32.5,2430.0,61.6,26.4,7.0
2025-08-21T22:00,27.5,97,0.1,1002.0,4.5,227,38.2,37.0,2053.0,61.4,27.1,9.0
2025-08-21T23:00,27.5,96,0.2,1001.9,6.0,221,39.2,37.7,1628.0,61.5,27.2,10.0
2025-08-22T00:00,27.4,97,0.0,1001.8,6.8,245,41.7,39.6,1146.0,63.8,26.3,9.0
2025-08-22T01:00,27.3,97,0.0,1001.7,8.1,246,38.4,35.9,615.0,66.4,24.8,8.0
2025-08-22T02:00,26.7,98,0.7,1001.1,11.2,248,33.3,30.7,235.0,65.8,23.2,10.0
2025-08-22T03:00,26.8,95,0.4,1001.0,12.1,247,30.0,27.5,110.0,59.3,21.5,17.0
2025-08-22T04:00,26.8,94,0.0,1001.0,11.1,254,27.9,25.2,134.0,49.6,19.9,26.0
2025-08-22T05:00,26.8,94,0.0,1001.0,10.8,259,37.3,32.4,192.0,42.1,23.5,46.0
2025-08-22T06:00,26.8,95,0.0,1000.8,8.9,263,39.8,33.3,269.0,38.5,23.5,55.0
2025-08-22T07:00,27.2,94,0.0,1001.4,9.4,269,42.7,34.8,380.0,33.2,23.4,69.0
2025-08-22T08:00,27.7,91,0.1,1001.8,9.5,272,41.7,32.0,447.0,27.3,23.0,83.0
2025-08-22T09:00,28.7,84,0.1,1002.2,9.6,265,35.9,26.8,426.0,20.3,22.2,98.0
2025-08-22T10:00,29.5,79,0.0,1002.0,10.5,257,33.4,24.2,362.0,12.6,21.0,113.0
2025-08-22T11:00,29.8,76,0.0,1001.9,12.0,246,33.6,24.0,313.0,6.9,19.6,123.0
2025-08-22T12:00,29.6,80,0.1,1001.4,13.3,235,32.7,23.3,304.0,4.5,17.7,126.0
2025-08-22T13:00,29.3,82,0.0,1000.7,14.8,231,31.8,22.1,309.0,4.0,15.6,124.0
2025-08-22T14:00,28.9,84,0.0,999.8,15.4,232,30.2,20.5,316.0,4.4,13.9,118.0
2025-08-22T15:00,28.8,83,0.0,999.2,16.1,233,29.3,20.0,316.0,5.4,13.0,108.0
2025-08-22T16:00,28.7,83,0.0,998.7,16.0,239,26.5,18.1,317.0,7.3,12.5,94.0
2025-08-22T17:00,28.8,82,0.0,998.6,16.8,242,26.3,16.8,325.0,8.5,12.4,81.0
2025-08-22T18:00,28.9,81,0.0,999.1,16.6,243,25.0,16.2,354.0,12.7,12.2,70.0
2025-08-22T19:00,28.2,86,0.0,999.2,14.5,242,23.7,16.1,391.0,18.4,11.9,55.0
2025-08-22T20:00,28.0,87,0.0,1000.0,14.5,240,25.1,17.5,404.0,22.0,11.4,45.0
2025-08-22T21:00,28.0,87,0.0,1000.4,14.1,240,26.5,18.0,373.0,21.5,10.8,44.0
2025-08-22T22:00,27.9,88,0.0,1000.6,13.4,238,28.6,18.9,318.0,18.9,10.1,47.0
2025-08-22T23:00,27.7,88,0.0,1000.6,14.3,245,32.5,20.5,266.0,16.0,9.3,50.0
2025-08-23T00:00,27.5,89,0.0,1000.5,15.7,254,35.7,21.7,225.0,13.1,8.2,52.0
2025-08-23T01:00,27.3,91,0.1,1000.1,15.8,259,38.2,22.2,188.0,9.8,7.1,55.0
2025-08-23T02:00,27.2,91,0.1,999.7,15.6,259,40.4,22.2,162.0,7.4,6.3,57.0
2025-08-23T03:00,27.0,92,0.1,999.4,16.8,260,42.5,22.4,147.0,6.1,6.1,57.0
2025-08-23T04:00,26.9,92,0.1,999.3,15.2,259,45.3,22.9,143.0,5.5,6.3,57.0
2025-08-23T05:00,27.0,91,0.0,999.5,15.2,263,48.0,23.8,159.0,5.3,6.7,58.0
2025-08-23T06:00,27.3,92,0.0,999.2,17.0,266,46.3,24.0,214.0,7.7,7.6,56.0
2025-08-23T07:00,27.5,90,0.1,999.4,16.9,272,47.6,25.6,288.0,11.0,8.9,54.0
2025-08-23T08:00,28.1,87,0.1,999.6,19.4,269,52.3,27.2,332.0,12.6,10.0,55.0
2025-08-23T09:00,29.0,81,0.0,1000.1,19.3,270,53.7,27.6,314.0,11.0,10.9,62.0
2025-08-23T10:00,29.4,77,0.1,1000.4,18.8,265,55.3,28.1,265.0,7.8,11.7,72.0
2025-08-23T11:00,29.5,78,0.1,1000.3,18.7,254,58.3,29.3,229.0,5.3,12.1,79.0
2025-08-23T12:00,29.6,78,0.0,1000.0,19.0,247,59.5,29.5,223.0,4.3,11.7,81.0
2025-08-23T13:00,29.9,77,0.0,999.3,18.2,244,57.7,28.5,231.0,4.0,10.9,80.0
2025-08-23T14:00,29.5,77,0.3,998.8,20.5,241,53.7,26.6,242.0,4.3,10.2,77.0
2025-08-23T15:00,29.4,78,0.2,998.2,20.0,241,48.5,24.2,255.0,4.9,10.0,72.0
2025-08-23T16:00,29.2,79,0.2,997.8,21.1,238,48.3,23.5,271.0,6.1,10.0,65.0
2025-08-23T17:00,28.7,81,0.1,997.9,19.7,240,59.8,28.6,291.0,8.0,11.2,63.0
2025-08-23T18:00,28.5,84,0.0,998.2,16.3,241,50.2,23.7,322.0,13.2,11.3,54.0
2025-08-23T19:00,28.3,84,0.0,998.1,14.4,244,52.0,24.6,356.0,20.3,11.5,41.0
2025-08-23T20:00,28.1,86,0.0,998.6,15.1,237,59.6,26.9,368.0,24.5,11.3,33.0
2025-08-23T21:00,27.9,88,0.0,999.5,15.9,243,61.5,27.0,341.0,23.2,10.5,33.0
2025-08-23T22:00,27.7,90,0.0,1000.6,14.8,246,55.8,24.6,291.0,19.1,9.4,37.0
2025-08-23T23:00,27.5,90,0.0,1000.5,15.4,251,48.2,21.6,245.0,15.1,8.4,41.0
2025-08-24T00:00,27.4,91,0.0,1000.2,15.3,255,42.7,19.4,208.0,12.0,7.5,43.0
2025-08-24T01:00,27.2,92,0.0,999.8,15.2,249,39.5,18.0,174.0,9.1,6.7,46.0
2025-08-24T02:00,27.1,92,0.0,999.2,15.6,253,39.3,17.5,151.0,7.0,6.1,47.0
2025-08-24T03:00,26.9,92,0.1,999.2,15.2,256,40.4,17.4,137.0,5.9,5.8,48.0
2025-08-24T04:00,26.9,93,0.1,999.2,14.9,259,41.4,17.5,134.0,5.6,5.8,47.0
2025-08-24T05:00,27.0,93,0.1,999.4,14.2,261,41.4,18.1,151.0,6.5,6.5,47.0
2025-08-24T06:00,27.3,94,0.0,999.4,11.4,274,43.9,18.9,210.0,9.1,7.6,45.0
2025-08-24T07:00,27.5,93,0.0,999.6,10.1,270,46.6,20.9,290.0,12.5,9.1,44.0
2025-08-24T08:00,28.0,89,0.1,1000.0,13.3,254,55.6,23.1,337.0,14.1,10.5,45.0
2025-08-24T09:00,28.8,84,0.1,1000.6,16.1,254,61.0,24.4,317.0,12.2,11.7,53.0
2025-08-24T10:00,29.6,79,0.1,1001.2,17.1,249,67.3,26.6,264.0,8.4,12.8,64.0
2025-08-24T11:00,29.9,78,0.1,1001.3,18.3,245,68.2,25.9,223.0,5.5,13.4,73.0
2025-08-24T12:00,30.1,76,0.2,1001.1,19.2,241,69.4,26.0,213.0,4.4,13.1,77.0
2025-08-24T13:00,30.0,77,0.4,1000.7,21.1,240,70.8,25.6,215.0,4.1,12.2,79.0
2025-08-24T14:00,29.5,80,0.1,1000.0,22.6,241,68.7,24.0,221.0,4.4,11.4,78.0
2025-08-24T15:00,29.3,81,0.1,999.3,21.9,243,68.5,22.8,225.0,4.9,10.9,74.0
2025-08-24T16:00,29.1,80,0.1,999.1,20.5,242,71.2,22.9,233.0,5.9,10.6,67.0
2025-08-24T17:00,28.7,82,0.2,998.9,19.6,243,97.1,30.3,253.0,8.8,10.2,57.0
2025-08-24T18:00,28.4,86,0.0,999.1,16.1,237,73.3,25.2,300.0,13.8,10.4,49.0
2025-08-24T19:00,27.8,90,0.1,999.8,13.5,232,58.4,24.0,359.0,20.6,10.8,38.0
2025-08-24T20:00,27.7,90,0.0,1000.4,14.6,232,48.4,23.1,391.0,24.7,10.8,31.0
2025-08-24T21:00,27.5,90,0.1,1001.0,15.4,225,43.2,21.5,377.0,23.7,10.4,31.0
2025-08-24T22:00,27.5,90,0.0,1001.8,14.2,235,40.4,19.9,336.0,20.1,9.7,35.0
2025-08-24T23:00,27.4,90,0.1,1001.9,13.5,245,39.2,18.2,292.0,16.5,9.0,39.0
2025-08-25T00:00,27.3,90,0.0,1002.3,12.4,251,38.5,16.9,246.0,13.6,8.1,41.0
2025-08-25T01:00,27.1,91,0.0,1001.3,12.6,246,38.8,16.1,197.0,10.8,7.1,43.0
2025-08-25T02:00,27.0,92,0.0,1000.9,12.2,250,40.2,15.8,162.0,8.8,6.5,44.0
2025-08-25T03:00,26.8,93,0.0,1000.6,12.4,260,42.3,15.8,145.0,7.8,6.4,44.0
2025-08-25T04:00,26.7,93,0.0,1000.3,10.7,263,44.1,15.8,143.0,7.6,6.7,43.0
2025-08-25T05:00,26.5,93,0.0,1000.5,10.0,263,47.4,16.4,164.0,8.5,7.3,43.0
2025-08-25T06:00,27.5,93,0.0,1000.7,9.4,232,52.3,17.5,230.0,11.3,8.8,41.0
2025-08-25T07:00,27.5,93,0.0,1000.8,11.0,235,58.8,20.4,319.0,15.0,10.9,40.0
2025-08-25T08:00,27.9,90,0.1,1001.3,13.2,242,76.8,23.1,371.0,16.9,13.0,41.0
2025-08-25T09:00,28.8,85,0.1,1001.8,12.3,245,94.1,25.7,349.0,15.2,15.1,49.0
2025-08-25T10:00,29.5,81,0.2,1002.1,13.2,244,98.5,28.0,290.0,11.6,17.2,60.0
2025-08-25T11:00,29.9,79,0.1,1002.0,15.1,242,98.0,29.0,245.0,8.7,18.5,68.0
2025-08-25T12:00,29.8,80,0.1,1001.7,15.4,237,90.6,28.1,236.0,7.3,18.5,72.0
2025-08-25T13:00,29.7,81,0.1,1001.2,15.4,234,85.7,27.9,241.0,6.6,17.6,74.0
2025-08-25T14:00,29.8,81,0.0,1000.6,15.1,231,77.5,26.4,250.0,6.6,16.8,73.0
2025-08-25T15:00,29.7,81,0.0,999.7,14.7,233,72.4,25.4,254.0,6.9,16.2,69.0
2025-08-25T16:00,29.4,81,0.0,999.1,15.0,233,70.1,24.4,262.0,7.8,15.6,61.0
2025-08-25T17:00,28.9,83,0.0,998.9,14.0,240,69.2,24.0,288.0,9.0,15.1,61.0
2025-08-25T18:00,28.8,84,0.0,999.6,11.4,231,66.1,22.7,353.0,14.8,14.9,50.0
2025-08-25T19:00,28.2,87,0.0,1000.2,10.5,233,62.2,22.2,437.0,22.9,14.7,36.0
2025-08-25T20:00,27.8,88,0.0,1000.9,11.2,242,60.1,23.5,494.0,28.7,14.3,25.0
2025-08-25T21:00,27.6,88,0.0,1001.2,9.7,223,58.9,23.9,509.0,30.5,13.9,22.0
2025-08-25T22:00,27.5,89,0.0,1001.9,8.8,226,59.3,24.0,496.0,30.0,13.3,22.0
2025-08-25T23:00,27.2,90,0.0,1001.7,12.0,253,59.4,23.9,458.0,28.7,12.6,23.0
2025-08-26T00:00,27.0,90,0.0,1001.3,11.7,255,61.5,24.0,375.0,26.7,11.6,24.0
2025-08-26T01:00,26.8,92,0.0,1001.2,6.0,277,59.5,23.4,267.0,23.7,10.4,26.0
2025-08-26T02:00,26.6,93,0.0,1000.8,4.9,260,57.3,22.4,186.0,20.8,9.5,28.0
2025-08-26T03:00,26.4,94,0.0,1000.6,7.8,248,57.0,21.3,152.0,17.6,8.7,30.0
2025-08-26T04:00,26.4,94,0.0,1000.9,8.6,254,58.3,20.5,146.0,14.3,8.1,33.0
2025-08-26T05:00,26.3,94,0.0,1001.1,8.3,257,57.0,19.5,166.0,12.4,8.5,36.0
2025-08-26T06:00,27.1,92,0.0,1001.6,7.5,259,62.4,19.7,233.0,13.6,10.2,36.0
2025-08-26T07:00,27.4,91,0.0,1002.0,7.7,252,69.2,21.4,327.0,15.0,12.7,36.0
2025-08-26T08:00,28.2,84,0.0,1002.4,7.6,242,78.0,23.1,385.0,15.3,15.0,39.0
2025-08-26T09:00,29.0,80,0.0,1002.8,7.7,234,90.6,25.1,371.0,13.2,17.2,49.0
2025-08-26T10:00,29.7,76,0.0,1003.3,8.3,221,121.1,32.5,322.0,10.0,19.3,63.0
2025-08-26T11:00,29.9,75,0.1,1003.5,10.3,205,105.0,29.2,281.0,7.3,20.2,74.0
2025-08-26T12:00,29.5,78,0.0,1003.4,11.9,200,107.6,30.2,264.0,5.9,19.1,79.0
2025-08-26T13:00,29.6,77,0.0,1002.7,12.1,201,106.9,30.0,256.0,5.0,16.8,80.0
2025-08-26T14:00,30.0,75,0.0,1002.1,12.8,206,100.4,28.0,255.0,4.9,14.9,78.0
2025-08-26T15:00,29.8,75,0.0,1001.0,13.2,211,101.0,27.6,252.0,5.1,14.2,73.0
2025-08-26T16:00,29.4,77,0.0,1000.4,11.8,216,96.6,26.3,257.0,5.9,13.9,66.0
2025-08-26T17:00,29.3,77,0.0,1000.5,11.1,222,109.0,30.4,300.0,8.3,14.8,63.0
2025-08-26T18:00,28.5,82,0.0,1001.3,9.5,226,103.6,28.5,429.0,14.3,14.5,51.0
2025-08-26T19:00,28.0,87,0.0,1001.7,8.3,224,90.1,28.1,595.0,22.7,14.0,35.0
2025-08-26T20:00,27.7,88,0.0,1002.3,9.5,237,89.6,29.9,685.0,29.1,13.7,23.0
2025-08-26T21:00,27.4,90,0.0,1002.7,8.7,232,91.3,31.5,632.0,32.3,13.8,18.0
2025-08-26T22:00,27.2,91,0.0,1003.2,8.9,238,90.8,32.9,503.0,33.5,14.0,18.0
2025-08-26T23:00,26.9,93,0.0,1003.1,8.9,238,88.2,32.9,384.0,32.5,13.7,19.0
2025-08-27T00:00,26.7,94,0.0,1002.7,10.3,243,83.4,31.2,302.0,28.0,12.5,23.0
2025-08-27T01:00,26.7,94,0.0,1002.3,10.4,249,76.4,28.8,231.0,21.3,10.8,30.0
2025-08-27T02:00,26.5,95,0.0,1001.9,9.9,265,69.8,26.7,179.0,15.8,9.4,35.0
2025-08-27T03:00,26.3,95,0.0,1001.8,9.4,278,63.6,24.7,145.0,12.7,8.5,37.0
2025-08-27T04:00,26.2,95,0.0,1001.6,10.0,279,58.2,23.1,131.0,10.8,7.9,38.0
2025-08-27T05:00,26.2,95,0.0,1001.5,11.0,285,57.3,23.0,149.0,10.0,7.9,39.0
2025-08-27T06:00,26.9,93,0.0,1001.7,9.7,289,54.6,22.5,230.0,11.7,9.2,38.0
2025-08-27T07:00,27.0,90,0.0,1002.1,8.5,270,63.3,24.2,344.0,13.8,11.1,38.0
2025-08-27T08:00,27.9,84,0.0,1002.7,10.1,267,72.6,25.7,410.0,14.5,12.9,41.0
2025-08-27T09:00,29.0,77,0.0,1003.3,11.8,263,79.9,26.3,379.0,12.3,14.7,51.0
2025-08-27T10:00,29.7,73,0.0,1003.3,12.1,252,84.1,27.6,301.0,8.7,16.5,65.0
2025-08-27T11:00,30.1,73,0.0,1003.2,11.6,240,88.5,29.5,242.0,5.8,17.5,77.0
2025-08-27T12:00,30.0,75,0.1,1002.8,12.0,234,89.6,30.6,228.0,4.4,16.9,84.0
2025-08-27T13:00,30.3,75,0.0,1002.4,12.6,228,91.7,31.1,233.0,3.8,15.5,89.0
2025-08-27T14:00,30.1,76,0.0,1001.6,13.0,226,90.6,30.6,249.0,3.9,14.5,90.0
2025-08-27T15:00,29.9,76,0.0,1000.8,12.9,226,87.1,29.7,273.0,4.2,14.6,86.0
2025-08-27T16:00,29.6,78,0.0,1000.3,13.0,227,85.2,29.0,306.0,5.3,15.2,77.0
2025-08-27T17:00,29.1,79,0.0,1000.2,12.7,234,80.8,28.5,348.0,8.9,15.6,68.0
2025-08-27T18:00,28.4,81,0.0,1001.0,10.6,228,77.1,27.8,412.0,16.8,15.9,54.0
2025-08-27T19:00,27.7,86,0.0,1001.7,9.0,235,67.8,27.6,484.0,27.6,16.4,34.0
2025-08-27T20:00,27.5,88,0.0,1002.4,8.7,233,63.3,29.3,518.0,34.9,16.3,20.0
2025-08-27T21:00,27.4,88,0.0,1002.8,9.0,237,61.5,29.5,488.0,36.0,15.5,17.0
2025-08-27T22:00,27.1,90,0.0,1003.0,10.3,237,60.1,28.9,421.0,33.8,14.2,19.0
2025-08-27T23:00,27.0,90,0.0,1003.0,9.8,246,59.4,27.7,351.0,30.1,12.8,23.0
2025-08-28T00:00,26.7,92,0.0,1003.1,9.1,260,57.4,26.1,281.0,24.8,11.0,28.0
2025-08-28T01:00,26.6,93,0.0,1003.1,9.5,272,53.8,23.8,207.0,18.1,9.0,34.0
2025-08-28T02:00,26.4,94,0.1,1002.7,9.0,285,49.8,21.8,155.0,13.0,7.6,39.0
2025-08-28T03:00,26.1,95,0.0,1002.3,9.5,281,47.5,20.7,132.0,10.7,7.1,40.0
2025-08-28T04:00,26.0,96,0.0,1002.3,9.2,290,47.3,20.3,131.0,10.1,7.1,39.0
2025-08-28T05:00,26.0,95,0.0,1002.3,8.6,286,46.8,20.3,156.0,8.6,7.8,41.0
2025-08-28T06:00,27.0,87,0.0,1002.6,9.2,281,50.3,21.2,232.0,10.2,9.6,41.0
2025-08-28T07:00,27.2,85,0.0,1002.9,9.6,283,61.5,24.0,335.0,12.3,12.1,40.0
2025-08-28T08:00,27.8,82,0.0,1003.1,10.1,280,72.9,26.4,394.0,13.1,14.2,44.0
2025-08-28T09:00,28.7,76,0.0,1003.3,10.3,275,81.3,28.2,365.0,11.2,15.7,54.0
2025-08-28T10:00,29.7,71,0.0,1002.9,9.9,271,88.2,30.7,293.0,7.9,16.8,68.0
2025-08-28T11:00,30.4,70,0.0,1002.7,9.7,260,95.5,33.6,239.0,5.4,17.6,81.0
2025-08-28T12:00,30.8,70,0.0,1001.9,11.4,252,98.3,35.6,228.0,4.4,18.0,93.0
2025-08-28T13:00,30.9,70,0.0,1001.3,12.6,246,96.4,36.4,234.0,4.0,18.1,103.0
2025-08-28T14:00,30.6,70,0.0,1000.3,13.7,240,93.6,36.1,249.0,4.4,17.9,106.0
2025-08-28T15:00,30.0,72,0.0,999.4,14.7,233,89.6,34.6,267.0,5.0,17.2,98.0
2025-08-28T16:00,29.1,77,0.0,999.0,14.4,234,83.6,32.2,292.0,6.2,16.1,84.0
2025-08-28T17:00,28.7,79,0.0,999.0,14.1,236,88.9,34.0,328.0,9.4,16.7,71.0
2025-08-28T18:00,28.5,83,0.0,999.8,14.4,240,82.2,32.5,392.0,15.9,16.1,56.0
2025-08-28T19:00,27.7,88,0.0,1000.2,10.5,237,73.8,31.8,465.0,24.8,15.2,36.0
2025-08-28T20:00,27.6,90,0.0,1000.7,11.2,230,72.9,33.2,498.0,30.6,14.2,22.0
2025-08-28T21:00,27.3,91,0.0,1001.9,10.7,237,75.9,33.4,456.0,30.6,13.2,21.0
2025-08-28T22:00,27.1,91,0.0,1002.4,12.2,262,77.1,33.2,372.0,27.4,12.2,26.0
2025-08-28T23:00,27.0,91,0.0,1002.6,11.2,267,77.3,32.5,297.0,23.7,11.2,31.0
2025-08-29T00:00,26.8,91,0.0,1002.3,10.3,271,75.0,31.1,245.0,19.8,10.2,36.0
2025-08-29T01:00,26.5,92,0.0,1001.5,9.6,274,70.8,29.1,202.0,15.3,9.2,40.0
2025-08-29T02:00,26.2,93,0.0,1000.9,9.2,274,69.2,27.8,173.0,11.9,8.5,44.0
2025-08-29T03:00,26.0,93,0.0,1001.0,8.5,272,68.5,27.1,157.0,10.2,8.2,45.0
2025-08-29T04:00,26.0,94,0.0,1000.9,8.3,281,67.8,26.7,156.0,9.7,8.2,44.0
2025-08-29T05:00,25.9,94,0.0,1001.1,8.3,276,68.5,25.1,177.0,8.1,8.6,47.0
2025-08-29T06:00,26.6,91,0.0,1001.1,8.2,256,66.4,25.1,246.0,10.0,10.0,46.0
2025-08-29T07:00,26.8,90,0.0,1001.1,9.3,252,70.5,27.1,337.0,12.6,11.9,45.0
2025-08-29T08:00,27.7,84,0.0,1001.6,10.4,252,82.9,28.8,388.0,13.6,13.8,48.0
2025-08-29T09:00,28.6,79,0.0,1002.0,11.9,247,95.5,31.0,355.0,11.6,15.5,59.0
2025-08-29T10:00,29.4,74,0.0,1002.2,13.3,249,101.7,33.3,280.0,8.0,17.0,74.0
2025-08-29T11:00,29.8,71,0.0,1001.8,13.4,243,105.2,35.6,229.0,5.3,18.0,87.0
2025-08-29T12:00,29.7,74,0.1,1001.6,12.3,231,105.7,37.0,229.0,4.2,18.0,96.0
2025-08-29T13:00,29.5,76,0.0,1000.9,13.3,213,103.8,37.1,252.0,3.8,17.5,102.0
2025-08-29T14:00,29.8,75,0.0,1000.2,15.0,209,101.0,36.1,278.0,4.2,16.9,103.0
2025-08-29T15:00,29.4,76,0.0,999.7,14.5,211,97.8,34.7,297.0,4.8,16.4,95.0
2025-08-29T16:00,29.3,76,0.0,999.2,12.9,217,96.6,34.0,319.0,6.0,16.0,82.0
2025-08-29T17:00,28.6,79,0.0,999.2,12.2,218,121.5,39.8,354.0,9.0,16.9,72.0
2025-08-29T18:00,28.3,83,0.0,999.9,10.0,214,116.4,38.6,420.0,16.4,16.7,57.0
2025-08-29T19:00,27.8,85,0.0,1000.3,10.8,216,106.4,38.2,499.0,26.7,16.5,37.0
2025-08-29T20:00,27.7,89,0.0,1001.0,11.0,208,96.9,39.2,552.0,34.4,16.0,22.0
2025-08-29T21:00,27.3,91,0.0,1002.1,9.8,223,93.6,39.3,567.0,37.6,15.2,17.0
2025-08-29T22:00,27.1,91,0.0,1003.0,9.8,234,92.7,40.0,555.0,38.3,14.2,17.0
2025-08-29T23:00,27.0,91,0.0,1003.2,8.3,252,91.5,39.9,518.0,37.0,13.2,19.0
2025-08-30T00:00,26.8,91,0.0,1003.1,7.4,266,88.0,38.3,435.0,32.5,12.0,23.0
2025-08-30T01:00,26.5,93,0.0,1002.7,7.9,259,84.5,36.0,326.0,26.0,10.8,30.0
2025-08-30T02:00,26.3,94,0.0,1002.3,6.5,276,80.1,34.2,248.0,21.3,10.2,34.0
2025-08-30T03:00,26.3,94,0.0,1002.0,4.1,283,76.6,33.3,224.0,20.4,10.2,33.0
2025-08-30T04:00,26.1,95,0.0,1002.0,5.4,262,77.3,33.8,231.0,21.3,10.7,29.0
2025-08-30T05:00,26.1,95,0.0,1002.1,5.3,262,69.8,31.5,261.0,14.1,10.6,37.0
2025-08-30T06:00,26.8,92,0.0,1002.6,6.6,244,74.7,32.8,331.0,15.0,12.8,39.0
2025-08-30T07:00,27.1,89,0.0,1003.0,6.8,243,91.0,35.6,423.0,16.2,15.9,42.0
2025-08-30T08:00,27.8,84,0.0,1003.6,5.9,235,100.6,36.7,473.0,16.1,18.5,48.0
2025-08-30T09:00,28.9,78,0.0,1004.0,6.2,221,126.7,41.0,439.0,13.6,20.4,59.0
2025-08-30T10:00,29.8,73,0.0,1004.4,8.4,214,125.7,41.4,363.0,9.9,21.9,73.0
2025-08-30T11:00,30.1,73,0.0,1004.4,10.5,211,141.1,46.1,301.0,6.9,22.6,86.0
2025-08-30T12:00,30.2,72,0.0,1003.8,11.0,221,145.8,48.8,272.0,5.3,21.9,97.0
2025-08-30T13:00,30.9,68,0.0,1003.2,11.6,221,146.2,49.9,257.0,4.5,20.4,107.0
2025-08-30T14:00,30.5,70,0.0,1002.7,13.6,216,137.8,48.8,255.0,4.5,19.0,110.0
2025-08-30T15:00,30.4,69,0.0,1001.8,12.9,230,125.7,46.0,273.0,5.1,18.1,103.0
2025-08-30T16:00,30.0,71,0.0,1001.2,12.9,234,115.7,42.8,303.0,6.5,17.3,89.0
2025-08-30T17:00,29.6,73,0.0,1001.4,12.5,231,109.4,41.9,324.0,10.2,16.9,77.0
2025-08-30T18:00,29.0,80,0.0,1002.2,11.7,218,96.9,38.6,321.0,17.9,16.6,61.0
2025-08-30T19:00,28.4,83,0.0,1002.5,11.9,221,86.8,36.6,309.0,28.5,16.1,40.0
2025-08-30T20:00,28.1,85,0.0,1003.1,10.6,227,81.3,38.1,308.0,36.0,15.7,24.0
2025-08-30T21:00,28.0,86,0.0,1003.8,10.9,219,81.7,38.8,340.0,37.6,15.5,20.0
2025-08-30T22:00,27.7,88,0.0,1004.0,9.4,223,79.9,38.0,384.0,36.1,15.4,21.0
2025-08-30T23:00,27.4,91,0.0,1004.1,8.6,250,76.6,36.1,396.0,33.4,14.9,24.0
2025-08-31T00:00,27.2,92,0.0,1003.8,9.2,270,72.9,34.0,344.0,29.7,13.5,27.0
2025-08-31T01:00,27.0,92,0.0,1003.5,9.2,282,69.4,31.7,260.0,24.8,11.7,31.0
2025-08-31T02:00,26.8,93,0.0,1003.1,7.3,277,67.3,29.8,198.0,20.6,10.4,35.0
2025-08-31T03:00,26.6,94,0.0,1002.3,7.3,260,66.8,28.5,177.0,17.7,9.9,37.0
2025-08-31T04:00,26.4,93,0.0,1002.2,8.3,269,66.8,27.5,179.0,15.4,9.9,38.0
2025-08-31T05:00,26.4,93,0.0,1002.7,7.4,273,66.4,26.7,200.0,15.8,11.3,36.0
2025-08-31T06:00,27.1,89,0.0,1003.2,7.2,252,69.6,26.1,260.0,15.4,12.5,38.0
2025-08-31T07:00,27.4,85,0.0,1003.4,7.9,249,78.7,27.7,341.0,14.7,14.1,42.0
2025-08-31T08:00,28.1,80,0.0,1003.6,9.9,249,86.1,28.0,382.0,13.4,15.5,48.0
2025-08-31T09:00,29.1,74,0.0,1004.1,11.5,238,96.9,30.2,346.0,10.9,16.4,58.0
2025-08-31T10:00,30.0,69,0.0,1004.6,13.8,234,102.0,32.7,271.0,7.8,17.0,70.0
2025-08-31T11:00,30.3,67,0.0,1004.3,15.5,234,105.5,34.7,215.0,5.4,17.1,80.0
2025-08-31T12:00,30.7,65,0.0,1003.8,15.5,238,106.6,35.6,200.0,4.2,16.4,86.0
2025-08-31T13:00,30.8,65,0.0,1003.1,16.1,238,104.5,35.3,203.0,3.7,15.2,90.0
2025-08-31T14:00,30.8,65,0.0,1001.8,17.5,236,102.2,34.3,213.0,3.8,14.2,90.0
2025-08-31T15:00,30.5,66,0.0,1000.8,18.1,240,95.9,32.2,230.0,4.4,13.7,84.0
2025-08-31T16:00,30.0,68,0.0,1000.0,18.3,244,89.2,29.8,254.0,5.7,13.3,74.0
2025-08-31T17:00,29.2,73,0.0,999.9,18.3,247,91.3,29.5,269.0,8.1,13.8,65.0
2025-08-31T18:00,28.6,78,0.0,1000.8,16.4,249,79.6,26.4,266.0,12.4,13.3,56.0
2025-08-31T19:00,27.8,83,0.0,1000.9,15.5,244,65.7,24.2,254.0,18.3,12.6,44.0
2025-08-31T20:00,27.6,84,0.0,1001.1,17.3,239,58.1,23.3,245.0,22.1,11.8,36.0
2025-08-31T21:00,27.4,84,0.0,1001.5,16.4,244,53.2,21.8,247.0,22.1,10.9,34.0
2025-08-31T22:00,27.1,86,0.0,1002.0,15.4,254,50.8,20.8,251.0,20.1,10.0,36.0
2025-08-31T23:00,26.9,87,0.0,1001.9,15.5,262,48.9,20.4,244.0,17.6,9.1,38.0
2025-09-01T00:00,26.7,89,0.0,1001.4,13.6,264,48.1,19.9,212.0,14.9,8.2,40.0
2025-09-01T01:00,26.5,90,0.0,1000.9,13.2,258,47.7,19.4,168.0,11.7,7.3,43.0
2025-09-01T02:00,26.4,90,0.0,1000.3,14.0,258,47.4,19.0,136.0,9.1,6.6,45.0
2025-09-01T03:00,26.6,87,0.0,999.8,14.6,256,46.8,18.7,122.0,7.4,6.2,46.0
2025-09-01T04:00,26.6,85,0.0,999.6,16.2,258,46.1,18.5,120.0,6.4,6.0,48.0
2025-09-01T05:00,26.5,86,0.0,999.9,15.5,257,48.4,18.6,136.0,6.2,6.2,48.0
2025-09-01T06:00,27.0,84,0.0,1000.4,14.8,252,49.4,19.4,187.0,8.2,7.1,47.0
2025-09-01T07:00,26.8,87,0.1,1000.6,16.9,255,51.7,21.1,256.0,10.8,8.4,45.0
2025-09-01T08:00,27.7,79,0.3,1000.9,19.0,257,58.4,22.6,296.0,12.0,9.6,47.0
2025-09-01T09:00,28.6,74,0.3,1001.3,19.1,259,64.5,23.3,277.0,10.3,10.5,54.0
2025-09-01T10:00,29.1,71,0.0,1001.4,19.2,258,67.5,24.3,228.0,7.1,11.3,65.0
2025-09-01T11:00,30.1,66,0.0,1001.4,19.5,256,66.8,24.9,193.0,4.6,11.8,73.0
2025-09-01T12:00,30.4,64,0.0,1000.7,19.5,256,65.0,25.1,189.0,3.6,11.9,78.0
2025-09-01T13:00,30.6,63,0.0,999.9,18.7,257,65.0,25.7,197.0,3.4,11.8,82.0
2025-09-01T14:00,30.7,63,0.0,998.9,18.4,254,61.0,24.9,210.0,3.7,11.7,82.0
2025-09-01T15:00,30.2,65,0.0,998.1,18.8,248,58.9,24.4,225.0,4.4,11.8,78.0
2025-09-01T16:00,29.6,68,0.0,997.6,19.2,247,56.7,23.9,244.0,5.7,12.0,72.0
2025-09-01T17:00,28.9,73,0.1,997.7,18.8,246,62.6,25.8,260.0,7.8,12.8,66.0
2025-09-01T18:00,28.7,74,0.0,998.4,16.7,242,56.8,24.5,271.0,12.6,12.6,57.0
2025-09-01T19:00,28.0,77,0.0,998.8,15.9,239,49.2,24.3,278.0,19.2,12.2,45.0
2025-09-01T20:00,27.6,81,0.0,999.2,14.3,237,49.2,25.0,282.0,23.6,11.7,37.0
2025-09-01T21:00,27.5,81,0.0,1000.0,14.4,244,49.6,25.2,285.0,23.8,11.0,36.0
2025-09-01T22:00,27.3,82,0.0,1000.4,14.2,249,49.2,25.3,285.0,21.8,10.2,38.0
2025-09-01T23:00,27.0,84,0.0,1000.5,13.7,261,48.5,25.0,272.0,19.2,9.4,41.0
2025-09-02T00:00,26.7,86,0.0,1000.4,12.1,260,47.8,24.4,236.0,16.2,8.5,44.0
2025-09-02T01:00,26.5,87,0.0,1000.1,13.7,254,46.1,23.3,187.0,12.7,7.5,47.0
2025-09-02T02:00,26.4,88,0.0,999.7,12.7,257,45.4,22.7,151.0,9.9,6.9,49.0
2025-09-02T03:00,26.2,89,0.0,999.6,12.4,257,44.6,22.1,135.0,8.3,6.7,50.0
2025-09-02T04:00,26.2,89,0.0,999.7,11.7,261,45.1,22.1,131.0,7.5,6.9,50.0
2025-09-02T05:00,26.1,90,0.0,1000.1,11.0,265,42.8,21.3,148.0,6.5,7.0,53.0
2025-09-02T06:00,26.8,85,0.0,1000.2,11.1,262,42.1,21.0,204.0,8.7,8.3,51.0
2025-09-02T07:00,26.9,85,0.1,1000.6,12.8,259,44.0,22.6,280.0,11.6,10.2,49.0
2025-09-02T08:00,27.7,80,0.0,1000.9,13.5,254,51.0,24.0,324.0,12.9,11.9,51.0
2025-09-02T09:00,28.8,73,0.0,1001.6,14.3,256,55.1,24.3,304.0,11.0,13.3,60.0
2025-09-02T10:00,29.7,68,0.0,1001.6,15.0,257,59.3,25.3,253.0,7.5,14.5,72.0
2025-09-02T11:00,30.1,66,0.1,1001.5,15.5,252,61.9,26.5,216.0,4.9,15.3,81.0
2025-09-02T12:00,29.8,68,0.1,1001.1,15.3,248,61.0,27.0,213.0,4.0,15.4,86.0
2025-09-02T13:00,30.1,66,0.1,1000.6,14.6,240,59.6,26.3,224.0,4.0,15.0,87.0
2025-09-02T14:00,30.1,66,0.0,999.9,13.7,230,56.9,25.4,238.0,4.5,14.6,86.0
2025-09-02T15:00,30.4,64,0.0,999.3,13.4,228,55.1,24.7,254.0,4.9,14.4,81.0
2025-09-02T16:00,30.1,64,0.0,998.9,13.8,231,53.7,24.0,273.0,5.9,14.2,72.0
2025-09-02T17:00,29.2,71,0.1,998.9,15.4,224,67.1,28.7,289.0,8.1,13.1,61.0
2025-09-02T18:00,28.6,75,0.0,999.5,13.3,221,65.0,28.6,299.0,13.4,12.9,52.0
2025-09-02T19:00,27.9,79,0.0,1000.1,11.3,228,60.8,29.7,306.0,20.6,12.7,39.0
2025-09-02T20:00,27.7,80,0.0,1000.5,12.7,231,60.8,30.7,317.0,26.3,12.4,29.0
2025-09-02T21:00,27.7,79,0.0,1001.4,12.8,232,61.5,31.5,346.0,28.9,12.2,25.0
2025-09-02T22:00,27.5,80,0.0,1002.4,11.3,236,62.9,32.7,379.0,29.8,12.0,24.0
2025-09-02T23:00,27.3,81,0.0,1003.0,9.1,256,64.5,33.6,384.0,29.8,11.6,23.0
2025-09-03T00:00,27.1,83,0.0,1003.1,7.9,258,65.0,33.5,336.0,29.0,10.9,22.0
2025-09-03T01:00,26.9,84,0.0,1002.6,8.3,259,64.5,33.5,261.0,27.2,10.0,23.0
2025-09-03T02:00,26.6,85,0.0,1001.9,9.3,252,62.2,32.9,204.0,24.9,9.4,24.0
2025-09-03T03:00,26.4,86,0.0,1001.8,9.6,258,61.0,32.0,178.0,21.7,9.1,27.0
2025-09-03T04:00,26.1,88,0.0,1001.7,9.4,268,58.7,30.3,169.0,18.0,9.1,31.0
2025-09-03T05:00,25.9,89,0.0,1001.9,9.3,279,48.0,25.1,182.0,12.0,8.9,39.0
2025-09-03T06:00,26.7,86,0.0,1002.6,8.3,274,46.0,24.0,235.0,12.8,9.7,39.0
2025-09-03T07:00,26.9,82,0.0,1003.0,8.3,276,48.4,25.3,309.0,13.8,11.0,40.0
2025-09-03T08:00,28.0,74,0.0,1003.2,9.6,273,56.6,26.7,351.0,13.7,12.4,45.0
2025-09-03T09:00,29.3,66,0.0,1003.3,9.5,256,63.3,27.8,330.0,11.4,14.3,56.0
2025-09-03T10:00,30.3,61,0.0,1003.6,9.8,242,70.5,29.7,278.0,8.0,16.3,71.0
2025-09-03T11:00,30.8,60,0.0,1003.5,11.3,234,77.8,32.7,237.0,5.4,17.9,84.0
2025-09-03T12:00,31.0,59,0.0,1003.0,13.1,233,81.0,34.8,224.0,4.3,18.7,96.0
2025-09-03T13:00,31.5,57,0.0,1002.4,14.1,231,78.7,34.9,222.0,3.9,18.9,107.0
2025-09-03T14:00,31.5,57,0.0,1001.7,15.1,231,73.3,33.5,229.0,4.2,18.8,110.0
2025-09-03T15:00,31.2,59,0.0,1001.1,15.2,233,67.1,31.0,245.0,4.6,18.1,102.0
2025-09-03T16:00,30.8,60,0.0,1000.8,13.9,231,60.3,27.9,270.0,5.6,16.9,86.0
2025-09-03T17:00,30.1,63,0.0,1000.7,12.6,233,80.1,36.0,293.0,8.8,16.6,72.0
2025-09-03T18:00,29.1,66,0.0,1001.1,12.2,236,76.4,34.2,316.0,16.1,16.5,57.0
2025-09-03T19:00,28.3,70,0.0,1002.0,9.4,239,67.8,33.1,337.0,26.2,16.3,36.0
2025-09-03T20:00,28.0,74,0.0,1002.8,12.0,231,66.8,34.3,347.0,33.5,15.9,21.0
2025-09-03T21:00,27.6,79,0.0,1003.5,11.9,228,66.4,34.2,340.0,35.7,15.4,16.0
2025-09-03T22:00,27.3,81,0.0,1004.3,10.6,236,65.7,33.9,321.0,35.1,14.8,17.0
2025-09-03T23:00,27.2,81,0.0,1004.4,10.1,260,64.3,33.1,296.0,33.0,13.9,20.0
2025-09-04T00:00,26.9,83,0.0,1004.3,10.2,280,61.7,31.2,260.0,28.9,12.5,24.0
2025-09-04T01:00,26.6,85,0.0,1003.7,10.2,283,58.0,28.6,218.0,23.3,11.0,30.0
2025-09-04T02:00,26.4,86,0.0,1003.1,9.0,290,54.6,26.1,187.0,18.6,9.8,34.0
2025-09-04T03:00,26.1,88,0.0,1003.2,6.2,296,51.8,24.0,169.0,15.8,9.3,35.0
2025-09-04T04:00,25.8,90,0.0,1003.3,6.5,293,49.4,22.4,162.0,14.0,9.2,35.0
2025-09-04T05:00,25.6,91,0.0,1003.6,6.2,296,55.9,23.7,177.0,14.4,10.2,36.0
2025-09-04T06:00,26.2,90,0.0,1003.7,8.1,294,54.0,23.6,235.0,14.5,11.7,37.0
2025-09-04T07:00,26.4,87,0.0,1004.2,8.5,291,57.2,25.3,313.0,14.5,13.8,39.0
2025-09-04T08:00,27.4,81,0.0,1004.4,10.3,285,66.6,25.1,359.0,13.8,15.7,45.0
2025-09-04T09:00,28.8,70,0.0,1005.1,10.7,286,72.2,26.0,338.0,11.5,17.0,57.0
2025-09-04T10:00,30.1,64,0.0,1005.2,10.3,277,75.2,27.5,284.0,8.5,18.1,72.0
2025-09-04T11:00,31.0,61,0.0,1004.8,10.5,258,78.7,29.7,242.0,6.1,18.8,86.0
2025-09-04T12:00,31.3,61,0.0,1004.2,12.7,241,81.3,31.9,229.0,4.9,19.3,98.0
2025-09-04T13:00,31.3,62,0.0,1003.8,13.6,242,80.8,32.2,228.0,4.4,19.5,108.0
2025-09-04T14:00,31.4,60,0.0,1002.9,14.3,245,79.2,31.2,236.0,4.6,19.2,111.0
2025-09-04T15:00,30.8,64,0.0,1002.5,14.8,238,75.7,29.7,256.0,5.4,18.3,102.0
2025-09-04T16:00,30.2,66,0.0,1002.3,14.0,242,71.0,27.5,285.0,6.9,16.9,85.0
2025-09-04T17:00,29.6,69,0.0,1002.2,13.6,253,73.3,28.6,304.0,11.4,17.6,75.0
2025-09-04T18:00,28.7,74,0.0,1002.3,12.8,260,67.1,26.5,308.0,16.9,16.6,60.0
2025-09-04T19:00,27.8,80,0.0,1003.0,12.8,265,61.0,25.9,302.0,24.3,15.2,39.0
2025-09-04T20:00,27.5,82,0.0,1003.4,11.1,257,55.1,26.0,290.0,28.9,13.9,25.0
2025-09-04T21:00,27.2,83,0.0,1004.0,11.1,250,54.4,25.3,270.0,28.1,12.7,23.0
2025-09-04T22:00,27.1,84,0.0,1005.0,10.8,280,51.9,24.4,243.0,24.5,11.6,27.0
2025-09-04T23:00,26.9,85,0.0,1005.3,11.8,297,49.2,23.3,218.0,20.5,10.5,32.0
2025-09-05T00:00,26.8,86,0.0,1005.2,12.7,305,47.0,22.3,198.0,16.7,9.3,36.0
2025-09-05T01:00,26.4,88,0.0,1004.1,11.4,294,43.9,20.8,180.0,12.6,8.1,40.0
2025-09-05T02:00,26.2,89,0.0,1003.2,9.5,297,40.9,19.4,167.0,9.5,7.3,43.0
2025-09-05T03:00,26.0,89,0.0,1003.3,7.5,294,40.2,18.7,150.0,7.8,7.1,44.0
2025-09-05T04:00,25.9,91,0.0,1003.4,10.3,295,40.0,18.5,138.0,7.2,7.3,44.0
2025-09-05T05:00,25.8,93,0.0,1003.5,12.6,294,40.3,18.5,155.0,7.6,7.9,44.0
2025-09-05T06:00,26.4,92,0.0,1003.3,14.0,285,41.1,19.2,235.0,9.4,8.8,42.0
2025-09-05T07:00,26.6,90,0.0,1003.9,10.2,287,45.4,21.6,345.0,11.9,10.2,40.0
2025-09-05T08:00,27.8,82,0.0,1004.7,8.2,289,52.5,23.6,410.0,13.3,12.1,43.0
2025-09-05T09:00,29.6,72,0.0,1005.0,8.9,279,57.4,25.5,387.0,12.7,15.1,56.0
2025-09-05T10:00,31.2,64,0.0,1005.1,10.1,270,63.6,28.0,318.0,11.0,18.6,74.0
2025-09-05T11:00,32.2,60,0.0,1004.6,12.3,263,68.7,31.0,264.0,9.4,21.1,92.0
2025-09-05T12:00,32.7,58,0.0,1004.2,13.7,260,71.9,33.4,244.0,7.9,21.8,110.0
2025-09-05T13:00,32.9,58,0.0,1003.6,14.8,257,69.4,33.4,238.0,6.4,21.4,127.0
2025-09-05T14:00,32.5,58,0.0,1002.6,15.7,255,65.7,32.0,240.0,5.9,20.4,132.0
2025-09-05T15:00,31.8,60,0.0,1001.9,16.0,258,61.5,30.0,251.0,6.9,18.5,117.0
2025-09-05T16:00,31.2,63,0.0,1001.3,16.0,267,58.4,27.6,269.0,9.0,16.1,90.0
2025-09-05T17:00,30.1,71,0.0,1001.0,16.9,270,63.8,29.7,285.0,12.5,14.7,72.0
2025-09-05T18:00,28.9,79,0.0,1002.5,14.0,270,61.0,28.9,299.0,16.9,13.8,59.0
2025-09-05T19:00,28.2,83,0.0,1002.9,11.0,273,56.6,28.5,310.0,22.8,12.5,40.0
2025-09-05T20:00,27.8,85,0.0,1003.4,10.1,265,54.4,28.5,307.0,26.3,11.4,28.0
2025-09-05T21:00,27.4,87,0.0,1004.0,14.1,259,54.7,28.8,278.0,25.2,10.8,27.0
2025-09-05T22:00,27.3,87,0.0,1004.4,14.5,264,54.5,28.3,235.0,21.7,10.5,32.0
2025-09-05T23:00,27.3,85,0.0,1004.9,15.6,291,51.8,27.5,197.0,18.0,10.0,37.0
2025-09-06T00:00,27.3,85,0.0,1004.9,13.4,297,49.7,26.4,172.0,14.7,9.2,40.0
2025-09-06T01:00,27.0,86,0.0,1004.5,12.6,294,48.8,25.3,152.0,11.4,8.3,44.0
2025-09-06T02:00,26.7,88,0.0,1003.6,12.7,286,48.2,24.2,139.0,8.8,7.6,46.0
2025-09-06T03:00,26.5,90,0.0,1003.5,11.3,279,47.3,23.3,130.0,7.3,7.3,47.0
2025-09-06T04:00,26.3,91,0.0,1003.5,12.3,273,45.8,22.6,128.0,6.6,7.4,48.0
2025-09-06T05:00,26.3,92,0.0,1003.7,13.5,274,44.1,21.8,143.0,6.6,6.9,48.0
2025-09-06T06:00,26.5,90,0.0,1003.5,13.2,274,43.4,22.0,192.0,8.8,7.9,46.0
2025-09-06T07:00,26.7,89,0.0,1004.0,14.6,279,46.6,23.9,258.0,11.8,9.3,43.0
2025-09-06T08:00,27.8,81,0.0,1004.4,15.0,283,53.0,25.9,299.0,13.4,11.0,46.0
2025-09-06T09:00,29.1,73,0.0,1004.7,13.2,281,59.3,28.1,290.0,12.3,13.2,58.0
2025-09-06T10:00,30.3,68,0.0,1004.7,12.9,279,63.3,29.6,256.0,9.9,15.6,75.0
2025-09-06T11:00,31.5,63,0.0,1004.6,13.1,277,67.8,31.1,230.0,7.7,17.2,89.0
2025-09-06T12:00,32.1,62,0.0,1004.1,13.5,272,71.2,32.0,223.0,6.2,17.3,97.0
2025-09-06T13:00,32.3,61,0.0,1003.3,14.2,266,72.6,32.1,223.0,5.0,16.5,102.0
2025-09-06T14:00,32.1,62,0.0,1002.2,15.4,263,73.1,32.0,230.0,4.8,15.6,101.0
2025-09-06T15:00,31.5,64,0.0,1001.1,16.7,263,71.9,31.5,247.0,5.8,14.9,92.0
2025-09-06T16:00,30.8,67,0.0,1000.6,17.9,267,69.2,30.6,271.0,7.7,14.2,76.0
2025-09-06T17:00,30.1,69,0.0,1000.6,16.7,270,64.3,29.0,288.0,11.1,13.3,63.0
2025-09-06T18:00,29.2,75,0.0,1001.5,14.1,260,56.0,27.3,295.0,16.3,12.8,52.0
2025-09-06T19:00,28.0,83,0.0,1001.8,11.9,266,46.1,26.1,296.0,23.3,12.0,37.0
2025-09-06T20:00,27.5,87,0.0,1002.2,10.9,254,44.8,26.2,290.0,28.3,11.6,26.0
2025-09-06T21:00,27.5,86,0.0,1003.1,11.7,260,43.8,25.9,274.0,29.8,12.0,23.0
2025-09-06T22:00,27.3,87,0.0,1003.8,13.3,270,44.0,26.4,251.0,29.2,12.6,25.0
2025-09-06T23:00,27.1,87,0.0,1003.5,12.1,277,43.9,26.4,227.0,26.8,12.7,28.0
2025-09-07T00:00,26.9,88,0.0,1003.5,11.4,283,41.7,24.8,200.0,21.7,11.6,34.0
2025-09-07T01:00,26.6,90,0.0,1002.6,12.8,285,38.0,22.1,173.0,14.8,9.9,42.0
2025-09-07T02:00,26.5,91,0.0,1002.1,12.7,286,33.8,19.2,153.0,9.5,8.6,48.0
2025-09-07T03:00,26.4,91,0.0,1001.5,13.6,285,31.8,17.5,142.0,6.9,7.9,51.0
2025-09-07T04:00,26.4,91,0.0,1001.6,13.2,285,31.8,17.1,139.0,5.9,7.4,52.0
2025-09-07T05:00,26.4,91,0.0,1001.8,12.7,283,31.7,16.6,152.0,6.2,7.6,52.0
2025-09-07T06:00,26.6,91,0.0,1002.1,14.0,279,32.1,17.1,197.0,8.6,8.3,50.0
2025-09-07T07:00,26.8,90,0.0,1002.4,13.8,281,35.2,18.9,257.0,11.8,9.4,47.0
2025-09-07T08:00,27.9,82,0.0,1002.9,16.3,280,42.3,20.9,294.0,13.4,10.7,48.0
2025-09-07T09:00,29.4,73,0.0,1003.3,14.3,285,46.9,22.2,283.0,11.7,12.4,58.0
2025-09-07T10:00,30.6,66,0.0,1003.2,13.9,280,50.9,23.6,248.0,8.4,14.3,72.0
2025-09-07T11:00,31.6,62,0.0,1003.1,14.1,272,52.9,25.0,220.0,5.7,15.4,83.0
2025-09-07T12:00,31.9,61,0.0,1002.5,15.3,261,52.0,25.3,209.0,4.3,15.0,88.0
2025-09-07T13:00,31.7,62,0.0,1001.7,17.8,256,51.9,24.9,205.0,3.7,13.8,90.0
2025-09-07T14:00,31.2,64,0.0,1000.5,19.6,257,49.1,24.0,211.0,3.9,12.9,88.0
2025-09-07T15:00,30.5,67,0.0,1000.6,18.4,258,46.2,22.9,232.0,5.2,12.8,80.0
2025-09-07T16:00,29.9,69,0.0,1000.9,16.0,270,48.3,23.5,263.0,7.4,13.0,68.0
2025-09-07T17:00,29.4,70,0.0,1000.5,14.9,270,46.6,23.4,285.0,10.5,11.1,58.0
2025-09-07T18:00,28.0,76,0.0,1000.5,14.6,266,48.7,25.3,289.0,15.1,11.6,50.0
2025-09-07T19:00,27.6,79,0.0,1001.0,14.2,263,49.7,26.8,285.0,21.4,12.4,39.0
2025-09-07T20:00,27.5,80,0.0,1001.2,12.6,271,49.9,28.3,281.0,25.5,12.8,31.0
2025-09-07T21:00,27.5,81,0.0,1001.6,10.7,263,50.9,28.8,284.0,25.6,12.8,30.0
2025-09-07T22:00,27.4,82,0.0,1002.2,13.2,282,51.2,28.9,286.0,23.5,12.4,32.0
2025-09-07T23:00,27.2,84,0.0,1001.8,13.0,284,51.1,28.9,276.0,20.8,11.9,35.0
2025-09-08T00:00,27.0,85,0.0,1001.4,13.3,279,50.5,28.2,239.0,17.5,11.0,38.0
2025-09-08T01:00,26.9,85,0.0,1000.9,12.8,285,48.8,26.8,189.0,13.6,10.0,41.0
2025-09-08T02:00,26.8,85,0.0,1000.8,10.4,298,47.1,25.1,155.0,10.6,9.2,43.0
2025-09-08T03:00,26.7,85,0.0,1000.4,12.3,285,46.3,24.1,137.0,8.7,8.7,44.0
2025-09-08T04:00,26.6,86,0.0,1000.5,9.4,299,45.5,23.3,135.0,7.7,8.5,45.0
2025-09-08T05:00,26.5,87,0.0,1000.2,10.2,277,41.2,20.8,171.0,6.7,7.7,47.0
2025-09-08T06:00,26.2,93,1.9,1000.1,10.7,264,42.6,21.1,290.0,10.0,8.7,44.0
2025-09-08T07:00,26.1,95,1.8,1000.5,12.1,274,43.8,22.2,447.0,14.6,10.2,39.0
2025-09-08T08:00,26.2,93,0.1,1001.1,10.9,277,47.7,24.3,533.0,17.4,11.9,39.0
2025-09-08T09:00,26.5,90,0.1,1001.7,11.4,281,51.8,26.0,474.0,17.0,14.3,46.0
2025-09-08T10:00,28.3,77,0.1,1001.7,14.8,280,55.2,26.8,344.0,14.9,16.9,57.0
2025-09-08T11:00,29.2,74,0.1,1001.5,12.6,283,56.8,26.7,251.0,12.9,18.6,66.0
2025-09-08T12:00,28.9,76,0.3,1001.2,12.7,285,56.9,26.6,245.0,11.3,18.7,74.0
2025-09-08T13:00,28.5,78,0.7,1000.7,12.6,267,55.8,26.2,275.0,9.9,17.9,80.0
2025-09-08T14:00,27.2,87,0.4,1000.1,14.8,264,58.1,27.8,301.0,9.9,17.0,81.0
2025-09-08T15:00,28.1,79,0.1,999.8,17.0,265,56.6,27.4,301.0,11.8,16.1,73.0
2025-09-08T16:00,28.0,81,0.1,999.6,18.9,269,50.5,23.7,297.0,15.1,15.0,59.0
2025-09-08T17:00,27.7,83,0.1,1000.1,13.9,271,48.7,24.9,311.0,19.4,12.4,49.0
2025-09-08T18:00,27.6,82,0.1,1001.0,14.8,265,45.3,25.3,367.0,24.6,12.6,41.0
2025-09-08T19:00,27.4,83,0.1,1001.5,14.4,266,48.3,26.4,440.0,31.8,13.0,31.0
2025-09-08T20:00,27.2,84,0.0,1001.9,13.6,282,50.4,27.9,479.0,37.2,13.4,23.0
2025-09-08T21:00,27.0,88,0.1,1002.7,9.2,298,48.8,27.6,457.0,39.3,14.1,19.0
2025-09-08T22:00,26.8,90,0.2,1003.0,8.3,294,51.5,29.2,401.0,39.6,14.9,18.0
2025-09-08T23:00,26.5,93,0.3,1002.7,11.2,294,53.3,30.3,340.0,38.6,15.3,18.0
2025-09-09T00:00,26.3,94,0.1,1002.6,10.2,298,55.6,31.5,274.0,36.3,15.2,18.0
2025-09-09T01:00,26.3,94,0.0,1002.2,10.8,294,55.8,30.9,203.0,32.7,14.7,20.0
2025-09-09T02:00,26.3,93,0.0,1001.7,11.4,294,54.9,30.0,153.0,28.8,14.1,22.0
2025-09-09T03:00,26.3,93,0.0,1001.6,10.9,283,52.9,28.5,124.0,23.7,13.3,27.0
2025-09-09T04:00,26.2,93,0.1,1001.6,12.1,287,50.6,26.0,115.0,18.2,12.5,33.0
2025-09-09T05:00,26.1,93,0.1,1001.8,12.5,293,43.4,21.9,150.0,12.7,9.8,42.0
2025-09-09T06:00,25.8,95,1.2,1002.1,11.1,317,43.8,21.8,274.0,15.5,10.5,41.0
2025-09-09T07:00,25.5,96,1.0,1002.5,14.2,297,44.1,22.7,442.0,19.3,11.5,40.0
2025-09-09T08:00,25.5,95,2.7,1003.0,13.0,284,48.0,24.4,542.0,21.6,12.5,41.0
2025-09-09T09:00,25.7,92,2.7,1003.5,15.7,279,43.8,23.1,506.0,20.9,13.7,46.0
2025-09-09T10:00,25.7,93,1.2,1003.9,15.3,282,38.9,21.7,403.0,18.6,14.9,52.0
2025-09-09T11:00,26.5,88,0.5,1003.7,16.6,289,31.8,18.7,326.0,17.1,15.5,56.0
2025-09-09T12:00,27.9,79,0.2,1003.2,17.8,296,30.9,18.0,313.0,16.8,15.0,56.0
2025-09-09T13:00,27.5,81,0.5,1002.5,18.1,277,29.9,17.8,326.0,17.1,13.9,54.0
2025-09-09T14:00,26.3,91,6.4,1002.0,19.7,266,30.3,18.4,345.0,18.9,13.0,51.0
2025-09-09T15:00,25.8,94,8.4,1001.7,18.6,256,27.2,17.6,372.0,23.4,12.7,46.0
2025-09-09T16:00,25.8,94,10.9,1001.7,18.4,258,27.8,18.7,405.0,29.4,12.5,39.0
2025-09-09T17:00,25.6,95,15.8,1002.0,21.0,265,25.5,18.4,417.0,31.8,12.0,40.0
2025-09-09T18:00,26.1,95,3.5,1002.1,18.2,277,23.7,18.5,388.0,33.0,12.1,38.0
2025-09-09T19:00,25.8,94,6.6,1002.6,17.9,289,22.0,17.9,338.0,34.7,12.2,35.0
2025-09-09T20:00,26.1,93,1.7,1003.0,15.3,285,20.7,16.9,297.0,35.8,12.4,33.0
2025-09-09T21:00,26.2,93,0.4,1003.7,13.8,291,17.6,15.2,281.0,35.7,12.5,32.0
2025-09-09T22:00,26.1,93,0.2,1004.0,12.8,286,16.2,14.6,275.0,35.1,12.7,31.0
2025-09-09T23:00,26.0,93,0.2,1004.0,11.2,294,16.9,15.8,263.0,34.5,12.9,30.0
2025-09-10T00:00,25.6,94,0.2,1003.8,4.4,289,19.7,18.9,235.0,34.9,13.5,29.0
2025-09-10T01:00,25.6,94,0.3,1003.5,8.1,208,20.1,19.3,201.0,35.4,14.3,27.0
2025-09-10T02:00,25.8,92,0.1,1003.3,9.5,190,15.7,15.0,178.0,33.8,14.2,28.0
2025-09-10T03:00,25.4,94,0.7,1003.2,14.3,184,13.3,12.3,159.0,28.0,12.6,33.0
2025-09-10T04:00,25.5,94,0.3,1003.6,12.4,172,13.6,10.6,151.0,20.1,10.2,39.0
2025-09-10T05:00,25.7,94,0.8,1004.0,13.0,179,16.6,8.6,187.0,6.7,5.2,46.0
2025-09-10T06:00,25.9,91,0.3,1004.5,15.3,155,19.4,9.7,318.0,9.4,5.7,41.0
2025-09-10T07:00,25.4,93,2.2,1005.5,16.2,161,22.4,11.6,493.0,13.1,6.4,34.0
2025-09-10T08:00,25.6,93,6.7,1006.4,18.6,160,27.4,14.4,598.0,15.1,7.3,31.0
2025-09-10T09:00,25.8,92,6.9,1007.0,18.7,163,41.9,18.3,566.0,14.0,8.4,33.0
2025-09-10T10:00,26.2,90,3.1,1007.4,19.0,170,40.3,16.8,464.0,11.2,9.7,39.0
2025-09-10T11:00,26.4,88,0.3,1007.6,18.4,168,39.9,16.2,376.0,9.0,10.7,44.0
2025-09-10T12:00,27.4,81,0.1,1007.5,17.5,168,38.4,15.1,327.0,8.0,11.1,47.0
2025-09-10T13:00,28.1,79,0.0,1006.6,18.7,169,38.2,14.9,292.0,7.6,11.2,49.0
2025-09-10T14:00,28.2,78,0.0,1005.8,17.9,175,36.4,15.4,280.0,7.9,11.5,51.0
2025-09-10T15:00,27.9,80,0.1,1005.7,16.8,183,38.3,16.3,300.0,8.0,12.1,53.0
2025-09-10T16:00,27.6,82,0.2,1005.1,14.0,179,40.2,16.5,342.0,8.7,12.8,55.0
2025-09-10T17:00,27.5,82,0.1,1005.3,13.4,173,53.0,20.4,395.0,9.6,12.6,60.0
2025-09-10T18:00,26.7,84,0.1,1005.8,13.3,170,54.4,21.9,466.0,20.4,13.7,45.0
2025-09-10T19:00,26.4,88,0.0,1006.0,12.1,180,52.0,26.5,546.0,35.2,15.1,25.0
2025-09-10T20:00,26.3,89,0.4,1006.1,12.2,196,52.4,29.0,596.0,45.7,16.2,10.0
2025-09-10T21:00,26.2,90,0.1,1006.7,10.2,188,51.9,29.6,599.0,47.9,16.8,5.0
2025-09-10T22:00,26.2,89,0.0,1006.8,10.7,193,52.2,30.7,572.0,45.8,16.9,6.0
2025-09-10T23:00,26.2,90,0.1,1006.5,10.8,201,51.3,31.7,522.0,43.0,16.4,7.0
2025-09-11T00:00,26.2,90,0.1,1006.4,10.6,203,47.8,29.5,438.0,40.5,14.5,8.0
2025-09-11T01:00,26.0,90,0.1,1006.0,10.2,208,42.8,25.7,331.0,37.3,12.0,10.0
2025-09-11T02:00,25.8,90,0.1,1005.4,9.8,218,38.4,22.4,247.0,33.6,10.0,13.0
2025-09-11T03:00,25.5,92,0.4,1005.3,9.4,222,35.2,19.8,184.0,28.6,9.1,17.0
2025-09-11T04:00,25.4,93,0.4,1005.5,8.9,228,33.3,18.2,144.0,23.1,8.9,21.0
2025-09-11T05:00,25.4,93,0.2,1005.5,8.8,231,34.1,18.6,176.0,24.2,9.6,20.0
2025-09-11T06:00,25.5,93,0.4,1005.5,7.1,255,32.6,17.2,358.0,22.3,11.9,24.0
2025-09-11T07:00,25.5,93,0.3,1006.1,6.8,252,36.0,18.2,613.0,19.5,15.0,29.0
2025-09-11T08:00,25.8,93,0.1,1006.4,6.5,242,38.3,17.8,760.0,16.4,17.1,36.0
2025-09-11T09:00,26.4,89,0.1,1007.0,6.6,235,39.0,17.1,690.0,12.8,17.2,45.0
2025-09-11T10:00,26.4,89,0.3,1007.2,7.9,227,41.1,17.5,511.0,9.0,16.2,55.0
2025-09-11T11:00,26.6,89,0.3,1007.1,7.3,220,43.1,18.1,369.0,6.1,15.1,63.0
2025-09-11T12:00,26.8,87,0.3,1006.9,10.2,221,35.9,15.2,320.0,4.9,14.1,67.0
2025-09-11T13:00,27.2,84,0.2,1006.4,10.9,218,30.6,13.4,307.0,4.6,12.9,68.0
2025-09-11T14:00,27.3,82,0.2,1005.8,12.0,217,28.6,13.4,306.0,4.9,12.3,67.0
2025-09-11T15:00,27.4,82,0.1,1005.4,12.5,213,28.3,13.7,306.0,4.8,12.6,65.0
2025-09-11T16:00,27.6,81,0.1,1005.1,13.0,222,29.7,13.9,317.0,5.3,13.4,61.0
2025-09-11T17:00,27.7,80,0.0,1005.1,13.4,230,21.3,11.2,345.0,8.7,13.8,55.0
2025-09-11T18:00,27.4,84,0.1,1005.2,12.5,233,21.5,11.5,411.0,15.3,13.9,44.0
2025-09-11T19:00,26.9,86,0.0,1005.5,11.9,231,22.6,13.6,494.0,24.4,14.0,28.0
2025-09-11T20:00,26.7,87,0.0,1005.9,11.9,228,25.4,15.8,541.0,30.9,13.9,17.0
2025-09-11T21:00,26.8,87,0.0,1006.7,11.2,229,27.3,16.7,523.0,32.6,13.4,13.0
2025-09-11T22:00,26.8,87,0.0,1006.9,10.8,232,28.8,17.2,468.0,31.6,12.6,13.0
2025-09-11T23:00,26.7,87,0.0,1006.6,10.8,238,29.6,17.2,405.0,29.5,11.6,15.0
2025-09-12T00:00,26.5,88,0.0,1006.6,10.3,243,29.2,16.4,334.0,26.0,10.4,18.0
2025-09-12T01:00,26.4,89,0.0,1006.3,10.3,241,27.8,15.1,256.0,21.2,9.0,22.0
2025-09-12T02:00,26.1,89,0.0,1005.9,11.0,240,26.2,13.8,197.0,17.2,8.0,25.0
2025-09-12T03:00,25.9,91,0.1,1005.7,10.4,247,25.3,12.7,165.0,14.5,7.6,27.0
2025-09-12T04:00,25.7,92,0.1,1005.7,9.9,251,23.1,11.9,152.0,12.5,7.5,29.0
2025-09-12T05:00,25.5,93,0.1,1005.8,10.0,257,22.4,11.5,169.0,11.8,8.1,30.0
2025-09-12T06:00,26.0,91,0.0,1006.2,9.4,253,22.2,11.6,242.0,12.7,9.5,30.0
2025-09-12T07:00,26.1,91,0.0,1006.9,8.6,254,24.6,13.6,343.0,13.9,11.4,31.0
2025-09-12T08:00,26.8,86,0.1,1007.4,10.4,253,27.4,13.7,400.0,13.9,13.0,34.0
2025-09-12T09:00,27.5,81,0.2,1008.0,11.9,248,28.2,13.5,367.0,11.6,14.1,42.0
2025-09-12T10:00,28.1,78,0.2,1008.3,12.9,240,27.9,13.2,290.0,8.1,15.0,53.0
2025-09-12T11:00,28.5,76,0.3,1008.4,13.6,235,27.4,13.2,232.0,5.4,15.3,62.0
2025-09-12T12:00,28.8,75,0.2,1007.8,14.3,233,27.0,13.2,218.0,4.2,14.6,66.0
2025-09-12T13:00,28.6,76,0.1,1007.3,14.4,230,26.4,13.0,224.0,3.8,13.3,68.0
2025-09-12T14:00,28.6,76,0.1,1006.8,14.2,231,26.4,12.9,238.0,4.0,12.5,67.0
2025-09-12T15:00,28.7,75,0.0,1006.0,13.7,231,26.8,12.9,253.0,4.0,12.7,64.0
2025-09-12T16:00,28.4,77,0.0,1005.9,12.9,235,27.3,13.1,276.0,4.7,13.3,59.0
2025-09-12T17:00,28.1,78,0.0,1005.7,12.1,242,25.0,12.5,325.0,8.0,13.7,52.0
2025-09-12T18:00,27.9,80,0.0,1006.3,10.2,242,25.5,13.4,432.0,16.7,14.2,39.0
2025-09-12T19:00,27.2,84,0.0,1006.5,9.7,241,26.5,17.0,564.0,28.7,14.9,22.0
2025-09-12T20:00,27.0,85,0.0,1007.0,8.7,240,27.8,19.0,640.0,37.2,15.2,9.0
2025-09-12T21:00,26.9,86,0.0,1007.7,9.0,239,28.1,19.5,618.0,39.5,14.7,5.0
2025-09-12T22:00,26.8,87,0.0,1007.9,8.8,242,27.9,19.4,540.0,38.5,13.8,6.0
2025-09-12T23:00,26.6,88,0.0,1007.9,8.2,255,27.5,18.8,455.0,35.8,12.7,8.0
2025-09-13T00:00,26.5,88,0.0,1007.8,8.2,262,26.5,17.5,368.0,31.3,11.2,12.0
2025-09-13T01:00,26.3,89,0.0,1007.3,8.8,266,25.1,15.9,275.0,25.2,9.4,18.0
2025-09-13T02:00,26.2,88,0.0,1006.7,8.7,265,23.8,14.5,205.0,20.1,8.1,22.0
2025-09-13T03:00,26.0,89,0.0,1006.5,8.5,272,22.7,13.4,167.0,17.1,7.4,24.0
2025-09-13T04:00,25.9,89,0.0,1006.6,8.6,272,21.7,12.7,154.0,15.1,7.1,25.0
2025-09-13T05:00,25.8,89,0.0,1006.9,8.5,269,20.1,11.9,172.0,13.5,7.7,27.0
2025-09-13T06:00,26.2,87,0.0,1007.3,7.9,269,20.1,11.9,251.0,14.0,9.6,28.0
2025-09-13T07:00,26.2,88,0.0,1008.0,7.3,286,22.6,14.4,361.0,14.5,12.3,29.0
2025-09-13T08:00,27.1,84,0.0,1008.3,8.3,276,24.3,13.4,421.0,14.1,14.5,33.0
2025-09-13T09:00,28.2,76,0.0,1008.6,9.7,259,23.4,12.5,380.0,11.7,15.7,42.0
2025-09-13T10:00,29.0,72,0.0,1008.9,10.8,246,25.8,13.2,290.0,8.4,16.3,53.0
2025-09-13T11:00,29.3,71,0.0,1008.7,11.9,236,25.8,13.2,223.0,5.8,16.5,62.0
2025-09-13T12:00,29.2,73,0.0,1008.4,13.3,229,26.5,13.4,208.0,4.6,15.9,68.0
2025-09-13T13:00,29.3,72,0.0,1007.8,13.9,227,25.4,13.1,216.0,4.1,14.8,72.0
2025-09-13T14:00,29.3,72,0.0,1007.3,13.5,228,26.0,13.2,235.0,4.2,14.0,73.0
2025-09-13T15:00,29.2,71,0.0,1006.6,13.4,230,26.7,13.1,261.0,4.4,14.1,69.0
2025-09-13T16:00,28.8,74,0.0,1006.2,13.6,236,23.2,11.9,298.0,5.2,14.5,62.0
2025-09-13T17:00,28.3,76,0.0,1006.1,13.3,240,24.6,12.7,342.0,8.5,15.8,55.0
2025-09-13T18:00,28.3,78,0.0,1006.3,10.7,237,22.1,12.3,407.0,16.5,15.7,43.0
2025-09-13T19:00,27.5,83,0.0,1006.6,10.5,243,22.0,15.0,480.0,27.5,15.5,26.0
2025-09-13T20:00,27.2,85,0.0,1006.8,10.7,237,22.1,15.7,513.0,34.6,15.0,14.0
2025-09-13T21:00,27.0,86,0.0,1007.4,11.5,238,21.5,15.3,479.0,34.5,13.9,13.0
2025-09-13T22:00,26.8,86,0.0,1007.8,11.7,241,21.0,14.8,406.0,30.6,12.4,16.0
2025-09-13T23:00,26.7,87,0.0,1007.9,11.5,243,20.3,13.9,333.0,26.1,11.0,21.0
2025-09-14T00:00,26.6,87,0.0,1007.7,11.3,253,19.3,12.8,266.0,21.4,9.5,25.0
2025-09-14T01:00,26.5,87,0.0,1007.6,10.8,259,18.3,11.6,199.0,16.2,8.1,30.0
2025-09-14T02:00,26.3,88,0.0,1007.1,10.6,266,17.8,10.8,152.0,12.0,7.1,34.0
2025-09-14T03:00,26.2,88,0.0,1006.8,11.0,273,17.8,10.4,130.0,9.5,6.8,36.0
2025-09-14T04:00,26.1,88,0.0,1006.8,10.3,272,18.3,10.4,127.0,8.1,6.9,37.0
2025-09-14T05:00,26.0,89,0.0,1006.8,11.4,275,18.1,10.4,151.0,7.9,7.5,38.0
2025-09-14T06:00,26.7,88,0.0,1007.0,10.6,279,19.2,10.9,226.0,9.7,8.7,37.0
2025-09-14T07:00,26.6,88,0.0,1007.3,9.4,283,21.4,13.0,328.0,12.1,10.5,35.0
2025-09-14T08:00,27.2,86,0.1,1007.7,11.3,278,24.5,14.0,384.0,13.1,12.0,36.0
2025-09-14T09:00,28.2,80,0.0,1008.4,12.5,264,26.3,14.0,350.0,11.3,13.2,43.0
2025-09-14T10:00,28.9,74,0.0,1008.6,14.2,255,26.6,13.7,272.0,8.1,14.1,52.0
2025-09-14T11:00,29.2,73,0.1,1008.1,16.0,256,26.8,13.7,213.0,5.6,14.6,60.0
2025-09-14T12:00,29.5,71,0.1,1007.9,16.0,249,26.1,13.5,201.0,4.5,14.3,65.0
2025-09-14T13:00,29.6,71,0.0,1007.3,17.1,245,24.3,12.8,210.0,4.1,13.6,67.0
2025-09-14T14:00,29.4,73,0.0,1006.6,17.0,247,23.5,12.7,222.0,4.3,12.9,67.0
2025-09-14T15:00,29.2,73,0.0,1005.9,16.4,251,23.2,12.5,232.0,5.1,12.5,63.0
2025-09-14T16:00,28.7,74,0.0,1005.4,16.8,260,21.4,11.9,246.0,6.6,12.2,56.0
2025-09-14T17:00,28.4,76,0.0,1005.4,15.9,264,19.0,10.6,264.0,8.9,12.7,50.0
2025-09-14T18:00,28.3,79,0.0,1005.9,13.3,249,20.5,11.8,293.0,14.0,12.4,42.0
2025-09-14T19:00,27.6,83,0.0,1006.5,13.6,244,18.9,12.9,326.0,21.0,12.1,30.0
2025-09-14T20:00,27.2,84,0.0,1006.9,15.2,243,19.6,13.5,339.0,25.2,11.5,23.0
2025-09-14T21:00,27.1,83,0.0,1007.5,15.1,242,20.9,13.9,317.0,24.2,10.7,23.0
2025-09-14T22:00,26.9,84,0.0,1007.8,15.2,248,22.2,14.2,276.0,20.5,9.7,26.0
2025-09-14T23:00,26.8,84,0.0,1007.6,16.2,258,22.9,14.1,234.0,16.6,8.8,30.0
2025-09-15T00:00,26.6,85,0.0,1007.4,16.4,265,22.6,13.4,194.0,13.1,7.9,33.0
2025-09-15T01:00,26.5,85,0.0,1006.8,16.0,269,21.5,12.3,154.0,9.6,7.1,37.0
2025-09-15T02:00,26.4,85,0.0,1006.2,15.7,273,22.7,12.3,126.0,6.9,6.5,39.0
2025-09-15T03:00,26.3,84,0.0,1005.7,15.5,274,21.0,11.4,109.0,5.6,6.2,40.0
2025-09-15T04:00,26.3,85,0.0,1005.7,15.3,271,19.5,10.7,105.0,5.1,6.1,39.0
2025-09-15T05:00,26.2,86,0.0,1005.9,14.8,271,18.5,10.2,130.0,5.5,6.7,39.0
2025-09-15T06:00,26.8,85,0.0,1005.6,13.9,264,19.6,10.6,217.0,7.2,7.6,38.0
2025-09-15T07:00,27.0,84,0.0,1005.7,14.3,265,21.5,12.1,333.0,9.5,8.7,37.0
2025-09-15T08:00,27.7,80,0.0,1006.1,17.9,264,27.6,14.2,398.0,10.6,9.7,38.0
2025-09-15T09:00,28.0,78,0.1,1006.6,20.3,263,25.8,12.8,362.0,9.3,10.2,43.0
2025-09-15T10:00,28.0,79,0.0,1006.7,21.8,262,27.0,13.0,276.0,6.7,10.5,50.0
2025-09-15T11:00,28.3,78,0.1,1006.4,21.3,261,27.6,13.0,210.0,4.8,10.7,55.0
2025-09-15T12:00,28.6,76,0.1,1005.7,20.8,258,29.0,13.5,190.0,4.1,10.7,58.0
2025-09-15T13:00,28.7,76,0.1,1004.9,21.4,255,27.6,13.6,190.0,4.0,10.5,60.0
2025-09-15T14:00,28.8,76,0.1,1004.0,21.1,256,28.2,13.6,202.0,4.4,10.3,59.0
2025-09-15T15:00,28.6,76,0.0,1003.3,20.2,256,28.9,13.9,231.0,5.3,10.2,55.0
2025-09-15T16:00,28.2,78,0.0,1003.2,20.0,252,26.4,13.2,272.0,6.7,10.1,50.0
2025-09-15T17:00,27.9,79,0.0,1003.0,18.7,254,34.0,16.4,303.0,8.8,10.4,45.0
2025-09-15T18:00,28.1,83,0.0,1003.3,16.7,258,28.5,16.2,316.0,13.2,10.3,38.0
2025-09-15T19:00,27.6,84,0.0,1003.7,15.7,250,29.3,17.8,318.0,19.1,10.1,30.0
2025-09-15T20:00,27.4,85,0.0,1004.4,15.7,248,26.8,17.2,308.0,22.5,9.8,24.0
2025-09-15T21:00,27.2,85,0.0,1005.4,15.9,252,24.6,16.1,282.0,21.2,9.3,25.0
2025-09-15T22:00,26.9,87,0.0,1005.7,16.1,256,23.3,15.0,245.0,17.5,8.7,28.0
2025-09-15T23:00,26.8,86,0.0,1005.3,15.2,254,22.3,14.1,209.0,13.9,8.0,32.0
2025-09-16T00:00,26.8,86,0.0,1004.8,15.6,259,21.4,13.0,175.0,11.0,7.2,35.0
2025-09-16T01:00,26.7,86,0.0,1004.2,15.7,261,21.1,12.1,142.0,8.3,6.4,37.0
2025-09-16T02:00,26.8,87,0.0,1003.8,15.6,263,20.7,11.5,120.0,6.3,5.9,39.0
2025-09-16T03:00,26.6,88,0.0,1003.4,15.9,267,20.2,11.1,103.0,5.3,5.7,40.0
2025-09-16T04:00,26.6,89,0.0,1003.1,15.5,269,20.3,11.1,96.0,5.0,5.8,40.0
2025-09-16T05:00,26.5,89,0.1,1003.0,15.1,272,22.7,11.5,123.0,5.6,6.2,41.0
2025-09-16T06:00,27.3,85,0.0,1003.4,14.1,265,22.8,12.0,222.0,8.2,7.0,39.0
2025-09-16T07:00,27.3,86,0.1,1004.0,13.3,261,25.8,14.0,354.0,11.7,8.1,36.0
2025-09-16T08:00,27.7,84,0.1,1004.4,14.9,262,33.9,16.1,427.0,13.5,9.2,35.0
2025-09-16T09:00,28.3,78,0.0,1005.1,16.7,259,46.2,18.0,382.0,12.1,10.4,39.0
2025-09-16T10:00,28.7,76,0.0,1005.1,18.0,256,46.9,18.0,278.0,9.1,11.5,46.0
2025-09-16T11:00,29.0,76,0.2,1004.8,19.0,251,43.3,17.2,201.0,6.7,12.2,52.0
2025-09-16T12:00,29.1,76,0.2,1004.3,17.7,246,46.2,17.5,183.0,5.7,12.1,55.0
2025-09-16T13:00,29.1,76,0.1,1003.3,18.6,243,48.1,17.5,191.0,5.3,11.5,56.0
2025-09-16T14:00,29.0,77,0.0,1002.6,18.8,241,56.3,18.7,212.0,5.6,11.1,56.0
2025-09-16T15:00,28.8,78,0.0,1002.1,18.1,239,59.5,19.9,247.0,6.3,11.0,54.0
2025-09-16T16:00,28.6,77,0.1,1002.0,18.0,232,51.3,18.6,295.0,7.6,11.1,50.0
2025-09-16T17:00,28.1,80,0.0,1002.1,16.8,225,51.1,20.2,335.0,9.4,11.7,47.0
2025-09-16T18:00,28.0,85,0.0,1003.0,12.9,235,43.3,20.1,364.0,15.3,11.7,39.0
2025-09-16T19:00,27.5,87,0.0,1003.1,12.4,236,39.1,21.9,385.0,23.4,11.6,28.0
2025-09-16T20:00,27.4,87,0.0,1003.8,11.8,241,37.4,22.3,395.0,28.7,11.5,20.0
2025-09-16T21:00,27.4,87,0.0,1004.7,11.1,247,35.7,21.8,392.0,28.7,11.4,19.0
2025-09-16T22:00,27.4,88,0.0,1005.5,11.1,254,35.0,21.4,377.0,25.9,11.2,22.0
2025-09-16T23:00,27.1,89,0.0,1005.3,11.3,256,34.5,20.9,349.0,22.8,10.8,25.0
2025-09-17T00:00,26.9,89,0.0,1005.0,10.9,253,34.5,20.4,300.0,20.0,10.1,27.0
2025-09-17T01:00,26.6,91,0.0,1004.6,9.9,249,34.5,19.6,238.0,16.9,9.2,30.0
2025-09-17T02:00,26.5,92,0.1,1004.4,9.7,251,34.7,18.7,190.0,14.3,8.6,32.0
2025-09-17T03:00,26.4,92,0.2,1004.3,9.2,258,35.6,17.9,159.0,12.4,8.2,33.0
2025-09-17T04:00,26.3,93,0.1,1004.2,8.7,262,37.4,17.3,141.0,11.0,8.0,34.0
2025-09-17T05:00,26.2,93,0.0,1004.3,8.3,264,36.1,16.8,156.0,10.7,8.4,34.0
2025-09-17T06:00,26.7,90,0.0,1004.5,8.6,262,38.0,17.1,235.0,12.2,9.9,34.0
2025-09-17T07:00,26.7,90,0.0,1004.9,8.5,269,43.5,19.4,347.0,14.2,12.1,34.0
2025-09-17T08:00,27.9,81,0.0,1005.3,9.6,267,50.2,19.7,411.0,14.9,14.1,37.0
2025-09-17T09:00,28.8,75,0.1,1006.1,10.9,258,61.9,20.6,380.0,13.0,15.8,45.0
2025-09-17T10:00,29.1,73,0.0,1006.2,11.6,249,80.1,22.5,301.0,9.9,17.4,55.0
2025-09-17T11:00,29.2,74,0.0,1006.1,11.8,244,84.1,23.7,243.0,7.5,18.3,63.0
2025-09-17T12:00,29.5,73,0.1,1005.8,11.4,241,89.6,25.4,230.0,6.6,18.2,67.0
2025-09-17T13:00,29.6,73,0.0,1005.0,10.9,230,86.4,25.1,236.0,6.4,17.4,69.0
2025-09-17T14:00,29.7,73,0.0,1004.1,11.2,217,83.8,25.5,256.0,6.7,16.8,69.0
2025-09-17T15:00,29.6,74,0.0,1003.2,12.2,218,87.3,26.5,284.0,6.6,16.8,68.0
2025-09-17T16:00,29.3,77,0.0,1003.0,13.6,219,85.7,26.2,326.0,7.0,17.0,66.0
2025-09-17T17:00,28.5,80,0.0,1003.1,12.8,212,92.9,29.2,387.0,10.6,19.0,63.0
2025-09-17T18:00,28.1,81,0.0,1003.3,8.9,216,75.4,25.7,495.0,17.9,17.6,49.0
2025-09-17T19:00,27.4,87,0.0,1003.6,8.7,223,58.3,25.1,623.0,28.1,15.6,31.0
2025-09-17T20:00,27.2,88,0.0,1004.0,10.2,194,53.9,25.0,698.0,36.0,14.2,16.0
2025-09-17T21:00,26.8,90,0.0,1005.4,8.0,254,52.5,25.6,685.0,40.1,14.1,9.0
2025-09-17T22:00,26.6,91,0.0,1006.1,7.0,267,52.0,27.3,619.0,41.9,14.5,7.0
2025-09-17T23:00,26.6,91,0.0,1006.1,7.1,264,52.3,28.8,537.0,41.6,14.5,7.0
2025-09-18T00:00,26.4,92,0.0,1005.9,6.8,267,51.2,27.9,436.0,38.3,13.5,10.0
2025-09-18T01:00,26.2,94,0.0,1005.5,7.2,270,49.2,26.0,318.0,32.8,12.1,16.0
2025-09-18T02:00,26.0,95,0.0,1005.0,7.8,266,48.8,23.7,228.0,27.3,10.8,22.0
2025-09-18T03:00,25.9,96,0.0,1004.6,7.9,270,48.0,21.9,178.0,22.0,9.7,26.0
2025-09-18T04:00,25.7,97,0.0,1004.5,8.9,279,46.3,20.7,155.0,16.7,8.7,30.0
2025-09-18T05:00,25.7,96,0.0,1004.6,8.7,288,44.0,18.5,169.0,12.3,9.5,34.0
2025-09-18T06:00,26.2,94,0.0,1005.0,7.2,283,42.5,18.2,252.0,14.0,10.7,33.0
2025-09-18T07:00,26.2,95,0.0,1005.4,7.1,276,45.2,21.0,370.0,16.3,12.3,32.0
2025-09-18T08:00,26.9,91,0.1,1005.8,8.5,268,58.7,21.8,436.0,16.8,14.0,36.0
2025-09-18T09:00,28.0,83,0.1,1006.2,10.7,254,77.8,22.9,392.0,14.0,15.8,48.0
2025-09-18T10:00,28.9,78,0.1,1006.5,12.6,245,88.2,25.4,295.0,9.6,17.5,65.0
2025-09-18T11:00,29.3,75,0.1,1006.2,12.7,240,91.3,26.7,224.0,6.1,18.4,79.0
2025-09-18T12:00,29.6,74,0.0,1005.7,13.2,235,95.7,28.5,210.0,4.5,17.7,87.0
2025-09-18T13:00,29.6,74,0.0,1004.8,13.6,230,98.5,29.0,221.0,3.8,16.2,92.0
2025-09-18T14:00,29.8,73,0.0,1003.9,13.4,223,102.2,29.2,241.0,4.0,15.2,92.0
2025-09-18T15:00,29.3,74,0.0,1003.2,13.4,223,102.9,28.8,259.0,4.5,15.4,87.0
2025-09-18T16:00,29.1,74,0.0,1003.1,12.1,227,103.6,28.3,286.0,5.8,16.0,77.0
2025-09-18T17:00,28.6,76,0.0,1003.1,11.2,228,121.5,32.7,335.0,9.1,17.3,71.0
2025-09-18T18:00,28.3,80,0.0,1003.6,10.7,213,115.3,31.8,435.0,18.2,17.1,55.0
2025-09-18T19:00,27.3,88,0.0,1004.1,8.0,214,95.0,32.8,557.0,30.6,16.8,32.0
2025-09-18T20:00,26.9,92,0.0,1004.7,7.4,194,89.2,33.4,629.0,39.8,16.3,15.0
2025-09-18T21:00,26.8,92,0.0,1005.6,7.0,235,85.4,33.4,615.0,43.0,15.6,9.0
2025-09-18T22:00,26.6,93,0.0,1006.3,7.5,255,82.7,33.3,552.0,43.0,14.8,8.0
2025-09-18T23:00,26.4,94,0.0,1006.4,8.1,275,79.2,32.7,477.0,40.9,13.9,10.0
2025-09-19T00:00,26.5,93,0.0,1006.0,7.9,283,77.5,31.2,391.0,36.1,12.7,14.0
2025-09-19T01:00,26.1,95,0.0,1005.5,8.2,280,77.1,29.0,294.0,29.2,11.5,21.0
2025-09-19T02:00,25.8,96,0.0,1005.0,7.6,277,73.3,27.1,223.0,23.4,10.5,26.0
2025-09-19T03:00,25.7,95,0.0,1005.1,7.0,270,72.4,25.9,191.0,19.7,9.8,29.0
2025-09-19T04:00,25.7,94,0.0,1005.2,6.8,268,70.5,24.9,185.0,17.0,9.4,31.0
2025-09-19T05:00,25.6,93,0.0,1005.4,7.7,269,61.7,22.8,200.0,11.7,9.2,35.0
2025-09-19T06:00,26.2,93,0.0,1005.9,8.2,262,65.0,23.4,254.0,13.7,10.3,34.0
2025-09-19T07:00,26.4,92,0.0,1006.5,8.3,252,70.5,25.6,330.0,16.4,11.9,34.0
2025-09-19T08:00,27.5,81,0.0,1007.3,10.8,242,79.4,26.1,369.0,17.1,13.3,37.0
2025-09-19T09:00,28.3,75,0.0,1008.0,12.6,237,115.7,29.6,334.0,14.0,14.3,48.0
2025-09-19T10:00,28.8,72,0.0,1008.3,13.2,236,115.3,28.3,263.0,9.1,15.0,63.0
2025-09-19T11:00,29.2,70,0.0,1007.9,14.4,236,121.5,29.5,212.0,5.3,15.3,74.0
2025-09-19T12:00,29.1,70,0.1,1007.6,14.8,236,123.4,30.0,207.0,3.9,14.8,78.0
2025-09-19T13:00,28.9,72,0.1,1006.7,14.7,234,120.6,29.6,222.0,3.8,14.0,78.0
2025-09-19T14:00,29.0,71,0.0,1005.7,14.7,233,117.3,29.5,242.0,4.3,13.4,76.0
2025-09-19T15:00,29.3,68,0.0,1004.9,13.6,238,106.6,27.7,255.0,4.7,13.6,72.0
2025-09-19T16:00,29.0,68,0.0,1004.7,13.9,240,103.6,27.0,272.0,5.9,14.0,65.0
2025-09-19T17:00,28.2,76,0.1,1004.5,13.6,241,122.0,30.6,307.0,9.5,16.6,61.0
2025-09-19T18:00,28.0,76,0.0,1005.1,10.9,250,112.7,30.0,383.0,18.6,16.7,47.0
2025-09-19T19:00,27.1,82,0.0,1005.5,8.3,257,85.2,30.2,477.0,31.1,16.9,27.0
2025-09-19T20:00,26.7,86,0.0,1006.1,7.7,240,77.1,30.3,534.0,40.4,17.0,12.0
2025-09-19T21:00,26.6,87,0.0,1006.7,6.6,261,73.3,30.7,529.0,43.7,17.1,6.0
2025-09-19T22:00,26.3,89,0.0,1007.2,7.5,280,71.7,31.8,488.0,43.9,17.0,5.0
2025-09-19T23:00,26.1,90,0.0,1007.1,7.6,278,70.5,32.6,434.0,42.9,16.5,5.0
2025-09-20T00:00,25.9,91,0.0,1006.9,7.9,281,68.9,31.5,365.0,41.2,15.1,6.0
2025-09-20T01:00,25.8,91,0.0,1006.5,7.0,267,67.3,29.7,282.0,38.3,13.2,9.0
2025-09-20T02:00,25.6,92,0.0,1006.0,7.8,263,66.1,27.6,219.0,34.3,11.6,13.0
2025-09-20T03:00,25.6,92,0.0,1005.6,8.1,269,68.7,25.3,182.0,28.1,10.5,19.0
2025-09-20T04:00,25.5,92,0.0,1005.7,9.0,265,69.2,24.0,163.0,20.8,9.7,26.0
2025-09-20T05:00,25.5,92,0.1,1005.9,8.9,257,61.9,21.6,172.0,12.8,8.4,33.0
2025-09-20T06:00,26.4,94,0.1,1006.3,9.6,262,59.6,21.0,233.0,13.8,9.4,33.0
2025-09-20T07:00,26.4,93,0.1,1007.1,9.0,258,67.1,23.1,320.0,14.9,10.9,33.0
2025-09-20T08:00,27.2,84,0.0,1007.7,10.4,250,72.9,24.0,368.0,14.9,12.3,36.0
2025-09-20T09:00,28.4,74,0.0,1008.3,12.6,237,81.3,24.3,334.0,12.5,13.6,44.0
2025-09-20T10:00,28.9,71,0.0,1008.6,13.5,239,85.4,24.5,260.0,8.8,14.8,55.0
2025-09-20T11:00,28.9,71,0.2,1008.3,14.2,237,90.8,26.1,205.0,6.0,15.4,63.0
2025-09-20T12:00,29.3,70,0.1,1007.8,15.2,236,88.2,25.7,194.0,4.7,15.1,68.0
2025-09-20T13:00,29.4,69,0.0,1006.9,15.4,240,92.2,27.1,202.0,4.3,14.2,70.0
2025-09-20T14:00,29.6,68,0.0,1006.0,15.2,243,117.6,33.3,217.0,4.5,13.5,70.0
2025-09-20T15:00,29.4,68,0.0,1005.4,15.2,246,88.2,26.2,233.0,4.9,13.3,67.0
2025-09-20T16:00,29.1,70,0.0,1005.0,15.0,251,88.2,25.8,256.0,5.9,13.3,61.0
2025-09-20T17:00,28.4,73,0.0,1004.9,14.2,261,88.7,25.7,296.0,9.3,14.8,54.0
2025-09-20T18:00,28.1,76,0.0,1005.1,13.0,260,85.9,25.7,374.0,17.2,14.9,43.0
2025-09-20T19:00,27.3,81,0.0,1005.8,10.3,248,72.6,27.0,469.0,28.1,15.1,27.0
2025-09-20T20:00,26.9,84,0.0,1006.1,9.4,238,71.5,28.5,525.0,36.3,15.0,15.0
2025-09-20T21:00,26.7,84,0.0,1006.5,9.7,236,71.2,29.1,513.0,39.6,14.6,10.0
2025-09-20T22:00,26.5,84,0.0,1007.3,9.7,258,70.8,29.5,461.0,40.1,14.1,10.0
2025-09-20T23:00,26.4,84,0.0,1007.1,9.4,263,70.3,29.8,400.0,38.7,13.3,11.0
2025-09-21T00:00,26.1,85,0.0,1007.1,9.4,274,69.6,29.2,329.0,34.8,12.1,15.0
2025-09-21T01:00,26.0,85,0.0,1006.8,7.8,262,68.0,27.4,249.0,29.0,10.8,20.0
2025-09-21T02:00,25.8,85,0.0,1006.2,8.9,263,67.1,25.6,188.0,23.7,9.7,25.0
2025-09-21T03:00,25.7,86,0.0,1006.1,8.8,266,65.2,24.1,154.0,19.4,9.1,29.0
2025-09-21T04:00,25.5,87,0.0,1006.0,9.2,274,64.5,22.9,140.0,15.7,8.8,32.0
2025-09-21T05:00,25.3,88,0.0,1006.4,9.4,282,52.2,19.8,156.0,10.2,7.9,36.0
2025-09-21T06:00,26.0,87,0.0,1006.2,9.9,285,54.9,20.3,230.0,12.1,9.2,35.0
2025-09-21T07:00,26.0,87,0.0,1006.7,8.6,278,61.2,22.4,333.0,14.5,11.1,34.0
2025-09-21T08:00,27.0,81,0.0,1007.1,9.2,274,69.8,23.5,389.0,15.4,12.8,36.0
2025-09-21T09:00,28.2,73,0.0,1007.7,11.4,267,87.1,24.9,349.0,13.1,14.4,44.0
2025-09-21T10:00,29.2,68,0.0,1007.5,13.2,260,90.1,25.7,262.0,9.3,15.8,56.0
2025-09-21T11:00,30.0,63,0.0,1007.4,14.3,252,91.7,26.5,196.0,6.4,16.5,64.0
2025-09-21T12:00,30.0,63,0.0,1006.7,15.7,250,89.6,26.2,180.0,5.4,16.0,66.0
2025-09-21T13:00,29.5,64,0.0,1006.0,15.2,251,88.7,26.3,185.0,5.4,14.7,65.0
2025-09-21T14:00,30.2,61,0.0,1005.3,15.6,249,81.3,24.6,197.0,5.7,13.7,63.0
2025-09-21T15:00,30.1,60,0.0,1004.7,15.9,250,78.0,23.5,211.0,5.7,13.2,61.0
2025-09-21T16:00,29.7,61,0.0,1004.7,16.5,250,78.2,23.5,231.0,6.1,12.8,59.0
2025-09-21T17:00,28.5,68,0.0,1004.6,16.6,252,73.6,21.8,259.0,8.5,13.3,56.0
2025-09-21T18:00,27.8,72,0.0,1005.0,15.5,258,68.7,21.4,306.0,15.6,13.6,46.0
2025-09-21T19:00,27.3,76,0.0,1005.2,13.7,261,58.9,23.1,360.0,25.3,13.9,32.0
2025-09-21T20:00,27.0,79,0.0,1005.5,11.0,252,57.7,24.5,389.0,32.2,13.9,22.0
2025-09-21T21:00,26.7,80,0.0,1006.1,10.1,260,56.8,24.8,375.0,34.1,13.5,19.0
2025-09-21T22:00,26.6,80,0.0,1006.7,10.8,269,55.8,24.9,335.0,33.1,12.8,20.0
2025-09-21T23:00,26.4,81,0.0,1006.8,11.2,270,54.2,24.5,291.0,30.6,11.9,23.0
2025-09-22T00:00,26.3,82,0.0,1006.7,10.6,261,52.2,23.2,244.0,26.0,10.7,27.0
2025-09-22T01:00,26.1,82,0.0,1006.6,10.0,252,49.0,21.2,192.0,19.8,9.2,33.0
2025-09-22T02:00,25.9,83,0.0,1006.0,10.6,256,46.4,19.6,155.0,14.8,8.2,38.0
2025-09-22T03:00,25.9,83,0.0,1005.8,10.9,264,44.5,18.6,135.0,11.8,7.7,40.0
2025-09-22T04:00,25.8,84,0.0,1006.0,10.3,276,43.0,17.9,129.0,10.0,7.7,42.0
2025-09-22T05:00,25.6,85,0.0,1006.2,10.5,275,43.5,17.6,146.0,7.8,7.8,44.0
2025-09-22T06:00,26.7,81,0.0,1006.0,11.6,274,45.2,18.0,209.0,10.1,8.8,42.0
2025-09-22T07:00,26.8,80,0.0,1006.8,11.2,271,47.5,19.6,294.0,13.1,10.1,40.0
2025-09-22T08:00,27.7,74,0.0,1007.2,14.4,271,49.2,20.5,341.0,14.4,11.4,41.0
2025-09-22T09:00,28.5,70,0.1,1007.8,14.8,267,57.4,21.0,310.0,12.5,12.5,48.0
2025-09-22T10:00,29.4,65,0.0,1007.9,14.5,263,62.6,22.1,240.0,8.9,13.6,57.0
2025-09-22T11:00,29.8,62,0.0,1007.7,16.0,258,65.4,23.1,189.0,6.0,14.2,65.0
2025-09-22T12:00,29.9,63,0.0,1007.1,15.8,251,65.0,23.2,179.0,4.7,14.1,69.0
2025-09-22T13:00,30.1,62,0.0,1006.3,15.7,248,64.5,23.3,187.0,4.2,13.6,72.0
2025-09-22T14:00,29.8,65,0.1,1005.9,16.4,240,62.4,23.0,201.0,4.4,13.2,72.0
2025-09-22T15:00,28.9,69,0.0,1005.7,16.5,238,61.0,22.8,220.0,5.0,13.1,69.0
2025-09-22T16:00,29.1,69,0.0,1005.4,16.1,239,57.5,21.9,246.0,6.2,13.0,63.0
2025-09-22T17:00,28.7,69,0.0,1005.4,16.1,240,52.2,19.6,272.0,8.4,13.1,58.0
2025-09-22T18:00,28.5,73,0.0,1005.8,16.3,243,43.7,18.0,304.0,13.0,12.8,50.0
2025-09-22T19:00,27.9,76,0.0,1006.2,13.8,244,35.0,17.6,338.0,19.2,12.4,39.0
2025-09-22T20:00,27.5,78,0.0,1006.5,13.8,244,33.4,17.8,351.0,23.3,11.9,32.0
2025-09-22T21:00,27.2,80,0.0,1007.2,14.5,253,32.5,17.6,332.0,23.5,11.1,31.0
2025-09-22T22:00,27.0,83,0.0,1007.6,13.4,264,31.4,17.1,293.0,21.5,10.2,33.0
2025-09-22T23:00,27.0,82,0.0,1007.7,13.1,268,30.6,16.4,252.0,19.0,9.4,35.0
2025-09-23T00:00,26.8,83,0.0,1007.5,12.3,267,29.3,15.4,212.0,16.0,8.6,38.0
2025-09-23T01:00,26.6,84,0.0,1007.0,11.7,267,28.0,14.3,171.0,12.4,7.9,41.0
2025-09-23T02:00,26.5,85,0.0,1006.8,13.0,272,26.7,13.5,140.0,9.6,7.4,43.0
2025-09-23T03:00,26.2,88,0.1,1006.4,13.0,276,25.6,12.9,120.0,7.9,7.1,44.0
2025-09-23T04:00,26.2,89,0.0,1006.1,12.5,277,24.7,12.4,111.0,7.0,6.9,45.0
2025-09-23T05:00,26.2,89,0.0,1006.2,12.4,278,25.3,12.6,125.0,7.2,7.2,43.0
2025-09-23T06:00,26.5,85,0.0,1006.3,11.0,272,25.8,13.1,185.0,9.1,8.4,42.0
2025-09-23T07:00,26.6,85,0.0,1006.8,11.0,269,28.3,15.3,268.0,11.5,10.0,42.0
2025-09-23T08:00,27.5,79,0.0,1007.2,13.6,264,35.5,16.7,316.0,12.6,11.5,44.0
2025-09-23T09:00,28.7,72,0.0,1007.7,15.1,262,43.3,17.8,292.0,10.8,12.6,51.0
2025-09-23T10:00,29.3,67,0.0,1007.7,16.8,257,49.5,19.5,233.0,7.6,13.5,62.0
2025-09-23T11:00,29.1,69,0.1,1007.6,17.0,248,52.2,20.8,191.0,5.2,13.9,69.0
2025-09-23T12:00,29.3,69,0.2,1007.1,17.9,244,51.3,20.5,188.0,4.3,13.6,71.0
2025-09-23T13:00,29.3,70,0.2,1006.3,18.4,237,51.7,20.7,201.0,4.1,12.8,71.0
2025-09-23T14:00,28.6,74,0.0,1005.6,18.5,237,49.5,20.4,218.0,4.5,12.2,69.0
2025-09-23T15:00,28.8,72,0.1,1005.0,18.7,239,46.8,19.5,234.0,4.8,11.9,66.0
2025-09-23T16:00,28.4,74,0.1,1004.4,19.7,237,43.8,18.6,253.0,5.7,11.8,61.0
2025-09-23T17:00,28.0,76,0.0,1004.3,17.8,246,48.0,21.1,272.0,8.2,12.7,56.0
2025-09-23T18:00,28.3,74,0.0,1004.7,14.7,245,44.1,20.5,296.0,14.8,12.8,46.0
2025-09-23T19:00,27.9,76,0.0,1005.0,13.9,241,39.5,21.8,320.0,23.8,12.9,33.0
2025-09-23T20:00,27.6,77,0.0,1005.6,14.1,242,39.6,22.8,330.0,29.6,12.7,24.0
2025-09-23T21:00,27.4,78,0.0,1006.2,13.5,247,39.0,22.7,320.0,29.4,11.9,23.0
2025-09-23T22:00,27.1,79,0.0,1006.8,13.1,257,39.1,22.4,296.0,25.9,10.7,27.0
2025-09-23T23:00,27.0,79,0.0,1006.4,13.1,254,38.3,21.5,265.0,21.9,9.6,31.0
2025-09-24T00:00,26.9,80,0.0,1006.0,12.5,249,37.4,20.4,222.0,17.7,8.6,35.0
2025-09-24T01:00,26.6,82,0.0,1005.5,12.9,252,36.4,19.3,172.0,12.9,7.6,40.0
2025-09-24T02:00,26.3,84,0.1,1004.9,12.8,256,36.0,18.3,137.0,9.3,7.0,44.0
2025-09-24T03:00,26.1,85,0.0,1004.7,12.9,258,36.1,17.7,121.0,7.3,6.7,46.0
2025-09-24T04:00,26.3,84,0.0,1004.4,12.6,260,37.8,17.9,119.0,6.5,6.8,46.0
2025-09-24T05:00,26.2,85,0.0,1004.4,12.8,261,43.2,19.0,139.0,6.9,7.5,46.0
2025-09-24T06:00,27.4,80,0.0,1004.6,12.0,251,43.3,19.2,201.0,11.1,8.6,42.0
2025-09-24T07:00,27.4,80,0.0,1004.7,12.2,253,45.8,21.1,285.0,16.8,10.1,36.0
2025-09-24T08:00,27.8,77,0.0,1005.3,14.3,256,43.5,22.2,335.0,19.7,11.6,35.0
2025-09-24T09:00,28.1,75,0.0,1005.6,15.6,256,54.5,21.9,316.0,17.2,13.0,41.0
2025-09-24T10:00,28.4,74,0.1,1005.7,15.8,251,58.6,22.1,262.0,11.9,14.3,51.0
2025-09-24T11:00,28.6,75,0.1,1005.5,16.5,242,60.8,22.9,222.0,7.8,15.1,59.0
2025-09-24T12:00,28.9,74,0.4,1004.9,17.3,237,68.7,25.0,214.0,6.6,14.9,61.0
2025-09-24T13:00,28.6,76,0.4,1004.0,17.7,235,82.2,28.9,221.0,6.5,14.0,61.0
2025-09-24T14:00,28.5,76,0.3,1003.0,17.4,232,53.3,20.8,235.0,6.9,13.3,60.0
2025-09-24T15:00,28.9,74,0.1,1002.5,17.1,230,53.4,20.2,256.0,6.8,13.0,58.0
2025-09-24T16:00,28.4,77,0.1,1002.5,16.5,226,56.3,20.8,285.0,7.1,12.7,55.0
2025-09-24T17:00,27.9,80,0.1,1002.6,15.1,232,67.5,23.7,320.0,9.0,13.9,53.0
2025-09-24T18:00,28.1,82,0.2,1002.9,15.5,232,61.2,23.1,373.0,15.4,13.5,43.0
2025-09-24T19:00,27.6,85,0.0,1002.9,13.0,228,51.2,23.9,432.0,24.1,13.0,30.0
2025-09-24T20:00,27.4,84,0.0,1003.4,10.9,230,49.6,24.6,462.0,30.3,12.4,21.0
2025-09-24T21:00,27.3,83,0.0,1004.0,10.1,246,48.9,24.7,442.0,31.7,11.8,18.0
2025-09-24T22:00,27.0,85,0.0,1004.5,10.3,251,48.2,24.6,394.0,30.6,11.2,20.0
2025-09-24T23:00,26.8,86,0.1,1004.4,9.7,255,48.1,24.2,341.0,28.2,10.6,22.0
2025-09-25T00:00,26.6,87,0.0,1004.3,9.3,254,47.3,23.2,286.0,24.3,9.9,26.0
2025-09-25T01:00,26.2,89,0.0,1003.8,8.8,255,46.8,22.2,226.0,19.3,9.1,31.0
2025-09-25T02:00,25.9,90,0.0,1003.5,8.4,260,46.3,21.5,185.0,15.3,8.6,35.0
2025-09-25T03:00,25.7,92,0.0,1003.2,7.2,267,46.2,21.1,167.0,13.3,8.4,36.0
2025-09-25T04:00,25.6,93,0.0,1003.2,6.7,268,46.0,20.8,166.0,12.5,8.4,35.0
2025-09-25T05:00,25.5,93,0.0,1003.4,6.3,267,42.1,19.8,191.0,11.3,8.6,37.0
2025-09-25T06:00,26.1,93,0.0,1003.7,6.9,277,42.1,20.2,268.0,12.9,9.7,37.0
2025-09-25T07:00,26.1,93,0.1,1004.0,7.6,298,46.4,23.0,370.0,14.9,11.4,37.0
2025-09-25T08:00,27.1,87,0.1,1004.8,8.1,291,56.9,24.8,425.0,15.7,13.2,40.0
2025-09-25T09:00,28.6,76,0.0,1005.6,8.8,265,60.5,24.4,386.0,13.9,15.5,47.0
2025-09-25T10:00,29.6,71,0.1,1005.4,10.7,243,63.6,24.3,300.0,10.9,18.1,58.0
2025-09-25T11:00,29.8,70,0.1,1005.5,11.8,234,64.0,25.2,237.0,8.4,19.7,66.0
2025-09-25T12:00,29.7,71,0.0,1005.0,12.2,229,66.1,25.9,227.0,7.0,19.6,72.0
2025-09-25T13:00,29.7,72,0.1,1004.1,13.5,228,64.7,25.6,240.0,6.2,18.5,77.0
2025-09-25T14:00,29.5,73,0.0,1003.2,13.5,228,65.2,25.9,261.0,6.1,17.5,78.0
2025-09-25T15:00,29.6,72,0.0,1002.9,12.9,226,62.6,24.6,284.0,6.4,17.0,74.0
2025-09-25T16:00,29.1,74,0.0,1003.0,13.4,221,59.3,23.3,315.0,7.4,16.7,66.0
2025-09-25T17:00,28.8,75,0.0,1003.3,12.0,229,73.3,28.6,357.0,10.9,17.7,59.0
2025-09-25T18:00,28.7,75,0.0,1004.2,10.1,231,69.2,28.1,418.0,19.3,17.1,46.0
2025-09-25T19:00,27.9,79,0.0,1004.4,8.7,238,60.3,29.2,488.0,31.0,16.4,29.0
2025-09-25T20:00,27.5,82,0.0,1005.0,7.5,233,59.1,30.4,546.0,39.8,15.7,15.0
2025-09-25T21:00,27.2,84,0.0,1005.3,6.8,230,58.3,31.3,586.0,43.3,15.4,9.0
2025-09-25T22:00,27.0,86,0.0,1005.9,6.1,256,58.3,32.0,613.0,44.0,15.2,7.0
2025-09-25T23:00,26.6,87,0.0,1006.0,6.7,286,59.0,33.1,616.0,43.6,14.8,7.0
2025-09-26T00:00,26.2,89,0.0,1006.2,6.0,307,58.0,33.2,589.0,42.5,13.9,7.0
2025-09-26T01:00,26.0,90,0.0,1005.7,5.2,301,56.2,31.7,538.0,40.4,12.7,9.0
2025-09-26T02:00,25.6,92,0.0,1005.5,5.1,309,54.6,30.2,474.0,37.4,11.8,11.0
2025-09-26T03:00,25.4,93,0.0,1005.3,4.9,306,53.6,29.0,372.0,33.0,11.1,14.0
2025-09-26T04:00,25.2,93,0.0,1005.5,4.0,328,53.0,28.4,256.0,27.8,10.6,17.0
2025-09-26T05:00,25.0,94,0.0,1006.0,3.8,349,52.9,27.6,213.0,22.1,9.8,20.0
2025-09-26T06:00,25.9,91,0.0,1006.2,5.0,305,57.7,28.6,324.0,21.8,10.7,21.0
2025-09-26T07:00,26.1,89,0.0,1006.7,5.4,307,60.5,31.0,507.0,21.1,12.2,24.0
2025-09-26T08:00,27.3,81,0.0,1007.3,6.7,306,65.7,31.0,608.0,19.5,14.2,31.0
2025-09-26T09:00,28.8,72,0.0,1007.6,7.7,288,79.6,32.2,534.0,15.9,17.4,45.0
2025-09-26T10:00,30.1,63,0.0,1007.6,6.1,258,73.1,30.3,377.0,11.4,21.2,63.0
2025-09-26T11:00,31.2,57,0.0,1007.3,7.6,225,71.0,30.4,259.0,7.8,23.9,81.0
2025-09-26T12:00,31.7,56,0.0,1006.7,10.8,223,69.8,31.1,230.0,5.9,24.6,100.0
2025-09-26T13:00,31.9,57,0.0,1005.5,12.0,224,69.4,32.2,240.0,5.0,24.2,118.0
2025-09-26T14:00,31.7,58,0.0,1004.7,12.7,226,68.9,33.1,260.0,5.2,23.6,127.0
2025-09-26T15:00,31.0,62,0.0,1004.2,13.3,229,69.4,33.6,280.0,6.2,23.4,122.0
2025-09-26T16:00,30.3,62,0.0,1004.4,12.5,231,66.1,32.2,310.0,8.2,23.0,108.0
2025-09-26T17:00,29.4,65,0.0,1004.6,11.2,233,53.7,27.4,346.0,11.4,23.1,93.0
2025-09-26T18:00,28.2,73,0.0,1005.5,9.2,242,50.1,25.8,391.0,20.1,21.5,71.0
2025-09-26T19:00,27.5,78,0.0,1005.9,8.5,249,45.8,27.0,441.0,32.2,19.2,40.0
2025-09-26T20:00,27.2,80,0.0,1006.7,8.0,252,44.6,26.8,485.0,41.3,17.5,16.0
2025-09-26T21:00,26.9,83,0.0,1007.3,7.4,252,43.4,27.0,534.0,45.2,17.1,7.0
2025-09-26T22:00,26.6,85,0.0,1008.1,6.5,264,43.2,27.8,577.0,46.3,17.2,5.0
2025-09-26T23:00,26.2,87,0.0,1008.2,7.1,291,43.4,28.9,566.0,45.1,16.9,6.0
2025-09-27T00:00,25.7,90,0.0,1008.4,8.7,310,42.0,28.4,451.0,41.2,15.4,9.0
2025-09-27T01:00,25.6,90,0.0,1008.1,9.6,308,38.5,25.1,282.0,35.2,13.5,14.0
2025-09-27T02:00,25.4,91,0.0,1007.5,9.8,316,34.9,21.6,161.0,29.1,11.8,19.0
2025-09-27T03:00,25.2,93,0.0,1007.5,9.0,317,32.8,19.2,126.0,22.7,10.5,24.0
2025-09-27T04:00,25.0,94,0.0,1007.5,8.3,311,32.0,17.9,138.0,16.3,9.5,30.0
2025-09-27T05:00,24.8,95,0.0,1007.8,8.3,311,33.1,17.8,183.0,12.7,9.1,32.0
2025-09-27T06:00,25.4,96,0.0,1008.2,6.5,316,33.9,18.3,290.0,16.1,10.2,29.0
2025-09-27T07:00,25.4,96,0.0,1008.6,6.4,313,38.1,22.6,430.0,20.5,11.8,26.0
2025-09-27T08:00,26.6,89,0.0,1008.9,8.0,304,44.4,24.9,506.0,22.4,14.0,31.0
2025-09-27T09:00,28.4,77,0.0,1009.3,6.4,302,46.8,24.7,456.0,19.3,17.5,50.0
2025-09-27T10:00,30.5,64,0.0,1009.2,6.9,290,42.6,22.9,342.0,13.7,21.6,76.0
2025-09-27T11:00,32.2,54,0.0,1008.7,8.4,279,37.8,21.4,256.0,9.2,24.6,98.0
2025-09-27T12:00,33.3,49,0.0,1007.9,9.6,266,32.6,19.8,231.0,6.8,25.8,115.0
2025-09-27T13:00,33.9,45,0.0,1007.0,10.9,261,33.3,21.4,234.0,5.4,25.9,127.0
2025-09-27T14:00,33.8,46,0.0,1005.9,12.3,255,33.6,22.2,250.0,5.5,25.4,131.0
2025-09-27T15:00,33.1,50,0.0,1005.5,13.2,250,34.0,22.5,280.0,6.9,24.2,122.0
2025-09-27T16:00,32.0,56,0.0,1005.6,12.9,251,33.1,21.7,324.0,9.8,22.4,103.0
2025-09-27T17:00,30.5,65,0.0,1005.8,11.9,252,31.8,21.4,366.0,14.4,23.3,97.0
2025-09-27T18:00,29.0,76,0.0,1006.4,9.6,258,32.4,21.8,411.0,22.4,21.1,73.0
2025-09-27T19:00,27.8,84,0.0,1006.7,8.5,258,33.4,23.9,455.0,33.5,17.9,41.0
2025-09-27T20:00,27.3,88,0.0,1007.3,8.5,265,33.5,23.7,470.0,41.4,15.5,17.0
2025-09-27T21:00,26.9,92,0.0,1007.8,8.2,256,33.5,23.6,438.0,44.0,14.6,9.0
2025-09-27T22:00,26.8,92,0.0,1008.2,8.7,276,33.6,24.1,377.0,43.4,14.4,9.0
2025-09-27T23:00,26.5,93,0.0,1008.1,10.3,286,33.3,24.0,315.0,40.1,13.7,12.0
2025-09-28T00:00,26.1,95,0.0,1007.9,11.8,298,31.1,21.9,253.0,32.5,11.9,19.0
2025-09-28T01:00,26.1,94,0.0,1007.5,10.7,305,28.3,19.2,189.0,22.1,9.6,28.0
2025-09-28T02:00,25.8,95,0.0,1006.8,10.4,304,26.7,17.3,146.0,14.1,7.9,36.0
2025-09-28T03:00,25.6,96,0.0,1006.5,10.0,304,25.4,16.3,132.0,10.5,7.3,39.0
2025-09-28T04:00,25.6,96,0.0,1006.5,10.3,299,24.9,15.8,140.0,9.2,7.4,39.0
2025-09-28T05:00,25.6,95,0.0,1006.6,10.9,297,25.1,16.3,163.0,10.6,8.1,36.0
2025-09-28T06:00,26.4,93,0.0,1007.2,9.2,287,26.0,17.1,216.0,13.7,8.8,33.0
2025-09-28T07:00,26.7,91,0.0,1007.1,10.4,288,29.6,20.5,285.0,17.9,10.0,31.0
2025-09-28T08:00,27.9,83,0.0,1007.4,12.7,295,32.6,21.8,327.0,20.1,12.1,35.0
2025-09-28T09:00,29.5,75,0.0,1007.2,10.7,300,34.5,22.4,316.0,18.5,16.2,51.0
2025-09-28T10:00,31.2,68,0.0,1006.8,10.5,297,35.3,22.6,279.0,14.9,21.3,74.0
2025-09-28T11:00,32.6,62,0.0,1006.3,11.3,295,36.1,23.1,250.0,11.7,24.7,95.0
2025-09-28T12:00,33.5,59,0.0,1005.5,11.7,290,37.8,25.0,241.0,9.2,25.2,114.0
2025-09-28T13:00,33.9,58,0.0,1004.4,12.5,282,39.8,26.5,241.0,7.0,24.1,131.0
2025-09-28T14:00,33.8,58,0.0,1003.4,13.6,275,40.6,26.8,252.0,6.5,22.6,137.0
2025-09-28T15:00,33.1,61,0.0,1002.3,15.0,273,41.8,26.9,281.0,8.3,21.0,126.0
2025-09-28T16:00,32.0,65,0.0,1002.4,14.4,274,44.1,26.3,321.0,11.9,19.1,105.0
2025-09-28T17:00,30.7,71,0.0,1002.4,13.1,269,54.1,29.9,356.0,17.4,18.6,92.0
2025-09-28T18:00,29.5,79,0.0,1002.5,10.6,268,59.1,31.9,389.0,22.2,16.9,72.0
2025-09-28T19:00,28.4,85,0.0,1003.0,8.5,272,66.6,33.2,418.0,28.8,14.4,44.0
2025-09-28T20:00,28.0,87,0.0,1003.6,8.9,294,75.9,33.9,419.0,32.7,12.4,25.0
2025-09-28T21:00,27.6,89,0.0,1004.2,10.1,292,76.4,34.6,371.0,32.0,11.3,21.0
2025-09-28T22:00,27.4,92,0.0,1004.3,13.3,295,72.4,34.5,296.0,28.6,10.7,25.0
2025-09-28T23:00,27.2,93,0.0,1003.6,15.7,295,68.0,32.7,231.0,24.2,9.8,31.0
2025-09-29T00:00,26.8,95,0.0,1002.7,16.5,299,62.4,29.6,190.0,18.4,8.2,37.0
2025-09-29T01:00,26.9,93,0.0,1003.0,13.6,304,60.1,27.2,160.0,11.7,6.5,44.0
2025-09-29T02:00,26.6,93,0.0,1002.5,13.0,309,61.0,26.7,143.0,6.9,5.3,49.0
2025-09-29T03:00,26.4,94,0.0,1002.3,11.3,317,62.2,26.8,122.0,5.1,4.9,49.0
2025-09-29T04:00,26.2,95,0.0,1002.0,11.7,329,61.5,26.8,114.0,5.4,5.2,46.0
2025-09-29T05:00,25.9,97,0.0,1001.9,10.4,324,58.3,25.7,178.0,8.5,6.9,41.0
2025-09-29T06:00,26.1,99,0.0,1002.2,10.1,321,55.1,25.8,399.0,14.7,8.4,35.0
2025-09-29T07:00,26.1,97,0.0,1002.5,9.3,326,52.7,28.2,691.0,23.2,10.5,28.0
2025-09-29T08:00,27.4,87,0.0,1002.7,8.5,325,49.8,31.7,862.0,27.9,12.9,35.0
2025-09-29T09:00,30.3,71,0.0,1003.0,8.6,331,44.4,30.7,793.0,25.7,15.9,70.0
2025-09-29T10:00,33.9,51,0.0,1002.7,9.3,344,37.8,29.4,603.0,19.8,19.2,119.0
2025-09-29T11:00,37.0,37,0.0,1002.1,9.8,354,34.0,27.5,449.0,14.4,20.7,156.0
2025-09-29T12:00,39.3,24,0.0,1000.7,11.7,21,32.2,24.8,382.0,9.7,18.9,169.0
2025-09-29T13:00,40.2,22,0.0,999.5,12.2,46,28.8,22.1,351.0,5.5,15.5,170.0
2025-09-29T14:00,40.2,22,0.0,998.5,9.5,68,25.8,20.4,363.0,4.6,13.3,165.0
2025-09-29T15:00,39.6,24,0.0,998.0,5.9,110,24.4,20.1,425.0,8.3,13.7,155.0
2025-09-29T16:00,38.6,24,0.0,997.7,0.8,243,28.8,23.2,530.0,15.4,15.3,138.0
2025-09-29T17:00,37.7,29,0.0,997.8,3.7,259,29.6,25.3,663.0,17.2,10.8,127.0
2025-09-29T18:00,36.4,31,0.0,998.6,3.6,252,39.7,36.8,865.0,35.3,14.2,97.0
2025-09-29T19:00,35.3,34,0.0,998.9,4.2,282,51.6,47.3,1094.0,60.0,19.0,56.0
2025-09-29T20:00,34.8,35,0.0,999.2,11.8,339,56.5,52.0,1211.0,76.4,22.8,25.0
2025-09-29T21:00,34.3,38,0.0,999.7,11.5,42,56.6,52.2,1114.0,76.3,25.0,16.0
2025-09-29T22:00,32.7,46,0.0,999.8,10.8,85,58.8,53.3,905.0,68.0,26.1,18.0
2025-09-29T23:00,31.2,59,0.0,999.6,9.9,95,56.5,51.5,744.0,61.2,26.0,20.0
2025-09-30T00:00,30.2,67,0.0,1000.1,3.3,99,44.4,39.2,712.0,59.8,23.6,18.0
2025-09-30T01:00,29.3,75,0.0,1000.2,3.1,193,43.0,36.9,729.0,60.0,19.9,15.0
2025-09-30T02:00,28.9,77,0.0,999.8,3.9,313,43.1,37.1,719.0,60.2,17.3,13.0
2025-09-30T03:00,28.7,75,0.0,999.4,6.2,353,40.9,36.0,599.0,60.3,16.8,10.0
2025-09-30T04:00,28.8,73,0.0,999.0,6.9,20,38.9,34.9,451.0,60.5,17.3,7.0
2025-09-30T05:00,28.7,71,0.0,998.7,8.3,33,47.6,42.3,447.0,54.1,16.4,11.0
2025-09-30T06:00,28.3,83,0.0,999.5,7.2,3,43.2,38.0,763.0,54.1,18.1,12.0
2025-09-30T07:00,28.5,79,0.0,1000.1,6.8,11,43.2,36.3,1221.0,53.5,20.5,16.0
2025-09-30T08:00,30.0,67,0.0,1000.6,4.3,22,47.6,36.3,1463.0,48.7,21.4,30.0
2025-09-30T09:00,32.5,54,0.0,1000.9,4.2,36,67.1,30.5,1267.0,35.5,19.9,66.0
2025-09-30T10:00,34.2,50,0.0,1000.5,6.4,72,96.2,31.8,853.0,18.0,17.0,114.0
2025-09-30T11:00,32.3,63,1.1,1000.6,12.2,64,87.8,29.2,526.0,5.4,14.2,146.0
2025-09-30T12:00,34.3,55,0.1,999.7,9.2,62,59.8,22.7,387.0,1.7,11.5,150.0
2025-09-30T13:00,35.5,52,0.0,998.4,11.5,67,40.5,18.9,334.0,2.9,9.0,139.0
2025-09-30T14:00,35.6,50,0.0,997.6,7.8,77,28.1,16.4,361.0,5.2,7.7,128.0
2025-09-30T15:00,32.3,62,0.3,997.6,2.5,159,21.5,15.5,485.0,6.3,8.4,124.0
2025-09-30T16:00,30.0,80,3.7,998.4,12.2,153,17.6,16.1,689.0,8.5,10.5,119.0
2025-09-30T17:00,29.0,82,0.0,998.9,3.3,84,26.3,25.9,922.0,11.8,9.1,108.0
2025-09-30T18:00,29.6,82,0.0,998.9,4.7,99,26.1,25.9,1251.0,20.9,10.5,91.0
2025-09-30T19:00,29.6,78,0.0,998.9,8.8,79,30.5,30.4,1609.0,33.2,12.4,67.0
2025-09-30T20:00,29.2,76,0.0,999.7,11.3,70,32.5,32.4,1745.0,40.8,13.5,50.0
2025-09-30T21:00,28.9,76,0.0,999.9,12.0,73,32.1,32.0,1465.0,39.4,13.0,47.0
2025-09-30T22:00,28.6,77,0.0,1000.1,11.6,77,30.6,30.5,964.0,33.2,11.8,50.0
2025-09-30T23:00,28.3,78,0.0,1000.4,11.0,88,28.8,28.7,576.0,27.3,10.5,53.0
2025-10-01T00:00,27.9,80,0.0,1000.4,9.4,83,27.0,26.9,449.0,23.0,9.4,53.0
2025-10-01T01:00,27.6,82,0.0,1000.3,7.2,39,24.9,24.8,436.0,18.9,8.3,53.0
2025-10-01T02:00,27.3,85,0.0,999.8,8.3,360,23.2,23.1,424.0,16.2,7.7,51.0
2025-10-01T03:00,27.1,86,0.0,999.6,8.4,7,22.2,22.1,349.0,15.2,8.0,47.0
2025-10-01T04:00,27.0,87,0.0,999.2,8.4,15,21.7,21.7,277.0,15.6,8.8,42.0
2025-10-01T05:00,26.8,87,0.0,999.8,8.8,23,18.9,18.8,290.0,14.0,9.1,44.0
2025-10-01T06:00,26.7,87,0.0,1000.4,8.3,44,19.4,19.3,490.0,18.1,10.0,41.0
2025-10-01T07:00,26.8,87,0.0,1001.0,8.7,52,22.4,22.2,775.0,23.5,11.3,37.0
2025-10-01T08:00,27.8,83,0.0,1001.2,7.7,53,22.3,22.2,928.0,25.4,12.3,43.0
2025-10-01T09:00,29.3,74,0.0,1001.4,9.9,53,15.0,14.8,813.0,20.3,12.7,68.0
2025-10-01T10:00,30.8,66,0.0,1001.2,11.3,59,12.5,11.7,565.0,11.7,12.8,102.0
2025-10-01T11:00,31.5,61,0.0,1001.6,13.7,63,12.9,11.0,377.0,5.2,12.4,127.0
2025-10-01T12:00,32.1,59,0.0,1001.0,13.3,65,12.5,10.4,319.0,3.1,11.1,135.0
2025-10-01T13:00,32.9,54,0.1,1000.0,13.5,65,11.5,9.7,320.0,3.1,9.2,134.0
2025-10-01T14:00,33.3,54,0.1,999.4,13.3,77,10.6,9.2,358.0,3.7,7.8,131.0
2025-10-01T15:00,33.5,53,0.0,998.7,13.0,72,9.9,8.7,434.0,4.2,7.2,128.0
2025-10-01T16:00,33.4,52,0.0,998.6,13.2,68,9.2,8.2,548.0,5.3,7.0,122.0
2025-10-01T17:00,33.5,51,0.1,998.8,12.7,65,17.3,14.5,676.0,7.8,6.5,106.0
2025-10-01T18:00,32.7,55,0.0,999.0,10.1,85,19.0,17.0,840.0,10.6,6.9,95.0
2025-10-01T19:00,31.3,63,0.0,999.6,6.9,96,19.4,17.6,1018.0,14.5,7.5,80.0
2025-10-01T20:00,30.6,67,0.0,1000.6,7.2,108,18.7,17.1,1122.0,17.2,7.9,67.0
2025-10-01T21:00,29.9,69,0.0,1001.6,8.8,101,17.8,16.2,1105.0,17.9,8.2,59.0
2025-10-01T22:00,29.1,73,0.0,1001.8,7.2,117,16.7,15.4,1013.0,17.6,8.3,54.0
2025-10-01T23:00,28.8,75,0.0,1001.6,7.2,102,15.4,14.2,899.0,16.5,8.2,51.0
2025-10-02T00:00,28.7,76,0.0,1001.6,4.5,67,13.9,12.6,761.0,14.3,7.5,51.0
2025-10-02T01:00,28.2,79,0.0,1001.7,6.3,345,12.9,11.3,600.0,11.3,6.6,52.0
2025-10-02T02:00,27.8,80,0.0,1001.8,7.8,352,13.0,11.0,469.0,9.5,6.2,52.0
2025-10-02T03:00,27.5,81,0.0,1001.7,7.4,14,13.4,11.4,352.0,9.5,6.6,48.0
2025-10-02T04:00,27.2,81,0.0,1001.8,7.8,23,13.4,11.5,265.0,10.6,7.6,43.0
2025-10-02T05:00,27.3,79,0.0,1002.2,7.9,41,14.3,12.6,310.0,13.6,8.3,36.0
2025-10-02T06:00,27.4,79,0.0,1002.6,7.9,45,15.2,13.3,638.0,17.5,9.5,35.0
2025-10-02T07:00,27.5,79,0.0,1003.1,8.3,51,18.5,16.4,1097.0,22.7,11.1,34.0
2025-10-02T08:00,28.4,75,0.0,1003.5,7.9,45,21.5,18.4,1333.0,24.4,12.0,40.0
2025-10-02T09:00,30.1,68,0.0,1004.1,9.8,60,21.7,15.1,1116.0,19.4,11.6,60.0
2025-10-02T10:00,31.7,59,0.0,1004.1,11.6,68,19.3,13.1,676.0,10.9,10.5,86.0
2025-10-02T11:00,32.9,53,0.0,1004.4,13.8,74,17.4,12.1,344.0,4.6,9.4,105.0
2025-10-02T12:00,33.4,50,0.0,1003.9,14.9,73,15.9,11.2,262.0,2.7,8.3,111.0
2025-10-02T13:00,33.7,49,0.0,1003.1,16.0,82,14.8,10.3,289.0,2.9,7.2,110.0
2025-10-02T14:00,33.6,48,0.1,1002.3,15.6,79,14.1,9.5,332.0,3.6,6.4,106.0
2025-10-02T15:00,34.1,47,0.0,1001.7,15.1,75,13.2,8.7,361.0,4.3,6.1,101.0
2025-10-02T16:00,34.0,46,0.0,1001.9,16.0,82,12.6,8.4,406.0,5.5,6.2,95.0
2025-10-02T17:00,32.9,51,0.2,1002.3,16.1,100,15.9,10.6,462.0,7.6,6.6,86.0
2025-10-02T18:00,31.1,61,0.0,1002.8,13.0,95,15.5,11.5,548.0,10.8,7.1,77.0
2025-10-02T19:00,30.4,64,0.0,1003.7,12.8,88,16.1,13.4,646.0,15.0,7.9,65.0
2025-10-02T20:00,30.0,68,0.0,1004.2,11.1,83,14.8,12.7,698.0,17.5,8.4,57.0
2025-10-02T21:00,29.6,71,0.0,1004.6,11.2,84,13.3,11.6,672.0,16.6,8.5,56.0
2025-10-02T22:00,29.0,74,0.0,1005.2,11.7,100,12.1,10.7,601.0,14.0,8.3,58.0
2025-10-02T23:00,28.8,76,0.0,1005.9,11.2,111,10.9,9.8,525.0,11.4,8.0,61.0
2025-10-03T00:00,28.6,75,0.0,1005.7,10.4,101,9.4,8.6,450.0,9.3,7.4,63.0
2025-10-03T01:00,28.2,76,0.0,1005.4,9.4,78,8.1,7.5,369.0,7.3,6.6,65.0
2025-10-03T02:00,27.9,78,0.0,1004.9,8.9,47,7.8,7.1,308.0,6.0,6.1,65.0
2025-10-03T03:00,27.6,79,0.0,1005.0,8.3,33,7.6,7.0,259.0,5.7,6.0,63.0
2025-10-03T04:00,27.4,80,0.0,1004.9,8.7,32,7.8,7.1,230.0,6.0,6.3,60.0
2025-10-03T05:00,27.5,81,0.0,1005.3,8.9,43,8.0,7.0,260.0,7.2,6.6,58.0
2025-10-03T06:00,27.4,80,0.0,1005.7,10.3,52,8.2,7.1,419.0,10.4,7.2,53.0
2025-10-03T07:00,27.6,78,0.0,1006.1,11.3,61,9.8,8.3,638.0,14.6,7.9,47.0
2025-10-03T08:00,28.3,75,0.0,1006.7,12.3,63,12.5,9.1,754.0,16.5,8.6,45.0
2025-10-03T09:00,29.6,70,0.0,1007.2,13.5,65,14.0,9.7,663.0,13.9,9.0,53.0
2025-10-03T10:00,29.9,68,0.0,1007.7,15.2,79,14.8,9.3,469.0,9.0,9.4,65.0
2025-10-03T11:00,31.1,60,0.0,1008.1,16.7,91,14.5,9.0,325.0,5.4,9.5,75.0
2025-10-03T12:00,30.9,62,0.0,1007.7,15.0,87,13.9,8.7,291.0,4.4,9.4,79.0
2025-10-03T13:00,31.5,59,0.0,1006.8,17.7,84,12.7,8.0,307.0,4.7,9.1,80.0
2025-10-03T14:00,31.2,60,0.0,1006.2,17.6,90,11.6,7.5,349.0,5.7,8.9,79.0
2025-10-03T15:00,30.7,64,0.1,1006.1,18.7,91,11.1,7.7,421.0,7.4,9.1,77.0
2025-10-03T16:00,28.9,74,0.3,1005.5,15.5,85,11.2,8.1,519.0,9.8,9.5,74.0
2025-10-03T17:00,29.6,67,0.3,1006.2,14.8,94,17.4,11.2,612.0,15.0,9.0,57.0
2025-10-03T18:00,28.9,74,0.1,1006.3,11.8,110,17.7,12.5,706.0,16.5,8.5,52.0
2025-10-03T19:00,28.1,80,0.1,1006.7,11.2,106,17.8,12.7,795.0,18.4,7.8,46.0
2025-10-03T20:00,28.0,81,0.1,1007.3,11.6,94,17.6,12.5,833.0,19.3,7.2,41.0
2025-10-03T21:00,27.7,83,0.1,1007.9,13.3,91,17.4,12.4,793.0,18.4,6.9,39.0
2025-10-03T22:00,27.4,85,0.2,1008.1,13.2,95,17.3,12.4,703.0,16.5,6.8,39.0
2025-10-03T23:00,26.8,92,0.9,1008.8,12.5,113,17.5,12.7,600.0,14.5,6.6,40.0
2025-10-04T00:00,26.3,94,2.1,1008.3,12.9,96,16.9,12.3,481.0,12.3,6.2,41.0
2025-10-04T01:00,26.0,94,1.9,1007.8,13.5,91,16.2,11.7,350.0,9.9,5.9,44.0
2025-10-04T02:00,25.8,93,1.2,1007.3,12.8,92,15.7,11.3,256.0,8.2,5.7,45.0
2025-10-04T03:00,25.8,92,0.8,1007.0,13.4,82,15.4,11.1,192.0,7.2,5.8,45.0
2025-10-04T04:00,25.7,91,0.2,1007.0,11.1,70,15.4,10.9,165.0,6.9,6.2,45.0
2025-10-04T05:00,25.5,93,0.0,1007.8,10.5,59,12.0,9.3,247.0,7.9,6.6,47.0
2025-10-04T06:00,25.7,91,0.2,1008.1,10.3,61,12.5,9.9,564.0,12.5,7.7,42.0
2025-10-04T07:00,25.9,89,0.0,1008.8,9.5,63,15.3,12.4,989.0,18.6,9.3,36.0
2025-10-04T08:00,26.8,85,0.0,1009.1,8.7,66,19.1,13.6,1214.0,21.9,11.0,34.0
2025-10-04T09:00,28.2,76,0.0,1009.7,10.8,86,23.2,14.6,1040.0,19.7,12.9,40.0
2025-10-04T10:00,29.5,71,0.0,1009.6,11.4,102,25.6,14.6,667.0,14.7,14.9,50.0
2025-10-04T11:00,30.0,67,0.0,1009.8,10.6,113,26.6,14.9,380.0,10.6,16.0,59.0
2025-10-04T12:00,31.1,62,0.0,1009.1,10.4,124,26.8,15.0,298.0,8.5,15.3,65.0
2025-10-04T13:00,31.4,60,0.1,1008.1,11.8,140,24.6,13.9,302.0,7.3,13.6,69.0
2025-10-04T14:00,31.2,62,0.2,1007.2,10.4,135,22.4,13.0,329.0,7.1,12.5,70.0
2025-10-04T15:00,31.2,63,0.0,1006.3,9.7,155,20.1,12.0,362.0,7.6,12.7,68.0
2025-10-04T16:00,30.1,71,0.0,1006.1,9.0,186,18.9,11.8,417.0,9.2,13.5,63.0
2025-10-04T17:00,29.1,78,0.0,1006.5,15.1,165,18.7,12.1,478.0,10.2,12.5,66.0
2025-10-04T18:00,28.5,81,0.0,1006.2,14.4,160,19.6,14.6,562.0,19.1,12.7,51.0
2025-10-04T19:00,28.0,85,0.0,1006.9,13.8,160,22.1,17.7,652.0,31.2,13.0,31.0
2025-10-04T20:00,27.9,85,0.0,1007.5,14.0,157,22.5,18.1,686.0,38.9,12.9,17.0
2025-10-04T21:00,27.6,87,0.0,1008.2,13.3,157,22.4,17.8,619.0,38.4,12.3,15.0
2025-10-04T22:00,27.4,88,0.0,1008.2,11.0,154,21.8,17.1,497.0,33.4,11.4,19.0
2025-10-04T23:00,27.1,89,0.0,1007.8,9.9,153,21.1,16.3,389.0,27.9,10.4,24.0
2025-10-05T00:00,27.0,90,0.0,1007.5,11.1,163,19.5,14.9,313.0,22.3,9.1,30.0
2025-10-05T01:00,27.1,88,0.0,1007.5,12.2,179,17.3,13.0,251.0,16.1,7.7,38.0
2025-10-05T02:00,27.2,87,0.0,1007.3,9.5,202,15.8,11.6,225.0,11.8,6.8,43.0
2025-10-05T03:00,27.0,89,0.0,1006.8,7.5,215,15.4,11.2,253.0,10.4,6.5,43.0
2025-10-05T04:00,26.8,90,0.1,1006.6,5.2,243,15.5,11.5,315.0,10.8,6.6,42.0
2025-10-05T05:00,26.5,94,0.0,1006.7,5.7,257,16.5,12.4,376.0,11.2,7.3,44.0
2025-10-05T06:00,26.7,93,0.1,1006.9,6.4,241,18.3,13.8,437.0,13.6,9.5,46.0
2025-10-05T07:00,27.1,90,0.0,1007.4,7.2,242,23.5,18.3,496.0,16.7,12.4,48.0
2025-10-05T08:00,28.1,82,0.1,1007.9,9.7,242,25.0,18.2,512.0,17.7,14.7,54.0
2025-10-05T09:00,29.2,76,0.0,1008.3,10.7,243,24.6,17.1,447.0,14.5,15.7,65.0
2025-10-05T10:00,30.1,70,0.0,1008.2,11.1,241,24.1,16.6,339.0,9.2,16.0,79.0
2025-10-05T11:00,31.1,63,0.0,1008.3,12.6,244,24.4,16.9,257.0,5.2,15.7,89.0
2025-10-05T12:00,31.4,62,0.0,1007.7,14.2,237,22.5,15.5,229.0,3.7,14.6,92.0
2025-10-05T13:00,31.0,61,0.7,1007.1,17.3,232,21.5,14.6,227.0,3.5,13.0,91.0
2025-10-05T14:00,30.4,65,1.0,1006.8,17.6,229,21.1,14.0,236.0,3.9,11.8,88.0
2025-10-05T15:00,30.1,69,0.0,1005.8,16.8,227,21.8,14.0,253.0,4.7,11.5,82.0
2025-10-05T16:00,29.8,70,0.0,1005.2,15.6,232,21.4,13.4,281.0,6.3,11.6,74.0
2025-10-05T17:00,29.6,70,0.0,1005.4,14.7,237,18.2,11.5,309.0,8.7,12.4,67.0
2025-10-05T18:00,28.8,75,0.0,1005.1,14.2,231,19.6,12.3,340.0,13.7,12.0,58.0
2025-10-05T19:00,28.4,78,0.0,1005.3,13.9,223,22.0,15.1,372.0,20.4,11.5,47.0
2025-10-05T20:00,28.2,79,0.0,1005.9,15.8,220,23.5,15.8,380.0,24.5,10.8,39.0
2025-10-05T21:00,28.0,80,0.0,1006.5,18.1,218,23.9,15.7,350.0,23.6,9.9,39.0
2025-10-05T22:00,27.8,81,0.0,1007.5,16.3,234,24.6,15.4,296.0,20.1,8.9,43.0
2025-10-05T23:00,27.8,82,0.0,1007.4,16.5,245,25.7,15.5,247.0,16.5,8.0,47.0
2025-10-06T00:00,27.7,82,0.0,1006.9,16.5,247,27.0,15.7,208.0,13.2,7.3,51.0
2025-10-06T01:00,27.8,81,0.0,1007.0,16.7,250,27.5,15.5,172.0,9.8,6.7,56.0
2025-10-06T02:00,27.6,82,0.0,1006.5,17.2,256,28.0,15.6,148.0,7.2,6.2,59.0
2025-10-06T03:00,27.4,83,0.0,1006.3,17.0,261,28.0,15.7,135.0,5.5,5.8,61.0
2025-10-06T04:00,27.2,84,0.0,1005.8,17.1,263,27.8,15.7,134.0,4.7,5.6,62.0
2025-10-06T05:00,27.3,81,0.0,1005.7,19.0,260,27.0,16.1,151.0,4.6,5.9,64.0
2025-10-06T06:00,27.5,81,0.0,1006.5,19.6,259,28.2,16.3,206.0,7.2,6.8,62.0
2025-10-06T07:00,27.6,80,0.0,1006.8,18.9,256,37.6,18.6,280.0,10.6,8.0,60.0
2025-10-06T08:00,28.5,73,0.0,1007.4,21.6,259,64.5,23.2,323.0,12.3,9.1,63.0
2025-10-06T09:00,29.4,67,0.0,1008.2,21.9,263,125.3,30.5,303.0,10.4,10.0,75.0
2025-10-06T10:00,30.3,61,0.0,1008.4,20.9,267,184.9,39.0,252.0,6.7,10.8,91.0
2025-10-06T11:00,31.0,56,0.0,1008.8,20.6,261,223.1,45.4,215.0,3.9,11.4,105.0
2025-10-06T12:00,31.2,54,0.0,1008.3,21.3,262,243.1,49.9,206.0,3.1,11.6,113.0
2025-10-06T13:00,31.6,51,0.0,1007.5,21.6,260,244.0,51.6,210.0,3.3,11.5,118.0
2025-10-06T14:00,31.8,48,0.0,1006.7,21.9,260,231.0,51.5,227.0,4.2,11.4,119.0
2025-10-06T15:00,31.5,47,0.0,1006.0,20.7,262,209.5,49.9,258.0,6.1,11.4,115.0
2025-10-06T16:00,31.1,51,0.0,1005.5,21.1,253,193.7,49.5,302.0,8.9,11.3,106.0
2025-10-06T17:00,29.8,58,0.0,1005.5,21.0,248,209.1,56.6,353.0,12.7,12.2,97.0
2025-10-06T18:00,28.8,60,0.0,1005.6,19.0,250,185.8,56.5,428.0,14.7,11.0,89.0
2025-10-06T19:00,28.3,68,0.0,1006.1,17.6,244,164.4,51.3,510.0,17.2,9.4,78.0
2025-10-06T20:00,27.9,71,0.0,1007.0,17.0,250,132.7,42.1,539.0,18.3,8.1,68.0
2025-10-06T21:00,27.9,65,0.0,1007.8,17.2,257,98.5,32.8,472.0,16.5,7.4,62.0
2025-10-06T22:00,27.6,68,0.0,1007.9,16.5,254,70.8,25.7,352.0,13.1,7.0,58.0
2025-10-06T23:00,27.3,83,0.0,1008.2,18.2,252,52.9,21.2,252.0,10.1,6.6,55.0
2025-10-07T00:00,27.5,81,0.0,1008.3,17.3,256,42.7,18.5,199.0,7.9,6.1,53.0
2025-10-07T01:00,27.3,81,0.0,1008.0,17.3,265,39.2,16.9,167.0,6.1,5.6,53.0
2025-10-07T02:00,27.1,82,0.1,1007.5,17.8,270,40.7,16.5,147.0,4.9,5.4,53.0
2025-10-07T03:00,27.1,82,0.0,1007.4,17.3,269,45.1,16.8,104.0,4.1,5.3,54.0
2025-10-07T04:00,26.9,82,0.0,1007.0,16.6,274,52.4,18.0,74.0,3.9,5.4,55.0
2025-10-07T05:00,26.7,82,0.0,1007.2,15.8,277,61.5,18.9,160.0,4.8,6.0,54.0
2025-10-07T06:00,26.6,82,0.0,1007.6,13.4,285,64.0,20.5,506.0,10.9,7.3,49.0
2025-10-07T07:00,26.3,82,0.0,1008.3,10.4,291,76.8,25.5,969.0,19.1,9.3,42.0
2025-10-07T08:00,27.2,76,0.0,1009.1,7.8,296,104.5,31.5,1223.0,23.4,11.7,44.0
2025-10-07T09:00,28.9,61,0.0,1009.8,9.7,286,166.7,36.4,1064.0,20.0,14.9,61.0
2025-10-07T10:00,30.2,52,0.0,1010.2,10.5,275,225.4,43.8,695.0,12.6,18.5,87.0
2025-10-07T11:00,31.8,34,0.0,1010.3,3.9,254,253.3,49.0,402.0,6.9,21.0,109.0
2025-10-07T12:00,32.4,32,0.0,1009.7,5.1,238,261.7,52.2,296.0,4.8,21.5,124.0
2025-10-07T13:00,32.6,35,0.0,1009.0,9.0,233,262.6,53.3,265.0,4.4,20.9,134.0
2025-10-07T14:00,32.4,40,0.0,1008.7,12.5,237,260.8,53.4,263.0,4.8,20.2,137.0
2025-10-07T15:00,32.4,37,0.0,1008.2,12.3,238,258.9,52.7,265.0,5.3,19.9,128.0
2025-10-07T16:00,32.0,32,0.0,1007.8,12.5,234,254.3,51.3,296.0,6.7,19.5,111.0
2025-10-07T17:00,30.5,44,0.0,1008.0,12.7,237,245.9,51.3,379.0,10.8,21.0,97.0
2025-10-07T18:00,29.3,52,0.0,1008.4,10.3,243,188.6,46.2,565.0,20.7,19.3,75.0
2025-10-07T19:00,28.3,60,0.0,1008.8,9.1,240,161.1,44.1,803.0,34.3,17.0,44.0
2025-10-07T20:00,27.7,65,0.0,1009.5,8.5,235,142.5,42.3,967.0,45.0,15.3,21.0
2025-10-07T21:00,27.2,68,0.0,1010.1,7.6,242,129.5,41.0,1010.0,49.7,14.9,12.0
2025-10-07T22:00,26.7,73,0.0,1010.2,6.9,245,121.1,40.5,978.0,51.5,15.0,11.0
2025-10-07T23:00,26.4,65,0.0,1010.2,7.5,255,114.8,41.0,885.0,52.2,15.1,10.0
2025-10-08T00:00,26.6,69,0.0,1010.0,9.8,257,115.9,42.1,688.0,52.5,14.7,9.0
2025-10-08T01:00,26.2,79,0.0,1010.1,10.4,270,118.0,42.5,429.0,51.7,14.3,9.0
2025-10-08T02:00,25.8,85,0.0,1009.9,8.1,291,116.9,41.6,250.0,50.4,14.0,9.0
2025-10-08T03:00,25.3,88,0.0,1009.9,5.6,320,114.8,40.7,182.0,48.0,13.8,10.0
2025-10-08T04:00,24.5,91,0.0,1009.7,4.5,2,111.1,39.8,193.0,45.1,13.9,11.0
2025-10-08T05:00,24.0,90,0.0,1010.2,2.9,349,109.0,37.0,328.0,37.5,13.5,16.0
2025-10-08T06:00,24.1,88,0.0,1010.6,4.1,13,109.9,39.7,730.0,39.9,16.0,14.0
2025-10-08T07:00,23.8,87,0.0,1011.3,4.6,39,119.2,50.4,1255.0,42.9,19.7,12.0
2025-10-08T08:00,25.2,78,0.0,1011.9,4.1,41,104.8,46.9,1519.0,41.8,23.4,18.0
2025-10-08T09:00,27.3,70,0.0,1012.7,2.7,20,109.4,32.6,1264.0,33.0,27.6,39.0
2025-10-08T10:00,29.1,59,0.0,1012.7,3.2,313,126.7,33.2,746.0,20.1,31.9,69.0
2025-10-08T11:00,31.0,43,0.0,1012.5,1.9,236,142.5,36.2,353.0,10.3,34.1,96.0
2025-10-08T12:00,32.1,36,0.0,1011.7,4.5,203,149.9,39.9,251.0,6.3,32.5,119.0
2025-10-08T13:00,32.1,40,0.0,1010.6,8.6,211,150.4,41.9,273.0,5.2,28.8,138.0
2025-10-08T14:00,32.1,40,0.0,1009.7,10.9,219,146.2,43.5,304.0,5.5,25.9,149.0
2025-10-08T15:00,30.8,50,0.2,1009.4,13.4,233,141.1,44.0,295.0,6.3,25.5,147.0
2025-10-08T16:00,29.9,56,0.0,1009.2,12.4,240,133.2,43.2,296.0,8.5,25.9,136.0
2025-10-08T17:00,29.9,52,0.0,1009.7,9.0,239,145.3,47.6,337.0,12.4,28.6,139.0
2025-10-08T18:00,28.9,59,0.0,1009.6,8.2,244,118.0,45.5,440.0,23.5,26.1,106.0
2025-10-08T19:00,27.9,67,0.0,1010.0,7.1,263,101.7,42.7,584.0,38.9,22.7,61.0
2025-10-08T20:00,27.3,70,0.0,1010.8,5.6,274,93.4,39.6,736.0,50.6,20.3,26.0
2025-10-08T21:00,26.7,75,0.0,1011.4,4.3,270,90.8,39.2,928.0,55.0,20.1,12.0
2025-10-08T22:00,26.3,77,0.0,1012.0,4.0,288,93.4,41.9,1128.0,55.7,20.9,8.0
2025-10-08T23:00,25.4,83,0.0,1012.0,4.8,329,103.1,46.7,1213.0,55.5,21.5,6.0
2025-10-09T00:00,25.1,86,0.0,1012.0,6.7,329,109.7,49.7,1096.0,55.6,21.6,3.0
2025-10-09T01:00,24.6,89,0.0,1012.3,6.9,327,112.5,49.6,864.0,54.9,21.6,2.0
2025-10-09T02:00,24.5,91,0.0,1012.0,5.8,321,114.1,49.0,651.0,52.8,21.0,3.0
2025-10-09T03:00,24.4,92,0.0,1011.9,5.8,340,102.9,45.2,451.0,48.4,19.2,6.0
2025-10-09T04:00,24.1,94,0.0,1011.8,5.2,358,92.4,38.9,269.0,42.7,16.9,10.0
2025-10-09T05:00,23.7,93,0.0,1012.2,5.2,360,78.9,31.1,256.0,30.7,12.6,20.0
2025-10-09T06:00,23.9,91,0.0,1012.5,5.2,346,79.4,30.9,600.0,31.6,13.1,17.0
2025-10-09T07:00,23.8,90,0.0,1013.1,6.2,330,87.3,35.3,1113.0,32.5,13.9,15.0
2025-10-09T08:00,25.1,81,0.0,1013.8,4.9,327,88.2,38.5,1381.0,30.9,15.9,23.0
2025-10-09T09:00,27.3,71,0.0,1014.3,7.3,322,105.2,34.6,1143.0,24.2,20.5,50.0
2025-10-09T10:00,29.7,52,0.0,1014.2,6.8,323,124.3,36.7,660.0,14.9,26.3,87.0
2025-10-09T11:00,30.9,39,0.0,1014.3,2.9,263,130.4,41.7,300.0,7.9,30.0,117.0
2025-10-09T12:00,32.0,34,0.0,1013.6,5.0,210,127.6,44.8,225.0,5.1,29.4,135.0
2025-10-09T13:00,32.4,34,0.0,1012.7,9.2,206,122.0,44.9,273.0,4.5,26.7,147.0
2025-10-09T14:00,32.1,35,0.0,1011.9,12.5,205,115.3,43.0,325.0,5.2,24.6,151.0
2025-10-09T15:00,31.2,37,0.0,1011.3,13.5,217,111.5,41.9,328.0,6.3,24.5,147.0
2025-10-09T16:00,30.9,35,0.0,1011.2,11.3,234,110.1,41.8,334.0,8.6,24.9,136.0
2025-10-09T17:00,30.9,35,0.0,1011.2,10.1,239,106.6,41.4,380.0,12.0,27.2,139.0
2025-10-09T18:00,29.1,55,0.0,1011.1,10.3,255,92.9,41.0,506.0,21.0,24.7,109.0
2025-10-09T19:00,28.0,63,0.0,1011.6,8.8,279,85.0,39.6,672.0,33.5,21.3,68.0
2025-10-09T20:00,27.3,68,0.0,1012.3,6.9,261,82.0,37.7,793.0,43.5,18.6,36.0
2025-10-09T21:00,26.8,70,0.0,1012.4,7.1,264,79.6,37.5,842.0,48.9,17.6,22.0
2025-10-09T22:00,26.4,74,0.0,1012.6,7.2,267,78.2,38.5,846.0,51.8,17.3,17.0
2025-10-09T23:00,25.8,80,0.0,1012.5,6.7,275,78.2,39.5,803.0,52.8,16.9,15.0
2025-10-10T00:00,25.9,79,0.0,1012.4,6.9,287,79.6,39.6,689.0,51.7,16.1,15.0
2025-10-10T01:00,25.5,79,0.0,1012.2,7.0,305,84.5,40.3,528.0,48.8,15.2,17.0
2025-10-10T02:00,25.0,79,0.0,1011.7,7.2,325,91.3,41.4,395.0,44.8,14.4,20.0
2025-10-10T03:00,24.6,82,0.0,1011.5,6.8,331,90.1,40.5,281.0,38.9,13.6,24.0
2025-10-10T04:00,24.4,83,0.0,1011.2,6.3,333,77.3,36.6,195.0,32.0,12.9,28.0
2025-10-10T05:00,24.3,88,0.0,1011.3,6.1,336,70.3,32.5,239.0,24.7,12.0,32.0
2025-10-10T06:00,24.2,88,0.0,1011.6,6.0,333,69.2,32.0,562.0,28.3,12.6,28.0
2025-10-10T07:00,24.1,88,0.0,1012.1,5.9,342,73.3,36.2,1015.0,32.9,13.6,23.0
2025-10-10T08:00,25.4,82,0.0,1012.6,3.9,344,76.1,38.6,1252.0,33.6,15.8,29.0
2025-10-10T09:00,27.5,70,0.0,1012.8,5.5,316,89.2,35.3,1052.0,26.7,20.8,56.0
2025-10-10T10:00,29.7,52,0.0,1013.0,4.2,280,93.4,37.5,635.0,15.8,26.9,95.0
2025-10-10T11:00,31.1,42,0.0,1013.0,6.9,231,95.5,39.3,316.0,7.6,30.5,125.0
2025-10-10T12:00,31.7,38,0.0,1012.3,10.1,226,91.0,38.4,228.0,4.5,29.0,139.0
2025-10-10T13:00,31.4,38,0.1,1011.6,11.7,232,86.8,37.5,239.0,4.0,25.0,145.0
2025-10-10T14:00,31.4,37,0.1,1011.0,12.2,236,84.3,37.0,266.0,4.7,21.8,145.0
2025-10-10T15:00,31.1,39,0.0,1010.4,12.5,233,82.7,36.6,275.0,5.7,21.0,138.0
2025-10-10T16:00,30.4,41,0.0,1010.1,12.3,236,80.1,35.7,300.0,7.9,21.1,126.0
2025-10-10T17:00,29.7,44,0.0,1010.2,10.9,241,93.8,43.2,369.0,10.9,26.0,139.0
2025-10-10T18:00,28.5,55,0.0,1010.0,9.8,262,81.3,43.3,515.0,18.9,23.7,112.0
2025-10-10T19:00,27.5,63,0.0,1010.2,8.5,264,76.4,42.5,704.0,30.0,20.6,75.0
2025-10-10T20:00,27.0,67,0.0,1010.6,7.8,263,74.7,41.3,859.0,39.3,18.1,46.0
2025-10-10T21:00,26.6,70,0.0,1010.7,6.9,275,73.1,41.2,972.0,45.2,17.2,33.0
2025-10-10T22:00,26.3,71,0.0,1010.9,5.7,257,72.4,42.1,1051.0,49.3,17.0,27.0
2025-10-10T23:00,25.9,74,0.0,1011.0,5.5,281,74.5,44.0,1043.0,51.0,16.5,24.0
2025-10-11T00:00,25.6,75,0.0,1011.0,6.8,297,76.4,45.2,880.0,49.6,15.3,23.0
2025-10-11T01:00,25.1,77,0.0,1010.9,7.1,322,77.1,45.1,630.0,45.8,13.8,24.0
2025-10-11T02:00,24.6,79,0.0,1010.6,6.7,346,71.0,42.4,441.0,41.1,12.7,26.0
2025-10-11T03:00,24.3,81,0.0,1010.6,5.0,345,65.9,38.6,315.0,34.3,12.0,30.0
2025-10-11T04:00,24.0,82,0.0,1010.3,3.6,351,63.1,35.7,250.0,26.6,11.6,35.0
2025-10-11T05:00,24.0,83,0.0,1010.6,4.2,329,63.1,35.0,389.0,25.1,12.3,34.0
2025-10-11T06:00,23.9,83,0.0,1011.2,4.1,337,62.9,35.6,979.0,31.6,14.2,27.0
2025-10-11T07:00,23.7,85,0.0,1011.9,3.4,357,72.2,43.8,1773.0,40.1,17.0,18.0
2025-10-11T08:00,25.2,78,0.0,1012.5,1.2,63,74.5,46.6,2177.0,42.7,20.1,23.0
2025-10-11T09:00,27.4,68,0.0,1013.1,1.0,202,83.4,38.8,1806.0,33.8,23.9,52.0
2025-10-11T10:00,29.2,56,0.0,1013.1,3.5,219,88.0,39.9,1044.0,19.1,28.0,95.0
2025-10-11T11:00,30.6,46,0.0,1013.1,6.4,216,88.2,42.3,456.0,7.9,30.2,129.0
2025-10-11T12:00,31.5,40,0.0,1012.4,8.0,214,85.9,42.7,277.0,4.2,29.0,147.0
2025-10-11T13:00,31.5,39,0.2,1011.8,9.4,218,83.6,41.9,271.0,4.1,26.0,156.0
2025-10-11T14:00,31.3,41,0.3,1011.3,9.3,226,83.4,42.1,294.0,5.0,23.7,160.0
2025-10-11T15:00,31.2,41,0.0,1010.7,9.0,227,83.1,42.4,293.0,5.9,23.6,159.0
2025-10-11T16:00,30.7,43,0.0,1010.4,9.7,231,82.7,42.6,321.0,8.0,24.4,153.0
2025-10-11T17:00,29.5,51,0.0,1010.6,10.9,234,77.8,41.1,386.0,10.4,24.2,143.0
2025-10-11T18:00,28.3,59,0.0,1010.9,9.4,266,72.6,41.6,523.0,17.1,22.2,118.0
2025-10-11T19:00,27.6,64,0.0,1011.1,7.4,283,66.8,42.0,697.0,26.7,19.6,83.0
2025-10-11T20:00,26.9,68,0.0,1011.7,7.2,288,64.7,40.9,818.0,35.3,17.6,54.0
2025-10-11T21:00,26.4,72,0.0,1011.8,6.4,288,64.0,41.1,848.0,42.8,17.2,38.0
2025-10-11T22:00,26.0,75,0.0,1012.0,6.6,292,64.3,42.7,825.0,49.4,17.5,29.0
2025-10-11T23:00,25.4,80,0.0,1012.2,6.7,314,65.0,44.8,763.0,52.4,17.5,24.0
2025-10-12T00:00,25.1,80,0.0,1012.1,6.7,341,64.0,44.5,645.0,49.9,16.6,23.0
2025-10-12T01:00,24.8,82,0.0,1011.9,7.8,338,61.2,42.4,490.0,43.8,15.4,25.0
2025-10-12T02:00,24.5,84,0.0,1011.4,8.6,329,58.2,39.7,365.0,37.1,14.3,29.0
2025-10-12T03:00,24.2,85,0.0,1011.4,7.3,340,55.5,36.8,255.0,29.2,13.3,36.0
2025-10-12T04:00,23.9,86,0.0,1011.3,6.3,360,52.7,33.6,176.0,20.8,12.3,44.0
2025-10-12T05:00,23.6,90,0.0,1011.6,5.6,360,52.2,33.2,246.0,20.0,13.2,43.0
2025-10-12T06:00,23.7,89,0.0,1012.0,5.5,347,51.2,32.0,640.0,25.4,13.6,38.0
2025-10-12T07:00,23.6,88,0.0,1012.5,4.8,335,53.9,35.0,1183.0,32.5,14.4,32.0
2025-10-12T08:00,24.9,80,0.0,1013.1,3.7,321,57.2,39.3,1467.0,34.9,16.3,39.0
2025-10-12T09:00,27.4,64,0.0,1013.2,4.9,324,63.8,38.8,1229.0,27.9,20.8,69.0
2025-10-12T10:00,30.1,42,0.0,1013.2,5.1,306,68.7,39.6,732.0,16.2,26.5,111.0
2025-10-12T11:00,31.6,34,0.0,1013.2,5.8,265,60.5,34.6,352.0,7.3,29.8,144.0
2025-10-12T12:00,32.5,30,0.0,1012.2,6.9,245,61.2,32.8,251.0,4.3,28.7,160.0
2025-10-12T13:00,33.0,28,0.0,1011.4,8.8,237,63.6,32.9,268.0,4.1,25.2,168.0
2025-10-12T14:00,33.1,26,0.0,1010.5,10.6,235,63.8,33.4,298.0,4.7,22.5,171.0
2025-10-12T15:00,33.0,24,0.0,1010.0,11.0,238,62.9,34.0,297.0,4.9,22.0,171.0
2025-10-12T16:00,32.5,23,0.0,1009.7,10.0,247,61.7,34.5,309.0,6.0,22.2,166.0
2025-10-12T17:00,32.1,21,0.0,1010.1,9.3,262,66.8,38.5,365.0,9.5,22.6,155.0
2025-10-12T18:00,30.6,31,0.0,1010.3,8.7,278,62.4,41.2,508.0,17.3,20.9,128.0
2025-10-12T19:00,28.7,47,0.0,1010.8,8.6,292,59.8,43.3,695.0,28.2,18.5,91.0
2025-10-12T20:00,27.7,56,0.0,1011.4,6.8,295,60.1,43.8,822.0,36.5,16.7,63.0
2025-10-12T21:00,26.9,63,0.0,1011.8,7.1,286,60.8,44.7,847.0,40.3,16.0,53.0
2025-10-12T22:00,26.4,65,0.0,1012.0,6.9,276,61.5,45.8,812.0,41.5,15.9,52.0
2025-10-12T23:00,25.7,72,0.0,1012.4,6.3,288,62.9,46.8,738.0,40.9,15.5,53.0
2025-10-13T00:00,25.2,76,0.0,1012.1,7.0,310,63.6,47.6,604.0,38.2,14.5,52.0
2025-10-13T01:00,24.6,82,0.0,1012.1,7.3,322,61.0,46.9,430.0,33.6,13.3,53.0
2025-10-13T02:00,24.3,86,0.0,1011.7,7.6,332,56.9,44.0,299.0,28.6,12.2,55.0
2025-10-13T03:00,24.0,90,0.0,1011.7,7.7,332,54.0,41.2,200.0,22.2,11.2,61.0
2025-10-13T04:00,23.8,90,0.0,1011.6,8.2,334,52.0,38.8,142.0,15.3,10.3,68.0
2025-10-13T05:00,23.5,88,0.0,1011.8,7.4,342,50.8,36.9,240.0,13.0,9.9,70.0
2025-10-13T06:00,23.3,88,0.0,1012.1,6.6,339,50.1,36.0,679.0,20.1,10.8,62.0
2025-10-13T07:00,23.2,87,0.0,1012.6,5.4,334,52.4,38.2,1274.0,29.4,12.2,52.0
2025-10-13T08:00,24.8,79,0.0,1013.1,3.6,340,54.2,41.3,1576.0,33.4,13.8,53.0
2025-10-13T09:00,27.6,65,0.0,1013.5,5.1,293,55.1,36.8,1293.0,26.8,15.9,76.0
2025-10-13T10:00,30.0,47,0.0,1013.5,7.3,277,49.5,33.3,717.0,14.9,18.3,110.0
2025-10-13T11:00,31.6,36,0.0,1013.4,9.7,254,47.0,31.3,284.0,5.9,19.8,137.0
2025-10-13T12:00,32.2,34,0.0,1012.7,10.9,248,43.9,28.9,180.0,3.2,19.8,150.0
2025-10-13T13:00,32.5,32,0.0,1011.9,12.2,245,42.1,28.0,218.0,3.4,18.9,156.0
2025-10-13T14:00,32.3,32,0.0,1011.2,13.0,243,42.3,28.5,269.0,4.4,18.4,158.0
2025-10-13T15:00,32.0,32,0.0,1010.6,12.8,244,42.6,29.2,280.0,5.3,18.9,157.0
2025-10-13T16:00,31.3,34,0.0,1010.2,12.7,249,42.7,29.7,304.0,6.9,19.8,151.0
2025-10-13T17:00,30.8,35,0.0,1010.3,10.8,259,54.5,38.0,374.0,10.3,21.6,138.0
2025-10-13T18:00,29.8,42,0.0,1010.5,8.5,272,54.0,40.0,534.0,16.6,20.3,116.0
2025-10-13T19:00,28.6,53,0.0,1010.9,6.0,277,53.8,42.0,740.0,25.6,18.6,85.0
2025-10-13T20:00,27.7,61,0.0,1011.5,5.1,288,54.0,42.5,896.0,34.0,17.4,60.0
2025-10-13T21:00,27.0,65,0.0,1011.8,4.4,279,54.9,44.1,979.0,41.8,17.5,46.0
2025-10-13T22:00,26.3,70,0.0,1011.8,6.2,291,57.0,46.6,1012.0,49.0,18.2,37.0
2025-10-13T23:00,25.4,76,0.0,1011.7,6.4,292,59.6,49.0,962.0,52.2,18.4,32.0
2025-10-14T00:00,25.0,78,0.0,1011.6,7.7,309,60.1,49.9,767.0,49.2,17.5,32.0
2025-10-14T01:00,24.4,80,0.0,1011.1,7.8,328,56.8,47.5,488.0,42.3,16.0,36.0
2025-10-14T02:00,24.2,80,0.0,1010.9,8.0,329,53.3,44.0,281.0,34.8,14.5,42.0
2025-10-14T03:00,24.1,79,0.0,1010.4,8.6,324,50.2,40.5,182.0,26.2,12.9,51.0
2025-10-14T04:00,23.9,81,0.0,1010.2,9.5,333,47.4,37.8,155.0,17.0,11.3,62.0
2025-10-14T05:00,23.5,86,0.0,1010.3,8.9,346,47.1,37.6,239.0,15.6,11.7,60.0
2025-10-14T06:00,23.6,88,0.0,1010.7,8.8,345,46.9,37.1,556.0,22.8,12.4,53.0
2025-10-14T07:00,23.7,88,0.0,1011.2,8.6,340,50.4,40.3,984.0,32.3,13.5,45.0
2025-10-14T08:00,25.1,80,0.0,1011.7,6.2,339,54.0,44.6,1205.0,36.1,14.8,49.0
2025-10-14T09:00,27.6,67,0.0,1012.1,7.9,325,55.6,41.6,1007.0,28.7,16.5,75.0
2025-10-14T10:00,30.0,49,0.0,1012.0,8.4,315,49.1,35.0,602.0,15.6,18.4,112.0
2025-10-14T11:00,32.0,34,0.0,1011.8,7.5,300,38.3,27.8,299.0,5.8,19.7,142.0
2025-10-14T12:00,33.1,28,0.0,1010.9,5.9,270,34.0,25.0,236.0,2.9,19.7,156.0
2025-10-14T13:00,33.5,27,0.0,1009.8,8.3,246,33.2,25.0,276.0,3.3,19.0,163.0
2025-10-14T14:00,33.4,29,0.0,1009.0,11.5,235,33.6,25.8,319.0,4.4,18.6,165.0
2025-10-14T15:00,32.9,29,0.0,1008.4,13.6,235,34.3,26.5,317.0,5.1,19.0,164.0
2025-10-14T16:00,32.0,30,0.0,1008.5,13.6,259,34.6,26.8,318.0,6.5,19.6,158.0
2025-10-14T17:00,30.9,34,0.0,1008.7,10.6,266,34.1,26.9,365.0,8.8,19.7,148.0
2025-10-14T18:00,29.1,56,0.0,1009.0,10.5,266,38.3,31.2,513.0,16.3,18.6,124.0
2025-10-14T19:00,27.8,67,0.0,1009.2,8.9,277,41.1,34.6,706.0,26.6,17.0,91.0
2025-10-14T20:00,27.1,72,0.0,1009.7,8.4,286,41.0,34.7,819.0,34.2,15.7,66.0
2025-10-14T21:00,26.5,74,0.0,1009.8,7.7,298,40.5,34.5,786.0,36.6,15.1,59.0
2025-10-14T22:00,26.4,70,0.0,1009.6,8.3,284,40.4,34.5,672.0,36.2,14.8,60.0
2025-10-14T23:00,25.8,73,0.0,1009.6,7.9,291,40.7,34.7,551.0,34.6,14.3,62.0
2025-10-15T00:00,25.6,72,0.0,1009.3,8.6,311,40.4,34.3,432.0,32.2,13.3,61.0
2025-10-15T01:00,24.9,77,0.0,1009.3,8.8,332,39.5,33.9,306.0,28.5,12.2,61.0
2025-10-15T02:00,24.5,78,0.0,1009.0,9.2,332,37.5,32.6,219.0,24.6,11.2,62.0
2025-10-15T03:00,24.1,79,0.0,1008.8,8.8,340,35.6,30.6,159.0,19.3,10.4,66.0
2025-10-15T04:00,23.6,84,0.0,1008.8,9.1,350,34.3,29.1,138.0,13.6,9.8,71.0
2025-10-15T05:00,23.7,86,0.0,1009.0,10.0,342,33.9,28.1,237.0,10.7,9.3,75.0
2025-10-15T06:00,23.7,82,0.0,1009.3,9.9,335,34.2,28.2,602.0,17.4,9.9,66.0
2025-10-15T07:00,23.9,76,0.0,1010.0,9.0,338,36.9,30.7,1088.0,26.2,10.7,56.0
2025-10-15T08:00,25.3,66,0.0,1010.5,6.7,336,39.3,34.2,1338.0,30.2,12.2,57.0
2025-10-15T09:00,28.1,50,0.0,1010.8,7.6,335,37.8,31.0,1118.0,24.5,15.0,80.0
2025-10-15T10:00,30.7,33,0.0,1010.8,9.8,332,32.0,26.1,663.0,14.0,18.3,116.0
2025-10-15T11:00,32.4,26,0.0,1010.8,9.0,323,26.1,21.7,324.0,6.0,20.5,144.0
2025-10-15T12:00,33.5,22,0.0,1009.9,5.5,314,21.0,17.7,253.0,3.6,20.2,158.0
2025-10-15T13:00,34.1,20,0.0,1009.0,4.5,268,20.3,17.5,298.0,3.7,18.7,166.0
2025-10-15T14:00,34.3,21,0.0,1008.3,9.3,252,21.1,18.4,348.0,4.6,17.9,170.0
2025-10-15T15:00,33.9,23,0.0,1007.8,13.4,259,22.3,19.6,364.0,5.0,18.8,174.0
2025-10-15T16:00,33.1,25,0.0,1007.6,15.7,265,23.3,20.5,385.0,6.2,20.3,173.0
2025-10-15T17:00,31.2,32,0.0,1008.2,15.7,274,28.6,25.4,422.0,10.1,21.5,166.0
2025-10-15T18:00,29.4,43,0.0,1008.8,11.7,290,37.0,34.3,490.0,20.6,20.8,137.0
2025-10-15T19:00,28.1,55,0.0,1009.1,9.8,306,41.6,38.6,574.0,35.1,19.8,96.0
2025-10-15T20:00,27.3,63,0.0,1009.3,11.3,309,41.0,37.8,643.0,45.3,18.9,66.0
2025-10-15T21:00,26.8,62,0.0,1009.8,9.8,313,41.0,37.8,702.0,47.9,18.5,55.0
2025-10-15T22:00,26.4,61,0.0,1010.2,7.8,326,41.1,38.2,746.0,46.3,18.4,53.0
2025-10-15T23:00,25.7,65,0.0,1010.2,7.8,338,41.0,38.2,730.0,42.6,17.8,55.0
2025-10-16T00:00,25.7,68,0.0,1010.0,7.9,325,39.6,37.0,603.0,36.5,16.5,58.0
2025-10-16T01:00,25.2,74,0.0,1009.7,8.6,323,36.3,34.0,416.0,28.4,14.8,65.0
2025-10-16T02:00,24.7,77,0.0,1009.3,9.7,332,32.8,30.6,280.0,21.4,13.3,71.0
2025-10-16T03:00,24.8,70,0.0,1008.9,10.2,334,29.9,27.6,209.0,15.5,12.0,77.0
2025-10-16T04:00,24.8,60,0.0,1008.9,10.2,332,27.6,25.4,189.0,10.7,10.9,82.0
2025-10-16T05:00,24.4,58,0.0,1009.0,8.8,332,28.8,26.7,283.0,14.0,11.9,74.0
2025-10-16T06:00,24.2,52,0.0,1009.5,8.5,335,27.9,25.8,615.0,24.1,12.9,64.0
2025-10-16T07:00,24.3,46,0.0,1010.2,8.7,339,30.6,28.5,1061.0,37.4,14.4,51.0
2025-10-16T08:00,26.0,39,0.0,1010.6,7.1,330,36.1,34.3,1312.0,43.4,16.6,52.0
2025-10-16T09:00,28.7,32,0.0,1011.1,5.6,339,33.6,31.0,1178.0,34.8,20.3,79.0
2025-10-16T10:00,31.6,27,0.0,1011.2,5.7,347,29.7,25.8,848.0,18.9,24.6,120.0
2025-10-16T11:00,33.8,19,0.0,1011.0,2.4,42,23.1,19.2,584.0,6.9,26.9,152.0
2025-10-16T12:00,34.7,18,0.0,1010.0,6.2,144,22.6,18.4,488.0,3.4,25.5,168.0
2025-10-16T13:00,34.8,20,0.0,1009.3,8.9,174,23.7,19.2,458.0,3.8,22.1,176.0
2025-10-16T14:00,34.7,22,0.0,1008.5,10.7,203,24.5,19.7,446.0,5.0,19.7,179.0
2025-10-16T15:00,34.5,23,0.0,1008.1,11.9,229,25.0,20.1,428.0,5.0,19.5,180.0
2025-10-16T16:00,33.9,24,0.0,1008.2,13.1,254,25.4,20.6,429.0,5.9,20.2,177.0
2025-10-16T17:00,32.9,26,0.0,1008.7,11.7,272,25.7,21.7,471.0,10.6,22.1,167.0
2025-10-16T18:00,31.6,29,0.0,1009.0,9.3,295,36.0,32.6,590.0,22.3,21.2,137.0
2025-10-16T19:00,30.3,35,0.0,1009.6,7.3,300,40.9,38.0,751.0,38.6,20.0,96.0
2025-10-16T20:00,28.7,44,0.0,1010.3,6.9,309,41.8,38.6,872.0,50.8,19.3,64.0
2025-10-16T21:00,27.9,49,0.0,1011.0,7.3,324,43.7,39.9,931.0,55.4,19.5,52.0
2025-10-16T22:00,27.5,52,0.0,1011.2,8.0,335,45.9,41.9,949.0,56.0,20.2,50.0
2025-10-16T23:00,26.7,54,0.0,1011.2,6.8,2,48.5,44.2,909.0,55.3,20.5,48.0
2025-10-17T00:00,26.2,54,0.0,1011.0,6.2,334,51.8,47.1,772.0,54.7,20.1,43.0
2025-10-17T01:00,25.6,57,0.0,1011.0,4.3,345,52.6,47.8,576.0,52.9,19.3,39.0
2025-10-17T02:00,24.9,60,0.0,1010.9,3.6,354,50.5,45.9,425.0,48.4,18.3,40.0
2025-10-17T03:00,24.2,63,0.0,1010.8,6.2,339,46.2,41.7,324.0,37.8,16.8,51.0
2025-10-17T04:00,24.1,60,0.0,1011.0,8.2,341,41.2,36.8,268.0,24.4,15.1,67.0
2025-10-17T05:00,24.5,52,0.0,1011.1,8.7,342,38.0,33.5,339.0,19.2,14.7,74.0
2025-10-17T06:00,24.0,50,0.0,1011.3,8.8,343,36.0,31.7,685.0,27.6,15.2,66.0
2025-10-17T07:00,23.9,47,0.0,1011.9,9.4,347,38.3,34.1,1159.0,38.6,16.1,58.0
2025-10-17T08:00,25.8,40,0.0,1012.5,8.7,355,42.3,38.8,1405.0,43.1,17.7,61.0
2025-10-17T09:00,29.1,32,0.0,1012.4,7.0,356,40.6,36.0,1193.0,34.6,21.0,89.0
2025-10-17T10:00,32.1,25,0.0,1012.5,7.8,355,36.3,30.5,753.0,19.6,24.9,129.0
2025-10-17T11:00,33.7,20,0.0,1012.5,6.5,347,31.2,24.8,416.0,8.1,27.0,160.0
2025-10-17T12:00,34.7,18,0.0,1011.4,2.4,297,31.1,19.7,317.0,4.4,25.3,173.0
2025-10-17T13:00,35.1,17,0.0,1010.4,3.7,215,32.0,19.3,322.0,4.2,21.8,178.0
2025-10-17T14:00,35.2,18,0.0,1009.8,6.7,211,32.7,19.4,359.0,5.2,19.4,179.0
2025-10-17T15:00,35.1,19,0.0,1009.2,8.4,208,33.4,19.7,407.0,5.7,19.8,180.0
2025-10-17T16:00,34.1,22,0.0,1009.2,13.0,226,33.8,20.3,487.0,7.3,21.4,177.0
2025-10-17T17:00,32.4,24,0.0,1009.7,14.1,240,28.2,17.7,590.0,13.2,22.2,166.0
2025-10-17T18:00,31.1,28,0.0,1010.2,8.7,284,34.5,28.1,738.0,24.2,21.1,137.0
2025-10-17T19:00,29.7,39,0.0,1010.5,10.8,267,36.9,32.8,909.0,39.5,19.6,98.0
2025-10-17T20:00,28.8,42,0.0,1011.3,7.1,276,37.8,34.5,1029.0,51.6,18.9,67.0
2025-10-17T21:00,28.0,45,0.0,1011.9,6.4,302,39.8,36.6,1082.0,57.9,19.9,54.0
2025-10-17T22:00,27.4,49,0.0,1012.2,6.9,303,43.0,39.5,1084.0,61.0,21.7,51.0
2025-10-17T23:00,26.5,54,0.0,1012.4,5.4,326,47.3,43.2,1006.0,60.7,22.6,50.0
2025-10-18T00:00,25.5,61,0.0,1012.1,7.6,333,49.8,45.4,782.0,56.0,21.9,50.0
2025-10-18T01:00,24.8,73,0.0,1012.0,9.9,325,48.1,43.8,478.0,47.9,20.4,53.0
2025-10-18T02:00,24.6,83,0.0,1011.2,10.6,328,42.0,38.3,259.0,39.1,18.5,58.0
2025-10-18T03:00,24.7,85,0.0,1011.0,9.6,330,36.8,32.9,165.0,28.2,16.0,69.0
2025-10-18T04:00,24.5,84,0.0,1010.9,9.2,339,33.2,29.0,157.0,16.7,13.2,83.0
2025-10-18T05:00,24.2,76,0.0,1010.9,8.9,342,34.0,29.8,285.0,15.5,14.3,83.0
2025-10-18T06:00,23.7,71,0.0,1010.9,8.9,342,34.0,29.5,691.0,25.1,14.9,72.0
2025-10-18T07:00,23.3,67,0.0,1011.4,8.3,346,38.3,33.8,1234.0,37.9,16.0,58.0
2025-10-18T08:00,24.7,57,0.0,1011.7,7.0,350,43.3,39.0,1539.0,43.9,17.9,58.0
2025-10-18T09:00,27.8,44,0.0,1012.1,4.3,343,44.2,39.2,1376.0,36.4,21.7,84.0
2025-10-18T10:00,31.3,30,0.0,1011.8,4.1,331,41.2,34.6,975.0,22.0,26.3,124.0
2025-10-18T11:00,33.9,22,0.0,1011.8,4.0,288,35.7,27.3,654.0,10.8,29.3,157.0
2025-10-18T12:00,34.9,18,0.0,1010.8,3.6,229,34.5,22.8,540.0,6.5,29.1,174.0
2025-10-18T13:00,35.2,20,0.0,1009.8,7.7,219,35.2,23.4,507.0,5.4,27.2,185.0
2025-10-18T14:00,35.2,22,0.0,1009.0,11.4,221,35.7,24.7,493.0,5.8,25.7,189.0
2025-10-18T15:00,34.5,24,0.0,1008.5,14.8,231,36.2,25.7,459.0,6.8,25.8,190.0
2025-10-18T16:00,33.7,23,0.0,1008.3,13.5,245,36.4,26.3,444.0,9.4,26.4,186.0
2025-10-18T17:00,32.6,28,0.0,1008.6,10.1,250,30.4,24.2,504.0,17.7,26.4,169.0
2025-10-18T18:00,30.1,52,0.0,1008.8,9.4,263,35.6,31.1,718.0,28.4,24.1,137.0
2025-10-18T19:00,28.6,64,0.0,1009.2,7.2,289,38.2,34.0,1007.0,43.3,21.0,91.0
2025-10-18T20:00,27.5,71,0.0,1010.0,6.3,294,38.8,34.5,1194.0,55.1,18.8,56.0
2025-10-18T21:00,26.7,78,0.0,1010.3,6.6,299,39.5,34.9,1203.0,61.8,18.6,39.0
2025-10-18T22:00,26.0,84,0.0,1010.2,5.5,314,40.9,36.1,1109.0,65.3,19.3,31.0
2025-10-18T23:00,25.2,86,0.0,1010.3,4.8,349,42.3,37.6,966.0,64.2,19.3,29.0
2025-10-19T00:00,24.7,89,0.0,1010.1,6.3,323,40.7,36.1,750.0,55.8,17.7,33.0
2025-10-19T01:00,24.2,92,0.0,1009.7,8.7,326,37.6,32.6,485.0,42.8,15.5,43.0
2025-10-19T02:00,24.1,90,0.0,1009.4,10.5,327,34.8,29.0,292.0,31.2,13.4,52.0
2025-10-19T03:00,24.2,90,0.0,1009.1,9.9,339,33.2,26.1,191.0,21.6,11.5,61.0
2025-10-19T04:00,24.3,86,0.0,1008.9,9.4,337,33.1,24.7,163.0,13.5,9.9,69.0
2025-10-19T05:00,24.4,77,0.0,1009.2,9.7,332,33.1,24.8,274.0,12.9,9.7,68.0
2025-10-19T06:00,24.3,69,0.0,1009.2,8.7,333,34.1,25.6,675.0,23.6,11.2,57.0
2025-10-19T07:00,24.2,66,0.0,1009.7,8.2,337,39.5,31.0,1214.0,38.0,13.5,43.0
2025-10-19T08:00,25.7,56,0.0,1010.2,6.2,345,44.8,36.9,1501.0,45.0,16.4,44.0
2025-10-19T09:00,28.8,44,0.0,1010.8,3.9,336,45.5,35.0,1286.0,37.7,20.7,73.0
2025-10-19T10:00,31.8,31,0.0,1010.9,4.7,310,42.5,29.8,819.0,23.2,25.7,116.0
2025-10-19T11:00,33.8,22,0.0,1010.8,7.3,277,36.2,25.3,453.0,11.7,28.8,151.0
2025-10-19T12:00,34.7,20,0.0,1010.1,8.8,268,32.4,22.5,332.0,7.0,28.5,168.0
2025-10-19T13:00,35.2,19,0.0,1009.0,9.9,272,31.5,21.3,312.0,5.3,26.3,176.0
2025-10-19T14:00,35.3,19,0.0,1008.3,11.3,272,32.1,21.9,321.0,5.4,24.4,177.0
2025-10-19T15:00,35.0,18,0.0,1007.6,13.0,275,32.5,22.5,333.0,6.9,23.7,172.0
2025-10-19T16:00,34.2,18,0.0,1007.2,13.5,286,32.5,22.9,374.0,10.3,23.3,160.0
2025-10-19T17:00,33.4,18,0.0,1007.5,12.2,290,30.0,22.3,445.0,14.6,24.3,150.0
2025-10-19T18:00,31.5,27,0.0,1007.7,10.5,286,31.9,26.8,574.0,22.3,22.4,125.0
2025-10-19T19:00,29.4,38,0.0,1008.0,10.2,291,32.2,28.0,734.0,32.8,19.8,90.0
2025-10-19T20:00,28.0,48,0.0,1008.3,8.6,293,31.7,27.5,845.0,41.1,17.8,63.0
2025-10-19T21:00,27.3,57,0.0,1008.8,7.5,305,32.4,28.2,879.0,45.4,17.2,50.0
2025-10-19T22:00,26.7,68,0.0,1009.0,8.3,321,33.4,29.3,864.0,47.4,17.3,45.0
2025-10-19T23:00,26.0,75,0.0,1009.0,8.8,334,33.6,29.5,802.0,46.5,17.0,43.0
2025-10-20T00:00,25.8,76,0.0,1008.9,9.0,331,32.6,28.2,662.0,41.4,15.8,45.0
2025-10-20T01:00,25.3,75,0.0,1008.7,8.8,334,30.7,26.3,474.0,33.4,14.3,51.0
2025-10-20T02:00,24.8,73,0.0,1008.4,8.9,335,28.6,24.0,331.0,26.0,13.0,57.0
2025-10-20T03:00,24.5,73,0.0,1008.4,11.5,340,26.0,21.2,236.0,19.0,12.0,65.0
2025-10-20T04:00,24.6,71,0.0,1008.1,10.7,340,23.9,19.0,187.0,12.6,11.3,73.0
2025-10-20T05:00,24.6,64,0.0,1008.2,9.4,347,23.3,18.4,268.0,12.8,11.5,72.0
2025-10-20T06:00,24.5,59,0.0,1008.4,8.9,346,23.8,18.6,627.0,23.9,13.1,61.0
2025-10-20T07:00,24.4,54,0.0,1009.0,8.8,349,28.9,23.5,1116.0,38.7,15.4,47.0
2025-10-20T08:00,26.2,41,0.0,1009.4,7.7,348,35.2,30.0,1375.0,46.1,17.9,47.0
2025-10-20T09:00,29.4,30,0.0,1010.0,6.2,339,37.4,31.2,1176.0,38.8,21.1,72.0
2025-10-20T10:00,32.6,21,0.0,1010.1,9.0,345,35.3,24.2,748.0,24.0,24.5,111.0
2025-10-20T11:00,34.3,18,0.0,1010.1,9.1,333,34.0,21.4,415.0,12.2,26.3,143.0
2025-10-20T12:00,35.3,15,0.0,1009.4,7.3,320,31.5,20.8,309.0,7.1,25.3,161.0
2025-10-20T13:00,35.7,14,0.0,1008.6,6.2,278,28.8,20.0,298.0,5.1,22.7,171.0
2025-10-20T14:00,36.1,14,0.0,1007.6,8.2,278,27.9,20.0,315.0,5.1,20.5,174.0
2025-10-20T15:00,36.1,14,0.0,1007.0,11.7,284,27.6,20.0,342.0,7.3,19.7,168.0
2025-10-20T16:00,35.3,16,0.0,1006.6,14.8,286,27.2,19.9,397.0,11.6,19.3,156.0
2025-10-20T17:00,32.8,22,0.0,1007.0,14.1,276,23.6,18.8,460.0,17.0,20.3,141.0
2025-10-20T18:00,30.4,33,0.0,1007.4,8.7,264,29.6,25.6,526.0,25.8,18.9,116.0
2025-10-20T19:00,28.9,44,0.0,1008.2,8.3,268,31.4,26.9,602.0,38.2,17.1,82.0
2025-10-20T20:00,28.1,50,0.0,1009.1,5.0,311,32.2,27.1,686.0,49.1,16.1,54.0
2025-10-20T21:00,27.7,51,0.0,1009.7,3.1,3,33.6,27.9,812.0,57.9,17.1,37.0
2025-10-20T22:00,27.2,53,0.0,1010.0,6.0,333,36.6,30.6,946.0,65.3,19.0,27.0
2025-10-20T23:00,26.3,60,0.0,1010.1,8.1,336,40.7,35.0,990.0,68.1,20.0,21.0
2025-10-21T00:00,25.9,61,0.0,1009.9,8.5,336,42.5,36.9,867.0,64.2,19.2,21.0
2025-10-21T01:00,25.3,61,0.0,1009.9,8.4,345,40.4,34.5,654.0,55.7,17.5,26.0
2025-10-21T02:00,24.9,63,0.0,1009.9,10.8,345,35.6,29.6,482.0,46.2,15.8,33.0
2025-10-21T03:00,25.3,61,0.0,1009.8,10.9,340,30.5,24.3,355.0,34.6,13.9,42.0
2025-10-21T04:00,25.3,57,0.0,1009.7,9.6,340,27.1,20.9,270.0,22.1,12.0,51.0
2025-10-21T05:00,24.5,60,0.0,1009.6,7.3,349,24.6,18.9,347.0,14.0,10.5,59.0
2025-10-21T06:00,23.8,60,0.0,1009.9,7.4,357,24.3,19.2,746.0,23.4,12.2,50.0
2025-10-21T07:00,23.8,53,0.0,1010.9,7.6,27,27.5,23.4,1307.0,35.9,14.6,38.0
2025-10-21T08:00,25.6,41,0.0,1011.7,5.6,22,31.2,28.5,1671.0,41.9,16.9,41.0
2025-10-21T09:00,28.3,32,0.0,1012.2,2.8,35,32.4,29.9,1665.0,35.3,19.3,72.0
2025-10-21T10:00,31.4,26,0.0,1012.3,1.7,72,32.9,27.1,1462.0,22.3,21.6,117.0
2025-10-21T11:00,33.1,24,0.0,1012.4,1.4,203,35.3,26.8,1217.0,11.8,22.4,151.0
2025-10-21T12:00,34.7,21,0.0,1011.6,1.9,221,31.7,24.4,930.0,7.2,20.5,164.0
2025-10-21T13:00,35.3,19,0.0,1010.5,4.1,236,31.2,23.9,602.0,5.1,17.2,166.0
2025-10-21T14:00,35.9,18,0.0,1009.5,5.9,247,31.8,23.6,386.0,4.8,14.8,163.0
2025-10-21T15:00,36.0,18,0.0,1009.0,6.3,250,32.1,23.1,344.0,4.5,13.9,159.0
2025-10-21T16:00,35.3,22,0.0,1008.6,8.7,249,32.0,22.4,415.0,6.0,14.0,149.0
2025-10-21T17:00,33.3,32,0.0,1009.2,11.2,248,30.3,21.2,572.0,12.9,14.6,132.0
2025-10-21T18:00,31.8,37,0.0,1009.6,9.5,259,45.1,37.7,897.0,35.7,18.1,101.0
2025-10-21T19:00,30.9,40,0.0,1010.2,8.3,286,56.5,49.9,1307.0,67.0,23.1,58.0
2025-10-21T20:00,30.7,36,0.0,1010.8,8.3,326,63.8,56.9,1529.0,88.7,28.2,26.0
2025-10-21T21:00,30.3,33,0.0,1011.4,8.5,358,74.7,67.3,1394.0,92.0,34.4,16.0
2025-10-21T22:00,29.3,33,0.0,1011.6,7.8,19,79.2,71.7,1070.0,85.7,40.8,17.0
2025-10-21T23:00,28.4,36,0.0,1011.7,5.8,26,75.7,68.7,791.0,79.0,42.9,19.0
2025-10-22T00:00,28.0,37,0.0,1011.9,6.3,7,65.9,60.5,639.0,76.1,37.0,18.0
2025-10-22T01:00,27.2,39,0.0,1011.9,7.0,359,54.0,49.2,531.0,72.7,26.9,18.0
2025-10-22T02:00,26.8,41,0.0,1011.7,7.0,360,45.5,39.5,453.0,65.2,19.0,25.0
2025-10-22T03:00,26.5,42,0.0,1011.7,8.4,11,42.8,34.9,373.0,48.1,16.0,46.0
2025-10-22T04:00,26.4,41,0.0,1011.8,9.7,22,43.2,33.6,322.0,26.8,15.3,73.0
2025-10-22T05:00,26.6,40,0.0,1012.1,11.3,18,44.1,34.7,379.0,13.9,15.5,88.0
2025-10-22T06:00,26.3,41,0.0,1012.3,11.9,22,43.9,35.0,670.0,21.3,16.7,81.0
2025-10-22T07:00,26.1,41,0.0,1013.1,11.4,25,45.6,37.1,1070.0,31.0,18.3,73.0
2025-10-22T08:00,27.2,39,0.0,1013.8,10.6,23,48.4,41.3,1282.0,35.4,19.2,75.0
2025-10-22T09:00,29.8,33,0.0,1014.2,8.1,24,48.8,39.8,1118.0,29.1,19.0,98.0
2025-10-22T10:00,33.0,26,0.0,1014.3,9.5,27,47.1,36.6,765.0,17.4,18.1,131.0
2025-10-22T11:00,34.5,22,0.0,1013.9,11.8,29,41.4,30.7,489.0,8.2,16.8,155.0
2025-10-22T12:00,35.4,20,0.0,1012.8,13.0,25,34.1,24.6,393.0,4.7,14.7,162.0
2025-10-22T13:00,36.0,18,0.0,1011.6,13.1,25,31.1,23.0,374.0,3.8,12.1,160.0
2025-10-22T14:00,36.4,17,0.0,1010.6,13.0,33,29.5,22.2,385.0,4.2,10.3,156.0
2025-10-22T15:00,36.5,16,0.0,1009.6,12.9,47,29.0,21.9,402.0,4.6,9.7,154.0
2025-10-22T16:00,36.0,16,0.0,1009.5,12.2,64,29.1,22.1,450.0,6.2,9.8,151.0
2025-10-22T17:00,35.6,16,0.0,1009.7,12.2,71,34.5,27.2,553.0,11.5,10.4,142.0
2025-10-22T18:00,34.5,18,0.0,1010.2,12.0,72,40.6,35.3,775.0,23.5,11.2,120.0
2025-10-22T19:00,33.6,21,0.0,1010.5,12.9,60,44.9,40.4,1054.0,40.1,12.4,88.0
2025-10-22T20:00,32.5,24,0.0,1011.1,9.8,41,46.4,41.6,1223.0,52.9,13.4,63.0
2025-10-22T21:00,31.3,26,0.0,1011.3,8.5,7,48.1,42.5,1191.0,58.3,14.4,50.0
2025-10-22T22:00,30.2,29,0.0,1011.4,8.3,27,51.6,44.9,1051.0,60.1,15.2,42.0
2025-10-22T23:00,29.2,33,0.0,1011.6,7.2,37,57.0,49.5,912.0,60.7,15.5,35.0
2025-10-23T00:00,28.5,34,0.0,1011.5,6.1,30,60.8,52.9,809.0,62.1,14.8,25.0
2025-10-23T01:00,27.4,37,0.0,1011.3,6.9,6,59.4,52.4,708.0,62.4,13.5,17.0
2025-10-23T02:00,26.3,40,0.0,1011.2,7.3,11,53.7,48.3,617.0,58.8,12.5,16.0
2025-10-23T03:00,25.7,42,0.0,1011.1,8.5,13,46.3,41.1,493.0,47.0,12.1,30.0
2025-10-23T04:00,25.1,43,0.0,1011.0,9.0,3,40.6,35.4,380.0,31.3,12.1,51.0
2025-10-23T05:00,24.4,47,0.0,1011.4,9.3,342,39.7,34.1,416.0,25.0,12.6,59.0
2025-10-23T06:00,24.6,46,0.0,1011.7,9.5,359,37.5,31.9,770.0,31.0,13.9,57.0
2025-10-23T07:00,24.8,44,0.0,1012.0,9.8,8,39.7,34.0,1273.0,38.9,15.7,56.0
2025-10-23T08:00,26.0,41,0.0,1012.4,9.7,18,43.5,38.0,1559.0,41.5,17.4,65.0
2025-10-23T09:00,28.8,34,0.0,1012.6,6.4,22,46.7,41.1,1417.0,33.8,19.3,93.0
2025-10-23T10:00,32.4,26,0.0,1012.5,6.4,25,49.2,38.6,1058.0,20.9,21.1,130.0
2025-10-23T11:00,34.6,20,0.0,1012.1,5.2,63,56.7,35.5,751.0,10.7,21.6,158.0
2025-10-23T12:00,35.6,17,0.0,1011.1,4.0,111,59.3,30.4,577.0,6.2,19.6,168.0
2025-10-23T13:00,36.1,14,0.0,1009.9,3.1,156,53.8,26.9,456.0,4.6,16.2,168.0
2025-10-23T14:00,36.0,14,0.0,1009.1,5.1,198,47.8,24.2,411.0,4.9,13.8,165.0
2025-10-23T15:00,34.9,27,0.0,1008.5,11.3,224,43.2,22.3,474.0,4.6,12.8,163.0
2025-10-23T16:00,34.5,28,0.0,1008.2,11.2,235,39.2,21.2,613.0,6.4,12.7,159.0
2025-10-23T17:00,33.9,26,0.0,1008.4,12.7,240,27.6,15.7,766.0,12.2,13.4,142.0
2025-10-23T18:00,32.5,26,0.0,1008.7,9.7,270,41.0,32.1,913.0,42.6,17.2,108.0
2025-10-23T19:00,31.2,28,0.0,1009.2,6.6,281,54.0,45.5,1072.0,84.1,22.4,61.0
2025-10-23T20:00,29.6,34,0.0,1009.8,6.4,281,62.4,54.0,1238.0,112.4,26.8,26.0
2025-10-23T21:00,28.8,40,0.0,1010.4,7.1,297,66.8,59.1,1454.0,114.9,30.0,16.0
2025-10-23T22:00,28.0,43,0.0,1010.3,6.9,330,65.7,58.8,1676.0,104.2,32.4,19.0
2025-10-23T23:00,27.2,45,0.0,1010.4,4.0,333,63.1,57.0,1765.0,93.0,32.7,22.0
2025-10-24T00:00,27.1,42,0.0,1010.4,5.7,347,60.5,54.9,1632.0,85.1,29.6,20.0
2025-10-24T01:00,26.2,45,0.0,1010.2,7.0,10,57.3,52.3,1366.0,76.7,24.5,19.0
2025-10-24T02:00,25.6,46,0.0,1009.7,7.5,8,53.7,49.4,1096.0,69.8,20.3,18.0
2025-10-24T03:00,25.1,45,0.0,1010.0,8.8,360,49.1,45.8,794.0,65.3,17.8,17.0
2025-10-24T04:00,24.7,44,0.0,1009.8,10.4,352,41.7,38.9,487.0,62.1,16.1,17.0
2025-10-24T05:00,24.4,47,0.0,1010.1,8.6,358,36.9,34.2,389.0,57.1,14.3,15.0
2025-10-24T06:00,24.2,45,0.0,1010.5,8.9,6,32.0,29.2,709.0,57.9,16.2,16.0
2025-10-24T07:00,24.2,43,0.0,1010.9,8.5,18,34.5,31.8,1237.0,58.3,18.8,20.0
2025-10-24T08:00,25.7,36,0.0,1011.3,7.2,28,38.9,36.6,1555.0,54.3,21.4,35.0
2025-10-24T09:00,28.8,29,0.0,1011.8,5.7,35,39.1,36.6,1437.0,41.4,24.2,74.0
2025-10-24T10:00,32.5,22,0.0,1011.8,5.2,22,32.4,28.5,1109.0,24.1,26.9,125.0
2025-10-24T11:00,34.6,16,0.0,1011.4,3.6,96,28.5,22.5,829.0,10.9,27.6,164.0
2025-10-24T12:00,35.4,15,0.0,1010.8,3.6,153,30.2,22.2,680.0,5.7,24.5,179.0
2025-10-24T13:00,35.9,14,0.0,1009.7,4.4,189,31.7,22.2,579.0,4.8,19.4,181.0
2025-10-24T14:00,36.1,15,0.0,1008.7,6.7,218,31.2,21.6,531.0,5.3,15.4,178.0
2025-10-24T15:00,36.0,17,0.0,1008.0,8.6,240,29.7,20.6,496.0,3.2,13.4,175.0
2025-10-24T16:00,35.3,21,0.0,1007.5,8.7,257,28.4,19.8,514.0,2.6,12.4,167.0
2025-10-24T17:00,34.4,22,0.0,1007.8,10.9,258,25.1,18.2,710.0,12.7,12.3,144.0
2025-10-24T18:00,32.5,28,0.0,1008.1,11.4,263,37.6,32.0,1258.0,43.4,16.1,109.0
2025-10-24T19:00,30.9,30,0.0,1008.6,10.1,287,49.2,44.1,1983.0,85.3,21.5,60.0
2025-10-24T20:00,29.8,31,0.0,1009.3,8.0,320,55.6,50.9,2491.0,114.5,26.2,25.0
2025-10-24T21:00,28.9,35,0.0,1009.5,7.5,316,59.8,55.4,2625.0,118.9,30.1,16.0
2025-10-24T22:00,28.3,37,0.0,1009.4,6.7,324,61.0,56.9,2541.0,110.6,33.4,19.0
2025-10-24T23:00,27.8,37,0.0,1009.2,5.5,32,60.3,56.3,2310.0,101.1,34.1,23.0
2025-10-25T00:00,27.9,33,0.0,1008.6,6.3,15,58.0,54.2,1868.0,94.5,30.2,22.0
2025-10-25T01:00,26.4,35,0.0,1008.3,6.5,5,53.0,49.6,1280.0,86.9,23.7,20.0
2025-10-25T02:00,24.8,39,0.0,1008.4,8.8,1,46.7,43.8,809.0,77.8,18.5,22.0
2025-10-25T03:00,24.9,37,0.0,1008.3,10.8,350,39.1,36.4,517.0,65.3,16.2,29.0
2025-10-25T04:00,25.6,34,0.0,1008.3,11.0,4,32.8,30.3,342.0,51.3,15.2,39.0
2025-10-25T05:00,25.1,37,0.0,1008.9,9.4,24,28.0,25.3,363.0,36.7,12.5,50.0
2025-10-25T06:00,25.0,35,0.0,1009.1,9.5,27,26.5,23.9,746.0,41.1,13.7,45.0
2025-10-25T07:00,25.1,33,0.0,1009.6,9.5,27,29.6,27.0,1324.0,46.7,15.4,39.0
2025-10-25T08:00,26.2,31,0.0,1010.2,8.1,25,33.9,31.3,1680.0,47.0,16.8,46.0
2025-10-25T09:00,29.2,26,0.0,1010.4,8.0,16,37.5,35.2,1595.0,36.8,17.9,77.0
2025-10-25T10:00,32.7,20,0.0,1010.5,6.0,37,31.0,26.0,1286.0,21.4,18.6,121.0
2025-10-25T11:00,34.9,16,0.0,1010.3,5.1,73,21.4,17.8,991.0,9.5,18.4,154.0
2025-10-25T12:00,35.8,14,0.0,1009.4,5.3,108,18.1,14.7,759.0,5.0,16.5,165.0
2025-10-25T13:00,36.2,13,0.0,1008.4,3.6,147,19.3,15.0,541.0,4.2,13.6,165.0
2025-10-25T14:00,36.3,13,0.0,1007.4,2.7,188,20.1,15.0,420.0,4.5,11.3,162.0
2025-10-25T15:00,36.0,16,0.0,1006.8,4.8,217,20.3,14.7,402.0,4.0,10.0,159.0
2025-10-25T16:00,35.5,21,0.0,1006.5,5.5,221,20.6,14.9,483.0,4.7,9.4,154.0
2025-10-25T17:00,34.6,25,0.0,1006.5,6.9,229,24.6,18.0,732.0,9.6,8.7,138.0
2025-10-25T18:00,33.1,30,0.0,1006.8,9.2,253,26.9,22.4,1366.0,19.7,9.3,115.0
2025-10-25T19:00,32.1,26,0.0,1007.3,9.7,281,28.9,25.2,2168.0,33.4,10.2,84.0
2025-10-25T20:00,31.4,25,0.0,1008.2,9.0,299,29.9,26.4,2561.0,43.2,10.9,61.0
2025-10-25T21:00,29.9,31,0.0,1008.8,8.8,337,31.2,27.6,2161.0,45.7,11.5,53.0
2025-10-25T22:00,28.8,31,0.0,1008.9,9.0,2,32.8,29.0,1353.0,44.1,12.0,53.0
2025-10-25T23:00,28.3,28,0.0,1008.8,8.0,18,33.8,29.7,711.0,40.5,12.0,56.0
2025-10-26T00:00,28.2,27,0.0,1008.6,8.5,35,32.9,28.9,470.0,34.4,11.2,60.0
2025-10-26T01:00,27.9,26,0.0,1008.5,7.5,53,30.9,26.9,395.0,26.3,9.8,67.0
2025-10-26T02:00,27.5,27,0.0,1008.3,7.7,51,28.6,24.8,360.0,19.6,8.8,73.0
2025-10-26T03:00,26.6,29,0.0,1008.3,8.8,31,26.6,23.0,307.0,14.6,8.2,76.0
2025-10-26T04:00,25.8,31,0.0,1008.3,9.2,28,24.8,21.5,295.0,11.0,7.9,79.0
2025-10-26T05:00,25.1,33,0.0,1008.3,9.3,27,24.0,21.0,371.0,11.7,8.3,74.0
2025-10-26T06:00,24.8,34,0.0,1008.5,9.5,22,24.2,21.2,634.0,19.5,9.6,69.0
2025-10-26T07:00,25.4,33,0.0,1009.2,11.1,34,27.0,24.4,986.0,30.0,11.4,62.0
2025-10-26T08:00,27.4,28,0.0,1009.6,11.9,42,31.4,29.6,1179.0,34.8,13.0,66.0
2025-10-26T09:00,29.9,25,0.0,1010.2,9.6,47,31.7,29.3,1062.0,28.6,14.5,90.0
2025-10-26T10:00,32.5,22,0.0,1010.3,11.0,60,29.2,25.8,786.0,16.9,15.9,124.0
2025-10-26T11:00,34.2,18,0.0,1010.0,12.8,74,18.2,16.0,559.0,7.7,16.2,149.0
2025-10-26T12:00,35.0,17,0.0,1009.1,14.0,82,13.4,11.2,456.0,4.4,14.5,157.0
2025-10-26T13:00,35.5,17,0.0,1008.2,14.8,81,12.9,10.5,403.0,3.7,11.7,157.0
2025-10-26T14:00,35.6,16,0.0,1007.3,14.8,67,13.2,10.9,384.0,3.9,9.6,154.0
2025-10-26T15:00,35.7,16,0.0,1006.3,15.2,51,14.1,11.6,405.0,4.1,8.8,152.0
2025-10-26T16:00,35.4,16,0.0,1005.8,16.7,45,15.1,12.4,461.0,5.2,8.6,148.0
2025-10-26T17:00,34.9,15,0.0,1006.5,17.3,46,28.0,23.4,516.0,8.6,8.8,136.0
2025-10-26T18:00,33.8,17,0.0,1006.8,14.8,38,29.6,26.5,567.0,16.3,10.1,121.0
2025-10-26T19:00,32.8,20,0.0,1007.3,13.6,24,31.9,29.2,619.0,26.7,11.8,99.0
2025-10-26T20:00,31.5,23,0.0,1007.9,15.3,25,33.4,30.9,648.0,33.8,13.1,83.0
2025-10-26T21:00,30.9,25,0.0,1008.7,16.4,40,33.2,30.7,647.0,34.9,13.6,76.0
2025-10-26T22:00,30.0,26,0.0,1008.7,13.8,47,31.9,29.7,623.0,32.5,13.6,73.0
2025-10-26T23:00,29.2,28,0.0,1008.4,12.3,50,30.0,28.1,578.0,28.6,13.3,74.0
2025-10-27T00:00,28.7,29,0.0,1007.9,12.8,52,27.5,25.8,496.0,22.5,12.7,81.0
2025-10-27T01:00,28.7,29,0.0,1007.6,14.9,48,25.8,24.2,392.0,14.8,11.7,91.0
2025-10-27T02:00,28.6,28,0.0,1007.4,14.5,43,25.6,24.2,317.0,9.0,11.0,98.0
2025-10-27T03:00,27.7,29,0.0,1007.3,12.5,25,26.7,24.8,273.0,6.1,10.5,98.0
2025-10-27T04:00,27.1,30,0.0,1007.3,12.8,29,27.8,24.9,258.0,5.1,10.2,94.0
2025-10-27T05:00,26.9,30,0.0,1007.5,13.2,34,29.1,24.9,308.0,6.7,10.5,89.0
2025-10-27T06:00,26.5,30,0.0,1008.0,13.3,33,29.3,24.4,497.0,12.9,11.2,79.0
2025-10-27T07:00,26.3,30,0.0,1008.7,13.2,39,31.0,25.7,751.0,21.1,12.2,66.0
2025-10-27T08:00,27.5,28,0.0,1009.3,11.8,44,32.5,28.1,893.0,25.2,13.0,65.0
2025-10-27T09:00,29.6,24,0.0,1009.9,11.8,47,32.6,26.7,813.0,21.1,13.6,87.0
2025-10-27T10:00,31.8,21,0.0,1010.2,15.9,51,27.3,21.0,620.0,12.9,13.9,120.0
2025-10-27T11:00,33.5,20,0.0,1010.0,17.9,56,24.0,19.0,461.0,6.4,13.5,145.0
2025-10-27T12:00,34.3,18,0.0,1009.1,20.2,55,22.1,17.6,387.0,4.1,11.6,151.0
2025-10-27T13:00,34.9,17,0.0,1008.2,21.3,51,21.6,16.8,347.0,3.5,8.9,149.0
2025-10-27T14:00,35.2,15,0.0,1007.2,21.3,48,21.8,16.8,336.0,3.7,6.9,145.0
2025-10-27T15:00,35.1,15,0.0,1006.5,21.6,46,21.9,17.0,355.0,3.9,6.2,143.0
2025-10-27T16:00,34.5,18,0.0,1006.5,21.7,47,22.1,17.3,403.0,4.8,6.1,139.0
2025-10-27T17:00,33.8,19,0.0,1006.8,20.5,42,35.2,28.9,469.0,8.4,6.8,131.0
2025-10-27T18:00,32.6,21,0.0,1007.3,16.6,30,36.1,31.3,579.0,15.8,8.0,114.0
2025-10-27T19:00,31.3,24,0.0,1008.0,14.7,29,36.8,32.7,708.0,25.7,9.6,91.0
2025-10-27T20:00,30.1,27,0.0,1008.8,13.3,28,37.4,34.0,768.0,31.3,11.1,77.0
2025-10-27T21:00,28.9,30,0.0,1009.4,11.9,29,35.4,32.6,703.0,28.5,12.3,80.0
2025-10-27T22:00,28.4,30,0.0,1009.3,12.7,33,33.1,30.5,569.0,21.4,13.4,91.0
2025-10-27T23:00,28.5,28,0.0,1009.0,15.6,38,32.2,29.8,454.0,15.1,13.9,100.0
2025-10-28T00:00,29.0,26,0.0,1008.6,16.6,41,31.8,29.2,385.0,11.4,13.5,103.0
2025-10-28T01:00,28.6,26,0.0,1008.6,16.1,59,31.1,28.5,336.0,8.5,12.6,104.0
2025-10-28T02:00,27.9,27,0.0,1008.6,16.4,54,31.1,28.2,307.0,6.6,11.8,102.0
2025-10-28T03:00,27.0,30,0.0,1008.7,14.8,46,32.2,28.9,287.0,5.5,11.2,97.0
2025-10-28T04:00,26.2,35,0.0,1008.4,14.1,39,33.8,30.0,289.0,5.4,10.6,90.0
2025-10-28T05:00,25.7,38,0.0,1008.7,13.4,35,34.2,30.6,353.0,7.2,11.0,85.0
2025-10-28T06:00,25.6,40,0.0,1009.3,13.9,37,35.7,31.8,557.0,12.6,12.1,78.0
2025-10-28T07:00,25.5,43,0.0,1010.1,13.9,39,38.6,34.2,824.0,19.9,13.5,71.0
2025-10-28T08:00,26.3,43,0.0,1010.9,11.8,38,41.3,37.1,963.0,23.4,14.7,72.0
2025-10-28T09:00,27.9,42,0.0,1011.0,12.9,39,44.9,38.1,850.0,19.5,15.5,92.0
2025-10-28T10:00,29.9,40,0.0,1010.9,15.9,45,48.0,39.8,608.0,11.9,15.9,121.0
2025-10-28T11:00,31.5,32,0.0,1010.6,19.9,50,47.0,39.6,421.0,6.0,15.8,144.0
2025-10-28T12:00,32.6,26,0.0,1009.6,21.9,48,44.1,37.0,361.0,3.9,14.6,156.0
2025-10-28T13:00,33.2,24,0.0,1008.5,22.7,48,39.7,31.9,354.0,3.5,12.8,162.0
2025-10-28T14:00,33.6,23,0.0,1007.6,22.8,46,40.5,30.3,368.0,3.8,11.4,164.0
2025-10-28T15:00,33.5,25,0.0,1007.0,22.4,45,43.2,31.0,395.0,4.4,10.9,161.0
2025-10-28T16:00,32.9,29,0.0,1006.7,22.4,44,44.2,31.7,443.0,5.8,10.8,154.0
2025-10-28T17:00,32.9,26,0.0,1007.2,21.8,47,44.1,32.5,492.0,8.0,11.5,146.0
2025-10-28T18:00,31.8,29,0.0,1007.7,17.4,40,44.5,34.7,550.0,12.2,12.2,133.0
2025-10-28T19:00,30.7,32,0.0,1008.3,14.7,35,45.8,36.2,610.0,17.9,13.2,116.0
2025-10-28T20:00,29.7,35,0.0,1009.2,12.2,33,46.7,38.1,636.0,21.4,14.0,103.0
2025-10-28T21:00,28.9,36,0.0,1009.7,12.5,33,47.7,40.7,605.0,20.9,14.4,100.0
2025-10-28T22:00,28.5,37,0.0,1009.9,13.7,39,49.5,43.9,540.0,18.3,14.6,102.0
2025-10-28T23:00,28.3,38,0.0,1010.0,13.9,40,52.2,47.6,477.0,15.3,14.8,105.0
2025-10-29T00:00,28.2,39,0.0,1010.0,15.3,43,53.9,49.7,424.0,12.2,14.9,108.0
2025-10-29T01:00,27.8,39,0.0,1009.7,15.7,45,54.0,49.7,374.0,8.8,14.9,112.0
2025-10-29T02:00,27.2,40,0.0,1009.4,15.4,45,53.4,48.8,340.0,6.3,14.9,113.0
2025-10-29T03:00,26.8,41,0.0,1009.1,14.5,37,52.5,47.4,311.0,5.0,14.8,110.0
2025-10-29T04:00,26.1,44,0.0,1008.9,13.5,42,51.3,45.6,299.0,4.8,14.7,105.0
2025-10-29T05:00,25.4,48,0.0,1009.4,13.0,38,53.1,47.3,350.0,6.2,15.6,101.0
2025-10-29T06:00,25.0,50,0.0,1009.5,14.1,34,52.2,45.9,545.0,11.2,16.4,92.0
2025-10-29T07:00,24.9,51,0.0,1010.1,13.7,38,53.3,46.7,805.0,17.8,17.4,81.0
2025-10-29T08:00,25.7,50,0.0,1010.8,11.5,35,54.6,48.3,935.0,21.0,17.5,78.0
2025-10-29T09:00,27.3,46,0.0,1010.9,13.0,45,55.8,47.0,811.0,17.5,16.2,92.0
2025-10-29T10:00,29.1,43,0.0,1010.9,16.3,53,49.2,41.7,557.0,10.5,14.1,115.0
2025-10-29T11:00,30.4,34,0.0,1010.4,22.5,52,41.6,36.1,361.0,5.2,11.9,132.0
2025-10-29T12:00,31.6,28,0.0,1009.6,22.4,51,35.0,30.5,296.0,3.4,9.7,136.0
2025-10-29T13:00,32.4,25,0.0,1008.4,21.2,51,28.9,25.7,287.0,3.2,7.4,133.0
2025-10-29T14:00,32.9,24,0.0,1007.4,20.6,53,24.4,22.1,298.0,3.6,5.8,129.0
2025-10-29T15:00,32.8,27,0.0,1006.9,19.8,53,21.0,19.2,321.0,4.1,5.2,125.0
2025-10-29T16:00,32.8,25,0.0,1006.7,19.9,50,18.8,17.4,364.0,5.2,5.3,119.0
2025-10-29T17:00,32.3,25,0.0,1006.6,20.1,53,22.9,21.1,413.0,7.9,5.9,110.0
2025-10-29T18:00,31.6,27,0.0,1007.0,15.8,53,24.2,22.8,477.0,12.9,6.8,98.0
2025-10-29T19:00,30.7,29,0.0,1007.5,15.7,51,24.4,23.1,547.0,19.7,8.0,81.0
2025-10-29T20:00,30.0,30,0.0,1008.2,15.4,47,25.4,23.7,585.0,24.7,9.0,67.0
2025-10-29T21:00,29.2,32,0.0,1008.5,14.1,47,27.2,25.2,573.0,26.6,9.5,59.0
2025-10-29T22:00,28.2,34,0.0,1008.6,12.5,35,29.2,26.7,529.0,26.7,9.7,55.0
2025-10-29T23:00,27.6,36,0.0,1008.4,12.3,25,32.0,28.9,473.0,25.0,9.7,54.0
2025-10-30T00:00,27.5,36,0.0,1008.1,12.5,33,35.0,31.2,400.0,20.3,9.3,59.0
2025-10-30T01:00,27.5,35,0.0,1007.8,13.4,33,36.8,32.6,315.0,13.7,8.6,69.0
2025-10-30T02:00,27.2,36,0.0,1007.7,14.2,29,36.4,32.2,257.0,8.8,8.1,75.0
2025-10-30T03:00,26.8,38,0.0,1007.8,13.5,37,35.4,31.1,221.0,6.6,7.8,76.0
2025-10-30T04:00,26.2,40,0.0,1008.0,12.4,39,34.0,29.5,212.0,6.1,7.8,73.0
2025-10-30T05:00,25.8,43,0.0,1007.9,13.2,35,40.2,35.3,283.0,7.4,9.6,75.0
2025-10-30T06:00,25.4,45,0.0,1008.5,12.8,35,39.5,34.5,528.0,12.6,10.6,68.0
2025-10-30T07:00,25.1,47,0.0,1009.2,12.3,34,40.3,35.2,854.0,19.4,12.0,58.0
2025-10-30T08:00,25.9,46,0.0,1009.9,9.9,32,41.9,37.0,1026.0,22.6,12.9,59.0
2025-10-30T09:00,27.7,42,0.0,1010.2,10.8,33,42.3,34.9,895.0,18.5,13.0,79.0
2025-10-30T10:00,30.1,37,0.0,1010.2,12.5,41,39.9,31.8,611.0,10.8,12.7,108.0
2025-10-30T11:00,31.7,33,0.0,1010.3,20.3,55,31.8,27.4,394.0,4.9,12.1,131.0
2025-10-30T12:00,32.5,32,0.0,1009.5,20.3,57,28.2,25.0,334.0,3.1,11.3,140.0
2025-10-30T13:00,33.1,30,0.0,1008.3,19.5,55,27.3,24.2,341.0,3.1,10.2,143.0
2025-10-30T14:00,33.4,30,0.0,1007.3,18.4,55,27.1,23.9,362.0,3.7,9.5,143.0
2025-10-30T15:00,33.4,31,0.0,1006.8,18.2,56,27.8,24.3,387.0,4.0,9.2,142.0
2025-10-30T16:00,33.1,32,0.0,1006.5,17.9,50,28.3,24.6,427.0,5.0,9.3,138.0
2025-10-30T17:00,33.0,30,0.0,1006.6,17.1,51,32.1,28.4,457.0,8.3,9.8,128.0
2025-10-30T18:00,32.4,31,0.0,1007.3,15.3,47,35.2,32.1,466.0,16.2,11.0,111.0
2025-10-30T19:00,31.6,32,0.0,1008.0,14.3,40,38.2,34.9,465.0,26.9,12.8,88.0
2025-10-30T20:00,30.9,31,0.0,1008.8,14.2,36,41.4,38.0,465.0,34.7,14.1,70.0
2025-10-30T21:00,30.3,31,0.0,1009.6,13.6,37,44.1,40.6,478.0,37.4,14.7,60.0
2025-10-30T22:00,29.5,32,0.0,1009.7,12.8,34,43.7,40.0,492.0,37.0,14.9,56.0
2025-10-30T23:00,28.4,35,0.0,1009.8,11.4,25,41.1,37.4,484.0,33.9,14.9,57.0
2025-10-31T00:00,28.0,34,0.0,1009.7,11.5,27,38.6,34.9,429.0,26.5,14.7,67.0
2025-10-31T01:00,27.6,34,0.0,1009.4,11.4,28,38.1,34.0,350.0,16.3,14.3,83.0
2025-10-31T02:00,27.3,34,0.0,1009.3,11.5,31,39.1,34.9,298.0,8.7,14.1,95.0
2025-10-31T03:00,26.9,34,0.0,1008.9,12.2,33,40.7,36.3,249.0,5.3,14.1,99.0
2025-10-31T04:00,26.6,35,0.0,1008.9,12.5,33,42.5,37.7,226.0,4.5,14.3,99.0
2025-10-31T05:00,26.3,36,0.0,1009.1,10.5,52,44.5,39.0,343.0,8.6,14.4,83.0
2025-10-31T06:00,25.8,38,0.0,1009.5,8.7,58,46.6,40.7,772.0,16.7,15.5,73.0
2025-10-31T07:00,25.3,40,0.0,1010.5,8.4,35,50.8,44.5,1341.0,27.5,17.1,62.0
2025-10-31T08:00,26.0,39,0.0,1011.1,7.8,22,54.8,48.9,1645.0,33.0,18.5,61.0
2025-10-31T09:00,28.1,35,0.0,1011.4,6.8,29,58.4,49.7,1425.0,27.9,20.0,83.0
2025-10-31T10:00,30.9,30,0.0,1011.5,9.0,33,65.7,50.3,940.0,17.5,21.5,117.0
2025-10-31T11:00,32.8,26,0.0,1011.1,10.5,53,79.4,50.5,566.0,9.3,21.6,142.0
2025-10-31T12:00,33.6,24,0.0,1010.3,8.9,66,83.6,48.7,457.0,5.9,19.3,150.0
2025-10-31T13:00,33.8,22,0.0,1009.3,4.6,103,76.6,47.4,459.0,4.7,15.6,150.0
2025-10-31T14:00,33.9,22,0.0,1008.6,2.6,205,69.4,45.9,488.0,5.0,12.9,147.0
2025-10-31T15:00,32.9,34,0.0,1008.1,8.1,225,63.3,44.0,472.0,4.4,11.6,145.0
2025-10-31T16:00,32.6,39,0.0,1007.8,7.3,230,59.1,43.1,483.0,5.3,11.3,139.0
2025-10-31T17:00,32.5,35,0.0,1007.9,3.4,196,73.6,53.9,649.0,15.3,15.3,126.0
2025-10-31T18:00,31.0,48,0.0,1008.1,3.5,215,95.2,80.1,1150.0,38.3,20.6,95.0
2025-10-31T19:00,29.8,56,0.0,1008.6,1.3,225,107.1,93.1,1807.0,69.8,28.0,53.0
2025-10-31T20:00,29.8,51,0.0,1009.3,5.1,58,106.9,93.6,2213.0,91.0,33.1,22.0
2025-10-31T21:00,30.8,30,0.0,1009.9,6.2,73,107.8,95.7,2161.0,92.4,34.4,13.0
2025-10-31T22:00,29.8,26,0.0,1009.9,4.8,20,105.2,95.0,1858.0,83.5,33.5,15.0
2025-10-31T23:00,27.7,30,0.0,1010.0,6.2,15,105.0,95.5,1516.0,74.6,31.4,17.0
2025-11-01T00:00,26.3,34,0.0,1009.6,8.6,11,106.4,96.4,1153.0,68.5,27.9,15.0
2025-11-01T01:00,25.2,38,0.0,1009.6,10.6,359,105.2,95.7,752.0,62.5,23.2,13.0
2025-11-01T02:00,24.6,40,0.0,1009.6,9.8,352,98.3,91.3,474.0,58.2,19.4,12.0
2025-11-01T03:00,24.4,40,0.0,1009.3,8.7,6,88.5,82.0,366.0,56.9,17.2,13.0
2025-11-01T04:00,24.1,40,0.0,1009.2,8.9,18,81.3,74.5,381.0,57.4,15.8,16.0
2025-11-01T05:00,23.6,42,0.0,1009.1,8.6,22,77.1,70.1,539.0,56.3,15.4,18.0
2025-11-01T06:00,23.3,42,0.0,1009.5,8.9,28,75.7,68.9,950.0,57.7,16.4,13.0
2025-11-01T07:00,23.5,40,0.0,1010.4,8.5,21,80.3,73.8,1503.0,59.1,17.9,9.0
2025-11-01T08:00,24.6,37,0.0,1011.3,5.7,35,86.8,81.5,1886.0,55.9,20.8,17.0
2025-11-01T09:00,27.2,32,0.0,1011.7,3.8,49,88.2,82.0,1958.0,44.0,26.9,50.0
2025-11-01T10:00,30.3,26,0.0,1011.8,2.5,90,81.5,69.8,1861.0,27.5,34.3,97.0
2025-11-01T11:00,32.2,23,0.0,1011.6,3.2,180,80.8,62.6,1707.0,14.8,38.1,135.0
2025-11-01T12:00,32.8,23,0.0,1010.8,7.1,196,78.5,59.4,1496.0,8.9,35.1,156.0
2025-11-01T13:00,32.9,25,0.0,1009.8,9.2,208,72.6,55.8,1228.0,6.7,28.5,169.0
2025-11-01T14:00,33.0,25,0.0,1009.0,9.6,218,66.6,52.0,1023.0,7.2,23.5,175.0
2025-11-01T15:00,32.9,23,0.0,1008.3,10.1,239,62.6,49.5,913.0,8.4,22.1,176.0
2025-11-01T16:00,32.6,23,0.0,1008.1,9.2,253,59.8,47.7,864.0,12.3,22.1,169.0
2025-11-01T17:00,31.9,25,0.0,1008.5,8.0,250,65.0,53.4,896.0,20.3,23.9,153.0
2025-11-01T18:00,30.0,39,0.0,1008.9,7.5,253,79.2,71.5,1068.0,43.2,23.7,116.0
2025-11-01T19:00,28.2,51,0.0,1009.4,7.1,289,80.3,73.3,1321.0,74.6,23.6,66.0
2025-11-01T20:00,27.2,58,0.0,1010.0,8.0,316,80.1,73.1,1495.0,97.4,24.6,27.0
2025-11-01T21:00,26.5,63,0.0,1010.7,6.9,317,85.4,77.8,1534.0,103.9,28.2,13.0
2025-11-01T22:00,25.5,70,0.0,1010.7,8.7,326,94.3,86.1,1494.0,101.9,32.8,10.0
2025-11-01T23:00,25.0,71,0.0,1010.5,7.8,337,97.8,89.9,1382.0,97.2,34.8,10.0
2025-11-02T00:00,24.3,72,0.0,1010.3,8.7,343,95.0,88.0,1151.0,90.6,31.5,9.0
2025-11-02T01:00,23.7,72,0.0,1010.1,10.6,336,91.0,84.5,849.0,81.4,25.6,10.0
2025-11-02T02:00,23.6,74,0.0,1010.1,11.5,333,87.1,81.0,620.0,73.3,21.0,11.0
2025-11-02T03:00,23.6,73,0.0,1009.7,9.7,344,80.3,75.0,489.0,67.5,19.1,12.0
2025-11-02T04:00,23.4,71,0.0,1009.6,8.7,346,70.5,65.2,432.0,62.9,18.5,14.0
2025-11-02T05:00,23.1,69,0.0,1009.9,7.2,348,66.8,61.7,523.0,59.7,17.7,12.0
2025-11-02T06:00,22.7,65,0.0,1010.1,6.7,2,63.1,58.2,912.0,61.0,19.1,10.0
2025-11-02T07:00,22.5,60,0.0,1010.7,6.7,358,67.1,62.4,1449.0,62.1,21.3,9.0
2025-11-02T08:00,23.7,49,0.0,1011.3,5.6,354,72.2,67.8,1761.0,58.4,25.6,20.0
2025-11-02T09:00,26.9,39,0.0,1011.8,4.5,331,71.7,66.8,1634.0,45.4,34.7,54.0
2025-11-02T10:00,30.5,28,0.0,1011.8,4.0,324,62.2,53.9,1282.0,27.6,45.8,101.0
2025-11-02T11:00,32.7,22,0.0,1011.9,4.1,268,46.4,39.1,973.0,14.0,51.9,139.0
2025-11-02T12:00,33.6,19,0.0,1011.1,6.2,234,40.0,34.1,792.0,8.0,48.4,161.0
2025-11-02T13:00,33.9,21,0.0,1010.2,8.9,238,40.5,34.8,653.0,6.1,39.8,174.0
2025-11-02T14:00,33.9,22,0.0,1009.4,10.6,246,42.4,36.6,567.0,7.0,32.6,178.0
2025-11-02T15:00,33.5,22,0.0,1008.8,11.1,256,44.0,38.1,527.0,10.9,29.5,171.0
2025-11-02T16:00,32.7,23,0.0,1008.6,11.0,266,45.3,39.2,541.0,17.6,27.8,156.0
2025-11-02T17:00,31.5,29,0.0,1009.3,10.3,272,49.4,43.3,641.0,24.4,27.0,133.0
2025-11-02T18:00,29.7,42,0.0,1009.4,8.2,285,55.1,49.2,916.0,31.5,24.4,107.0
2025-11-02T19:00,27.9,52,0.0,1009.7,8.0,304,56.7,49.7,1278.0,41.3,20.8,70.0
2025-11-02T20:00,26.6,63,0.0,1010.2,7.2,297,56.5,48.2,1490.0,47.9,17.9,43.0
2025-11-02T21:00,25.9,71,0.0,1010.8,7.4,296,56.3,47.3,1429.0,48.9,16.4,33.0
2025-11-02T22:00,25.2,76,0.0,1010.9,7.5,312,56.7,46.9,1219.0,46.7,15.6,32.0
2025-11-02T23:00,24.4,80,0.0,1010.9,7.4,319,56.8,46.6,996.0,43.0,14.7,34.0
2025-11-03T00:00,24.1,79,0.0,1010.6,7.0,328,55.3,45.1,776.0,37.8,13.3,37.0
2025-11-03T01:00,23.5,81,0.0,1010.3,9.8,325,52.4,41.9,544.0,31.1,11.7,42.0
2025-11-03T02:00,23.4,87,0.0,1009.8,10.2,323,48.9,38.3,385.0,25.0,10.5,46.0
2025-11-03T03:00,23.4,92,0.0,1009.3,9.6,322,45.9,34.3,304.0,19.2,9.6,50.0
2025-11-03T04:00,23.0,95,0.0,1009.1,7.1,333,44.4,31.4,297.0,14.0,9.1,53.0
2025-11-03T05:00,22.5,88,0.0,1009.3,5.2,331,42.0,28.8,436.0,11.9,8.5,53.0
2025-11-03T06:00,22.1,87,0.0,1009.2,5.0,314,44.6,29.2,891.0,20.9,10.2,43.0
2025-11-03T07:00,21.5,88,0.0,1009.7,6.0,311,51.3,34.6,1492.0,33.0,12.5,29.0
2025-11-03T08:00,22.2,84,0.0,1010.6,5.4,318,56.5,40.0,1797.0,39.2,14.9,26.0
2025-11-03T09:00,24.5,78,0.0,1010.9,4.2,306,63.3,36.0,1517.0,34.0,17.5,43.0
2025-11-03T10:00,26.7,75,0.0,1010.9,5.9,270,67.1,34.5,941.0,22.9,20.2,71.0
2025-11-03T11:00,28.9,66,0.0,1011.0,8.7,248,68.2,33.1,495.0,13.8,21.5,93.0
2025-11-03T12:00,30.1,57,0.0,1009.7,10.7,245,67.8,31.3,354.0,9.4,20.6,104.0
2025-11-03T13:00,30.4,54,0.0,1009.0,13.2,248,67.3,30.5,342.0,7.0,18.3,110.0
2025-11-03T14:00,30.1,56,0.0,1008.0,13.6,248,68.0,30.6,356.0,6.2,16.5,110.0
2025-11-03T15:00,29.6,57,0.0,1007.3,13.8,252,68.2,30.6,359.0,6.9,15.8,104.0
2025-11-03T16:00,28.9,58,0.0,1007.1,13.1,255,66.6,30.4,387.0,9.2,15.6,93.0
2025-11-03T17:00,27.7,72,0.0,1007.2,11.5,236,58.8,28.1,447.0,13.5,15.3,77.0
2025-11-03T18:00,26.8,80,0.0,1007.3,10.9,236,54.0,29.6,562.0,21.5,14.7,65.0
2025-11-03T19:00,26.4,83,0.0,1007.7,11.8,227,54.6,31.7,709.0,32.4,13.9,48.0
2025-11-03T20:00,26.1,86,0.0,1008.2,11.2,220,54.1,32.1,828.0,39.8,13.1,37.0
2025-11-03T21:00,26.0,87,0.0,1009.0,10.5,239,52.9,31.7,915.0,40.9,12.5,35.0
2025-11-03T22:00,25.7,88,0.0,1009.5,6.9,239,51.9,31.1,973.0,38.4,11.9,38.0
2025-11-03T23:00,25.5,90,0.0,1009.2,8.0,220,51.7,31.2,952.0,34.5,11.1,42.0
2025-11-04T00:00,25.6,91,0.0,1008.8,10.4,226,52.2,30.6,788.0,28.6,9.8,48.0
2025-11-04T01:00,25.5,91,0.0,1008.2,10.2,226,49.1,28.2,545.0,21.3,8.3,56.0
2025-11-04T02:00,25.4,92,0.0,1007.8,7.6,245,46.2,26.7,363.0,16.0,7.3,60.0
2025-11-04T03:00,24.5,94,0.0,1007.6,7.2,309,45.9,26.8,292.0,14.0,7.1,57.0
2025-11-04T04:00,23.5,94,0.0,1007.5,8.4,335,46.9,28.6,282.0,13.9,7.5,49.0
2025-11-04T05:00,22.2,95,0.0,1007.7,9.4,329,39.7,25.3,326.0,13.5,8.2,46.0
2025-11-04T06:00,21.6,85,0.0,1008.1,12.3,323,41.1,26.4,471.0,19.9,9.7,37.0
2025-11-04T07:00,22.4,68,0.0,1009.1,13.8,317,44.4,30.6,670.0,28.6,11.9,26.0
2025-11-04T08:00,23.7,54,0.0,1009.9,11.1,318,46.6,34.8,769.0,33.3,13.8,25.0
2025-11-04T09:00,26.6,37,0.0,1010.4,11.6,325,46.9,33.1,670.0,30.7,15.3,45.0
2025-11-04T10:00,30.5,21,0.0,1010.7,13.5,327,49.4,29.6,471.0,24.1,16.6,75.0
2025-11-04T11:00,33.0,16,0.0,1010.6,15.4,324,49.4,25.3,318.0,17.8,17.0,100.0
2025-11-04T12:00,33.9,12,0.0,1009.8,16.4,324,50.8,23.3,265.0,12.4,16.0,114.0
2025-11-04T13:00,34.6,13,0.0,1008.5,15.7,319,48.3,23.9,257.0,7.2,14.3,123.0
2025-11-04T14:00,34.8,13,0.0,1007.9,16.1,319,45.1,23.7,273.0,4.9,13.0,126.0
2025-11-04T15:00,34.9,11,0.0,1007.4,16.3,317,42.7,23.2,317.0,7.0,12.9,123.0
2025-11-04T16:00,34.4,10,0.0,1007.4,16.5,308,41.4,22.9,385.0,12.0,13.3,114.0
2025-11-04T17:00,32.7,17,0.0,1007.7,12.2,284,29.6,21.0,449.0,19.9,13.5,99.0
2025-11-04T18:00,30.3,29,0.0,1007.9,12.7,282,38.2,29.5,510.0,27.3,13.7,83.0
2025-11-04T19:00,29.2,31,0.0,1008.0,11.9,299,43.2,32.7,567.0,37.2,14.0,62.0
2025-11-04T20:00,28.2,33,0.0,1008.7,12.6,311,47.1,33.6,582.0,42.9,14.3,47.0
2025-11-04T21:00,27.1,40,0.0,1009.2,13.1,322,48.2,33.2,526.0,40.2,14.8,46.0
2025-11-04T22:00,26.9,29,0.0,1009.6,14.5,325,44.0,30.9,428.0,33.2,15.3,51.0
2025-11-04T23:00,26.5,18,0.0,1009.6,15.2,329,44.6,29.0,345.0,27.3,15.3,54.0
2025-11-05T00:00,25.8,16,0.0,1009.5,15.6,329,50.3,29.9,296.0,24.6,14.3,51.0
2025-11-05T01:00,24.8,16,0.0,1009.2,16.0,331,49.2,30.2,261.0,23.1,12.8,46.0
2025-11-05T02:00,23.8,17,0.0,1009.0,14.3,335,41.2,28.3,237.0,21.8,11.5,42.0
2025-11-05T03:00,22.5,19,0.0,1008.8,12.9,342,31.4,25.2,193.0,19.9,10.6,41.0
2025-11-05T04:00,21.7,22,0.0,1009.0,13.1,351,24.6,21.9,160.0,18.3,9.9,42.0
2025-11-05T05:00,21.8,25,0.0,1009.5,12.6,359,28.0,21.1,221.0,18.5,9.9,39.0
2025-11-05T06:00,22.2,24,0.0,1009.8,13.5,5,24.0,19.6,470.0,25.1,11.0,37.0
2025-11-05T07:00,22.1,24,0.0,1010.5,12.5,12,26.2,22.7,813.0,33.7,12.4,36.0
2025-11-05T08:00,23.2,23,0.0,1011.3,9.9,29,30.0,26.9,1058.0,37.5,13.4,43.0
2025-11-05T09:00,25.9,19,0.0,1012.1,5.5,54,32.2,28.6,1129.0,31.8,13.6,66.0
2025-11-05T10:00,29.0,16,0.0,1012.4,4.8,70,33.9,26.0,1101.0,21.1,13.2,97.0
2025-11-05T11:00,31.6,13,0.0,1012.4,3.8,87,34.9,19.7,1006.0,12.4,12.6,121.0
2025-11-05T12:00,33.4,11,0.0,1011.7,4.0,98,43.0,20.8,788.0,7.9,11.2,130.0
2025-11-05T13:00,34.2,7,0.0,1010.7,1.7,193,42.6,20.5,502.0,5.2,9.6,131.0
2025-11-05T14:00,34.2,8,0.0,1010.0,3.5,219,42.1,20.4,346.0,4.8,8.9,130.0
2025-11-05T15:00,32.8,24,0.0,1009.4,8.6,234,42.3,20.6,412.0,5.6,10.1,129.0
2025-11-05T16:00,32.1,28,0.0,1009.1,10.2,239,42.0,21.0,609.0,8.5,12.2,124.0
2025-11-05T17:00,31.0,29,0.0,1009.4,9.8,246,41.2,22.3,856.0,13.6,11.1,109.0
2025-11-05T18:00,29.5,28,0.0,1009.8,10.8,271,57.5,44.2,1126.0,38.8,13.0,81.0
2025-11-05T19:00,28.3,27,0.0,1010.4,9.6,296,64.3,54.2,1448.0,73.5,15.7,43.0
2025-11-05T20:00,27.2,37,0.0,1011.2,7.8,316,65.2,54.4,1826.0,99.1,18.4,15.0
2025-11-05T21:00,26.2,44,0.0,1011.7,5.6,333,68.7,56.3,2412.0,107.2,21.4,6.0
2025-11-05T22:00,25.4,45,0.0,1011.9,5.2,354,76.6,61.9,3054.0,106.2,24.3,6.0
2025-11-05T23:00,23.9,43,0.0,1012.3,4.5,5,83.4,67.3,3308.0,102.4,25.7,7.0
2025-11-06T00:00,23.3,37,0.0,1012.0,6.3,357,84.3,69.2,2855.0,97.3,24.5,6.0
2025-11-06T01:00,22.2,32,0.0,1011.8,6.8,3,78.2,65.7,2014.0,89.6,21.7,5.0
2025-11-06T02:00,21.5,30,0.0,1011.6,8.6,359,69.8,60.1,1292.0,81.1,18.8,5.0
2025-11-06T03:00,21.4,32,0.0,1011.4,7.9,16,63.1,55.3,818.0,71.8,15.7,4.0
2025-11-06T04:00,21.1,37,0.0,1011.2,6.3,20,57.3,50.8,463.0,61.9,12.6,4.0
2025-11-06T05:00,20.6,40,0.0,1011.5,5.3,18,63.6,53.7,351.0,68.3,17.0,5.0
2025-11-06T06:00,20.5,38,0.0,1011.9,5.9,27,57.7,49.9,665.0,64.7,17.6,2.0
2025-11-06T07:00,20.3,35,0.0,1012.6,5.3,28,63.8,56.5,1222.0,59.5,18.8,0.0
2025-11-06T08:00,21.1,30,0.0,1013.3,4.0,21,74.5,69.2,1600.0,53.6,22.6,10.0
2025-11-06T09:00,24.3,24,0.0,1013.9,4.1,360,72.2,62.2,1604.0,47.1,32.1,48.0
2025-11-06T10:00,27.5,21,0.0,1014.2,1.8,360,71.0,50.6,1429.0,39.9,44.1,100.0
2025-11-06T11:00,29.6,21,0.0,1014.3,1.4,180,70.1,46.4,1236.0,32.4,50.9,141.0
2025-11-06T12:00,31.1,16,0.0,1013.6,4.5,185,65.0,40.7,1059.0,23.4,47.6,163.0
2025-11-06T13:00,31.5,16,0.0,1012.7,6.8,198,57.5,36.3,864.0,14.2,39.1,174.0
2025-11-06T14:00,31.6,18,0.0,1012.0,9.9,213,55.1,35.9,709.0,8.9,32.0,178.0
2025-11-06T15:00,30.9,23,0.0,1011.4,12.1,227,54.5,36.1,603.0,9.5,29.0,176.0
2025-11-06T16:00,29.9,26,0.0,1011.2,12.1,242,54.1,36.1,537.0,13.9,27.3,166.0
2025-11-06T17:00,28.3,36,0.0,1011.5,10.3,259,61.5,44.6,547.0,20.0,32.4,167.0
2025-11-06T18:00,26.5,55,0.0,1011.9,8.7,266,67.3,52.4,681.0,28.4,28.8,139.0
2025-11-06T19:00,25.4,63,0.0,1012.5,7.9,290,70.1,54.0,891.0,40.1,24.0,99.0
2025-11-06T20:00,24.7,67,0.0,1013.1,7.8,302,72.4,53.9,1070.0,50.7,20.6,66.0
2025-11-06T21:00,24.0,72,0.0,1013.5,8.1,298,74.3,53.9,1206.0,59.2,20.5,45.0
2025-11-06T22:00,23.3,76,0.0,1013.7,7.7,311,78.5,56.6,1311.0,66.5,21.8,31.0
2025-11-06T23:00,22.2,81,0.0,1013.9,5.4,345,85.7,61.5,1308.0,70.4,22.5,21.0
2025-11-07T00:00,21.5,83,0.0,1013.6,6.3,336,86.6,63.3,1117.0,69.7,21.4,16.0
2025-11-07T01:00,21.0,84,0.0,1013.1,6.6,347,81.7,60.5,819.0,65.6,19.6,15.0
2025-11-07T02:00,20.7,84,0.0,1013.2,7.1,345,77.1,55.3,575.0,59.3,17.9,17.0
2025-11-07T03:00,20.4,85,0.0,1013.2,7.1,345,73.3,50.5,408.0,48.6,16.2,23.0
2025-11-07T04:00,19.9,85,0.0,1012.9,7.7,342,70.3,46.3,295.0,35.7,14.6,32.0
2025-11-07T05:00,19.4,85,0.0,1013.4,7.6,333,63.8,41.2,336.0,23.1,12.2,45.0
2025-11-07T06:00,19.4,82,0.0,1013.7,8.2,328,62.4,40.5,685.0,31.9,13.3,35.0
2025-11-07T07:00,19.1,80,0.0,1014.3,8.4,332,65.9,45.2,1188.0,43.5,14.9,22.0
2025-11-07T08:00,20.3,72,0.0,1014.8,7.2,335,70.5,51.8,1477.0,48.8,17.4,23.0
2025-11-07T09:00,23.0,57,0.0,1015.5,4.8,331,75.2,51.5,1344.0,41.9,21.8,52.0
2025-11-07T10:00,26.2,39,0.0,1015.8,4.2,324,81.0,49.2,998.0,28.7,27.0,95.0
2025-11-07T11:00,29.6,22,0.0,1015.8,5.3,298,65.2,41.1,696.0,17.6,30.1,130.0
2025-11-07T12:00,31.3,13,0.0,1015.2,6.8,281,46.1,31.2,520.0,11.4,29.0,148.0
2025-11-07T13:00,31.7,13,0.0,1014.5,8.4,260,45.3,31.2,390.0,7.3,25.7,158.0
2025-11-07T14:00,31.5,14,0.0,1013.5,10.7,257,46.9,32.7,320.0,6.0,23.1,161.0
2025-11-07T15:00,31.1,14,0.0,1013.3,12.0,261,48.1,34.0,314.0,7.9,22.5,156.0
2025-11-07T16:00,30.5,15,0.0,1013.3,12.1,272,48.7,34.8,369.0,12.6,22.5,145.0
2025-11-07T17:00,29.5,16,0.0,1013.5,11.1,279,45.1,34.2,491.0,18.8,22.5,127.0
2025-11-07T18:00,27.4,26,0.0,1013.9,8.5,295,51.5,40.5,741.0,27.6,20.6,104.0
2025-11-07T19:00,25.7,37,0.0,1014.6,7.3,306,53.8,41.9,1058.0,39.6,18.0,72.0
2025-11-07T20:00,24.5,48,0.0,1015.1,7.3,318,54.1,42.3,1272.0,47.2,15.9,49.0
2025-11-07T21:00,23.7,56,0.0,1015.4,7.3,318,54.1,42.5,1317.0,46.7,14.8,45.0
2025-11-07T22:00,23.3,63,0.0,1015.3,7.0,314,54.4,42.8,1260.0,41.8,14.3,51.0
2025-11-07T23:00,22.7,64,0.0,1015.3,4.8,318,55.1,43.5,1125.0,36.4,13.6,57.0
2025-11-08T00:00,22.4,66,0.0,1015.1,7.0,302,55.1,43.5,865.0,31.4,12.5,60.0
2025-11-08T01:00,21.6,70,0.0,1014.8,8.5,332,54.1,42.4,527.0,25.8,11.3,63.0
2025-11-08T02:00,20.9,74,0.0,1014.8,8.3,338,52.6,41.0,284.0,21.1,10.4,66.0
2025-11-08T03:00,20.8,79,0.0,1014.6,7.8,338,49.8,39.2,141.0,16.1,9.7,69.0
2025-11-08T04:00,20.6,83,0.0,1014.4,6.7,340,47.7,37.7,91.0,11.9,9.3,71.0
2025-11-08T05:00,19.7,86,0.0,1014.6,5.0,345,49.8,39.0,292.0,16.3,10.4,61.0
2025-11-08T06:00,19.0,89,0.0,1014.9,4.8,349,52.5,41.0,1043.0,29.1,13.0,48.0
2025-11-08T07:00,18.4,92,0.0,1015.5,4.1,360,63.1,50.4,2044.0,46.1,16.8,32.0
2025-11-08T08:00,19.7,87,0.0,1016.1,4.8,345,67.3,56.3,2548.0,54.4,20.1,30.0
2025-11-08T09:00,23.2,73,0.0,1016.6,3.6,315,62.9,51.9,2060.0,45.5,22.9,55.0
2025-11-08T10:00,26.0,61,0.0,1016.9,7.0,271,58.6,44.8,1074.0,27.9,25.4,93.0
2025-11-08T11:00,27.9,44,0.0,1016.7,10.4,261,51.7,39.2,329.0,13.9,26.5,123.0
2025-11-08T12:00,28.5,43,0.0,1016.1,11.8,257,46.4,35.0,141.0,8.1,25.5,137.0
2025-11-08T13:00,28.6,45,0.0,1015.5,12.8,253,45.4,34.1,194.0,5.9,23.2,143.0
2025-11-08T14:00,28.6,41,0.0,1014.8,12.8,253,45.3,33.6,269.0,5.5,21.2,143.0
2025-11-08T15:00,28.3,40,0.0,1014.2,12.3,256,45.5,32.7,277.0,5.6,20.2,135.0
2025-11-08T16:00,27.6,45,0.0,1013.8,11.2,258,46.7,31.9,307.0,7.5,19.6,121.0
2025-11-08T17:00,26.7,52,0.0,1013.9,9.7,258,52.3,36.6,414.0,13.0,20.6,109.0
2025-11-08T18:00,25.6,64,0.0,1014.0,8.2,260,54.7,41.6,618.0,26.8,19.6,85.0
2025-11-08T19:00,25.0,68,0.0,1014.5,7.4,269,59.5,45.5,898.0,46.0,18.2,52.0
2025-11-08T20:00,24.5,70,0.0,1014.9,5.8,284,63.1,47.5,1246.0,61.0,17.5,26.0
2025-11-08T21:00,24.1,72,0.0,1015.3,3.8,289,65.4,48.4,1767.0,68.2,18.1,15.0
2025-11-08T22:00,23.3,76,0.0,1015.4,3.3,315,70.3,50.8,2355.0,71.4,19.3,11.0
2025-11-08T23:00,22.4,82,0.0,1015.3,3.1,294,78.2,54.6,2682.0,71.7,19.8,10.0
2025-11-09T00:00,21.7,84,0.0,1014.9,5.5,311,83.8,56.0,2549.0,69.2,18.9,10.0
2025-11-09T01:00,21.0,86,0.0,1014.6,5.9,342,83.8,53.8,2155.0,64.0,17.3,13.0
2025-11-09T02:00,20.7,88,0.0,1014.3,4.4,9,78.2,49.1,1773.0,57.6,15.9,17.0
2025-11-09T03:00,20.8,87,0.0,1013.8,2.4,36,72.6,44.6,1419.0,48.6,14.7,22.0
2025-11-09T04:00,20.6,87,0.0,1013.6,1.7,41,71.9,42.3,1077.0,38.4,13.7,27.0
2025-11-09T05:00,19.5,90,0.0,1013.7,1.7,49,84.1,48.5,969.0,37.7,14.7,24.0
2025-11-09T06:00,19.7,88,0.0,1014.0,3.7,55,89.6,53.4,1341.0,41.6,16.8,16.0
2025-11-09T07:00,19.3,88,0.0,1014.7,5.7,46,103.1,66.4,1947.0,46.4,19.8,7.0
2025-11-09T08:00,20.0,86,0.0,1015.3,5.6,42,112.9,82.9,2276.0,46.9,23.3,9.0
2025-11-09T09:00,22.5,76,0.0,1015.6,5.0,41,91.5,55.3,2050.0,38.9,27.9,34.0
2025-11-09T10:00,24.8,69,0.0,1015.8,1.5,76,82.2,41.6,1547.0,26.6,32.9,70.0
2025-11-09T11:00,26.3,61,0.0,1015.3,4.6,201,75.0,37.7,1089.0,16.5,35.7,100.0
2025-11-09T12:00,27.4,54,0.0,1014.6,7.5,213,68.5,35.6,766.0,11.1,34.6,118.0
2025-11-09T13:00,27.8,51,0.0,1013.7,9.6,218,62.2,33.4,489.0,8.1,31.4,129.0
2025-11-09T14:00,27.8,48,0.0,1012.8,10.2,222,58.4,31.8,312.0,6.8,28.4,133.0
2025-11-09T15:00,27.7,45,0.0,1012.2,10.3,226,55.5,30.3,228.0,6.3,26.5,127.0
2025-11-09T16:00,27.3,45,0.0,1011.9,10.2,229,52.5,28.4,244.0,7.6,24.9,114.0
2025-11-09T17:00,26.5,49,0.0,1012.0,8.8,239,50.4,28.2,435.0,13.1,25.7,107.0
2025-11-09T18:00,25.6,53,0.0,1012.3,6.9,245,48.9,30.9,928.0,27.5,23.8,80.0
2025-11-09T19:00,25.0,57,0.0,1012.5,5.6,255,49.8,34.3,1596.0,47.4,21.1,43.0
2025-11-09T20:00,24.6,60,0.0,1012.8,4.7,252,50.4,35.7,2131.0,62.5,19.5,15.0
2025-11-09T21:00,24.3,63,0.0,1013.1,4.3,237,51.6,37.4,2452.0,68.1,20.0,6.0
2025-11-09T22:00,23.9,66,0.0,1013.2,4.6,216,57.0,41.2,2639.0,68.8,21.5,5.0
2025-11-09T23:00,22.5,72,0.0,1013.4,2.6,214,64.0,46.2,2629.0,68.8,22.5,6.0
2025-11-10T00:00,22.4,72,0.0,1013.2,4.6,283,67.8,48.7,2304.0,69.8,22.3,5.0
2025-11-10T01:00,21.4,75,0.0,1012.8,5.5,333,68.2,48.1,1782.0,70.0,21.7,4.0
2025-11-10T02:00,20.7,75,0.0,1012.9,5.4,354,64.3,44.6,1345.0,67.7,20.6,5.0
2025-11-10T03:00,20.2,76,0.0,1012.5,3.8,360,56.2,38.9,1004.0,60.3,18.7,9.0
2025-11-10T04:00,19.8,79,0.0,1012.3,1.4,360,47.3,32.8,749.0,50.4,16.4,15.0
2025-11-10T05:00,19.1,83,0.0,1012.2,2.4,351,46.3,30.4,831.0,37.6,13.8,26.0
2025-11-10T06:00,19.0,83,0.0,1012.3,2.9,353,51.1,33.9,1649.0,41.7,15.9,19.0
2025-11-10T07:00,18.7,84,0.0,1013.1,1.8,354,62.4,44.7,2806.0,47.0,18.9,11.0
2025-11-10T08:00,20.2,76,0.0,1013.8,1.8,349,70.8,57.3,3355.0,47.3,22.2,14.0
2025-11-10T09:00,22.9,67,0.0,1014.2,1.4,320,51.5,37.0,2678.0,38.1,26.2,40.0
2025-11-10T10:00,25.0,62,0.0,1014.4,4.4,249,43.9,27.1,1394.0,24.0,30.4,77.0
2025-11-10T11:00,26.8,52,0.0,1014.2,7.1,229,41.9,26.4,420.0,12.9,32.8,108.0
2025-11-10T12:00,27.4,51,0.0,1013.4,9.2,220,38.9,25.6,157.0,8.0,31.9,127.0
2025-11-10T13:00,27.5,54,0.0,1012.5,11.3,219,36.4,24.9,204.0,6.2,29.2,140.0
2025-11-10T14:00,27.3,56,0.0,1011.7,12.0,223,35.9,24.7,278.0,5.9,26.7,144.0
2025-11-10T15:00,27.0,56,0.0,1011.3,11.2,224,34.5,23.8,264.0,5.5,25.1,139.0
2025-11-10T16:00,26.6,57,0.0,1011.1,10.3,223,32.8,22.5,277.0,6.6,23.7,126.0
2025-11-10T17:00,25.9,57,0.0,1011.5,9.7,228,30.9,21.9,381.0,12.5,23.0,108.0
2025-11-10T18:00,25.4,58,0.0,1011.8,7.9,231,33.1,26.0,628.0,28.9,21.8,81.0
2025-11-10T19:00,25.0,59,0.0,1012.2,5.7,229,37.3,31.0,965.0,51.6,20.2,45.0
2025-11-10T20:00,24.7,61,0.0,1012.6,5.2,226,41.0,34.7,1300.0,68.8,19.7,17.0
2025-11-10T21:00,24.3,63,0.0,1013.3,5.1,243,46.7,39.6,1651.0,75.1,21.5,7.0
2025-11-10T22:00,24.0,65,0.0,1013.3,3.1,249,53.8,45.4,2000.0,75.9,24.5,7.0
2025-11-10T23:00,22.7,72,0.0,1013.4,1.2,243,59.6,50.3,2202.0,75.9,26.7,7.0
2025-11-11T00:00,22.5,72,0.0,1013.5,3.3,299,62.2,52.2,2172.0,76.8,27.3,6.0
2025-11-11T01:00,21.6,76,0.0,1013.2,3.5,336,62.6,51.9,1995.0,76.9,27.1,6.0
2025-11-11T02:00,20.9,77,0.0,1012.9,3.7,11,61.9,50.9,1774.0,75.8,26.5,6.0
2025-11-11T03:00,20.5,78,0.0,1012.8,2.8,18,61.5,51.1,1446.0,73.1,25.3,6.0
2025-11-11T04:00,20.2,79,0.0,1012.7,2.8,27,60.8,50.6,1075.0,69.1,23.8,5.0
2025-11-11T05:00,19.4,85,0.0,1013.1,3.2,27,60.8,50.5,958.0,65.6,22.7,5.0
2025-11-11T06:00,19.4,85,0.0,1013.7,3.5,35,64.5,56.3,1394.0,62.2,21.5,2.0
2025-11-11T07:00,19.3,85,0.0,1014.4,4.0,51,74.5,68.0,2085.0,57.0,20.3,0.0
2025-11-11T08:00,20.1,81,0.0,1015.0,3.3,68,86.6,82.7,2434.0,49.9,22.7,7.0
2025-11-11T09:00,22.6,69,0.0,1015.5,2.5,90,57.9,48.9,2077.0,39.5,32.9,37.0
2025-11-11T10:00,24.4,64,0.0,1015.9,2.4,144,41.8,29.3,1378.0,27.1,46.8,78.0
2025-11-11T11:00,26.0,55,0.0,1015.8,4.3,178,34.0,25.6,829.0,17.4,55.2,112.0
2025-11-11T12:00,26.9,53,0.0,1015.0,5.7,189,33.4,26.4,638.0,12.0,53.1,134.0
2025-11-11T13:00,27.3,54,0.0,1014.2,7.8,193,33.4,27.1,596.0,9.1,45.6,150.0
2025-11-11T14:00,27.4,55,0.0,1013.2,9.7,202,33.4,27.5,571.0,8.0,38.9,157.0
2025-11-11T15:00,26.9,57,0.0,1012.8,10.9,211,33.1,27.3,496.0,7.4,35.5,156.0
2025-11-11T16:00,26.4,58,0.0,1012.7,10.2,222,32.0,26.5,438.0,8.6,33.0,146.0
2025-11-11T17:00,25.6,59,0.0,1013.0,9.3,226,27.8,22.8,458.0,13.5,28.9,128.0
2025-11-11T18:00,24.9,64,0.0,1013.4,9.0,233,31.0,26.8,609.0,30.6,26.5,97.0
2025-11-11T19:00,24.5,66,0.0,1014.0,7.3,247,34.8,31.1,839.0,54.2,23.2,54.0
2025-11-11T20:00,24.1,69,0.0,1014.5,5.9,247,36.6,32.8,1054.0,72.0,21.3,21.0
2025-11-11T21:00,23.8,71,0.0,1015.0,6.1,251,40.7,36.1,1269.0,78.2,22.2,10.0
2025-11-11T22:00,23.6,72,0.0,1015.1,5.0,251,46.4,40.9,1469.0,78.6,24.5,10.0
2025-11-11T23:00,22.6,79,0.0,1015.4,2.3,266,52.3,46.1,1520.0,77.7,26.0,10.0
2025-11-12T00:00,22.7,78,0.0,1015.1,3.5,298,55.4,48.7,1303.0,77.5,25.7,8.0
2025-11-12T01:00,21.7,82,0.0,1015.1,7.0,320,53.6,46.6,937.0,76.0,24.6,6.0
2025-11-12T02:00,20.9,83,0.0,1014.9,7.0,350,48.8,42.0,645.0,71.7,23.1,7.0
2025-11-12T03:00,20.5,85,0.0,1014.7,6.5,358,41.1,35.4,476.0,61.5,20.7,13.0
2025-11-12T04:00,20.3,85,0.0,1014.7,6.5,2,35.0,29.6,381.0,48.5,17.8,21.0
2025-11-12T05:00,20.0,85,0.0,1015.0,5.8,2,39.0,31.8,437.0,43.3,15.8,22.0
2025-11-12T06:00,19.7,86,0.0,1015.5,5.9,358,39.8,33.5,796.0,46.4,16.6,16.0
2025-11-12T07:00,19.3,87,0.0,1016.0,5.6,4,49.1,42.5,1305.0,50.3,17.8,10.0
2025-11-12T08:00,19.9,84,0.0,1016.6,4.4,9,55.1,49.2,1582.0,49.5,20.4,16.0
2025-11-12T09:00,22.3,73,0.0,1017.1,3.1,3,42.0,33.1,1394.0,39.7,25.8,45.0
2025-11-12T10:00,24.8,62,0.0,1017.4,3.4,335,32.9,22.7,973.0,25.4,32.4,87.0
2025-11-12T11:00,26.7,49,0.0,1017.2,2.2,261,29.3,21.9,631.0,14.1,36.8,122.0
2025-11-12T12:00,28.2,41,0.0,1016.4,4.1,221,29.5,23.3,490.0,9.0,36.9,143.0
2025-11-12T13:00,28.6,43,0.0,1015.7,8.0,214,30.4,24.2,428.0,7.0,34.7,157.0
2025-11-12T14:00,28.1,52,0.0,1014.9,11.6,221,31.9,25.1,397.0,6.7,32.6,163.0
2025-11-12T15:00,27.4,56,0.0,1014.6,12.4,229,32.6,25.5,369.0,7.4,31.7,160.0
2025-11-12T16:00,27.0,54,0.0,1014.4,10.7,240,32.2,25.0,373.0,9.9,30.8,148.0
2025-11-12T17:00,26.7,54,0.0,1014.1,9.9,251,30.2,24.2,441.0,15.0,32.7,137.0
2025-11-12T18:00,25.7,59,0.0,1014.6,8.4,263,32.1,26.7,624.0,25.2,29.1,109.0
2025-11-12T19:00,24.9,67,0.0,1015.2,7.1,277,32.2,26.5,871.0,39.3,24.1,69.0
2025-11-12T20:00,24.3,74,0.0,1015.8,6.7,278,32.1,26.3,1070.0,50.4,20.3,39.0
2025-11-12T21:00,23.9,78,0.0,1016.3,5.8,268,32.9,26.8,1200.0,56.0,18.8,27.0
2025-11-12T22:00,23.5,80,0.0,1016.4,6.0,280,34.5,28.0,1281.0,58.5,18.5,23.0
2025-11-12T23:00,22.9,83,0.0,1016.5,4.8,292,37.8,30.7,1258.0,58.1,18.0,23.0
2025-11-13T00:00,22.3,84,0.0,1016.7,8.0,324,41.3,33.2,1056.0,54.1,16.7,24.0
2025-11-13T01:00,21.6,86,0.0,1016.2,7.4,342,40.0,31.8,751.0,47.2,15.1,28.0
2025-11-13T02:00,21.2,87,0.0,1016.1,6.6,347,36.0,27.6,509.0,40.0,14.0,33.0
2025-11-13T03:00,20.9,88,0.0,1015.6,6.1,358,33.4,24.0,358.0,31.8,13.3,39.0
2025-11-13T04:00,20.4,90,0.0,1015.6,6.5,6,32.2,21.7,272.0,23.3,13.1,45.0
2025-11-13T05:00,19.9,92,0.0,1016.1,6.6,9,35.9,23.9,336.0,24.3,13.5,39.0
2025-11-13T06:00,19.7,90,0.0,1016.6,6.3,7,39.1,26.1,707.0,31.9,14.7,30.0
2025-11-13T07:00,19.3,89,0.0,1017.4,6.3,7,46.7,33.9,1230.0,41.9,16.6,18.0
2025-11-13T08:00,19.9,81,0.0,1018.1,4.8,13,50.2,38.4,1524.0,46.1,20.5,21.0
2025-11-13T09:00,22.4,68,0.0,1018.6,3.6,9,46.3,32.4,1356.0,38.8,28.5,49.0
2025-11-13T10:00,25.2,57,0.0,1018.8,4.0,357,42.7,22.9,960.0,25.6,38.4,92.0
2025-11-13T11:00,27.1,48,0.0,1018.6,1.8,270,37.4,22.2,656.0,15.0,44.7,127.0
2025-11-13T12:00,28.7,37,0.0,1017.7,4.1,209,36.4,24.0,586.0,10.1,44.3,148.0
2025-11-13T13:00,29.1,36,0.0,1016.9,7.4,206,37.1,24.3,609.0,7.7,40.3,163.0
2025-11-13T14:00,29.1,38,0.0,1015.9,9.7,211,37.8,24.8,620.0,7.1,36.7,170.0
2025-11-13T15:00,28.7,38,0.0,1015.4,11.2,221,38.1,25.1,557.0,7.8,35.3,170.0
2025-11-13T16:00,27.9,39,0.0,1015.2,10.9,239,38.0,25.6,483.0,10.3,34.4,163.0
2025-11-13T17:00,27.3,44,0.0,1015.1,9.1,252,32.6,24.2,483.0,14.8,35.0,152.0
2025-11-13T18:00,26.0,56,0.0,1015.1,8.1,267,37.6,30.9,629.0,23.4,31.1,124.0
2025-11-13T19:00,25.2,67,0.0,1015.7,7.7,282,37.0,30.3,849.0,35.2,25.6,85.0
2025-11-13T20:00,24.6,71,0.0,1016.2,7.7,295,34.8,27.9,1011.0,43.8,21.3,55.0
2025-11-13T21:00,23.8,75,0.0,1016.5,7.2,309,33.8,26.7,1070.0,45.9,19.5,44.0
2025-11-13T22:00,23.1,78,0.0,1016.4,7.6,329,34.8,27.6,1071.0,44.8,18.8,41.0
2025-11-13T23:00,22.4,78,0.0,1016.6,7.2,342,37.0,29.8,1011.0,43.8,18.2,39.0
2025-11-14T00:00,22.0,79,0.0,1016.3,7.3,350,38.4,31.7,856.0,44.2,17.3,33.0
2025-11-14T01:00,21.6,80,0.0,1015.8,7.2,341,38.5,32.1,641.0,44.7,16.5,27.0
2025-11-14T02:00,21.0,83,0.0,1015.8,7.3,343,38.1,31.8,471.0,44.3,15.8,23.0
2025-11-14T03:00,20.5,85,0.0,1015.5,7.4,347,37.1,30.7,334.0,41.8,14.9,21.0
2025-11-14T04:00,20.2,86,0.0,1015.3,7.5,350,35.6,29.3,241.0,38.3,14.0,20.0
2025-11-14T05:00,19.7,86,0.0,1015.7,6.2,348,37.4,30.6,332.0,41.6,14.3,15.0
2025-11-14T06:00,19.4,86,0.0,1016.1,6.3,357,37.4,31.4,808.0,44.4,15.6,10.0
2025-11-14T07:00,18.9,85,0.0,1016.8,6.2,10,44.7,39.2,1468.0,47.8,17.9,4.0
2025-11-14T08:00,19.7,75,0.0,1017.2,5.9,14,55.3,50.5,1841.0,47.2,22.0,11.0
2025-11-14T09:00,22.5,59,0.0,1017.6,4.7,2,47.0,39.2,1652.0,39.0,30.8,42.0
2025-11-14T10:00,25.6,44,0.0,1017.8,3.4,344,37.4,25.3,1178.0,26.7,41.5,86.0
2025-11-14T11:00,28.3,33,0.0,1017.5,3.8,267,31.9,20.8,775.0,16.7,47.2,122.0
2025-11-14T12:00,29.5,24,0.0,1016.6,4.5,241,27.5,18.3,569.0,11.1,43.3,141.0
2025-11-14T13:00,29.8,28,0.0,1015.6,7.9,235,25.6,17.7,434.0,7.7,34.5,151.0
2025-11-14T14:00,29.5,35,0.0,1014.6,10.9,243,25.6,18.1,357.0,6.5,27.6,156.0
2025-11-14T15:00,29.1,35,0.0,1014.2,12.6,253,26.0,18.5,341.0,7.0,25.9,157.0
2025-11-14T16:00,28.3,35,0.0,1014.1,13.6,262,26.4,18.7,382.0,9.6,26.3,151.0
2025-11-14T17:00,26.9,39,0.0,1014.3,12.1,280,22.6,17.0,455.0,14.5,26.7,140.0
2025-11-14T18:00,25.7,48,0.0,1014.7,9.3,292,31.9,27.0,549.0,24.6,24.6,114.0
2025-11-14T19:00,24.6,59,0.0,1015.2,9.1,295,32.6,27.0,676.0,38.7,21.7,78.0
2025-11-14T20:00,23.8,64,0.0,1015.7,7.8,296,31.7,25.1,844.0,49.3,19.5,50.0
2025-11-14T21:00,23.3,65,0.0,1015.9,7.5,297,32.2,25.0,1131.0,53.2,19.0,38.0
2025-11-14T22:00,22.8,65,0.0,1016.0,6.4,315,34.6,27.1,1459.0,53.7,19.2,34.0
2025-11-14T23:00,22.0,68,0.0,1016.2,5.7,347,38.8,31.4,1601.0,53.8,19.0,30.0
2025-11-15T00:00,21.4,69,0.0,1016.0,7.8,355,40.7,34.9,1401.0,54.8,17.8,24.0
2025-11-15T01:00,20.8,69,0.0,1015.8,8.1,359,38.6,34.1,1016.0,55.4,16.3,18.0
2025-11-15T02:00,20.3,70,0.0,1015.6,8.1,359,35.4,31.5,691.0,54.1,15.0,15.0
2025-11-15T03:00,19.8,72,0.0,1015.4,8.6,358,32.2,28.9,467.0,48.9,14.0,16.0
2025-11-15T04:00,19.8,71,0.0,1015.3,9.0,358,29.3,26.4,303.0,41.9,13.3,19.0
2025-11-15T05:00,19.6,74,0.0,1015.6,9.2,357,34.0,29.7,326.0,48.7,13.2,9.0
2025-11-15T06:00,19.3,71,0.0,1016.1,8.5,359,34.0,30.0,723.0,49.7,14.8,6.0
2025-11-15T07:00,19.0,68,0.0,1016.9,7.2,4,42.3,38.3,1307.0,50.7,17.2,3.0
2025-11-15T08:00,19.5,63,0.0,1017.5,6.5,14,54.5,51.1,1641.0,48.1,21.1,11.0
2025-11-15T09:00,21.9,50,0.0,1018.1,4.7,9,48.1,42.0,1467.0,38.8,28.2,41.0
2025-11-15T10:00,25.5,36,0.0,1018.6,5.0,2,37.5,25.0,1044.0,25.9,36.7,82.0
2025-11-15T11:00,28.0,28,0.0,1018.3,3.1,347,29.3,19.4,705.0,15.7,41.9,116.0
2025-11-15T12:00,29.3,20,0.0,1017.4,1.4,157,25.3,18.1,577.0,10.3,41.1,137.0
2025-11-15T13:00,29.9,20,0.0,1016.4,5.1,176,25.1,18.9,533.0,7.6,37.1,151.0
2025-11-15T14:00,30.0,23,0.0,1015.3,8.0,194,26.4,20.4,532.0,6.8,33.5,158.0
2025-11-15T15:00,29.6,28,0.0,1014.7,10.5,213,27.2,21.3,567.0,6.5,31.6,161.0
2025-11-15T16:00,28.7,34,0.0,1014.6,12.9,238,27.2,21.4,643.0,8.2,30.1,157.0
2025-11-15T17:00,27.8,30,0.0,1015.0,13.7,261,22.3,19.1,737.0,15.8,31.8,145.0
2025-11-15T18:00,26.5,32,0.0,1015.7,11.1,300,33.3,31.1,860.0,30.3,29.2,115.0
2025-11-15T19:00,25.3,36,0.0,1016.3,8.5,332,32.4,30.4,999.0,50.4,25.7,74.0
2025-11-15T20:00,24.6,43,0.0,1016.9,7.0,312,31.8,29.9,1097.0,66.0,23.3,41.0
2025-11-15T21:00,23.7,50,0.0,1017.3,7.2,309,32.8,31.1,1142.0,73.6,23.4,25.0
2025-11-15T22:00,23.1,52,0.0,1017.5,7.7,342,36.7,34.9,1145.0,76.7,24.5,18.0
2025-11-15T23:00,22.4,54,0.0,1017.8,8.0,9,43.4,41.9,1079.0,76.4,24.6,14.0
2025-11-16T00:00,22.0,54,0.0,1017.4,8.1,357,44.0,42.8,890.0,72.0,22.3,13.0
2025-11-16T01:00,21.4,56,0.0,1017.4,8.5,360,37.6,36.7,633.0,64.1,18.9,17.0
2025-11-16T02:00,20.8,55,0.0,1017.3,8.1,13,32.4,31.5,436.0,55.6,16.1,21.0
2025-11-16T03:00,20.5,50,0.0,1017.5,8.0,20,28.6,27.8,325.0,45.5,14.5,27.0
2025-11-16T04:00,20.5,42,0.0,1017.5,9.4,4,25.5,24.7,276.0,34.9,13.5,35.0
2025-11-16T05:00,19.9,41,0.0,1017.9,8.9,14,25.5,24.9,346.0,36.9,13.6,30.0
2025-11-16T06:00,19.3,43,0.0,1018.2,9.0,23,24.4,23.9,647.0,42.1,14.6,25.0
2025-11-16T07:00,19.1,44,0.0,1019.0,9.0,29,29.5,28.9,1068.0,48.7,16.2,19.0
2025-11-16T08:00,20.0,42,0.0,1019.5,8.9,32,34.8,34.3,1332.0,50.0,19.1,26.0
2025-11-16T09:00,22.3,36,0.0,1020.3,8.5,35,36.3,35.9,1297.0,40.8,24.9,58.0
2025-11-16T10:00,25.9,28,0.0,1020.6,6.2,44,26.1,25.2,1105.0,26.2,31.8,102.0
2025-11-16T11:00,28.4,22,0.0,1020.1,5.5,71,18.9,18.1,907.0,14.6,35.6,137.0
2025-11-16T12:00,29.8,18,0.0,1019.2,5.2,96,16.5,15.8,716.0,9.3,33.2,154.0
2025-11-16T13:00,30.4,17,0.0,1018.2,3.2,142,17.4,16.8,518.0,7.0,27.6,161.0
2025-11-16T14:00,30.6,17,0.0,1017.3,2.5,176,18.3,17.7,423.0,6.7,23.3,164.0
2025-11-16T15:00,30.5,18,0.0,1016.9,2.1,200,18.9,18.2,412.0,4.9,21.4,166.0
2025-11-16T16:00,30.1,19,0.0,1016.7,3.1,234,19.0,18.4,502.0,5.1,20.8,164.0
2025-11-16T17:00,28.7,33,0.0,1016.9,6.5,242,15.8,15.5,859.0,16.4,22.5,147.0
2025-11-16T18:00,27.0,44,0.0,1017.5,9.4,250,33.2,32.9,1789.0,43.9,25.2,110.0
2025-11-16T19:00,25.9,46,0.0,1018.0,9.4,278,44.6,44.4,2984.0,81.5,29.1,60.0
2025-11-16T20:00,25.4,44,0.0,1018.6,8.2,303,48.4,48.3,3687.0,107.2,32.3,23.0
2025-11-16T21:00,24.7,47,0.0,1019.0,6.6,334,51.7,51.6,3479.0,109.9,34.9,13.0
2025-11-16T22:00,23.6,48,0.0,1018.9,7.6,1,54.1,53.9,2778.0,100.6,37.0,16.0
2025-11-16T23:00,22.6,43,0.0,1019.3,7.6,25,54.4,54.1,2077.0,91.0,36.6,19.0
2025-11-17T00:00,22.3,37,0.0,1018.7,7.3,20,51.1,50.8,1483.0,84.4,32.0,18.0
2025-11-17T01:00,21.5,38,0.0,1018.2,8.1,18,45.4,45.2,888.0,77.4,25.1,18.0
2025-11-17T02:00,20.7,40,0.0,1018.1,8.3,18,40.5,40.2,464.0,71.0,19.5,17.0
2025-11-17T03:00,20.2,43,0.0,1017.6,8.3,14,35.9,35.5,270.0,65.3,16.4,16.0
2025-11-17T04:00,19.8,44,0.0,1017.5,7.7,12,30.5,30.3,245.0,60.3,14.7,16.0
2025-11-17T05:00,18.5,48,0.0,1017.8,6.0,16,30.0,29.7,382.0,58.6,14.1,12.0
2025-11-17T06:00,18.2,49,0.0,1018.1,5.4,2,27.6,27.4,795.0,59.7,15.6,9.0
2025-11-17T07:00,18.1,49,0.0,1018.6,5.0,19,33.3,32.9,1370.0,60.7,18.0,7.0
2025-11-17T08:00,18.7,47,0.0,1019.1,4.8,37,42.6,42.4,1748.0,57.4,22.7,17.0
2025-11-17T09:00,21.5,40,0.0,1019.3,3.5,51,40.4,40.0,1756.0,46.0,32.1,52.0
2025-11-17T10:00,25.1,28,0.0,1019.6,1.9,73,29.4,28.8,1568.0,30.3,43.7,99.0
2025-11-17T11:00,27.5,22,0.0,1019.4,1.6,174,19.5,19.0,1348.0,18.2,51.5,138.0
2025-11-17T12:00,28.8,20,0.0,1018.5,3.7,203,19.0,18.6,1120.0,12.7,51.9,161.0
2025-11-17T13:00,29.3,21,0.0,1017.4,6.2,206,20.8,20.5,860.0,10.7,48.5,175.0
2025-11-17T14:00,29.3,23,0.0,1016.5,8.7,214,22.9,22.5,659.0,10.6,45.7,183.0
2025-11-17T15:00,28.9,27,0.0,1015.8,9.9,228,25.1,24.6,521.0,11.0,45.9,189.0
2025-11-17T16:00,28.2,33,0.0,1015.5,10.0,249,26.7,26.3,441.0,13.2,46.8,190.0
2025-11-17T17:00,27.3,37,0.0,1015.5,9.4,263,27.4,27.0,501.0,19.1,49.2,185.0
2025-11-17T18:00,26.1,42,0.0,1015.9,8.3,275,45.4,44.9,829.0,36.8,44.6,147.0
2025-11-17T19:00,25.0,49,0.0,1016.4,6.9,277,45.5,44.9,1297.0,60.9,38.2,94.0
2025-11-17T20:00,24.4,52,0.0,1017.1,6.8,282,43.4,42.6,1593.0,77.1,32.8,54.0
2025-11-17T21:00,23.9,54,0.0,1017.4,6.5,300,42.3,41.1,1563.0,77.5,29.6,40.0
2025-11-17T22:00,23.2,57,0.0,1017.4,6.9,323,42.7,41.3,1362.0,70.0,27.6,39.0
2025-11-17T23:00,22.4,60,0.0,1017.5,6.0,335,45.3,43.5,1146.0,63.6,26.0,38.0
2025-11-18T00:00,21.6,63,0.0,1017.2,7.3,351,47.6,45.5,945.0,62.4,25.1,33.0
2025-11-18T01:00,20.9,66,0.0,1017.1,7.6,353,48.7,46.3,728.0,62.4,24.7,28.0
2025-11-18T02:00,20.4,69,0.0,1016.4,7.6,357,49.7,47.3,561.0,60.6,23.9,25.0
2025-11-18T03:00,19.9,72,0.0,1016.0,7.0,3,49.7,47.5,431.0,54.3,21.8,24.0
2025-11-18T04:00,19.4,75,0.0,1015.7,6.1,14,46.4,44.5,350.0,46.3,19.3,24.0
2025-11-18T05:00,18.4,73,0.0,1016.0,3.5,12,50.3,48.1,420.0,47.3,21.3,22.0
2025-11-18T06:00,18.1,73,0.0,1016.4,5.8,5,49.2,47.3,811.0,50.6,21.3,15.0
2025-11-18T07:00,17.6,74,0.0,1016.7,6.9,7,54.5,52.7,1353.0,54.6,21.5,7.0
2025-11-18T08:00,18.5,69,0.0,1017.2,6.2,12,60.8,59.3,1642.0,53.5,24.1,13.0
2025-11-18T09:00,21.4,57,0.0,1017.6,5.5,11,48.4,46.1,1425.0,42.5,31.4,47.0
2025-11-18T10:00,24.6,52,0.0,1017.7,4.2,12,36.1,32.0,956.0,26.5,41.1,95.0
2025-11-18T11:00,26.5,45,0.0,1017.5,1.7,328,32.4,29.5,589.0,14.2,47.6,136.0
2025-11-18T12:00,28.3,31,0.0,1016.4,0.6,198,31.0,28.9,470.0,9.1,48.1,161.0
2025-11-18T13:00,29.0,28,0.0,1015.5,3.0,194,31.2,29.4,453.0,7.7,45.5,178.0
2025-11-18T14:00,29.2,31,0.0,1014.5,6.4,207,32.2,30.4,463.0,8.0,43.2,188.0
2025-11-18T15:00,28.5,41,0.0,1013.8,10.4,219,33.2,31.3,470.0,8.3,42.8,192.0
2025-11-18T16:00,27.3,51,0.0,1013.6,12.9,234,33.9,31.9,504.0,10.2,42.7,187.0
2025-11-18T17:00,26.7,49,0.0,1013.5,11.7,247,33.4,31.7,569.0,16.2,44.6,177.0
2025-11-18T18:00,25.8,49,0.0,1013.9,8.1,275,47.3,45.5,692.0,32.8,40.4,139.0
2025-11-18T19:00,24.8,55,0.0,1014.4,6.2,322,47.4,45.4,847.0,55.6,34.6,85.0
2025-11-18T20:00,23.9,60,0.0,1014.8,5.4,307,46.9,44.6,964.0,72.3,30.0,44.0
2025-11-18T21:00,23.3,66,0.0,1015.2,6.7,324,48.1,45.5,1027.0,77.3,28.0,27.0
2025-11-18T22:00,22.5,72,0.0,1015.2,8.2,350,49.5,46.9,1052.0,76.3,27.2,21.0
2025-11-18T23:00,21.7,73,0.0,1015.1,7.4,356,51.0,48.3,1022.0,73.5,26.1,18.0
2025-11-19T00:00,21.1,74,0.0,1015.0,6.7,351,51.0,48.3,905.0,70.3,24.0,15.0
2025-11-19T01:00,20.4,74,0.0,1014.8,5.4,6,50.1,47.3,733.0,65.4,21.5,15.0
2025-11-19T02:00,19.8,76,0.0,1014.6,4.9,8,49.1,46.1,585.0,59.4,19.4,16.0
2025-11-19T03:00,19.2,78,0.0,1014.3,5.6,360,47.4,44.2,431.0,50.5,17.5,20.0
2025-11-19T04:00,18.9,80,0.0,1014.3,6.8,349,44.7,41.4,302.0,40.4,16.0,26.0
2025-11-19T05:00,18.8,81,0.0,1014.3,7.5,349,48.1,44.4,365.0,43.4,18.3,23.0
2025-11-19T06:00,18.5,81,0.0,1014.7,7.3,350,47.7,44.1,842.0,48.2,19.5,16.0
2025-11-19T07:00,18.3,80,0.0,1015.2,6.5,357,54.7,50.9,1512.0,54.4,21.3,9.0
2025-11-19T08:00,19.0,73,0.0,1016.0,4.9,4,62.9,59.6,1882.0,54.8,24.1,14.0
2025-11-19T09:00,21.8,61,0.0,1016.4,3.2,16,49.0,45.5,1651.0,44.2,28.6,44.0
2025-11-19T10:00,24.7,59,0.0,1016.8,1.7,347,39.5,35.0,1120.0,27.8,34.0,87.0
2025-11-19T11:00,26.5,51,0.0,1016.6,2.9,223,35.9,32.1,696.0,15.1,38.8,124.0
2025-11-19T12:00,27.7,43,0.0,1015.9,5.6,202,36.1,33.2,541.0,9.7,42.6,150.0
2025-11-19T13:00,28.1,42,0.0,1015.1,7.9,200,37.6,35.0,492.0,7.9,45.7,171.0
2025-11-19T14:00,28.1,41,0.0,1014.3,9.5,202,39.0,36.7,468.0,7.8,47.4,183.0
2025-11-19T15:00,27.8,43,0.0,1013.7,9.8,210,39.9,37.6,425.0,8.4,47.3,184.0
2025-11-19T16:00,27.1,47,0.0,1013.5,8.9,222,39.7,37.5,407.0,10.8,45.7,177.0
2025-11-19T17:00,26.4,48,0.0,1013.5,7.7,239,35.9,34.1,462.0,14.8,43.0,158.0
2025-11-19T18:00,25.5,53,0.0,1013.7,7.6,258,43.0,41.7,667.0,29.7,39.3,125.0
2025-11-19T19:00,24.8,57,0.0,1014.4,7.3,287,44.1,42.8,945.0,50.2,34.2,80.0
2025-11-19T20:00,23.9,61,0.0,1014.9,6.8,312,42.5,41.2,1119.0,64.9,29.9,45.0
2025-11-19T21:00,23.3,65,0.0,1015.3,6.8,325,41.0,39.7,1100.0,69.2,27.4,31.0
2025-11-19T22:00,22.6,68,0.0,1015.6,8.0,329,40.0,38.8,976.0,67.6,25.7,28.0
2025-11-19T23:00,21.8,71,0.0,1015.9,8.4,335,39.2,38.1,837.0,62.5,23.7,29.0
2025-11-20T00:00,21.2,75,0.0,1015.5,8.9,336,36.8,35.6,694.0,52.6,20.9,36.0
2025-11-20T01:00,20.7,79,0.0,1015.4,8.1,335,33.4,32.1,536.0,39.1,17.8,47.0
2025-11-20T02:00,20.2,83,0.0,1015.5,7.9,340,30.9,29.5,417.0,28.3,15.5,55.0
2025-11-20T03:00,19.8,85,0.0,1015.2,7.1,344,29.3,27.9,321.0,21.7,14.1,57.0
2025-11-20T04:00,19.4,85,0.0,1014.9,6.8,348,28.6,27.2,265.0,17.8,13.5,55.0
2025-11-20T05:00,18.7,85,0.0,1015.3,6.7,360,35.0,33.5,353.0,24.1,14.2,40.0
2025-11-20T06:00,18.1,85,0.0,1015.7,6.6,11,40.0,38.8,748.0,31.9,15.3,27.0
2025-11-20T07:00,17.8,84,0.0,1016.3,6.8,11,51.6,50.3,1287.0,42.1,17.2,11.0
2025-11-20T08:00,18.6,80,0.0,1017.0,7.3,11,61.2,60.3,1583.0,46.8,20.5,11.0
2025-11-20T09:00,21.4,67,0.0,1017.6,6.7,6,47.7,46.4,1389.0,40.6,26.5,39.0
2025-11-20T10:00,24.5,58,0.0,1017.9,4.4,7,34.2,32.4,952.0,28.8,34.0,83.0
2025-11-20T11:00,26.3,49,0.0,1017.8,1.3,352,30.6,29.0,631.0,19.0,40.3,122.0
2025-11-20T12:00,27.9,37,0.0,1017.0,1.6,186,31.7,30.2,587.0,13.6,44.5,150.0
2025-11-20T13:00,28.5,36,0.0,1016.1,4.4,192,34.6,33.1,658.0,10.1,47.4,173.0
2025-11-20T14:00,28.4,42,0.0,1015.1,7.4,202,36.4,35.0,716.0,8.8,48.8,186.0
2025-11-20T15:00,28.1,47,0.0,1014.5,9.2,213,37.7,36.3,694.0,9.2,48.5,189.0
2025-11-20T16:00,27.4,48,0.0,1014.2,10.3,227,38.1,36.7,658.0,11.7,46.7,182.0
2025-11-20T17:00,26.8,48,0.0,1014.2,10.3,232,32.2,31.7,677.0,16.4,48.8,173.0
2025-11-20T18:00,25.6,58,0.0,1014.6,8.4,261,36.7,36.1,814.0,27.7,43.7,139.0
2025-11-20T19:00,24.7,67,0.0,1015.3,6.9,290,37.5,36.8,1005.0,43.3,36.6,92.0
2025-11-20T20:00,23.8,74,0.0,1015.8,6.8,292,34.8,34.2,1126.0,54.8,30.8,55.0
2025-11-20T21:00,23.2,75,0.0,1016.4,7.5,325,33.6,33.1,1125.0,58.7,27.7,38.0
2025-11-20T22:00,22.6,76,0.0,1016.4,8.7,354,34.0,33.3,1054.0,58.6,25.8,32.0
2025-11-20T23:00,22.0,77,0.0,1016.3,8.5,360,34.8,34.1,944.0,56.6,24.0,28.0
2025-11-21T00:00,21.5,79,0.0,1016.0,8.4,351,34.0,33.4,773.0,52.6,21.8,26.0
2025-11-21T01:00,20.9,81,0.0,1016.0,7.9,360,31.8,31.1,561.0,46.8,19.6,26.0
2025-11-21T02:00,20.4,83,0.0,1015.8,7.1,9,30.5,29.7,406.0,42.1,17.8,25.0
2025-11-21T03:00,19.9,84,0.0,1015.8,6.5,19,31.1,30.4,306.0,39.6,16.4,21.0
2025-11-21T04:00,19.5,82,0.0,1015.9,5.8,20,33.6,33.1,262.0,38.2,15.3,17.0
2025-11-21T05:00,19.1,85,0.0,1016.2,5.1,17,38.4,38.0,368.0,46.0,16.7,9.0
2025-11-21T06:00,18.9,79,0.0,1016.4,4.9,17,38.9,38.5,772.0,46.1,17.5,5.0
2025-11-21T07:00,18.6,74,0.0,1017.4,5.4,26,47.1,46.8,1327.0,46.0,18.9,2.0
2025-11-21T08:00,19.0,67,0.0,1018.1,5.2,31,58.8,58.6,1687.0,44.1,22.8,10.0
2025-11-21T09:00,21.5,55,0.0,1018.8,5.0,26,40.6,40.3,1674.0,39.4,31.5,38.0
2025-11-21T10:00,24.7,39,0.0,1018.9,3.2,56,24.7,24.2,1466.0,33.0,42.6,77.0
2025-11-21T11:00,27.1,28,0.0,1018.9,4.0,108,24.8,24.4,1255.0,26.7,50.5,113.0
2025-11-21T12:00,28.5,23,0.0,1018.1,4.1,135,26.7,26.1,1081.0,20.4,52.4,144.0
2025-11-21T13:00,29.2,21,0.0,1017.2,4.4,168,28.6,27.9,903.0,14.2,51.0,171.0
2025-11-21T14:00,29.4,22,0.0,1016.2,6.0,190,30.5,29.5,792.0,10.9,49.3,188.0
2025-11-21T15:00,29.3,24,0.0,1015.6,8.2,209,32.1,31.1,795.0,10.5,48.4,192.0
2025-11-21T16:00,28.6,27,0.0,1015.5,9.3,230,33.2,32.1,865.0,12.9,47.1,186.0
2025-11-21T17:00,27.5,29,0.0,1015.7,9.3,248,50.9,48.9,934.0,19.5,49.9,174.0
2025-11-21T18:00,26.1,35,0.0,1016.0,7.0,291,58.4,56.9,979.0,36.2,45.2,135.0
2025-11-21T19:00,25.1,42,0.0,1016.5,6.8,318,58.2,56.8,1023.0,59.1,38.6,82.0
2025-11-21T20:00,23.8,53,0.0,1016.8,7.6,326,55.6,54.1,1071.0,76.1,33.5,40.0
2025-11-21T21:00,23.0,61,0.0,1017.0,7.6,332,55.4,53.8,1161.0,81.7,31.6,22.0
2025-11-21T22:00,22.5,64,0.0,1017.0,8.1,348,58.3,56.7,1256.0,81.3,31.1,15.0
2025-11-21T23:00,21.8,71,0.0,1017.4,7.4,1,61.5,59.8,1240.0,79.0,30.0,12.0
2025-11-22T00:00,21.2,73,0.0,1017.2,9.1,351,60.8,59.3,1011.0,76.2,27.4,9.0
2025-11-22T01:00,20.8,74,0.0,1017.0,9.0,1,58.0,56.1,672.0,71.5,24.2,10.0
2025-11-22T02:00,20.6,75,0.0,1016.6,8.6,1,52.7,50.9,423.0,64.9,21.4,13.0
2025-11-22T03:00,20.3,74,0.0,1016.1,8.9,6,48.2,46.3,311.0,54.1,19.2,20.0
2025-11-22T04:00,20.0,67,0.0,1015.8,8.4,10,44.6,42.6,290.0,41.4,17.5,29.0
2025-11-22T05:00,19.7,59,0.0,1016.0,7.5,15,43.0,41.2,420.0,38.7,17.4,32.0
2025-11-22T06:00,19.4,56,0.0,1016.1,7.3,25,42.1,40.5,847.0,44.1,17.9,26.0
2025-11-22T07:00,19.0,56,0.0,1016.8,6.9,30,46.8,45.3,1425.0,51.1,18.8,20.0
2025-11-22T08:00,19.4,54,0.0,1017.4,6.7,36,52.6,51.3,1783.0,52.9,20.5,27.0
2025-11-22T09:00,21.6,48,0.0,1017.8,5.9,40,54.1,52.9,1715.0,44.7,23.7,59.0
2025-11-22T10:00,24.8,39,0.0,1018.1,4.4,58,52.6,50.8,1427.0,31.3,27.8,103.0
2025-11-22T11:00,26.9,31,0.0,1018.0,3.5,99,56.5,52.4,1158.0,20.3,31.3,140.0
2025-11-22T12:00,28.1,28,0.0,1017.2,2.8,153,54.2,49.2,979.0,14.2,33.4,160.0
2025-11-22T13:00,28.7,28,0.0,1016.1,4.7,198,52.2,47.0,820.0,10.5,34.9,173.0
2025-11-22T14:00,28.7,30,0.0,1014.9,8.3,214,52.5,47.3,712.0,9.4,36.5,180.0
2025-11-22T15:00,28.2,36,0.0,1014.3,11.4,229,53.7,48.3,664.0,10.4,38.9,186.0
2025-11-22T16:00,27.4,39,0.0,1014.0,11.1,245,54.5,49.4,666.0,14.1,41.4,187.0
2025-11-22T17:00,26.6,41,0.0,1014.0,8.4,260,69.8,64.3,724.0,19.9,49.5,181.0
2025-11-22T18:00,25.4,44,0.0,1014.3,6.7,270,78.0,73.1,853.0,33.0,45.9,146.0
2025-11-22T19:00,24.6,46,0.0,1014.8,6.8,288,77.5,72.4,1038.0,51.2,41.0,98.0
2025-11-22T20:00,24.0,48,0.0,1015.4,6.3,301,75.7,69.6,1232.0,65.9,37.3,58.0
2025-11-22T21:00,23.6,51,0.0,1015.6,4.2,301,75.0,68.0,1484.0,74.2,36.4,35.0
2025-11-22T22:00,23.2,53,0.0,1015.8,4.3,303,78.0,69.8,1745.0,79.0,36.7,21.0
2025-11-22T23:00,22.2,67,0.0,1015.8,2.7,302,86.8,78.2,1830.0,80.2,35.6,12.0
2025-11-23T00:00,22.1,65,0.0,1015.6,4.4,325,87.5,81.5,1593.0,76.4,31.3,8.0
2025-11-23T01:00,21.0,69,0.0,1015.5,6.4,338,79.6,75.2,1179.0,69.0,25.5,9.0
2025-11-23T02:00,20.0,71,0.0,1015.1,6.7,8,73.6,70.3,838.0,61.9,20.9,11.0
2025-11-23T03:00,19.3,74,0.0,1014.6,7.2,18,69.4,66.1,614.0,56.0,18.4,12.0
2025-11-23T04:00,19.2,74,0.0,1014.6,6.9,25,65.9,62.6,463.0,50.4,17.2,14.0
2025-11-23T05:00,18.7,66,0.0,1015.0,6.9,28,75.4,72.2,496.0,49.8,15.7,8.0
2025-11-23T06:00,18.4,62,0.0,1015.3,6.6,29,72.4,68.2,882.0,52.4,17.5,5.0
2025-11-23T07:00,18.3,59,0.0,1016.0,6.8,27,76.6,72.4,1453.0,55.4,20.6,2.0
2025-11-23T08:00,18.9,55,0.0,1016.4,6.3,20,83.4,79.4,1813.0,53.9,26.3,13.0
2025-11-23T09:00,21.5,47,0.0,1016.9,6.3,27,76.4,70.8,1753.0,43.5,38.3,49.0
2025-11-23T10:00,24.1,39,0.0,1017.3,4.6,51,68.2,56.5,1483.0,28.5,53.1,99.0
2025-11-23T11:00,25.9,38,0.0,1017.3,3.1,97,65.0,51.0,1237.0,16.6,61.5,139.0
2025-11-23T12:00,27.1,34,0.0,1016.4,4.2,149,62.4,50.2,1083.0,10.7,57.9,161.0
2025-11-23T13:00,27.7,32,0.0,1015.3,6.5,174,62.2,48.8,953.0,7.9,48.0,172.0
2025-11-23T14:00,27.8,31,0.0,1014.3,8.3,186,63.1,47.3,874.0,7.1,39.8,177.0
2025-11-23T15:00,27.7,30,0.0,1013.7,8.7,197,63.1,46.4,860.0,7.1,36.5,176.0
2025-11-23T16:00,27.4,30,0.0,1013.4,8.8,211,61.7,46.7,897.0,9.1,34.9,167.0
2025-11-23T17:00,26.4,37,0.0,1013.7,9.7,231,58.9,50.8,973.0,17.4,36.7,156.0
2025-11-23T18:00,25.2,47,0.0,1014.0,7.5,255,74.5,68.9,1121.0,40.3,35.3,120.0
2025-11-23T19:00,24.4,55,0.0,1014.5,6.9,284,78.5,74.0,1308.0,71.8,33.4,70.0
2025-11-23T20:00,23.4,58,0.0,1015.1,7.1,324,80.3,76.4,1420.0,94.5,32.2,32.0
2025-11-23T21:00,22.8,61,0.0,1015.5,7.2,335,83.8,79.9,1409.0,100.5,33.0,17.0
2025-11-23T22:00,22.3,63,0.0,1015.6,5.8,351,88.0,84.3,1325.0,97.6,34.7,15.0
2025-11-23T23:00,21.5,67,0.0,1015.8,5.2,20,81.5,78.9,1200.0,92.1,34.6,14.0
2025-11-24T00:00,21.3,65,0.0,1015.8,7.1,19,71.9,69.6,1016.0,85.6,31.3,13.0
2025-11-24T01:00,21.0,63,0.0,1015.6,6.3,7,63.3,61.0,791.0,76.5,26.2,13.0
2025-11-24T02:00,20.0,67,0.0,1015.5,8.0,351,56.6,54.4,622.0,66.4,22.0,16.0
2025-11-24T03:00,19.3,68,0.0,1015.3,9.2,2,51.1,49.1,518.0,53.5,19.2,22.0
2025-11-24T04:00,19.0,63,0.0,1015.3,9.4,12,46.7,44.7,469.0,39.6,17.1,29.0
2025-11-24T05:00,18.3,55,0.0,1015.6,8.2,14,49.5,47.3,536.0,45.4,17.3,21.0
2025-11-24T06:00,18.0,51,0.0,1015.9,8.7,18,47.1,45.2,830.0,49.3,19.1,18.0
2025-11-24T07:00,17.8,51,0.0,1016.6,8.7,21,51.5,49.5,1240.0,54.1,21.8,15.0
2025-11-24T08:00,18.4,50,0.0,1017.2,8.2,22,58.0,56.0,1494.0,53.6,24.7,23.0
2025-11-24T09:00,20.8,43,0.0,1017.6,7.8,26,57.6,55.5,1454.0,42.6,28.6,52.0
2025-11-24T10:00,24.0,35,0.0,1017.9,5.2,49,53.3,49.8,1259.0,26.1,32.7,93.0
2025-11-24T11:00,26.4,27,0.0,1017.7,5.5,71,42.7,37.7,1054.0,13.4,34.1,124.0
2025-11-24T12:00,27.4,23,0.0,1016.8,4.6,99,36.8,31.3,843.0,7.6,30.4,138.0
2025-11-24T13:00,28.2,20,0.0,1015.8,3.1,140,34.1,28.9,622.0,5.5,24.0,143.0
2025-11-24T14:00,28.5,18,0.0,1014.7,2.7,184,31.7,27.1,521.0,6.3,19.1,142.0
2025-11-24T15:00,28.6,18,0.0,1014.4,3.8,211,29.8,25.7,577.0,9.3,17.3,137.0
2025-11-24T16:00,27.7,28,0.0,1014.4,7.2,238,28.6,25.0,752.0,15.2,17.1,127.0
2025-11-24T17:00,26.2,39,0.0,1014.6,8.5,257,34.2,31.1,1066.0,21.3,20.7,122.0
2025-11-24T18:00,24.8,46,0.0,1015.3,10.3,269,58.7,55.8,1710.0,46.3,27.1,91.0
2025-11-24T19:00,24.0,49,0.0,1016.1,10.3,283,76.4,73.1,2492.0,80.3,35.7,49.0
2025-11-24T20:00,23.5,50,0.0,1016.8,8.3,314,82.4,79.6,2858.0,102.3,40.2,19.0
2025-11-24T21:00,22.8,48,0.0,1017.3,6.9,351,72.9,71.2,2424.0,101.9,36.7,11.0
2025-11-24T22:00,22.1,40,0.0,1017.6,7.2,14,58.8,58.1,1574.0,89.4,29.2,15.0
2025-11-24T23:00,21.2,34,0.0,1017.8,7.6,22,48.0,47.4,904.0,74.8,22.5,23.0
2025-11-25T00:00,20.5,37,0.0,1017.7,8.8,17,42.6,41.8,665.0,59.6,18.4,33.0
2025-11-25T01:00,19.9,40,0.0,1017.5,9.1,17,40.4,39.1,607.0,42.3,15.3,46.0
2025-11-25T02:00,19.5,41,0.0,1017.3,9.5,19,39.8,38.2,576.0,28.0,13.1,58.0
2025-11-25T03:00,19.2,41,0.0,1016.8,9.9,16,39.8,37.7,507.0,18.0,11.9,69.0
2025-11-25T04:00,18.7,43,0.0,1016.8,10.3,13,39.6,37.3,466.0,11.1,11.7,80.0
2025-11-25T05:00,17.9,45,0.0,1016.8,10.9,16,39.5,37.0,495.0,11.6,12.3,74.0
2025-11-25T06:00,17.4,46,0.0,1017.1,11.4,13,39.2,36.9,667.0,19.3,13.0,68.0
2025-11-25T07:00,17.2,47,0.0,1017.9,12.1,11,41.4,39.1,910.0,29.5,14.2,62.0
2025-11-25T08:00,18.4,43,0.0,1018.3,12.2,13,44.7,42.5,1045.0,34.7,16.2,64.0
2025-11-25T09:00,20.7,36,0.0,1018.8,10.8,15,45.3,43.3,969.0,30.2,20.2,83.0
2025-11-25T10:00,23.6,29,0.0,1018.8,9.8,18,44.1,41.7,785.0,20.7,25.0,111.0
2025-11-25T11:00,26.1,24,0.0,1018.2,11.2,21,45.3,42.8,627.0,12.8,27.8,133.0
2025-11-25T12:00,27.4,20,0.0,1017.2,11.6,35,38.4,36.3,530.0,8.2,26.7,145.0
2025-11-25T13:00,28.2,19,0.0,1016.1,9.7,29,34.7,32.8,459.0,5.1,23.5,152.0
2025-11-25T14:00,28.5,19,0.0,1014.8,9.8,35,35.3,33.4,437.0,4.7,21.1,153.0
2025-11-25T15:00,28.6,19,0.0,1014.2,9.2,43,35.6,33.8,480.0,7.9,20.6,149.0
2025-11-25T16:00,28.4,20,0.0,1013.9,9.3,50,36.3,34.5,572.0,13.8,20.7,139.0
2025-11-25T17:00,27.7,21,0.0,1014.0,9.6,60,30.2,29.5,688.0,19.4,21.3,126.0
2025-11-25T18:00,26.7,23,0.0,1014.4,9.7,59,40.9,40.5,861.0,31.1,21.3,104.0
2025-11-25T19:00,25.8,25,0.0,1015.0,10.2,53,43.8,43.4,1059.0,46.7,21.3,75.0
2025-11-25T20:00,24.4,29,0.0,1015.6,10.6,39,42.4,41.9,1158.0,55.1,21.1,55.0
2025-11-25T21:00,23.0,34,0.0,1015.8,10.2,32,42.0,41.4,1081.0,49.7,20.7,55.0
2025-11-25T22:00,22.1,36,0.0,1015.7,9.7,27,43.2,42.4,905.0,37.1,20.3,66.0
2025-11-25T23:00,21.5,37,0.0,1015.7,9.6,20,44.6,43.7,742.0,26.1,19.8,75.0
2025-11-26T00:00,21.1,38,0.0,1015.5,9.2,20,45.1,44.0,621.0,19.9,19.4,80.0
2025-11-26T01:00,20.6,40,0.0,1015.0,9.5,15,45.1,43.9,512.0,15.3,19.1,83.0
2025-11-26T02:00,20.0,41,0.0,1014.7,10.0,15,45.2,43.9,436.0,11.9,18.8,86.0
2025-11-26T03:00,20.1,40,0.0,1014.4,10.7,20,45.4,44.1,381.0,8.7,18.5,89.0
2025-11-26T04:00,19.9,39,0.0,1014.6,11.0,19,45.9,44.5,358.0,6.6,18.3,92.0
2025-11-26T05:00,19.6,40,0.0,1014.6,11.6,21,46.2,44.9,421.0,7.9,18.5,91.0
2025-11-26T06:00,19.4,40,0.0,1015.0,11.2,21,47.1,45.9,665.0,16.9,19.4,81.0
2025-11-26T07:00,19.1,40,0.0,1015.9,10.6,26,50.6,49.4,995.0,28.9,20.7,68.0
2025-11-26T08:00,19.6,39,0.0,1016.5,9.7,35,54.7,53.6,1182.0,35.5,21.7,65.0
2025-11-26T09:00,21.5,34,0.0,1017.0,7.3,40,55.4,54.2,1089.0,31.7,22.2,80.0
2025-11-26T10:00,24.3,29,0.0,1017.2,6.9,41,50.9,49.6,853.0,22.4,22.4,104.0
2025-11-26T11:00,26.7,22,0.0,1016.6,8.3,51,37.8,36.7,652.0,14.5,21.9,125.0
2025-11-26T12:00,27.7,20,0.0,1015.6,5.6,59,26.1,25.1,541.0,9.5,19.9,138.0
2025-11-26T13:00,28.2,18,0.0,1014.9,3.8,82,22.9,21.7,466.0,5.8,17.2,147.0
2025-11-26T14:00,28.3,18,0.0,1014.1,1.1,189,22.4,21.1,445.0,5.1,15.4,150.0
2025-11-26T15:00,28.1,19,0.0,1013.8,3.9,214,22.0,20.8,457.0,8.5,15.4,146.0
2025-11-26T16:00,27.9,19,0.0,1013.8,2.7,200,21.9,20.7,523.0,14.9,16.3,135.0
2025-11-26T17:00,27.2,24,0.0,1014.1,5.9,230,32.7,31.4,724.0,26.1,18.7,120.0
2025-11-26T18:00,25.5,32,0.0,1014.7,9.5,260,47.0,46.1,1241.0,44.3,19.1,93.0
2025-11-26T19:00,24.5,33,0.0,1015.2,8.2,284,49.2,48.5,1892.0,68.7,19.6,55.0
2025-11-26T20:00,24.0,28,0.0,1015.7,6.3,329,40.6,40.2,2220.0,81.4,19.3,32.0
2025-11-26T21:00,23.3,24,0.0,1016.5,6.3,7,34.5,34.0,1923.0,71.7,17.5,35.0
2025-11-26T22:00,22.3,27,0.0,1016.8,7.0,26,31.4,31.0,1301.0,50.4,14.9,52.0
2025-11-26T23:00,21.2,29,0.0,1016.8,8.4,31,30.6,29.9,799.0,32.3,12.8,67.0
2025-11-27T00:00,20.8,31,0.0,1016.9,9.5,27,31.2,30.4,591.0,22.7,11.7,75.0
2025-11-27T01:00,20.4,33,0.0,1016.7,9.7,19,32.6,31.7,503.0,16.3,11.1,81.0
2025-11-27T02:00,20.0,34,0.0,1016.3,10.0,20,34.3,33.3,450.0,11.6,10.9,87.0
2025-11-27T03:00,19.6,36,0.0,1016.0,10.1,19,35.7,34.6,399.0,7.9,11.1,93.0
2025-11-27T04:00,18.9,38,0.0,1016.0,10.1,19,36.7,35.5,384.0,5.8,11.7,98.0
2025-11-27T05:00,18.5,39,0.0,1016.4,10.8,15,36.2,35.0,423.0,7.9,12.1,90.0
2025-11-27T06:00,18.3,40,0.0,1017.0,11.8,11,37.1,36.0,571.0,14.2,13.4,86.0
2025-11-27T07:00,18.4,39,0.0,1017.8,13.2,14,39.8,38.6,774.0,22.7,15.2,80.0
2025-11-27T08:00,19.4,36,0.0,1018.2,13.0,18,42.3,41.1,885.0,27.0,17.1,81.0
2025-11-27T09:00,21.5,30,0.0,1018.7,12.2,22,42.6,41.7,817.0,23.3,19.2,93.0
2025-11-27T10:00,24.0,25,0.0,1018.7,12.9,23,38.3,37.1,657.0,15.6,21.3,112.0
2025-11-27T11:00,26.0,20,0.0,1018.3,15.9,29,29.9,29.0,526.0,9.2,22.1,127.0
2025-11-27T12:00,27.0,19,0.0,1017.5,15.8,29,25.6,24.5,460.0,6.0,20.4,136.0
2025-11-27T13:00,27.6,19,0.0,1016.7,13.9,31,26.4,25.1,421.0,4.2,17.4,141.0
2025-11-27T14:00,28.0,18,0.0,1015.7,12.6,29,26.7,25.4,420.0,4.2,15.2,143.0
2025-11-27T15:00,28.0,18,0.0,1015.3,12.3,30,27.2,25.8,469.0,6.4,14.7,141.0
2025-11-27T16:00,27.6,18,0.0,1015.3,12.6,33,27.9,26.7,556.0,10.3,15.0,135.0
2025-11-27T17:00,27.1,19,0.0,1015.2,12.5,41,32.0,31.2,649.0,15.4,16.1,126.0
2025-11-27T18:00,25.8,21,0.0,1016.0,10.9,40,38.1,37.5,762.0,21.4,16.9,113.0
2025-11-27T19:00,24.5,24,0.0,1016.9,11.6,32,40.5,39.9,883.0,29.4,18.0,95.0
2025-11-27T20:00,23.3,27,0.0,1017.5,11.8,33,39.9,39.5,938.0,33.5,18.9,83.0
2025-11-27T21:00,22.4,29,0.0,1017.7,11.3,25,38.4,37.8,882.0,30.4,19.4,83.0
2025-11-27T22:00,21.8,30,0.0,1017.9,11.8,28,36.8,36.3,761.0,23.4,19.7,89.0
2025-11-27T23:00,21.3,30,0.0,1017.8,12.0,32,35.0,34.5,644.0,17.0,19.8,96.0
2025-11-28T00:00,20.9,29,0.0,1017.4,12.7,30,33.2,32.6,546.0,12.5,19.6,102.0
2025-11-28T01:00,20.5,29,0.0,1017.2,13.0,27,31.9,31.3,452.0,8.7,19.1,107.0
2025-11-28T02:00,20.2,30,0.0,1017.2,13.2,29,31.5,31.1,391.0,6.0,18.8,111.0
2025-11-28T03:00,19.9,31,0.0,1017.0,13.3,28,31.9,31.4,366.0,4.3,18.7,112.0
2025-11-28T04:00,19.4,32,0.0,1016.9,13.4,26,32.5,31.9,374.0,3.7,18.7,111.0
2025-11-28T05:00,18.7,33,0.0,1017.3,12.8,28,32.2,31.5,438.0,5.8,19.0,104.0
2025-11-28T06:00,18.2,35,0.0,1017.6,12.8,26,32.9,32.2,617.0,12.2,19.7,97.0
2025-11-28T07:00,18.0,36,0.0,1018.3,12.8,22,35.4,34.6,853.0,20.7,20.6,88.0
2025-11-28T08:00,18.5,35,0.0,1018.7,12.8,22,38.3,37.5,994.0,25.4,21.6,86.0
2025-11-28T09:00,20.1,32,0.0,1019.0,11.0,21,39.6,38.6,955.0,22.7,22.9,99.0
2025-11-28T10:00,22.6,28,0.0,1019.0,11.0,21,40.5,39.1,822.0,16.1,24.2,118.0
2025-11-28T11:00,24.7,26,0.0,1018.9,12.6,25,43.0,41.2,699.0,10.6,24.5,135.0
2025-11-28T12:00,26.2,24,0.0,1017.7,13.1,38,42.8,41.1,608.0,7.3,22.7,145.0
2025-11-28T13:00,27.1,21,0.0,1016.7,11.5,41,40.7,39.0,528.0,4.9,19.9,151.0
2025-11-28T14:00,27.5,20,0.0,1015.6,11.1,40,39.6,37.7,496.0,4.8,17.9,153.0
2025-11-28T15:00,27.5,20,0.0,1014.9,11.4,39,39.2,37.4,537.0,7.9,17.8,149.0
2025-11-28T16:00,27.1,21,0.0,1014.9,11.9,39,39.7,38.0,626.0,13.2,18.5,140.0
2025-11-28T17:00,26.5,22,0.0,1014.6,11.9,39,34.9,34.0,730.0,19.0,19.8,128.0
2025-11-28T18:00,25.4,24,0.0,1015.4,10.3,41,42.3,41.6,864.0,25.9,20.0,112.0
2025-11-28T19:00,24.2,27,0.0,1016.0,10.0,41,44.4,43.8,1012.0,35.2,20.2,91.0
2025-11-28T20:00,22.9,31,0.0,1016.5,11.0,38,44.1,43.5,1094.0,40.1,20.6,77.0
2025-11-28T21:00,22.0,35,0.0,1016.8,10.5,33,44.2,43.7,1066.0,36.7,21.2,77.0
2025-11-28T22:00,21.3,38,0.0,1016.7,10.0,30,44.8,44.0,972.0,29.0,21.9,85.0
2025-11-28T23:00,20.4,39,0.0,1016.6,10.2,32,45.1,44.2,868.0,21.9,22.2,93.0
2025-11-29T00:00,20.3,39,0.0,1016.2,10.1,33,44.1,43.3,760.0,16.8,21.9,98.0
2025-11-29T01:00,20.0,39,0.0,1016.0,10.4,34,42.7,41.9,643.0,12.3,21.2,103.0
2025-11-29T02:00,19.5,40,0.0,1015.9,10.8,28,41.6,40.7,556.0,9.0,20.8,107.0
2025-11-29T03:00,19.0,40,0.0,1015.7,11.0,25,40.5,39.7,500.0,6.4,20.7,109.0
2025-11-29T04:00,18.5,41,0.0,1015.5,11.5,23,39.8,39.0,474.0,5.0,20.7,109.0
2025-11-29T05:00,17.9,43,0.0,1015.9,12.0,21,40.0,39.2,514.0,6.8,20.9,104.0
2025-11-29T06:00,17.5,43,0.0,1016.2,12.0,22,40.5,39.7,686.0,14.7,22.0,95.0
2025-11-29T07:00,17.4,42,0.0,1016.7,12.0,22,43.4,42.5,924.0,25.3,23.5,83.0
2025-11-29T08:00,18.0,40,0.0,1017.2,11.8,25,47.1,46.3,1061.0,31.1,25.2,81.0
2025-11-29T09:00,19.8,36,0.0,1017.7,9.7,27,48.1,47.3,1002.0,27.5,27.5,97.0
2025-11-29T10:00,22.5,30,0.0,1017.8,8.9,25,46.9,45.8,843.0,19.2,30.0,122.0
2025-11-29T11:00,24.9,27,0.0,1017.6,9.8,40,47.0,45.5,701.0,12.2,31.1,142.0
2025-11-29T12:00,26.3,22,0.0,1016.5,9.3,54,46.4,44.6,603.0,8.3,29.4,154.0
2025-11-29T13:00,27.1,20,0.0,1015.4,7.9,55,44.1,42.3,523.0,5.7,26.2,161.0
2025-11-29T14:00,27.5,19,0.0,1014.2,8.1,47,42.7,40.9,499.0,5.7,23.9,163.0
2025-11-29T15:00,27.6,19,0.0,1013.9,7.8,48,42.0,40.3,553.0,8.8,23.7,159.0
2025-11-29T16:00,27.3,19,0.0,1013.8,7.9,51,42.4,40.7,663.0,14.4,24.4,150.0
2025-11-29T17:00,26.6,20,0.0,1013.6,8.8,55,25.8,25.4,799.0,19.2,24.6,139.0
2025-11-29T18:00,25.6,23,0.0,1013.8,8.8,55,38.2,37.8,996.0,29.3,23.9,118.0
2025-11-29T19:00,24.6,25,0.0,1014.4,9.9,57,40.5,40.3,1220.0,42.9,22.9,90.0
2025-11-29T20:00,23.5,28,0.0,1014.8,10.3,61,39.0,38.8,1338.0,49.9,22.0,72.0
2025-11-29T21:00,22.1,32,0.0,1015.0,10.5,49,38.9,38.4,1266.0,44.3,21.4,73.0
2025-11-29T22:00,21.1,36,0.0,1015.2,10.5,38,39.6,39.1,1088.0,32.2,20.8,83.0
2025-11-29T23:00,20.1,40,0.0,1015.5,10.3,31,39.8,39.2,923.0,22.0,20.4,91.0
2025-11-30T00:00,19.4,43,0.0,1015.2,9.7,28,38.9,38.4,808.0,17.0,20.1,93.0
2025-11-30T01:00,18.6,45,0.0,1015.1,9.9,25,37.4,36.8,707.0,14.1,19.8,93.0
2025-11-30T02:00,18.0,47,0.0,1014.8,10.4,23,36.1,35.5,626.0,11.9,19.7,92.0
2025-11-30T03:00,17.5,48,0.0,1014.5,10.5,22,35.2,34.6,546.0,9.4,19.5,92.0
2025-11-30T04:00,17.2,48,0.0,1014.6,10.9,19,34.6,34.0,486.0,7.8,19.5,92.0
2025-11-30T05:00,16.6,47,0.0,1014.5,11.2,16,34.7,34.1,514.0,10.0,19.3,86.0
2025-11-30T06:00,16.2,47,0.0,1014.9,11.2,16,35.3,34.7,714.0,19.9,20.4,76.0
2025-11-30T07:00,16.0,47,0.0,1015.7,10.8,18,39.0,38.4,1001.0,33.1,22.1,62.0
2025-11-30T08:00,16.7,44,0.0,1016.3,10.2,17,44.5,43.9,1186.0,40.0,24.1,61.0
2025-11-30T09:00,18.7,39,0.0,1017.0,8.5,17,49.6,49.1,1182.0,34.7,26.9,82.0
2025-11-30T10:00,21.9,32,0.0,1017.2,6.6,21,47.1,46.3,1077.0,23.0,30.0,115.0
2025-11-30T11:00,24.9,25,0.0,1016.9,6.1,32,38.1,36.9,946.0,13.7,32.5,141.0
2025-11-30T12:00,26.4,19,0.0,1015.7,6.0,21,31.7,30.7,770.0,9.3,33.7,153.0
2025-11-30T13:00,27.5,16,0.0,1014.4,6.0,17,28.8,27.9,568.0,7.1,34.3,158.0
2025-11-30T14:00,28.1,15,0.0,1013.4,4.0,18,27.5,26.6,469.0,7.7,34.8,157.0
2025-11-30T15:00,28.1,15,0.0,1012.7,1.0,211,27.0,26.1,564.0,10.4,35.5,152.0
2025-11-30T16:00,27.8,17,0.0,1012.5,4.6,219,26.5,25.7,762.0,15.9,36.0,142.0
2025-11-30T17:00,26.9,21,0.0,1012.5,6.5,267,22.4,22.4,925.0,25.1,36.5,127.0
2025-11-30T18:00,24.9,28,0.0,1012.8,9.3,295,38.1,38.0,965.0,44.1,35.3,99.0
2025-11-30T19:00,23.4,35,0.0,1013.6,8.1,305,39.6,39.5,969.0,70.0,33.5,60.0
2025-11-30T20:00,22.4,41,0.0,1014.1,7.3,310,38.1,38.1,1059.0,88.1,31.9,30.0
2025-11-30T21:00,21.8,46,0.0,1014.5,7.5,318,38.4,38.3,1379.0,91.0,30.9,19.0
2025-11-30T22:00,21.5,50,0.0,1014.7,6.7,340,40.2,39.9,1783.0,86.1,30.1,18.0
2025-11-30T23:00,20.5,55,0.0,1014.9,5.4,4,41.8,41.6,1961.0,80.2,28.7,17.0
2025-12-01T00:00,19.5,58,0.0,1014.7,7.0,360,42.7,42.6,1704.0,75.9,25.9,13.0
2025-12-01T01:00,19.0,59,0.0,1014.5,7.6,345,42.5,42.3,1220.0,70.7,22.4,11.0
2025-12-01T02:00,18.4,63,0.0,1014.4,7.9,348,41.8,41.6,817.0,63.7,19.9,12.0
2025-12-01T03:00,17.9,66,0.0,1013.9,7.2,359,39.2,38.9,545.0,51.8,19.0,21.0
2025-12-01T04:00,17.7,69,0.0,1013.9,6.5,358,33.9,33.5,354.0,38.2,18.9,35.0
2025-12-01T05:00,17.5,64,0.0,1013.8,6.7,341,29.3,28.6,404.0,30.9,19.3,44.0
2025-12-01T06:00,16.6,69,0.0,1014.0,6.7,344,28.2,27.2,945.0,40.2,20.3,34.0
2025-12-01T07:00,16.0,72,0.0,1014.6,6.0,344,34.0,32.8,1727.0,52.4,21.7,21.0
2025-12-01T08:00,16.3,72,0.0,1015.2,6.3,333,45.5,44.4,2159.0,57.1,23.2,20.0
2025-12-01T09:00,18.9,63,0.0,1015.5,4.4,330,39.5,37.6,1893.0,47.0,24.9,43.0
2025-12-01T10:00,22.3,50,0.0,1015.7,4.3,318,33.1,28.3,1278.0,29.5,26.7,79.0
2025-12-01T11:00,25.2,35,0.0,1015.2,7.2,288,31.1,22.5,764.0,15.5,27.8,106.0
2025-12-01T12:00,26.4,28,0.0,1014.5,8.8,279,29.6,20.0,507.0,9.4,27.7,118.0
2025-12-01T13:00,27.0,24,0.0,1013.5,10.3,273,28.5,18.9,351.0,7.0,26.9,121.0
2025-12-01T14:00,27.1,20,0.0,1012.4,10.6,270,27.8,18.0,286.0,6.6,26.2,121.0
2025-12-01T15:00,27.2,17,0.0,1011.9,10.1,268,27.9,17.6,311.0,6.6,26.1,120.0
2025-12-01T16:00,26.6,17,0.0,1011.8,9.9,267,27.9,17.4,426.0,8.7,26.1,114.0
2025-12-01T17:00,25.6,17,0.0,1011.6,9.5,271,24.6,16.0,618.0,15.7,24.9,102.0
2025-12-01T18:00,23.7,29,0.0,1012.2,8.8,274,32.1,25.8,929.0,32.5,24.0,78.0
2025-12-01T19:00,22.6,41,0.0,1012.8,6.9,287,36.1,30.3,1317.0,55.7,22.9,45.0
2025-12-01T20:00,21.7,48,0.0,1013.3,5.8,306,37.4,31.7,1646.0,73.0,22.0,21.0
2025-12-01T21:00,21.2,50,0.0,1013.8,3.3,338,38.9,32.9,1900.0,79.6,22.0,12.0
2025-12-01T22:00,20.5,58,0.0,1013.9,1.2,333,41.9,35.0,2096.0,80.4,22.4,12.0
2025-12-01T23:00,19.5,53,0.0,1014.4,5.7,323,45.9,37.5,2146.0,77.0,22.1,15.0
2025-12-02T00:00,18.6,56,0.0,1014.1,3.4,25,44.5,35.4,1977.0,67.7,20.6,23.0
2025-12-02T01:00,18.3,56,0.0,1013.7,2.8,50,41.6,32.7,1662.0,54.4,18.5,34.0
2025-12-02T02:00,18.0,55,0.0,1013.6,7.2,72,41.1,31.9,1338.0,44.4,16.6,39.0
2025-12-02T03:00,17.4,52,0.0,1013.2,7.4,61,41.2,32.4,982.0,41.0,14.7,33.0
2025-12-02T04:00,17.1,44,0.0,1013.1,8.1,43,37.6,31.2,615.0,41.0,13.0,21.0
2025-12-02T05:00,16.2,49,0.0,1013.3,8.0,27,39.2,33.4,441.0,45.6,15.5,13.0
2025-12-02T06:00,15.6,47,0.0,1013.8,8.0,27,36.1,31.9,629.0,46.8,16.3,9.0
2025-12-02T07:00,15.2,47,0.0,1014.7,8.1,18,40.5,36.7,1009.0,48.3,17.7,5.0
2025-12-02T08:00,15.6,45,0.0,1015.4,8.6,12,47.6,44.9,1274.0,47.2,21.3,12.0
2025-12-02T09:00,17.9,40,0.0,1016.0,8.1,21,43.9,40.6,1289.0,41.6,29.1,38.0
2025-12-02T10:00,21.1,32,0.0,1016.3,4.6,42,40.0,33.9,1189.0,33.6,39.2,74.0
2025-12-02T11:00,23.5,29,0.0,1016.0,3.1,87,42.7,30.9,1067.0,26.3,46.9,105.0
2025-12-02T12:00,24.8,32,0.0,1014.9,3.6,120,48.3,29.8,918.0,20.5,50.3,125.0
2025-12-02T13:00,25.6,32,0.0,1013.6,4.1,146,51.2,30.3,747.0,15.6,51.4,139.0
2025-12-02T14:00,26.1,31,0.0,1012.5,4.9,174,49.6,30.5,661.0,12.8,51.6,148.0
2025-12-02T15:00,26.1,32,0.0,1012.0,6.6,191,48.1,31.0,666.0,10.3,51.1,156.0
2025-12-02T16:00,25.6,37,0.0,1011.7,8.1,205,47.1,31.5,756.0,10.0,49.7,159.0
2025-12-02T17:00,24.1,43,0.0,1012.2,7.6,205,44.1,29.5,1022.0,18.0,52.6,151.0
2025-12-02T18:00,23.4,46,0.0,1012.6,4.3,237,61.7,49.2,1707.0,48.1,52.5,111.0
2025-12-02T19:00,22.9,49,0.0,1013.4,3.3,311,70.8,60.5,2568.0,89.0,52.1,56.0
2025-12-02T20:00,22.2,51,0.0,1014.2,5.1,356,72.6,64.5,2966.0,116.3,50.6,17.0
2025-12-02T21:00,21.3,53,0.0,1015.0,8.0,9,74.7,68.0,2460.0,118.2,47.6,7.0
2025-12-02T22:00,20.6,43,0.0,1015.4,8.5,36,70.5,65.7,1491.0,106.4,43.4,12.0
2025-12-02T23:00,19.9,34,0.0,1015.8,7.6,47,56.9,54.4,739.0,91.3,38.2,20.0
2025-12-03T00:00,19.4,34,0.0,1015.4,8.2,41,45.9,44.4,494.0,74.2,31.0,30.0
2025-12-03T01:00,18.6,37,0.0,1015.1,9.1,32,38.1,37.0,465.0,53.8,22.7,43.0
2025-12-03T02:00,17.7,41,0.0,1015.0,10.0,28,32.9,32.0,461.0,36.6,16.3,55.0
2025-12-03T03:00,17.0,43,0.0,1014.9,10.0,28,29.0,27.9,394.0,24.0,13.2,64.0
2025-12-03T04:00,16.8,43,0.0,1015.3,9.6,28,25.5,24.3,351.0,14.6,12.0,71.0
2025-12-03T05:00,16.7,41,0.0,1015.5,9.7,34,24.7,23.6,406.0,12.8,11.8,64.0
2025-12-03T06:00,16.2,42,0.0,1016.0,10.0,34,23.4,22.2,657.0,21.5,12.7,56.0
2025-12-03T07:00,15.9,42,0.0,1017.0,9.5,32,25.6,24.3,1006.0,33.2,14.0,46.0
2025-12-03T08:00,16.2,40,0.0,1017.8,9.8,36,29.5,28.3,1226.0,39.1,15.2,46.0
2025-12-03T09:00,18.0,36,0.0,1018.4,8.7,42,32.0,31.2,1207.0,33.8,16.2,67.0
2025-12-03T10:00,21.0,29,0.0,1018.9,6.5,44,27.6,26.1,1059.0,22.8,17.1,98.0
2025-12-03T11:00,24.1,22,0.0,1018.7,6.9,49,24.0,21.8,887.0,13.7,17.5,123.0
2025-12-03T12:00,26.2,16,0.0,1017.7,9.4,60,21.6,19.2,688.0,9.3,17.0,135.0
2025-12-03T13:00,27.2,13,0.0,1016.6,9.6,60,20.4,18.0,464.0,6.8,16.0,140.0
2025-12-03T14:00,27.5,12,0.0,1015.8,10.1,57,19.6,17.5,335.0,6.0,15.2,142.0
2025-12-03T15:00,27.5,12,0.0,1015.3,10.3,57,19.0,17.0,373.0,6.9,14.8,140.0
2025-12-03T16:00,27.0,12,0.0,1015.4,11.0,56,18.7,16.9,505.0,9.5,14.7,135.0
2025-12-03T17:00,26.3,13,0.0,1015.4,10.8,62,20.2,18.6,627.0,12.9,14.7,124.0
2025-12-03T18:00,25.1,14,0.0,1016.0,11.0,67,26.7,25.6,719.0,18.6,14.6,109.0
2025-12-03T19:00,24.0,16,0.0,1016.7,11.8,64,28.6,27.6,800.0,26.2,14.5,89.0
2025-12-03T20:00,22.5,20,0.0,1017.4,11.8,51,28.6,27.5,829.0,30.9,14.4,74.0
2025-12-03T21:00,21.1,23,0.0,1017.8,12.0,40,29.6,28.3,770.0,30.0,14.4,68.0
2025-12-03T22:00,20.4,27,0.0,1018.0,12.0,39,30.9,29.4,658.0,26.0,14.5,68.0
2025-12-03T23:00,19.7,30,0.0,1018.3,12.3,38,31.3,29.8,555.0,21.7,14.4,69.0
2025-12-04T00:00,19.3,31,0.0,1017.9,11.9,35,31.1,29.4,475.0,17.5,13.9,73.0
2025-12-04T01:00,19.0,32,0.0,1017.7,11.6,37,30.5,28.8,404.0,13.0,13.3,78.0
2025-12-04T02:00,18.6,32,0.0,1017.6,11.1,40,30.2,28.5,356.0,9.5,13.0,83.0
2025-12-04T03:00,18.2,33,0.0,1017.1,10.9,36,29.9,28.2,321.0,7.0,13.3,86.0
2025-12-04T04:00,17.9,33,0.0,1017.4,11.0,32,29.6,28.0,310.0,5.5,13.9,87.0
2025-12-04T05:00,17.9,33,0.0,1017.5,10.6,34,29.6,28.1,370.0,6.9,14.5,84.0
2025-12-04T06:00,17.7,33,0.0,1017.8,10.6,34,29.8,28.4,578.0,12.8,15.9,78.0
2025-12-04T07:00,17.5,33,0.0,1018.6,10.7,37,31.5,30.4,857.0,20.8,17.8,70.0
2025-12-04T08:00,18.0,33,0.0,1019.1,11.3,37,33.6,32.6,1023.0,25.1,19.4,69.0
2025-12-04T09:00,20.0,29,0.0,1019.7,10.3,38,33.9,33.1,974.0,22.2,20.6,80.0
2025-12-04T10:00,22.8,25,0.0,1019.9,9.0,47,30.9,30.0,812.0,15.6,21.4,97.0
2025-12-04T11:00,25.2,22,0.0,1019.6,9.6,67,25.4,24.8,665.0,10.2,21.7,113.0
2025-12-04T12:00,26.8,19,0.0,1018.7,10.8,79,21.9,21.5,554.0,7.4,20.9,125.0
2025-12-04T13:00,27.5,19,0.0,1017.9,9.0,88,20.8,20.4,457.0,5.7,19.4,135.0
2025-12-04T14:00,27.9,18,0.0,1017.0,6.6,99,20.7,20.3,436.0,5.4,18.4,140.0
2025-12-04T15:00,27.9,18,0.0,1016.2,5.3,102,20.8,20.4,529.0,5.9,18.4,140.0
2025-12-04T16:00,27.7,18,0.0,1015.9,5.8,97,20.7,20.3,697.0,7.9,18.9,135.0
2025-12-04T17:00,27.0,19,0.0,1016.0,6.1,104,15.7,15.6,883.0,13.8,21.4,124.0
2025-12-04T18:00,25.9,22,0.0,1016.5,6.1,95,27.6,27.5,1120.0,29.0,20.7,99.0
2025-12-04T19:00,24.9,23,0.0,1017.0,5.7,53,30.5,30.5,1376.0,49.4,19.6,64.0
2025-12-04T20:00,23.6,25,0.0,1017.7,4.6,13,27.4,27.4,1495.0,61.1,18.3,41.0
2025-12-04T21:00,22.5,27,0.0,1018.0,4.9,6,24.3,24.3,1371.0,55.6,16.6,42.0
2025-12-04T22:00,21.6,29,0.0,1018.2,6.2,30,22.3,22.3,1110.0,41.3,14.8,54.0
2025-12-04T23:00,20.5,31,0.0,1018.4,7.3,42,21.5,21.4,881.0,29.2,13.3,64.0
2025-12-05T00:00,19.4,33,0.0,1018.2,8.0,46,21.0,20.9,741.0,23.2,12.5,66.0
2025-12-05T01:00,18.6,35,0.0,1018.2,8.0,42,20.1,20.0,632.0,19.3,12.1,66.0
2025-12-05T02:00,18.0,36,0.0,1017.9,8.1,35,19.2,19.0,547.0,16.5,11.9,65.0
2025-12-05T03:00,17.3,38,0.0,1017.5,8.5,35,18.3,18.2,447.0,13.7,11.7,64.0
2025-12-05T04:00,16.7,40,0.0,1017.7,8.0,34,17.6,17.4,372.0,12.0,11.7,61.0
2025-12-05T05:00,16.1,43,0.0,1017.6,7.1,45,17.7,17.6,432.0,14.5,11.5,53.0
2025-12-05T06:00,15.5,46,0.0,1018.2,7.3,31,18.5,18.4,762.0,24.6,12.8,40.0
2025-12-05T07:00,15.2,47,0.0,1018.9,8.1,31,23.6,23.4,1227.0,38.1,14.7,24.0
2025-12-05T08:00,15.6,45,0.0,1019.3,8.0,31,31.4,31.3,1540.0,45.2,17.4,21.0
2025-12-05T09:00,18.1,38,0.0,1019.8,6.9,25,30.4,30.3,1570.0,39.9,21.6,45.0
2025-12-05T10:00,21.7,29,0.0,1020.4,6.1,30,26.5,26.3,1447.0,28.2,26.5,82.0
2025-12-05T11:00,25.0,22,0.0,1020.1,4.3,57,18.0,17.8,1275.0,18.3,29.7,113.0
2025-12-05T12:00,26.6,19,0.0,1019.4,4.4,81,18.7,18.5,1019.0,12.9,29.9,131.0
2025-12-05T13:00,27.6,17,0.0,1018.4,4.2,100,19.0,18.7,713.0,9.4,28.3,143.0
2025-12-05T14:00,28.2,16,0.0,1017.4,3.1,140,18.4,18.0,562.0,7.9,26.4,149.0
2025-12-05T15:00,28.3,16,0.0,1016.6,2.8,169,17.4,17.0,659.0,6.9,24.3,150.0
2025-12-05T16:00,28.1,17,0.0,1016.4,3.1,183,16.4,16.0,911.0,7.9,21.9,144.0
2025-12-05T17:00,26.9,26,0.0,1016.6,5.0,229,16.2,15.9,1241.0,15.8,21.1,126.0
2025-12-05T18:00,24.8,40,0.0,1017.3,8.1,265,30.6,30.4,1769.0,33.9,19.9,98.0
2025-12-05T19:00,23.7,42,0.0,1017.8,7.9,282,36.6,36.4,2375.0,58.3,18.3,59.0
2025-12-05T20:00,23.2,42,0.0,1018.5,5.0,319,28.5,28.4,2623.0,71.9,16.6,34.0
2025-12-05T21:00,22.6,38,0.0,1018.9,6.4,27,23.9,23.9,2190.0,64.6,14.9,35.0
2025-12-05T22:00,22.2,30,0.0,1019.1,9.2,51,22.8,22.7,1398.0,46.6,13.1,50.0
2025-12-05T23:00,21.2,32,0.0,1019.2,9.8,50,22.7,22.6,780.0,31.2,11.8,62.0
2025-12-06T00:00,20.6,33,0.0,1018.6,10.9,54,22.4,22.3,563.0,23.5,11.1,65.0
2025-12-06T01:00,20.2,35,0.0,1018.4,10.4,46,21.2,21.1,519.0,18.4,10.8,66.0
2025-12-06T02:00,20.0,36,0.0,1018.1,10.3,44,19.6,19.4,495.0,14.6,10.7,67.0
2025-12-06T03:00,19.9,37,0.0,1017.7,9.7,40,17.8,17.6,412.0,11.0,10.5,69.0
2025-12-06T04:00,19.4,38,0.0,1017.8,9.3,36,16.4,16.2,348.0,8.7,10.4,72.0
2025-12-06T05:00,19.0,39,0.0,1018.3,9.3,34,16.5,16.4,391.0,10.2,10.6,68.0
2025-12-06T06:00,18.3,39,0.0,1018.7,9.4,43,16.5,16.4,648.0,17.2,11.5,62.0
2025-12-06T07:00,17.9,40,0.0,1019.4,9.7,43,19.2,19.0,1011.0,26.7,12.9,54.0
2025-12-06T08:00,18.2,37,0.0,1020.0,10.4,39,23.1,22.8,1239.0,32.3,14.0,52.0
2025-12-06T09:00,20.0,32,0.0,1020.4,10.7,37,26.4,26.2,1210.0,30.5,14.7,60.0
2025-12-06T10:00,23.0,26,0.0,1020.3,9.5,61,24.9,24.7,1046.0,24.7,15.1,74.0
2025-12-06T11:00,25.4,22,0.0,1020.2,8.6,68,21.7,21.4,873.0,19.1,15.8,89.0
2025-12-06T12:00,26.5,19,0.0,1019.4,10.5,70,17.1,16.9,704.0,14.1,17.1,105.0
2025-12-06T13:00,27.6,18,0.0,1018.4,11.9,76,17.5,17.4,527.0,9.2,18.5,120.0
2025-12-06T14:00,28.0,18,0.0,1017.7,11.4,79,18.7,18.6,428.0,7.0,19.4,130.0
2025-12-06T15:00,28.1,19,0.0,1017.1,10.3,78,19.4,19.2,460.0,9.4,19.2,129.0
2025-12-06T16:00,27.8,19,0.0,1016.8,9.7,72,19.8,19.6,571.0,14.5,18.4,122.0
2025-12-06T17:00,27.5,19,0.0,1016.7,9.2,67,30.7,30.5,690.0,22.3,19.9,109.0
2025-12-06T18:00,26.3,20,0.0,1016.9,9.4,58,38.6,38.4,822.0,28.4,18.8,95.0
2025-12-06T19:00,25.3,21,0.0,1017.5,10.4,58,40.0,39.8,962.0,36.5,17.4,76.0
2025-12-06T20:00,23.9,23,0.0,1017.7,11.1,59,38.5,38.3,1022.0,40.6,16.1,63.0
2025-12-06T21:00,22.5,26,0.0,1018.0,10.5,55,38.0,37.7,939.0,37.0,15.4,61.0
2025-12-06T22:00,21.6,28,0.0,1018.3,10.2,59,39.1,38.9,775.0,29.4,14.9,64.0
2025-12-06T23:00,20.8,29,0.0,1018.4,10.0,57,41.6,41.2,632.0,22.8,14.4,66.0
2025-12-07T00:00,20.3,29,0.0,1018.2,9.8,54,43.8,43.3,544.0,19.2,13.8,65.0
2025-12-07T01:00,19.9,29,0.0,1018.0,9.7,55,45.4,45.1,476.0,16.7,13.1,64.0
2025-12-07T02:00,19.5,30,0.0,1017.9,9.1,58,46.7,46.2,429.0,14.6,12.7,63.0
2025-12-07T03:00,19.0,32,0.0,1018.0,9.1,52,47.5,46.9,378.0,12.0,12.5,63.0
2025-12-07T04:00,18.7,33,0.0,1018.1,9.2,47,47.8,47.3,347.0,9.9,12.6,64.0
2025-12-07T05:00,18.4,33,0.0,1018.1,9.2,48,47.8,47.3,410.0,11.6,12.9,59.0
2025-12-07T06:00,17.7,34,0.0,1018.3,9.1,41,48.4,47.8,656.0,19.4,14.0,51.0
2025-12-07T07:00,17.1,37,0.0,1018.8,9.4,31,51.6,51.0,996.0,30.0,15.5,41.0
2025-12-07T08:00,17.3,37,0.0,1019.6,9.3,34,56.6,56.0,1229.0,35.9,17.0,40.0
2025-12-07T09:00,19.0,33,0.0,1019.9,7.8,46,59.8,59.4,1269.0,33.0,18.2,55.0
2025-12-07T10:00,22.0,28,0.0,1020.0,6.0,46,58.0,57.4,1203.0,25.4,19.4,78.0
2025-12-07T11:00,25.1,22,0.0,1019.9,5.5,46,53.2,52.6,1091.0,18.6,20.5,99.0
2025-12-07T12:00,27.1,17,0.0,1019.1,4.4,55,39.8,39.5,901.0,13.4,21.5,114.0
2025-12-07T13:00,28.0,17,0.0,1017.7,2.9,86,31.7,31.4,666.0,8.9,22.4,126.0
2025-12-07T14:00,28.5,17,0.0,1016.8,1.3,164,28.9,28.6,538.0,7.6,23.5,133.0
2025-12-07T15:00,28.6,17,0.0,1016.2,2.4,222,28.1,27.9,603.0,9.1,24.8,134.0
2025-12-07T16:00,28.4,17,0.0,1016.0,3.6,250,28.2,28.1,776.0,13.8,26.2,130.0
2025-12-07T17:00,27.1,26,0.0,1015.9,6.7,265,20.7,20.7,958.0,22.7,27.7,120.0
2025-12-07T18:00,25.3,27,0.0,1016.4,9.0,283,44.1,44.1,1132.0,46.1,31.9,90.0
2025-12-07T19:00,24.2,29,0.0,1017.0,8.8,314,58.0,57.9,1315.0,77.9,37.4,48.0
2025-12-07T20:00,23.4,31,0.0,1017.4,7.5,349,64.3,64.3,1462.0,98.8,39.8,18.0
2025-12-07T21:00,22.9,31,0.0,1017.7,7.0,4,59.5,59.5,1584.0,99.1,36.5,10.0
2025-12-07T22:00,22.1,32,0.0,1017.8,7.6,14,49.9,49.9,1670.0,88.4,30.1,14.0
2025-12-07T23:00,20.8,33,0.0,1018.0,7.1,36,42.4,42.4,1641.0,76.6,24.3,19.0
2025-12-08T00:00,19.9,34,0.0,1017.7,7.0,32,39.2,39.2,1413.0,66.2,20.3,23.0
2025-12-08T01:00,19.0,36,0.0,1017.8,7.9,33,38.1,38.1,1071.0,54.6,16.9,29.0
2025-12-08T02:00,18.2,38,0.0,1017.4,8.1,25,37.6,37.5,788.0,43.6,14.4,35.0
2025-12-08T03:00,17.6,40,0.0,1017.5,8.3,20,36.7,36.6,599.0,32.2,13.1,42.0
2025-12-08T04:00,17.4,41,0.0,1017.5,8.0,23,35.7,35.5,469.0,21.5,12.8,49.0
2025-12-08T05:00,17.1,42,0.0,1017.6,8.7,27,34.3,34.2,469.0,14.6,12.6,53.0
2025-12-08T06:00,16.6,42,0.0,1018.0,9.7,29,34.6,34.3,702.0,22.3,13.8,44.0
2025-12-08T07:00,16.4,43,0.0,1018.9,9.4,29,38.1,37.7,1066.0,32.6,15.6,32.0
2025-12-08T08:00,16.6,42,0.0,1019.5,8.9,28,43.7,43.4,1322.0,38.5,17.1,31.0
2025-12-08T09:00,18.4,37,0.0,1020.5,7.9,35,44.4,43.9,1377.0,36.2,18.3,49.0
2025-12-08T10:00,21.4,30,0.0,1020.8,5.7,46,43.9,43.3,1324.0,29.6,19.4,77.0
2025-12-08T11:00,24.9,23,0.0,1020.2,5.2,56,34.6,33.6,1208.0,22.9,19.9,102.0
2025-12-08T12:00,27.4,20,0.0,1019.2,4.8,65,22.3,21.7,980.0,16.5,19.6,120.0
2025-12-08T13:00,28.9,17,0.0,1018.1,3.8,90,18.2,17.7,689.0,10.0,18.9,135.0
2025-12-08T14:00,29.6,15,0.0,1017.2,3.2,133,16.8,16.3,518.0,6.8,18.1,142.0
2025-12-08T15:00,29.8,14,0.0,1016.9,4.4,111,15.9,15.5,574.0,8.4,17.4,139.0
2025-12-08T16:00,29.6,13,0.0,1016.9,3.1,87,16.0,15.5,750.0,13.4,16.7,127.0
2025-12-08T17:00,28.4,16,0.0,1017.3,2.0,260,16.7,16.6,916.0,21.6,18.5,114.0
2025-12-08T18:00,26.9,22,0.0,1017.6,2.1,250,26.9,26.8,1053.0,35.0,18.2,92.0
2025-12-08T19:00,26.5,19,0.0,1018.1,6.6,73,29.5,29.5,1179.0,53.0,17.8,63.0
2025-12-08T20:00,25.7,20,0.0,1018.4,9.9,75,25.5,25.4,1215.0,62.5,17.2,44.0
2025-12-08T21:00,23.7,27,0.0,1018.6,10.1,63,24.6,24.4,1095.0,55.6,16.3,45.0
2025-12-08T22:00,22.6,30,0.0,1018.5,10.1,57,25.4,25.1,885.0,40.3,15.2,57.0
2025-12-08T23:00,21.5,33,0.0,1018.5,9.8,52,27.0,26.4,699.0,27.5,14.2,66.0
2025-12-09T00:00,20.8,34,0.0,1018.1,10.4,56,28.1,27.3,577.0,21.5,13.1,67.0
2025-12-09T01:00,20.4,35,0.0,1017.5,10.3,59,28.2,27.1,479.0,18.0,12.1,66.0
2025-12-09T02:00,20.1,35,0.0,1017.4,9.6,47,27.6,26.3,405.0,15.4,11.4,65.0
2025-12-09T03:00,19.6,36,0.0,1017.2,9.1,39,26.9,25.2,322.0,12.4,11.1,66.0
2025-12-09T04:00,18.6,38,0.0,1017.3,8.8,5,26.1,24.2,263.0,10.3,11.1,67.0
2025-12-09T05:00,17.8,38,0.0,1017.5,9.2,4,25.1,23.3,322.0,12.3,11.3,60.0
2025-12-09T06:00,17.5,38,0.0,1017.8,9.0,13,25.3,23.3,599.0,20.1,12.6,50.0
2025-12-09T07:00,17.1,39,0.0,1018.4,8.1,17,28.2,25.9,994.0,30.8,14.4,37.0
2025-12-09T08:00,17.2,39,0.0,1018.8,7.6,27,34.0,31.5,1309.0,37.7,16.5,35.0
2025-12-09T09:00,19.0,36,0.0,1019.4,5.7,28,38.9,36.8,1497.0,37.9,18.5,51.0
2025-12-09T10:00,21.9,30,0.0,1020.0,3.1,28,41.1,38.4,1603.0,34.3,20.8,78.0
2025-12-09T11:00,25.5,24,0.0,1019.7,1.4,67,35.4,31.1,1567.0,29.4,23.4,102.0
2025-12-09T12:00,27.8,19,0.0,1019.0,1.3,106,26.7,23.5,1253.0,22.2,27.0,122.0
2025-12-09T13:00,29.0,16,0.0,1018.0,0.7,166,20.4,18.6,797.0,13.6,31.0,140.0
2025-12-09T14:00,29.6,15,0.0,1017.0,3.1,190,18.3,16.8,536.0,9.0,33.7,150.0
2025-12-09T15:00,29.5,18,0.0,1016.3,6.5,203,17.6,16.2,633.0,9.6,34.3,150.0
2025-12-09T16:00,28.5,29,0.0,1016.2,8.6,216,17.8,16.5,926.0,14.2,33.5,142.0
2025-12-09T17:00,27.0,36,0.0,1016.2,7.7,231,12.8,12.8,1269.0,18.7,36.2,138.0
2025-12-09T18:00,25.8,38,0.0,1016.6,6.0,261,27.5,27.5,1661.0,39.9,34.3,103.0
2025-12-09T19:00,24.9,35,0.0,1017.3,6.2,291,32.0,32.0,2102.0,68.8,31.7,55.0
2025-12-09T20:00,23.5,36,0.0,1017.7,6.0,291,34.1,34.0,2449.0,88.7,30.4,19.0
2025-12-09T21:00,22.6,36,0.0,1017.6,3.8,311,38.0,37.8,2685.0,90.9,32.4,8.0
2025-12-09T22:00,22.0,37,0.0,1017.5,3.8,25,43.5,43.3,2828.0,84.1,35.6,10.0
2025-12-09T23:00,20.5,43,0.0,1017.7,3.3,45,47.8,47.6,2784.0,76.8,36.2,13.0
2025-12-10T00:00,20.8,38,0.0,1017.6,3.9,28,46.7,46.4,2450.0,71.7,31.5,12.0
2025-12-10T01:00,20.0,36,0.0,1017.4,4.6,11,45.2,44.7,1930.0,66.1,24.2,12.0
2025-12-10T02:00,18.5,36,0.0,1017.4,6.4,10,40.9,40.4,1440.0,61.3,18.2,12.0
2025-12-10T03:00,17.6,37,0.0,1017.0,6.4,11,35.5,35.3,971.0,57.7,14.9,11.0
2025-12-10T04:00,16.9,38,0.0,1017.0,6.3,13,30.7,30.6,534.0,54.9,13.0,11.0
2025-12-10T05:00,16.2,42,0.0,1017.1,4.9,4,23.7,23.6,373.0,53.9,14.6,11.0
2025-12-10T06:00,15.1,46,0.0,1017.5,5.9,358,23.4,23.3,726.0,51.4,14.5,6.0
2025-12-10T07:00,14.3,48,0.0,1018.1,6.7,8,29.0,28.9,1355.0,47.9,14.8,2.0
2025-12-10T08:00,15.0,46,0.0,1018.8,7.0,13,41.9,41.7,1801.0,44.5,18.7,8.0
2025-12-10T09:00,18.2,35,0.0,1019.1,5.0,19,40.0,39.9,1876.0,42.3,29.5,35.0
2025-12-10T10:00,22.3,28,0.0,1019.1,4.2,31,28.8,28.8,1766.0,40.1,43.9,74.0
2025-12-10T11:00,25.4,25,0.0,1018.9,1.0,22,21.9,21.8,1572.0,36.1,54.5,107.0
2025-12-10T12:00,27.4,22,0.0,1018.1,2.3,231,21.0,20.9,1262.0,27.4,58.2,131.0
2025-12-10T13:00,28.3,21,0.0,1017.4,6.2,224,18.7,18.6,868.0,16.9,58.2,150.0
2025-12-10T14:00,28.2,25,0.0,1016.6,9.1,231,18.0,17.9,584.0,10.5,56.2,160.0
2025-12-10T15:00,27.9,27,0.0,1016.2,9.8,246,18.0,17.9,475.0,10.0,52.1,158.0
2025-12-10T16:00,27.5,26,0.0,1016.4,9.7,260,17.4,17.3,476.0,13.8,46.0,147.0
2025-12-10T17:00,26.0,38,0.0,1016.2,7.8,263,14.8,14.6,586.0,19.4,34.5,128.0
2025-12-10T18:00,24.2,54,0.0,1016.4,7.2,266,22.9,22.8,882.0,38.4,32.5,95.0
2025-12-10T19:00,23.1,63,0.0,1017.1,6.0,273,29.7,29.5,1288.0,64.6,29.7,50.0
2025-12-10T20:00,22.4,67,0.0,1017.3,5.6,268,34.6,34.0,1573.0,83.9,27.8,16.0
2025-12-10T21:00,21.8,71,0.0,1017.7,5.6,270,38.6,37.5,1645.0,90.6,28.0,4.0
2025-12-10T22:00,21.3,75,0.0,1017.7,4.7,277,40.4,39.0,1597.0,90.5,29.1,4.0
2025-12-10T23:00,19.7,82,0.0,1017.8,2.7,323,40.9,39.1,1476.0,86.4,28.9,8.0
2025-12-11T00:00,19.0,81,0.0,1017.4,4.7,358,38.8,36.6,1252.0,77.9,26.2,14.0
2025-12-11T01:00,17.8,86,0.0,1017.2,5.4,6,34.2,31.8,954.0,65.5,22.2,24.0
2025-12-11T02:00,17.2,86,0.0,1016.8,4.7,4,29.0,26.4,718.0,53.6,18.9,33.0
2025-12-11T03:00,16.9,85,0.0,1016.1,4.5,5,24.7,21.9,511.0,41.6,16.6,41.0
2025-12-11T04:00,16.5,86,0.0,1016.0,4.5,2,21.8,18.9,364.0,30.0,15.0,48.0
2025-12-11T05:00,15.4,86,0.0,1015.9,2.7,8,25.9,22.4,510.0,31.8,17.4,44.0
2025-12-11T06:00,15.3,85,0.0,1016.2,2.7,4,26.3,22.6,1291.0,40.5,19.7,32.0
2025-12-11T07:00,15.0,85,0.0,1016.7,3.1,7,32.1,28.3,2363.0,51.9,23.0,18.0
2025-12-11T08:00,15.7,82,0.0,1017.3,2.9,22,45.3,41.6,2932.0,56.7,26.2,17.0
2025-12-11T09:00,18.4,76,0.0,1017.9,1.8,11,52.5,49.9,2500.0,48.8,29.0,43.0
2025-12-11T10:00,21.6,70,0.0,1018.4,1.3,315,30.6,25.4,1564.0,34.2,31.7,83.0
2025-12-11T11:00,23.8,69,0.0,1017.9,3.8,229,27.7,21.7,818.0,22.0,33.8,116.0
2025-12-11T12:00,25.2,62,0.0,1016.9,5.4,222,23.9,17.9,540.0,15.1,35.1,134.0
2025-12-11T13:00,26.1,57,0.0,1016.0,7.3,222,22.3,16.5,452.0,10.6,35.7,145.0
2025-12-11T14:00,26.2,56,0.0,1015.0,9.2,222,22.1,16.4,413.0,8.5,35.5,149.0
2025-12-11T15:00,26.0,56,0.0,1014.8,10.2,228,20.8,15.5,352.0,7.9,34.2,144.0
2025-12-11T16:00,25.5,56,0.0,1014.9,9.3,238,19.7,14.6,339.0,9.7,32.2,132.0
2025-12-11T17:00,24.8,62,0.0,1014.7,8.2,244,12.1,10.9,443.0,15.4,28.8,111.0
2025-12-11T18:00,23.7,69,0.0,1015.2,7.6,267,20.1,18.9,762.0,31.9,27.1,84.0
2025-12-11T19:00,22.9,74,0.0,1015.7,7.1,285,26.0,24.4,1198.0,54.7,24.9,46.0
2025-12-11T20:00,22.2,80,0.0,1015.9,6.0,291,28.3,26.7,1530.0,71.7,23.6,18.0
2025-12-11T21:00,21.7,84,0.0,1016.2,5.2,292,31.8,29.9,1687.0,77.4,24.6,8.0
2025-12-11T22:00,21.3,87,0.0,1016.1,4.7,302,37.3,35.0,1740.0,77.4,26.6,6.0
2025-12-11T23:00,19.7,90,0.0,1016.3,3.3,319,42.3,39.7,1683.0,75.7,27.3,7.0
2025-12-12T00:00,19.4,90,0.0,1016.1,4.0,339,43.9,40.9,1464.0,74.5,25.6,7.0
2025-12-12T01:00,18.6,92,0.0,1015.6,3.8,355,41.0,37.8,1134.0,71.6,22.6,9.0
2025-12-12T02:00,18.1,93,0.0,1015.3,4.2,355,35.7,32.2,845.0,65.4,19.7,13.0
2025-12-12T03:00,17.2,94,0.0,1014.9,4.9,2,32.6,28.5,607.0,51.9,16.8,23.0
2025-12-12T04:00,16.6,95,0.0,1014.6,5.8,360,32.2,27.1,410.0,34.9,14.0,35.0
2025-12-12T05:00,15.2,99,0.0,1014.9,5.8,360,36.9,34.1,367.0,32.5,13.4,33.0
2025-12-12T06:00,15.3,99,0.0,1015.0,5.6,356,33.3,30.7,616.0,35.3,13.7,28.0
2025-12-12T07:00,15.4,99,0.0,1015.6,4.5,2,38.3,35.5,1019.0,39.0,14.2,23.0
2025-12-12T08:00,15.8,97,0.0,1015.8,3.8,11,40.4,37.1,1284.0,39.8,15.7,26.0
2025-12-12T09:00,16.3,99,0.0,1016.5,3.2,357,41.0,38.1,1277.0,35.4,19.1,45.0
2025-12-12T10:00,18.0,92,0.0,1016.9,2.3,331,30.4,26.8,1130.0,28.1,23.5,72.0
2025-12-12T11:00,21.3,82,0.0,1016.6,3.3,261,27.9,23.5,950.0,21.4,26.9,96.0
2025-12-12T12:00,23.6,71,0.0,1015.8,5.8,236,26.7,21.9,732.0,16.0,28.7,114.0
2025-12-12T13:00,24.8,63,0.0,1014.8,8.5,234,24.1,19.2,480.0,11.2,29.6,128.0
2025-12-12T14:00,25.2,59,0.0,1014.0,9.5,234,21.1,16.9,309.0,8.5,29.6,134.0
2025-12-12T15:00,25.4,57,0.0,1013.5,10.4,242,18.2,14.8,251.0,7.1,28.6,130.0
2025-12-12T16:00,25.2,54,0.0,1013.4,11.1,257,15.5,12.6,274.0,7.8,26.8,119.0
2025-12-12T17:00,24.4,57,0.0,1013.3,10.5,266,11.3,9.7,398.0,13.2,24.8,101.0
2025-12-12T18:00,23.2,65,0.0,1013.8,8.6,270,16.8,15.4,716.0,28.9,23.5,77.0
2025-12-12T19:00,22.5,70,0.0,1014.5,7.2,266,22.8,21.4,1134.0,50.4,21.8,45.0
2025-12-12T20:00,22.1,73,0.0,1015.0,7.0,266,26.4,24.7,1391.0,66.6,20.5,20.0
2025-12-12T21:00,21.7,77,0.0,1015.1,6.9,265,29.2,27.4,1349.0,73.1,20.5,11.0
2025-12-12T22:00,21.3,78,0.0,1015.1,6.7,272,32.1,29.9,1147.0,74.3,21.0,10.0
2025-12-12T23:00,20.4,77,0.0,1015.0,4.4,279,33.4,30.9,939.0,71.1,20.6,13.0
2025-12-13T00:00,20.3,77,0.0,1014.5,4.6,288,31.7,28.8,764.0,62.1,18.5,21.0
2025-12-13T01:00,19.9,79,0.0,1014.1,4.7,302,28.7,25.6,583.0,48.7,15.7,33.0
2025-12-13T02:00,19.6,81,0.0,1013.8,5.2,301,25.5,22.2,438.0,37.1,13.3,43.0
2025-12-13T03:00,19.4,84,0.0,1013.5,5.7,305,23.0,19.5,270.0,28.0,11.8,50.0
2025-12-13T04:00,19.2,86,0.0,1013.3,5.6,310,21.4,17.8,138.0,20.6,10.9,55.0
2025-12-13T05:00,19.0,83,0.0,1013.4,5.6,299,28.6,23.6,262.0,21.9,11.1,48.0
2025-12-13T06:00,18.3,85,0.0,1013.7,4.4,322,31.7,26.6,949.0,29.6,13.0,36.0
2025-12-13T07:00,17.2,87,0.0,1014.5,5.9,2,39.3,34.7,1893.0,39.7,15.7,20.0
2025-12-13T08:00,16.6,89,0.0,1015.3,6.7,14,51.1,48.4,2395.0,44.3,18.4,17.0
2025-12-13T09:00,18.8,80,0.0,1015.7,4.2,12,45.1,43.7,2017.0,38.2,20.9,39.0
2025-12-13T10:00,22.0,67,0.0,1016.4,2.7,352,33.8,32.1,1196.0,26.5,23.4,73.0
2025-12-13T11:00,24.1,65,0.0,1016.4,4.1,272,20.1,17.0,550.0,16.8,25.4,102.0
2025-12-13T12:00,25.5,56,0.0,1015.7,6.4,254,15.6,13.6,326.0,11.7,26.8,118.0
2025-12-13T13:00,26.3,50,0.0,1014.8,8.1,249,14.6,13.3,276.0,8.5,27.7,129.0
2025-12-13T14:00,26.6,48,0.0,1014.0,9.5,249,14.5,13.4,270.0,7.2,28.4,133.0
2025-12-13T15:00,26.3,47,0.0,1013.5,10.1,253,14.3,13.3,240.0,6.5,28.9,132.0
2025-12-13T16:00,25.6,51,0.0,1013.4,10.1,259,14.0,13.0,254.0,7.6,29.2,125.0
2025-12-13T17:00,24.7,55,0.0,1013.4,9.5,269,8.1,8.1,392.0,13.2,28.3,109.0
2025-12-13T18:00,23.5,66,0.0,1013.9,8.1,275,14.7,14.6,758.0,28.8,26.7,83.0
2025-12-13T19:00,22.6,74,0.0,1014.8,6.8,287,21.6,20.9,1248.0,50.3,24.5,48.0
2025-12-13T20:00,21.9,78,0.0,1015.2,4.8,297,24.0,23.2,1629.0,66.5,23.0,21.0
2025-12-13T21:00,21.3,81,0.0,1015.4,3.7,309,26.0,25.1,1830.0,72.6,23.1,11.0
2025-12-13T22:00,20.8,83,0.0,1015.3,3.4,342,29.2,28.1,1921.0,73.4,23.9,9.0
2025-12-13T23:00,19.7,88,0.0,1015.4,2.5,8,32.4,31.0,1880.0,72.5,24.1,8.0
2025-12-14T00:00,19.7,87,0.0,1015.2,4.8,13,34.3,32.9,1645.0,70.7,23.0,7.0
2025-12-14T01:00,19.1,89,0.0,1015.0,5.4,20,34.0,32.5,1278.0,67.2,21.2,6.0
2025-12-14T02:00,18.4,91,0.0,1014.7,5.6,21,31.7,30.0,946.0,62.6,19.4,7.0
2025-12-14T03:00,17.6,94,0.0,1014.5,6.2,21,29.9,28.2,662.0,56.0,17.3,9.0
2025-12-14T04:00,17.1,94,0.0,1014.5,6.0,17,30.2,28.3,413.0,48.4,15.2,11.0
2025-12-14T05:00,16.6,92,0.0,1014.9,6.5,14,33.6,32.2,321.0,47.4,16.2,6.0
2025-12-14T06:00,16.3,89,0.0,1015.4,7.1,21,32.5,31.8,526.0,47.0,16.6,4.0
2025-12-14T07:00,16.2,89,0.0,1016.4,7.3,28,37.1,36.3,889.0,46.2,17.4,3.0
2025-12-14T08:00,16.6,84,0.0,1017.1,7.8,26,45.9,45.2,1116.0,43.0,19.1,11.0
2025-12-14T09:00,18.4,72,0.0,1017.8,7.2,25,34.9,34.1,1053.0,35.3,22.2,37.0
2025-12-14T10:00,21.4,57,0.0,1018.3,5.9,38,22.5,20.4,853.0,25.3,26.3,72.0
2025-12-14T11:00,23.2,51,0.0,1018.0,6.4,43,17.9,15.4,687.0,17.3,30.6,102.0
2025-12-14T12:00,24.6,39,0.0,1017.5,4.5,61,16.9,14.6,596.0,12.8,35.2,121.0
2025-12-14T13:00,25.6,33,0.0,1016.3,3.5,99,17.9,15.9,537.0,10.4,40.0,134.0
2025-12-14T14:00,26.4,29,0.0,1015.4,2.9,137,19.4,17.5,556.0,9.6,43.9,143.0
2025-12-14T15:00,26.6,28,0.0,1014.8,3.4,183,20.9,19.0,654.0,8.3,47.1,151.0
2025-12-14T16:00,26.2,32,0.0,1014.8,5.0,210,22.2,20.4,829.0,8.8,49.4,155.0
2025-12-14T17:00,25.4,43,0.0,1014.9,7.3,224,55.1,44.5,1118.0,18.5,51.7,144.0
2025-12-14T18:00,24.0,55,0.0,1015.3,8.1,241,61.9,52.0,1703.0,43.3,49.7,108.0
2025-12-14T19:00,23.1,59,0.0,1016.1,6.4,260,68.5,59.5,2401.0,77.0,46.9,58.0
2025-12-14T20:00,22.5,59,0.0,1016.3,2.8,320,70.8,62.4,2705.0,99.8,43.7,22.0
2025-12-14T21:00,22.0,53,0.0,1016.9,8.3,56,77.1,69.4,2248.0,102.6,40.5,10.0
2025-12-14T22:00,21.0,47,0.0,1017.0,9.6,62,81.5,75.4,1396.0,94.4,37.0,12.0
2025-12-14T23:00,19.9,51,0.0,1017.1,9.9,55,77.8,73.1,737.0,81.9,32.8,18.0
2025-12-15T00:00,19.2,53,0.0,1016.8,10.3,50,78.0,73.3,519.0,64.5,26.8,29.0
2025-12-15T01:00,18.5,56,0.0,1016.5,10.7,46,78.9,74.0,494.0,42.9,20.1,45.0
2025-12-15T02:00,18.1,58,0.0,1016.6,10.4,42,78.7,73.6,500.0,25.7,15.1,58.0
2025-12-15T03:00,17.6,60,0.0,1016.4,10.7,36,76.8,71.9,469.0,16.0,12.9,65.0
2025-12-15T04:00,17.3,61,0.0,1016.1,11.1,32,73.6,68.9,470.0,10.6,12.4,70.0
2025-12-15T05:00,17.1,61,0.0,1016.3,11.1,34,71.0,66.4,545.0,8.8,12.2,69.0
2025-12-15T06:00,16.8,62,0.0,1016.9,10.5,33,68.7,64.0,763.0,15.1,13.2,63.0
2025-12-15T07:00,16.5,63,0.0,1017.7,10.4,32,68.7,64.0,1056.0,23.6,14.6,55.0
2025-12-15T08:00,16.6,62,0.0,1018.2,10.0,38,70.1,65.4,1265.0,28.7,16.2,55.0
2025-12-15T09:00,18.1,56,0.0,1018.9,8.0,42,69.6,65.7,1328.0,27.3,17.8,69.0
2025-12-15T10:00,20.8,47,0.0,1019.5,6.7,46,67.8,63.1,1308.0,22.4,19.5,91.0
2025-12-15T11:00,23.6,39,0.0,1019.2,6.4,54,64.3,57.9,1228.0,17.6,21.2,112.0
2025-12-15T12:00,25.5,31,0.0,1018.1,6.5,66,56.0,49.9,1046.0,13.4,23.3,130.0
2025-12-15T13:00,26.6,28,0.0,1017.0,5.2,76,46.9,42.3,805.0,9.2,25.4,147.0
2025-12-15T14:00,27.3,26,0.0,1015.8,4.4,81,41.8,38.0,660.0,7.1,26.8,157.0
2025-12-15T15:00,27.5,25,0.0,1015.1,3.6,99,39.1,35.6,690.0,6.6,26.9,161.0
2025-12-15T16:00,27.4,25,0.0,1015.0,3.1,118,38.0,34.8,816.0,8.2,26.1,158.0
2025-12-15T17:00,27.0,27,0.0,1015.0,4.1,92,35.2,33.3,953.0,15.0,27.8,144.0
2025-12-15T18:00,25.7,31,0.0,1015.6,2.0,180,51.9,50.3,1101.0,37.3,26.9,111.0
2025-12-15T19:00,24.8,33,0.0,1016.2,5.2,84,63.1,61.5,1259.0,67.2,25.5,65.0
2025-12-15T20:00,23.7,35,0.0,1016.8,10.0,72,57.5,56.3,1345.0,82.9,23.7,36.0
2025-12-15T21:00,22.1,42,0.0,1017.1,11.0,62,56.0,54.6,1301.0,70.9,21.1,39.0
2025-12-15T22:00,21.0,47,0.0,1017.2,11.0,58,58.1,56.1,1184.0,44.7,18.0,59.0
2025-12-15T23:00,20.1,51,0.0,1017.4,11.0,56,60.1,57.5,1078.0,23.7,15.7,75.0
2025-12-16T00:00,19.6,54,0.0,1017.0,11.1,53,60.5,57.6,1014.0,15.5,14.7,79.0
2025-12-16T01:00,19.1,56,0.0,1016.4,11.2,52,59.6,56.6,962.0,12.5,14.5,80.0
2025-12-16T02:00,18.7,58,0.0,1016.1,11.1,47,57.9,54.7,915.0,10.5,14.6,81.0
2025-12-16T03:00,18.3,58,0.0,1015.3,11.6,42,55.9,52.7,852.0,7.9,14.7,84.0
2025-12-16T04:00,18.1,58,0.0,1015.3,11.9,39,54.1,51.0,795.0,6.4,15.0,88.0
2025-12-16T05:00,17.8,58,0.0,1015.2,11.9,42,53.2,50.1,804.0,7.1,15.1,87.0
2025-12-16T06:00,17.6,57,0.0,1015.5,11.7,44,52.7,49.7,953.0,11.6,16.7,84.0
2025-12-16T07:00,17.5,57,0.0,1016.2,11.8,47,54.5,51.7,1169.0,17.7,18.9,82.0
2025-12-16T08:00,17.8,55,0.0,1016.9,11.9,51,57.6,54.8,1293.0,21.1,21.2,85.0
2025-12-16T09:00,19.6,49,0.0,1017.6,11.1,53,59.8,57.5,1240.0,19.3,23.9,100.0
2025-12-16T10:00,22.1,42,0.0,1018.1,10.7,55,61.2,58.3,1096.0,14.9,26.6,121.0
2025-12-16T11:00,24.6,36,0.0,1017.6,11.6,64,57.4,53.9,957.0,11.0,28.0,138.0
2025-12-16T12:00,26.3,30,0.0,1016.6,14.1,74,47.0,44.0,840.0,8.4,26.8,148.0
2025-12-16T13:00,27.3,28,0.0,1015.6,14.1,80,38.0,35.7,729.0,6.4,24.2,153.0
2025-12-16T14:00,27.9,26,0.0,1014.6,13.5,82,33.3,31.5,672.0,5.6,22.1,155.0
2025-12-16T15:00,28.1,25,0.0,1014.2,12.2,82,30.7,29.3,701.0,6.4,21.3,154.0
2025-12-16T16:00,27.9,26,0.0,1014.0,11.7,77,29.5,28.2,785.0,8.5,21.0,148.0
2025-12-16T17:00,27.0,28,0.0,1014.3,11.4,69,48.2,45.8,878.0,12.3,21.8,139.0
2025-12-16T18:00,25.6,31,0.0,1014.6,11.1,61,54.5,52.7,987.0,17.0,20.9,125.0
2025-12-16T19:00,24.4,35,0.0,1015.2,12.2,61,57.2,55.5,1106.0,23.4,19.7,105.0
2025-12-16T20:00,23.1,38,0.0,1015.8,12.1,58,58.1,56.2,1165.0,27.0,19.0,90.0
2025-12-16T21:00,21.9,43,0.0,1016.0,12.5,50,60.1,58.0,1122.0,25.4,19.3,84.0
2025-12-16T22:00,21.1,46,0.0,1016.4,12.7,46,62.4,60.1,1019.0,21.1,20.2,83.0
2025-12-16T23:00,20.4,49,0.0,1016.7,12.7,44,64.3,61.7,918.0,17.0,21.1,84.0
2025-12-17T00:00,20.1,49,0.0,1016.3,12.4,47,65.0,62.4,833.0,14.0,22.0,86.0
2025-12-17T01:00,19.9,49,0.0,1016.0,11.5,51,64.7,62.2,749.0,11.2,22.9,90.0
2025-12-17T02:00,19.6,49,0.0,1016.0,10.9,52,64.0,61.5,682.0,9.1,23.9,93.0
2025-12-17T03:00,19.1,49,0.0,1015.8,10.4,53,62.9,60.5,609.0,7.3,24.7,94.0
2025-12-17T04:00,18.7,50,0.0,1015.6,10.2,58,62.2,59.8,553.0,6.2,25.4,95.0
2025-12-17T05:00,18.1,50,0.0,1015.9,8.6,54,60.8,58.6,595.0,7.1,24.9,92.0
2025-12-17T06:00,17.5,51,0.0,1016.4,9.2,59,61.0,58.8,841.0,11.7,26.8,90.0
2025-12-17T07:00,17.1,53,0.0,1017.3,9.8,64,62.6,60.5,1186.0,17.8,29.3,88.0
2025-12-17T08:00,17.4,52,0.0,1017.8,10.7,65,65.0,63.1,1398.0,21.2,31.1,91.0
2025-12-17T09:00,19.3,47,0.0,1018.2,10.5,71,65.7,64.3,1356.0,19.4,31.7,103.0
2025-12-17T10:00,22.0,41,0.0,1018.6,9.7,74,63.6,61.9,1182.0,14.9,31.5,120.0
2025-12-17T11:00,24.6,35,0.0,1018.6,10.8,75,49.5,47.7,1007.0,11.0,30.5,135.0
2025-12-17T12:00,26.3,30,0.0,1017.7,12.8,81,35.0,33.4,851.0,8.4,28.1,145.0
2025-12-17T13:00,27.3,28,0.0,1016.9,10.8,86,32.5,30.2,694.0,6.4,24.8,152.0
2025-12-17T14:00,27.8,26,0.0,1016.0,10.0,103,32.7,29.9,615.0,5.8,22.7,155.0
2025-12-17T15:00,28.0,25,0.0,1015.4,9.3,119,32.7,29.9,632.0,4.9,22.6,158.0
2025-12-17T16:00,27.7,25,0.0,1014.8,9.4,128,32.9,30.0,725.0,5.4,23.5,157.0
2025-12-17T17:00,26.9,28,0.0,1015.0,8.0,130,38.3,34.9,920.0,13.3,22.9,136.0
2025-12-17T18:00,25.6,33,0.0,1015.6,7.0,130,51.1,48.5,1340.0,35.7,24.5,102.0
2025-12-17T19:00,25.0,34,0.0,1016.4,7.5,98,63.1,60.8,1860.0,65.8,26.6,55.0
2025-12-17T20:00,24.2,35,0.0,1016.9,8.9,76,62.9,61.0,2130.0,83.7,27.0,24.0
2025-12-17T21:00,22.9,39,0.0,1017.1,10.6,60,50.8,49.5,1923.0,77.9,24.1,24.0
2025-12-17T22:00,22.0,42,0.0,1017.0,10.1,61,40.9,39.8,1467.0,59.7,19.5,39.0
2025-12-17T23:00,21.0,44,0.0,1017.3,9.2,59,34.5,33.5,1092.0,43.1,15.8,53.0
2025-12-18T00:00,20.1,47,0.0,1017.2,9.0,60,30.6,29.7,932.0,32.4,14.0,60.0
2025-12-18T01:00,19.4,50,0.0,1017.0,8.6,54,28.6,27.8,855.0,23.3,13.2,65.0
2025-12-18T02:00,18.7,53,0.0,1017.1,8.4,47,28.0,27.1,793.0,16.6,13.0,68.0
2025-12-18T03:00,18.1,54,0.0,1017.0,8.4,35,28.2,27.2,699.0,12.3,13.4,69.0
2025-12-18T04:00,17.5,56,0.0,1017.0,8.5,32,28.9,27.8,621.0,10.5,14.3,68.0
2025-12-18T05:00,17.1,55,0.0,1017.3,8.4,23,28.2,27.1,634.0,13.3,13.9,59.0
2025-12-18T06:00,16.8,56,0.0,1017.6,8.5,28,29.8,28.6,812.0,22.0,15.3,49.0
2025-12-18T07:00,16.2,57,0.0,1018.2,8.5,21,34.0,32.5,1082.0,33.8,17.3,36.0
2025-12-18T08:00,16.4,55,0.0,1019.0,8.3,20,41.1,39.5,1300.0,40.9,20.0,34.0
2025-12-18T09:00,18.3,49,0.0,1019.5,7.7,30,44.8,43.1,1440.0,39.2,23.5,52.0
2025-12-18T10:00,21.1,42,0.0,1019.6,7.0,23,45.9,43.9,1529.0,32.9,27.7,82.0
2025-12-18T11:00,24.4,33,0.0,1019.4,3.9,34,39.2,35.6,1506.0,26.4,32.1,109.0
2025-12-18T12:00,26.1,29,0.0,1018.4,2.3,51,40.3,35.7,1260.0,20.4,37.0,132.0
2025-12-18T13:00,27.0,26,0.0,1017.1,0.8,153,42.6,37.3,901.0,14.3,42.2,152.0
2025-12-18T14:00,27.6,25,0.0,1016.1,2.7,184,44.2,38.4,700.0,11.0,46.5,167.0
2025-12-18T15:00,27.6,26,0.0,1015.5,6.2,201,45.1,39.3,811.0,9.1,49.9,177.0
2025-12-18T16:00,26.5,37,0.0,1015.2,9.5,216,46.1,40.7,1079.0,9.9,52.4,181.0
2025-12-18T17:00,25.3,45,0.0,1015.3,9.7,235,50.1,45.6,1316.0,20.7,59.9,171.0
2025-12-18T18:00,24.0,50,0.0,1015.4,7.9,253,68.2,65.0,1452.0,49.7,56.4,129.0
2025-12-18T19:00,23.2,50,0.0,1016.0,7.3,290,74.3,71.7,1556.0,89.2,51.3,70.0
2025-12-18T20:00,22.4,51,0.0,1016.6,7.8,310,73.1,70.8,1642.0,115.7,46.4,26.0
2025-12-18T21:00,21.8,51,0.0,1017.0,7.9,333,71.9,70.1,1753.0,117.7,42.4,11.0
2025-12-18T22:00,21.4,48,0.0,1017.2,7.6,357,71.9,70.3,1845.0,106.8,38.6,10.0
2025-12-18T23:00,20.9,44,0.0,1017.3,6.9,30,67.8,66.6,1805.0,94.0,34.2,13.0
2025-12-19T00:00,20.4,44,0.0,1016.8,7.5,40,59.4,58.1,1522.0,82.4,28.4,16.0
2025-12-19T01:00,19.9,45,0.0,1016.5,7.4,45,51.2,49.7,1106.0,68.9,22.0,23.0
2025-12-19T02:00,19.4,47,0.0,1016.1,6.8,53,45.3,43.5,776.0,55.8,17.2,30.0
2025-12-19T03:00,19.0,49,0.0,1015.8,6.6,49,41.8,40.0,592.0,42.1,14.7,39.0
2025-12-19T04:00,18.6,50,0.0,1015.5,6.9,47,40.0,38.2,495.0,28.7,13.7,49.0
2025-12-19T05:00,18.1,51,0.0,1015.8,6.9,39,38.4,36.6,522.0,22.0,13.2,52.0
2025-12-19T06:00,17.9,51,0.0,1015.8,7.7,39,38.9,37.0,748.0,26.1,14.5,48.0
2025-12-19T07:00,17.7,51,0.0,1016.3,7.3,38,41.8,39.8,1099.0,31.6,16.3,44.0
2025-12-19T08:00,17.9,50,0.0,1016.9,7.3,40,46.8,44.8,1390.0,34.3,18.3,48.0
2025-12-19T09:00,19.5,45,0.0,1017.5,5.5,36,50.9,49.2,1581.0,31.6,20.0,68.0
2025-12-19T10:00,22.1,39,0.0,1017.8,4.4,58,50.6,48.4,1712.0,26.1,21.9,97.0
2025-12-19T11:00,24.4,34,0.0,1017.2,3.8,95,46.7,43.4,1724.0,20.9,25.0,123.0
2025-12-19T12:00,26.1,29,0.0,1016.3,3.7,119,43.1,39.2,1508.0,16.4,30.7,142.0
2025-12-19T13:00,27.1,27,0.0,1015.1,3.1,144,42.7,38.8,1173.0,12.2,37.6,157.0
2025-12-19T14:00,27.9,26,0.0,1014.0,2.4,163,41.9,38.3,984.0,10.5,42.6,166.0
2025-12-19T15:00,28.6,24,0.0,1013.4,2.9,180,40.7,37.5,989.0,11.4,44.3,170.0
2025-12-19T16:00,28.4,26,0.0,1012.9,4.6,198,41.1,38.2,1140.0,14.7,44.0,169.0
2025-12-19T17:00,27.4,33,0.0,1012.6,6.9,233,43.9,41.3,1556.0,19.9,47.8,168.0
2025-12-19T18:00,25.6,46,0.0,1012.9,7.7,249,61.0,59.0,2539.0,42.2,44.2,135.0
2025-12-19T19:00,24.4,52,0.0,1013.5,6.5,283,67.1,65.4,3787.0,73.1,39.3,88.0
2025-12-19T20:00,23.7,53,0.0,1013.9,6.6,305,69.4,67.5,4515.0,98.3,36.8,51.0
2025-12-19T21:00,23.1,55,0.0,1014.2,4.6,329,72.9,71.2,4283.0,113.3,39.7,32.0
2025-12-19T22:00,22.7,56,0.0,1014.0,5.6,345,79.2,77.1,3530.0,122.6,44.9,21.0
2025-12-19T23:00,22.3,57,0.0,1014.3,4.5,360,86.8,84.8,2787.0,124.7,47.0,15.0
2025-12-20T00:00,22.2,54,0.0,1013.7,4.7,28,87.5,85.7,2189.0,116.6,42.8,12.0
2025-12-20T01:00,22.0,49,0.0,1013.3,4.5,43,81.0,79.4,1600.0,101.3,35.5,13.0
2025-12-20T02:00,21.8,47,0.0,1013.4,2.8,15,73.6,71.9,1143.0,87.3,29.0,14.0
2025-12-20T03:00,21.2,48,0.0,1013.1,3.3,6,67.5,66.1,812.0,76.7,24.2,15.0
2025-12-20T04:00,20.9,48,0.0,1012.7,2.6,34,61.9,60.3,613.0,67.4,20.3,16.0
2025-12-20T05:00,20.6,48,0.0,1012.7,2.1,31,63.1,61.5,684.0,65.3,18.6,13.0
2025-12-20T06:00,19.4,53,0.0,1012.8,1.9,29,60.5,58.6,1277.0,64.1,18.9,10.0
2025-12-20T07:00,19.1,51,0.0,1013.3,2.4,36,63.1,61.0,2140.0,62.2,19.8,7.0
2025-12-20T08:00,19.0,51,0.0,1013.7,4.1,38,73.8,71.9,2653.0,58.4,23.8,17.0
2025-12-20T09:00,20.9,45,0.0,1014.4,2.7,28,76.4,75.0,2462.0,51.8,34.7,52.0
2025-12-20T10:00,23.7,36,0.0,1015.1,1.9,29,61.0,58.3,1921.0,43.4,48.8,99.0
2025-12-20T11:00,25.9,32,0.0,1014.7,1.2,153,58.0,54.9,1477.0,34.9,57.5,136.0
2025-12-20T12:00,26.9,30,0.0,1013.9,3.8,172,48.2,45.8,1309.0,25.6,56.0,154.0
2025-12-20T13:00,27.6,29,0.0,1012.9,6.0,190,41.1,39.0,1237.0,16.2,49.1,162.0
2025-12-20T14:00,27.6,30,0.0,1012.1,7.7,204,38.2,36.4,1167.0,10.8,42.7,164.0
2025-12-20T15:00,27.5,31,0.0,1011.7,8.3,219,36.8,35.2,1038.0,10.7,38.8,161.0
2025-12-20T16:00,26.7,36,0.0,1011.4,8.5,235,37.4,35.6,912.0,14.5,35.5,152.0
2025-12-20T17:00,26.1,49,0.0,1011.3,8.5,263,51.3,48.9,876.0,21.3,43.6,162.0
2025-12-20T18:00,25.1,55,0.0,1011.7,8.4,280,59.1,57.3,966.0,35.0,40.5,133.0
2025-12-20T19:00,24.2,60,0.0,1012.5,7.0,296,63.8,61.9,1146.0,53.9,36.2,94.0
2025-12-20T20:00,23.5,65,0.0,1013.0,5.3,294,65.2,63.1,1398.0,68.6,32.6,61.0
2025-12-20T21:00,22.9,69,0.0,1013.4,4.7,293,65.9,63.8,1854.0,76.1,31.0,42.0
2025-12-20T22:00,22.2,72,0.0,1013.3,5.4,291,67.1,65.0,2382.0,79.4,30.2,31.0
2025-12-20T23:00,21.5,75,0.0,1013.5,5.4,291,68.9,66.6,2567.0,77.5,28.6,26.0
2025-12-21T00:00,21.0,78,0.0,1013.3,5.4,310,66.4,64.0,2088.0,67.7,25.1,30.0
2025-12-21T01:00,20.6,80,0.0,1013.3,5.1,328,59.5,57.2,1265.0,52.7,20.8,41.0
2025-12-21T02:00,20.3,82,0.0,1013.4,5.2,333,52.5,50.1,646.0,39.5,17.2,50.0
2025-12-21T03:00,20.3,83,0.0,1013.0,4.7,332,48.8,45.9,402.0,29.0,14.8,57.0
2025-12-21T04:00,20.0,87,0.0,1012.9,4.2,350,44.7,41.9,361.0,20.3,13.2,63.0
2025-12-21T05:00,19.0,91,0.0,1013.1,2.1,20,40.3,37.5,556.0,17.1,11.5,63.0
2025-12-21T06:00,19.0,92,0.0,1013.3,1.4,50,40.9,38.1,1225.0,28.9,13.0,47.0
2025-12-21T07:00,18.9,94,0.0,1013.8,1.9,29,48.4,45.5,2130.0,44.6,15.1,26.0
2025-12-21T08:00,19.1,93,0.0,1014.6,3.2,19,61.2,58.3,2593.0,52.3,17.4,18.0
2025-12-21T09:00,21.2,85,0.0,1015.2,2.2,24,56.9,54.5,2181.0,44.3,20.0,36.0
2025-12-21T10:00,23.6,75,0.0,1015.7,1.1,342,44.0,39.3,1326.0,28.3,22.6,68.0
2025-12-21T11:00,25.1,68,0.0,1015.8,5.2,236,38.0,25.1,654.0,15.5,24.3,92.0
2025-12-21T12:00,26.3,57,0.0,1015.1,6.9,229,40.9,20.4,417.0,10.2,24.1,101.0
2025-12-21T13:00,26.7,54,0.0,1014.2,9.2,231,45.5,19.4,362.0,8.1,22.9,102.0
2025-12-21T14:00,26.7,52,0.0,1013.5,10.5,246,45.6,18.5,351.0,7.7,22.0,101.0
2025-12-21T15:00,26.6,50,0.0,1013.1,10.8,267,43.8,17.3,330.0,7.7,22.0,98.0
2025-12-21T16:00,26.2,49,0.0,1012.9,10.8,281,40.9,16.5,354.0,9.5,22.4,93.0
2025-12-21T17:00,25.5,46,0.0,1013.2,8.7,266,41.1,18.3,445.0,14.5,23.8,88.0
2025-12-21T18:00,24.2,55,0.0,1013.5,7.7,261,36.3,22.8,683.0,28.6,22.9,69.0
2025-12-21T19:00,23.3,65,0.0,1014.0,7.1,260,35.6,25.9,989.0,47.7,21.6,43.0
2025-12-21T20:00,22.7,72,0.0,1014.6,6.8,272,34.3,26.7,1150.0,60.0,20.2,26.0
2025-12-21T21:00,22.0,77,0.0,1015.1,7.0,291,32.5,25.7,1035.0,59.6,18.6,25.0
2025-12-21T22:00,21.5,79,0.0,1015.2,7.6,295,30.5,24.4,774.0,52.5,16.9,32.0
2025-12-21T23:00,21.4,67,0.0,1015.4,8.1,299,28.3,22.4,548.0,44.5,15.1,40.0
2025-12-22T00:00,21.4,62,0.0,1015.2,7.7,311,25.6,19.6,415.0,36.6,13.0,46.0
2025-12-22T01:00,21.1,61,0.0,1015.3,8.1,317,23.2,17.3,316.0,27.7,10.8,53.0
2025-12-22T02:00,20.7,60,0.0,1015.1,8.6,321,21.8,16.1,252.0,21.0,9.3,57.0
2025-12-22T03:00,20.4,56,0.0,1015.0,8.5,328,20.7,15.3,204.0,16.9,8.7,57.0
2025-12-22T04:00,19.9,55,0.0,1014.9,7.8,345,19.2,14.5,191.0,14.8,8.8,54.0
2025-12-22T05:00,18.8,70,0.0,1015.0,8.5,354,18.7,16.0,268.0,19.4,9.8,42.0
2025-12-22T06:00,18.6,69,0.0,1015.0,8.7,354,18.7,15.7,513.0,27.6,11.2,33.0
2025-12-22T07:00,18.0,68,0.0,1015.5,8.7,8,23.1,19.6,849.0,38.4,13.3,21.0
2025-12-22T08:00,17.9,64,0.0,1016.0,7.5,37,31.4,27.2,1099.0,43.6,15.4,20.0
2025-12-22T09:00,19.4,56,0.0,1016.9,6.0,25,33.3,27.9,1196.0,37.7,17.7,40.0
2025-12-22T10:00,22.1,46,0.0,1017.4,3.4,32,34.6,25.8,1208.0,26.1,20.2,71.0
2025-12-22T11:00,24.8,33,0.0,1017.4,2.7,62,43.3,28.2,1159.0,16.4,21.9,97.0
2025-12-22T12:00,25.9,30,0.0,1016.5,1.5,144,50.4,27.7,1019.0,11.1,22.2,111.0
2025-12-22T13:00,26.6,30,0.0,1015.4,4.1,178,51.5,27.8,818.0,7.7,21.9,119.0
2025-12-22T14:00,26.8,31,0.0,1014.7,6.7,189,49.4,28.0,672.0,6.3,22.1,124.0
2025-12-22T15:00,26.7,33,0.0,1014.0,8.5,205,48.0,28.5,613.0,5.3,23.5,131.0
2025-12-22T16:00,26.1,36,0.0,1013.6,9.3,229,47.5,29.8,609.0,6.3,25.5,135.0
2025-12-22T17:00,25.0,43,0.0,1013.7,9.7,266,66.4,42.3,675.0,14.8,32.3,130.0
2025-12-22T18:00,23.6,48,0.0,1014.1,8.5,298,75.2,57.5,876.0,40.6,32.4,95.0
2025-12-22T19:00,22.7,50,0.0,1014.8,6.8,325,75.9,63.1,1148.0,75.9,32.5,48.0
2025-12-22T20:00,22.1,50,0.0,1015.4,7.0,360,77.1,66.1,1317.0,99.2,32.2,15.0
2025-12-22T21:00,21.9,48,0.0,1016.1,8.3,13,82.2,72.9,1291.0,101.1,31.6,9.0
2025-12-22T22:00,22.0,51,0.0,1016.2,8.5,24,85.2,79.4,1161.0,91.0,30.6,17.0
2025-12-22T23:00,21.1,58,0.0,1016.4,9.5,33,84.8,81.0,1031.0,76.5,29.1,30.0
2025-12-23T00:00,20.4,61,0.0,1016.2,9.9,37,86.8,84.1,923.0,56.3,26.5,49.0
2025-12-23T01:00,20.0,63,0.0,1015.9,9.9,33,86.6,83.6,815.0,31.6,23.3,74.0
2025-12-23T02:00,19.6,65,0.0,1015.9,10.4,34,83.4,79.9,742.0,13.2,21.3,92.0
2025-12-23T03:00,19.2,66,0.0,1015.9,10.7,33,78.9,75.4,710.0,5.7,21.4,100.0
2025-12-23T04:00,18.8,67,0.0,1015.7,11.0,28,74.7,71.5,714.0,4.5,22.6,101.0
2025-12-23T05:00,18.6,66,0.0,1015.6,11.4,27,72.6,69.4,773.0,6.4,23.7,98.0
2025-12-23T06:00,18.2,67,0.0,1015.8,11.7,25,69.8,66.8,952.0,12.8,25.1,90.0
2025-12-23T07:00,17.7,68,0.0,1016.5,11.5,30,69.2,65.9,1186.0,21.4,27.0,80.0
2025-12-23T08:00,17.7,68,0.0,1017.2,11.6,33,69.6,66.4,1300.0,26.4,28.7,77.0
2025-12-23T09:00,19.2,62,0.0,1018.2,9.8,38,68.2,65.0,1186.0,24.5,30.5,89.0
2025-12-23T10:00,21.7,51,0.0,1018.8,8.9,43,65.0,60.5,951.0,19.0,32.0,108.0
2025-12-23T11:00,24.1,41,0.0,1018.4,10.7,54,58.4,52.0,748.0,13.9,31.9,123.0
2025-12-23T12:00,25.5,34,0.0,1017.5,10.3,61,48.1,39.7,620.0,10.2,28.4,129.0
2025-12-23T13:00,26.2,30,0.0,1016.4,9.4,59,41.1,32.7,523.0,6.9,23.2,131.0
2025-12-23T14:00,26.7,27,0.0,1015.4,8.5,55,38.2,30.4,476.0,5.4,19.6,131.0
2025-12-23T15:00,26.9,26,0.0,1014.8,8.0,56,37.5,29.9,499.0,4.7,19.1,132.0
2025-12-23T16:00,26.7,26,0.0,1014.6,8.2,61,37.4,30.2,571.0,5.9,20.2,131.0
2025-12-23T17:00,26.2,26,0.0,1014.8,8.6,64,29.7,25.4,653.0,12.4,20.8,119.0
2025-12-23T18:00,25.2,29,0.0,1015.1,8.9,71,43.0,39.1,751.0,28.4,20.6,94.0
2025-12-23T19:00,24.3,32,0.0,1016.0,11.0,71,49.5,46.2,859.0,49.8,20.3,60.0
2025-12-23T20:00,23.3,36,0.0,1016.3,11.4,67,47.6,43.8,913.0,61.7,19.4,38.0
2025-12-23T21:00,21.9,43,0.0,1016.7,10.9,66,46.2,41.4,877.0,54.8,17.5,38.0
2025-12-23T22:00,20.9,48,0.0,1016.9,10.0,56,45.3,39.3,788.0,38.4,15.1,50.0
2025-12-23T23:00,20.0,54,0.0,1017.2,9.4,50,44.9,37.8,693.0,24.9,12.9,59.0
2025-12-24T00:00,19.4,57,0.0,1016.9,9.1,38,44.1,36.4,598.0,19.2,11.2,61.0
2025-12-24T01:00,18.8,58,0.0,1016.7,9.5,33,42.4,34.5,496.0,16.4,9.8,62.0
2025-12-24T02:00,18.3,58,0.0,1016.3,9.6,34,40.4,32.2,417.0,14.3,8.8,62.0
2025-12-24T03:00,17.8,57,0.0,1015.8,10.0,34,38.6,30.4,347.0,11.2,8.2,64.0
2025-12-24T04:00,17.4,56,0.0,1015.4,10.2,28,37.1,29.0,300.0,8.7,8.0,67.0
2025-12-24T05:00,16.9,56,0.0,1015.6,10.1,24,35.6,28.0,347.0,9.8,8.0,65.0
2025-12-24T06:00,16.7,56,0.0,1015.9,9.8,28,35.3,28.0,573.0,18.5,9.1,54.0
2025-12-24T07:00,16.4,56,0.0,1016.5,9.5,33,38.1,30.9,892.0,30.2,10.8,40.0
2025-12-24T08:00,16.4,55,0.0,1017.1,9.3,41,43.1,36.1,1119.0,36.8,12.8,36.0
2025-12-24T09:00,17.6,50,0.0,1017.6,7.3,48,45.3,40.0,1179.0,33.5,15.3,51.0
2025-12-24T10:00,20.3,40,0.0,1018.3,6.1,67,43.8,36.0,1148.0,25.1,18.2,77.0
2025-12-24T11:00,22.8,34,0.0,1018.3,5.6,88,42.1,33.3,1061.0,17.7,20.6,99.0
2025-12-24T12:00,24.4,28,0.0,1017.2,5.2,96,36.9,29.2,879.0,13.1,22.2,114.0
2025-12-24T13:00,25.4,24,0.0,1015.8,3.6,93,34.9,27.4,642.0,9.6,23.5,125.0
2025-12-24T14:00,26.1,22,0.0,1015.1,1.2,141,34.3,27.1,508.0,8.0,24.8,133.0
2025-12-24T15:00,26.4,21,0.0,1014.5,2.1,195,34.0,27.0,566.0,6.1,26.3,140.0
2025-12-24T16:00,26.0,23,0.0,1014.1,5.5,224,34.3,27.4,727.0,6.2,27.9,142.0
2025-12-24T17:00,24.5,39,0.0,1014.1,10.5,248,33.2,27.3,879.0,16.2,35.5,138.0
2025-12-24T18:00,23.0,45,0.0,1014.3,10.4,268,53.6,48.4,973.0,43.4,35.2,102.0
2025-12-24T19:00,21.9,49,0.0,1014.8,9.1,292,62.2,57.6,1058.0,80.5,35.0,52.0
2025-12-24T20:00,21.0,54,0.0,1015.1,7.8,307,62.6,58.1,1174.0,105.8,35.1,16.0
2025-12-24T21:00,20.2,57,0.0,1015.2,6.4,317,64.7,59.8,1402.0,108.3,36.8,6.0
2025-12-24T22:00,19.6,59,0.0,1015.3,6.9,330,68.9,63.8,1660.0,98.9,39.0,10.0
2025-12-24T23:00,18.7,61,0.0,1015.3,7.1,345,68.7,64.3,1740.0,89.1,38.7,14.0
2025-12-25T00:00,18.4,57,0.0,1015.1,7.0,359,64.5,61.2,1487.0,82.3,33.6,13.0
2025-12-25T01:00,17.8,54,0.0,1014.7,7.2,4,58.0,54.8,1056.0,75.0,26.0,13.0
2025-12-25T02:00,17.1,54,0.0,1014.7,7.4,7,52.2,49.1,710.0,68.3,19.8,12.0
2025-12-25T03:00,16.4,55,0.0,1014.4,7.4,357,48.3,45.2,509.0,62.5,16.3,11.0
2025-12-25T04:00,15.8,58,0.0,1014.4,7.2,356,45.4,42.4,391.0,57.2,14.2,11.0
2025-12-25T05:00,15.3,60,0.0,1014.5,5.0,38,42.5,39.5,436.0,52.6,13.1,11.0
2025-12-25T06:00,14.9,62,0.0,1014.8,5.1,48,41.2,38.4,779.0,53.0,13.7,8.0
2025-12-25T07:00,14.8,63,0.0,1015.1,5.7,49,45.6,42.8,1285.0,53.3,15.1,5.0
2025-12-25T08:00,15.0,61,0.0,1016.0,6.0,37,55.4,52.6,1624.0,51.7,19.6,11.0
2025-12-25T09:00,16.7,56,0.0,1016.7,4.9,24,54.6,51.8,1641.0,47.3,30.2,34.0
2025-12-25T10:00,19.8,46,0.0,1017.2,3.1,28,48.7,45.1,1491.0,41.0,44.0,67.0
2025-12-25T11:00,22.1,47,0.0,1017.1,1.4,90,42.5,37.4,1307.0,34.3,54.9,96.0
2025-12-25T12:00,23.5,44,0.0,1016.3,2.5,172,40.9,36.1,1103.0,26.5,60.2,118.0
2025-12-25T13:00,24.1,42,0.0,1015.1,5.1,184,38.4,34.7,865.0,18.2,62.6,136.0
2025-12-25T14:00,24.2,45,0.0,1014.2,6.9,187,39.1,35.5,687.0,13.1,63.9,148.0
2025-12-25T15:00,24.1,48,0.0,1013.8,7.9,200,40.5,36.9,600.0,12.1,65.2,155.0
2025-12-25T16:00,23.7,52,0.0,1013.5,7.9,219,41.8,38.3,573.0,14.3,65.4,157.0
2025-12-25T17:00,23.1,52,0.0,1013.5,8.9,245,40.4,37.4,607.0,17.7,56.5,150.0
2025-12-25T18:00,22.3,55,0.0,1014.1,8.9,264,50.4,48.1,737.0,32.4,50.5,120.0
2025-12-25T19:00,21.6,60,0.0,1014.8,7.9,286,51.8,49.6,928.0,52.6,42.1,77.0
2025-12-25T20:00,20.8,66,0.0,1015.2,6.0,311,49.6,47.1,1076.0,66.6,34.8,45.0
2025-12-25T21:00,20.1,71,0.0,1015.5,5.9,333,47.6,45.2,1137.0,68.7,30.1,32.0
2025-12-25T22:00,19.6,74,0.0,1015.6,6.2,352,46.4,43.9,1156.0,64.6,26.5,29.0
2025-12-25T23:00,19.4,78,0.0,1015.7,4.9,358,46.0,43.3,1163.0,59.8,23.4,27.0
2025-12-26T00:00,19.2,79,0.0,1015.1,4.0,360,45.6,43.0,1192.0,56.1,20.6,24.0
2025-12-26T01:00,18.4,83,0.0,1014.9,5.2,360,44.9,42.1,1209.0,51.8,18.3,23.0
2025-12-26T02:00,17.4,88,0.0,1014.9,5.9,360,42.8,40.2,1149.0,46.5,16.5,24.0
2025-12-26T03:00,16.8,90,0.0,1014.6,6.5,360,39.9,37.4,902.0,38.5,15.3,28.0
2025-12-26T04:00,16.2,91,0.0,1014.3,6.3,5,36.7,34.2,577.0,29.6,14.6,34.0
2025-12-26T05:00,15.5,92,0.0,1014.5,5.9,12,36.8,34.5,435.0,28.0,14.2,29.0
2025-12-26T06:00,15.1,91,0.0,1014.9,7.1,6,35.6,33.5,678.0,33.5,14.5,20.0
2025-12-26T07:00,14.9,89,0.0,1015.6,7.3,16,40.0,38.1,1105.0,40.7,15.4,8.0
2025-12-26T08:00,15.1,83,0.0,1016.2,7.4,26,50.2,48.5,1368.0,43.5,19.7,10.0
2025-12-26T09:00,17.1,70,0.0,1016.7,7.1,41,48.5,46.6,1285.0,37.7,31.0,36.0
2025-12-26T10:00,20.2,54,0.0,1016.9,5.4,42,40.9,37.6,1038.0,27.5,45.6,75.0
2025-12-26T11:00,22.2,55,0.0,1016.8,2.4,42,36.2,32.7,834.0,18.9,55.7,108.0
2025-12-26T12:00,23.5,43,0.0,1015.9,1.0,112,36.4,33.3,741.0,14.0,57.1,129.0
2025-12-26T13:00,24.2,39,0.0,1014.8,3.6,150,36.4,33.6,690.0,10.8,54.0,144.0
2025-12-26T14:00,24.6,39,0.0,1013.9,6.2,165,37.1,34.6,677.0,9.5,50.9,153.0
2025-12-26T15:00,24.4,40,0.0,1013.4,7.9,181,37.6,35.2,705.0,9.2,50.0,157.0
2025-12-26T16:00,23.8,45,0.0,1013.3,8.7,198,38.1,35.5,770.0,10.7,49.2,156.0
2025-12-26T17:00,22.9,51,0.0,1013.4,8.2,212,35.9,33.1,857.0,15.9,47.4,140.0
2025-12-26T18:00,22.0,58,0.0,1013.6,6.6,244,47.1,44.9,984.0,33.6,43.1,108.0
2025-12-26T19:00,21.3,63,0.0,1014.3,6.3,288,49.9,47.7,1131.0,58.0,37.0,63.0
2025-12-26T20:00,20.6,65,0.0,1014.6,5.8,309,48.7,46.1,1228.0,75.5,32.0,28.0
2025-12-26T21:00,20.0,67,0.0,1015.1,6.8,318,49.0,46.1,1245.0,79.8,29.3,14.0
2025-12-26T22:00,19.4,69,0.0,1015.2,6.3,340,50.9,47.7,1210.0,77.2,27.7,10.0
2025-12-26T23:00,18.7,70,0.0,1015.3,5.2,4,53.7,50.6,1137.0,73.6,26.1,8.0
2025-12-27T00:00,18.4,71,0.0,1015.3,6.5,3,55.6,52.9,1009.0,71.0,24.1,6.0
2025-12-27T01:00,18.1,71,0.0,1015.1,7.2,18,55.9,53.6,843.0,67.4,22.0,6.0
2025-12-27T02:00,17.7,69,0.0,1015.1,7.9,27,54.4,52.4,698.0,62.4,20.4,9.0
2025-12-27T03:00,17.3,65,0.0,1015.1,7.8,32,52.3,50.4,563.0,54.4,19.2,15.0
2025-12-27T04:00,16.7,61,0.0,1014.9,8.1,31,49.8,48.1,449.0,45.0,18.4,24.0
2025-12-27T05:00,16.0,57,0.0,1014.8,8.1,24,47.5,45.4,454.0,41.2,17.9,26.0
2025-12-27T06:00,15.5,59,0.0,1015.1,8.4,28,46.1,44.2,684.0,45.2,18.2,22.0
2025-12-27T07:00,15.1,61,0.0,1015.5,8.3,27,49.6,47.7,1032.0,50.3,18.8,17.0
2025-12-27T08:00,15.3,61,0.0,1016.3,8.0,16,56.3,54.7,1279.0,51.2,21.1,24.0
2025-12-27T09:00,16.8,56,0.0,1017.1,7.9,21,54.6,53.0,1336.0,44.0,26.8,53.0
2025-12-27T10:00,19.8,46,0.0,1017.7,5.0,41,49.8,47.5,1291.0,32.5,34.2,94.0
2025-12-27T11:00,22.6,36,0.0,1017.6,4.8,65,42.8,39.5,1188.0,22.7,39.6,128.0
2025-12-27T12:00,24.3,30,0.0,1016.9,4.3,88,42.3,38.6,989.0,16.4,40.8,148.0
2025-12-27T13:00,25.1,28,0.0,1015.6,2.8,130,41.3,37.8,732.0,11.8,40.0,162.0
2025-12-27T14:00,25.5,26,0.0,1014.5,3.6,177,41.2,37.8,579.0,9.5,39.7,171.0
2025-12-27T15:00,25.6,27,0.0,1013.9,6.0,196,41.7,38.3,617.0,7.9,41.1,179.0
2025-12-27T16:00,25.2,30,0.0,1013.4,8.2,218,42.4,39.1,759.0,8.6,43.0,182.0
2025-12-27T17:00,23.9,39,0.0,1013.4,10.5,243,29.5,28.1,908.0,16.4,39.9,165.0
2025-12-27T18:00,22.6,44,0.0,1013.7,9.9,268,53.1,51.7,1051.0,52.4,41.4,122.0
2025-12-27T19:00,21.9,43,0.0,1014.5,7.3,301,63.6,62.4,1200.0,101.6,43.4,63.0
2025-12-27T20:00,21.3,46,0.0,1015.0,7.3,320,65.7,64.3,1302.0,135.0,44.4,20.0
2025-12-27T21:00,20.7,50,0.0,1015.4,7.0,347,67.8,66.1,1347.0,138.5,43.9,7.0
2025-12-27T22:00,20.2,52,0.0,1015.5,7.0,3,68.5,67.1,1343.0,126.3,42.4,10.0
2025-12-27T23:00,19.3,53,0.0,1015.6,7.1,6,65.2,64.5,1261.0,112.1,39.3,13.0
2025-12-28T00:00,18.8,48,0.0,1015.4,8.6,26,55.1,54.6,1042.0,99.8,33.5,12.0
2025-12-28T01:00,18.4,44,0.0,1015.2,7.2,32,45.4,45.2,744.0,85.6,26.2,13.0
2025-12-28T02:00,17.7,46,0.0,1015.1,7.8,29,38.1,37.8,514.0,71.9,20.5,15.0
2025-12-28T03:00,17.0,49,0.0,1015.3,7.6,31,32.8,32.6,385.0,58.2,17.7,21.0
2025-12-28T04:00,16.4,51,0.0,1015.4,7.0,42,29.3,29.2,323.0,45.1,16.6,29.0
2025-12-28T05:00,16.1,52,0.0,1015.2,6.7,38,28.1,27.9,377.0,49.5,15.8,19.0
2025-12-28T06:00,15.8,52,0.0,1015.4,7.9,27,27.4,27.2,624.0,49.4,16.6,16.0
2025-12-28T07:00,15.6,51,0.0,1016.0,8.3,24,31.3,31.1,987.0,49.0,17.9,14.0
2025-12-28T08:00,15.7,51,0.0,1016.7,7.9,27,39.2,39.0,1274.0,46.3,20.3,21.0
2025-12-28T09:00,17.1,47,0.0,1017.4,7.5,37,42.0,41.7,1435.0,39.4,24.6,46.0
2025-12-28T10:00,20.0,39,0.0,1017.9,4.3,48,42.5,42.0,1521.0,30.3,30.0,81.0
2025-12-28T11:00,22.9,31,0.0,1018.0,4.5,76,35.0,33.9,1496.0,22.5,34.3,110.0
2025-12-28T12:00,24.5,27,0.0,1017.0,3.6,117,29.7,28.5,1277.0,16.9,36.2,128.0
2025-12-28T13:00,25.3,26,0.0,1015.8,3.8,161,27.7,26.5,948.0,12.7,37.1,139.0
2025-12-28T14:00,25.5,26,0.0,1014.4,4.9,180,29.0,27.6,721.0,10.7,38.6,148.0
2025-12-28T15:00,25.7,26,0.0,1014.1,5.5,193,31.3,29.9,696.0,10.0,42.2,157.0
2025-12-28T16:00,25.4,27,0.0,1013.5,6.3,204,33.6,32.4,775.0,11.6,46.5,162.0
2025-12-28T17:00,24.4,34,0.0,1013.4,8.6,241,32.4,31.5,871.0,17.8,49.0,159.0
2025-12-28T18:00,22.9,42,0.0,1013.7,8.1,271,50.6,50.1,967.0,39.1,48.9,129.0
2025-12-28T19:00,22.0,45,0.0,1014.2,6.6,315,59.0,58.6,1081.0,68.3,48.6,88.0
2025-12-28T20:00,21.1,48,0.0,1014.8,6.4,335,61.7,61.2,1186.0,88.6,48.0,56.0
2025-12-28T21:00,20.4,52,0.0,1015.1,7.0,318,64.5,64.0,1307.0,91.7,47.1,44.0
2025-12-28T22:00,20.1,53,0.0,1015.3,6.8,349,68.0,67.3,1420.0,86.0,45.9,43.0
2025-12-28T23:00,19.3,54,0.0,1015.6,6.9,5,68.9,68.2,1424.0,78.9,43.3,41.0
2025-12-29T00:00,19.1,49,0.0,1015.1,7.4,360,67.1,66.4,1232.0,72.7,38.4,35.0
2025-12-29T01:00,18.7,46,0.0,1015.0,7.7,11,62.2,61.5,933.0,65.3,32.2,30.0
2025-12-29T02:00,18.2,45,0.0,1014.7,7.3,20,56.3,55.8,690.0,57.9,26.8,26.0
2025-12-29T03:00,17.4,47,0.0,1014.3,7.6,31,51.6,51.0,528.0,49.7,22.7,25.0
2025-12-29T04:00,16.7,51,0.0,1014.2,6.9,43,47.7,47.3,422.0,41.6,19.4,27.0
2025-12-29T05:00,16.0,55,0.0,1014.2,6.2,41,42.7,42.1,471.0,33.5,18.2,28.0
2025-12-29T06:00,15.5,58,0.0,1014.4,6.6,43,41.7,41.2,804.0,38.5,18.5,21.0
2025-12-29T07:00,15.1,60,0.0,1015.1,7.2,39,44.8,44.2,1291.0,45.1,19.1,13.0
2025-12-29T08:00,15.2,60,0.0,1015.8,7.4,45,52.0,51.5,1636.0,48.0,20.4,17.0
2025-12-29T09:00,16.9,54,0.0,1016.9,6.0,51,51.1,50.5,1719.0,44.0,22.6,41.0
2025-12-29T10:00,19.6,44,0.0,1017.5,4.2,65,47.8,47.1,1661.0,36.3,25.7,77.0
2025-12-29T11:00,22.2,38,0.0,1017.3,4.1,90,41.0,39.9,1524.0,28.7,29.8,110.0
2025-12-29T12:00,24.2,33,0.0,1016.5,4.1,105,39.5,38.3,1273.0,21.7,36.1,136.0
2025-12-29T13:00,25.2,32,0.0,1015.3,4.3,147,39.9,38.6,944.0,14.9,43.6,158.0
2025-12-29T14:00,25.5,32,0.0,1014.1,6.5,175,42.6,41.0,711.0,10.8,48.9,173.0
2025-12-29T15:00,25.3,33,0.0,1013.7,7.6,188,45.2,43.4,643.0,10.2,50.9,180.0
2025-12-29T16:00,25.0,34,0.0,1013.2,7.9,193,46.7,44.8,672.0,12.4,50.8,179.0
2025-12-29T17:00,24.1,36,0.0,1013.1,7.6,199,39.7,38.4,763.0,15.4,54.4,177.0
2025-12-29T18:00,22.8,43,0.0,1013.4,7.7,219,49.5,48.5,963.0,26.7,50.5,150.0
2025-12-29T19:00,22.0,51,0.0,1014.5,8.1,258,50.5,49.7,1227.0,42.2,44.9,112.0
2025-12-29T20:00,21.2,59,0.0,1014.8,8.5,269,47.7,46.8,1382.0,51.9,39.3,83.0
2025-12-29T21:00,20.7,62,0.0,1015.1,7.6,278,45.6,44.6,1318.0,50.8,34.1,71.0
2025-12-29T22:00,20.2,63,0.0,1015.2,7.8,304,44.7,43.4,1147.0,44.1,28.9,68.0
2025-12-29T23:00,19.4,65,0.0,1015.3,6.7,333,44.8,43.4,1027.0,37.5,24.5,66.0
2025-12-30T00:00,18.7,67,0.0,1014.8,6.1,360,44.9,43.5,1054.0,32.9,21.1,63.0
2025-12-30T01:00,18.0,70,0.0,1014.3,6.7,16,44.4,43.0,1133.0,28.5,18.4,62.0
2025-12-30T02:00,17.8,70,0.0,1014.0,5.1,32,43.5,42.1,1143.0,24.6,16.5,61.0
2025-12-30T03:00,17.6,71,0.0,1013.4,4.8,31,43.0,41.4,964.0,19.8,15.4,63.0
2025-12-30T04:00,17.0,73,0.0,1013.2,5.2,14,42.3,40.7,716.0,15.5,15.1,66.0
2025-12-30T05:00,16.8,70,0.0,1012.8,4.4,35,45.9,44.4,632.0,19.4,14.6,52.0
2025-12-30T06:00,16.4,70,0.0,1013.2,5.3,38,47.8,46.4,898.0,30.0,15.6,37.0
2025-12-30T07:00,16.2,69,0.0,1013.6,6.0,39,55.3,53.8,1328.0,44.2,17.3,17.0
2025-12-30T08:00,16.4,66,0.0,1014.3,4.9,28,70.5,69.2,1597.0,51.2,20.4,13.0
2025-12-30T09:00,18.2,58,0.0,1015.0,4.4,27,73.6,72.2,1546.0,44.4,27.0,41.0
2025-12-30T10:00,21.3,48,0.0,1015.6,3.3,36,62.9,59.6,1333.0,30.5,35.2,85.0
2025-12-30T11:00,23.0,51,0.0,1015.3,2.5,159,57.4,52.9,1111.0,18.9,39.4,119.0
2025-12-30T12:00,24.0,52,0.0,1014.0,6.7,178,54.9,50.6,898.0,12.9,36.3,134.0
2025-12-30T13:00,24.4,53,0.0,1012.7,8.5,193,51.9,47.8,675.0,9.2,29.3,140.0
2025-12-30T14:00,24.2,56,0.0,1011.7,10.7,193,50.4,46.1,537.0,7.2,23.6,141.0
2025-12-30T15:00,23.9,60,0.0,1011.3,10.1,191,50.3,45.9,507.0,6.3,21.3,139.0
2025-12-30T16:00,23.4,66,0.0,1010.9,11.9,185,49.9,46.1,561.0,7.2,20.2,133.0
2025-12-30T17:00,22.7,72,0.3,1010.3,10.3,186,41.8,38.6,721.0,11.0,16.0,112.0
2025-12-30T18:00,22.5,75,0.0,1010.5,7.9,159,40.9,38.8,1089.0,22.6,16.0,93.0
2025-12-30T19:00,22.2,79,0.0,1011.0,7.2,148,41.8,39.8,1563.0,38.5,15.9,68.0
2025-12-30T20:00,22.1,80,0.0,1011.5,9.1,162,43.3,41.3,1863.0,49.6,15.6,49.0
2025-12-30T21:00,21.7,84,0.0,1011.4,11.8,153,42.7,40.7,1868.0,52.2,15.1,42.0
2025-12-30T22:00,21.4,86,0.0,1011.4,12.1,153,39.3,37.3,1699.0,50.0,14.3,42.0
2025-12-30T23:00,21.4,86,0.0,1011.1,9.2,160,35.0,32.8,1441.0,44.9,13.1,46.0
2025-12-31T00:00,21.7,83,0.0,1010.8,8.9,236,28.8,26.5,1040.0,35.6,10.9,55.0
2025-12-31T01:00,19.3,83,0.9,1011.5,19.7,282,25.0,21.5,550.0,23.5,8.2,67.0
2025-12-31T02:00,19.2,88,0.2,1010.7,6.8,305,21.0,15.5,220.0,14.7,6.6,75.0
2025-12-31T03:00,18.5,91,0.0,1009.9,0.7,256,19.9,13.3,185.0,11.1,6.8,75.0
2025-12-31T04:00,18.5,90,0.0,1009.6,0.7,166,20.8,13.6,310.0,10.8,8.1,71.0
2025-12-31T05:00,20.4,85,0.0,1008.9,9.1,232,24.4,14.4,444.0,11.9,8.1,66.0
2025-12-31T06:00,20.3,83,0.0,1008.9,9.1,253,27.2,17.1,569.0,25.8,11.0,48.0
2025-12-31T07:00,20.2,82,0.0,1009.4,9.0,250,34.2,24.2,702.0,44.4,14.9,25.0
2025-12-31T08:00,20.6,80,0.0,1009.9,12.4,239,45.6,35.7,744.0,53.7,18.2,15.0
2025-12-31T09:00,22.4,61,0.0,1010.7,13.0,272,44.7,33.8,613.0,44.8,20.2,33.0
2025-12-31T10:00,23.0,49,0.0,1011.5,17.2,286,43.5,23.1,392.0,26.6,21.5,64.0
2025-12-31T11:00,24.1,46,0.0,1010.9,12.8,275,43.8,20.0,229.0,12.2,21.8,90.0
2025-12-31T12:00,24.1,47,0.0,1010.1,13.6,288,39.9,18.0,191.0,6.8,20.5,103.0
2025-12-31T13:00,24.2,46,0.0,1009.0,12.3,273,34.9,16.2,212.0,5.1,18.2,110.0
2025-12-31T14:00,24.2,44,0.0,1008.2,11.1,262,29.9,14.3,241.0,4.8,16.3,113.0
2025-12-31T15:00,23.8,42,0.0,1007.8,12.2,270,26.5,12.7,233.0,4.4,15.6,111.0
2025-12-31T16:00,23.2,39,0.0,1007.9,13.2,277,25.2,11.9,234.0,5.3,15.3,105.0
2025-12-31T17:00,22.3,48,0.0,1008.2,12.4,287,26.5,13.1,333.0,10.2,18.4,98.0
2025-12-31T18:00,21.3,54,0.0,1008.7,9.8,288,27.1,16.8,616.0,21.5,17.7,80.0
2025-12-31T19:00,20.6,58,0.0,1009.4,5.9,297,30.0,20.7,997.0,37.2,16.8,56.0
2025-12-31T20:00,20.0,60,0.0,1010.0,4.7,328,31.8,22.6,1304.0,49.7,16.4,36.0
2025-12-31T21:00,19.6,60,0.0,1010.5,6.0,316,32.9,24.1,1491.0,56.2,16.9,26.0
2025-12-31T22:00,19.0,61,0.0,1011.2,6.0,343,35.4,26.1,1605.0,59.5,17.9,22.0
2025-12-31T23:00,18.5,66,0.0,1011.4,4.1,326,40.3,29.7,1615.0,60.3,18.4,20.0
2026-01-01T00:00,18.7,64,0.0,1011.3,5.0,341,42.6,31.4,1477.0,58.1,18.0,21.0
2026-01-01T01:00,18.3,66,0.0,1011.1,2.8,35,41.1,30.3,1236.0,53.3,17.2,24.0
2026-01-01T02:00,17.7,69,0.0,1011.3,6.6,53,39.9,29.2,987.0,48.1,16.1,26.0
2026-01-01T03:00,17.2,71,0.0,1011.3,7.0,55,37.7,27.9,702.0,42.0,14.5,26.0
2026-01-01T04:00,16.8,73,0.0,1011.2,7.3,48,31.4,24.4,411.0,35.4,12.7,25.0
2026-01-01T05:00,16.2,77,0.0,1011.7,8.7,40,22.9,21.2,299.0,35.1,13.1,23.0
2026-01-01T06:00,16.1,78,0.0,1012.3,8.4,48,25.1,22.2,533.0,35.9,13.8,24.0
2026-01-01T07:00,15.9,80,0.0,1013.0,8.0,50,40.5,34.7,946.0,36.7,14.9,27.0
2026-01-01T08:00,16.0,79,0.0,1014.2,8.0,50,61.9,53.4,1221.0,35.2,16.4,37.0
2026-01-01T09:00,17.5,69,0.0,1015.0,6.9,57,77.3,67.5,1211.0,29.4,18.9,59.0
2026-01-01T10:00,19.5,59,0.0,1015.8,6.7,66,90.8,77.1,1064.0,21.3,21.8,88.0
2026-01-01T11:00,21.3,53,0.0,1016.0,6.7,81,90.6,74.0,905.0,14.6,23.7,112.0
2026-01-01T12:00,22.7,46,0.0,1015.5,5.6,84,75.0,57.0,752.0,10.3,23.5,125.0
2026-01-01T13:00,23.7,42,0.0,1014.3,3.7,101,63.3,46.1,588.0,7.4,22.3,132.0
2026-01-01T14:00,24.4,39,0.0,1013.4,3.6,127,59.8,41.1,484.0,6.3,21.9,137.0
2026-01-01T15:00,24.7,37,0.0,1012.8,3.3,158,60.8,40.4,463.0,3.9,22.8,143.0
2026-01-01T16:00,24.5,38,0.0,1012.5,4.6,219,61.9,41.0,504.0,3.3,24.4,147.0
2026-01-01T17:00,23.8,40,0.0,1012.8,5.7,261,65.4,43.2,610.0,13.5,23.8,126.0
2026-01-01T18:00,21.9,57,0.0,1013.7,10.4,279,74.0,53.1,814.0,41.7,29.8,93.0
2026-01-01T19:00,20.9,62,0.0,1014.8,9.1,302,93.4,72.9,1085.0,80.1,37.9,49.0
2026-01-01T20:00,20.5,63,0.0,1015.5,6.4,352,106.6,87.1,1332.0,105.1,42.9,16.0
2026-01-01T21:00,20.2,62,0.0,1016.0,7.3,10,108.3,90.1,1574.0,104.0,42.3,7.0
2026-01-01T22:00,19.9,58,0.0,1016.3,7.3,23,98.3,82.4,1792.0,89.4,38.7,11.0
2026-01-01T23:00,19.3,55,0.0,1016.5,8.2,38,85.0,73.3,1843.0,75.9,33.9,15.0
2026-01-02T00:00,18.5,57,0.0,1016.2,8.5,36,74.3,63.8,1601.0,69.4,27.8,15.0
2026-01-02T01:00,17.9,61,0.0,1016.3,7.7,49,67.5,56.5,1193.0,63.8,20.6,15.0
2026-01-02T02:00,17.5,64,0.0,1016.1,7.6,56,64.5,51.8,853.0,55.7,15.2,19.0
2026-01-02T03:00,17.1,66,0.0,1016.0,8.4,55,63.3,49.2,646.0,40.7,13.0,31.0
2026-01-02T04:00,16.5,68,0.0,1016.1,9.3,53,63.1,47.7,508.0,23.1,12.7,46.0
2026-01-02T05:00,15.9,71,0.0,1016.2,8.5,44,64.3,49.5,484.0,23.1,13.0,40.0
2026-01-02T06:00,15.8,70,0.0,1016.9,8.8,41,65.2,48.9,663.0,28.3,14.2,35.0
2026-01-02T07:00,15.5,68,0.0,1017.7,9.0,43,68.9,51.8,955.0,35.1,15.9,28.0
2026-01-02T08:00,15.6,65,0.0,1018.5,9.3,46,74.7,56.8,1137.0,37.8,17.6,30.0
2026-01-02T09:00,17.1,58,0.0,1019.5,7.5,50,73.8,59.0,1100.0,32.6,19.4,47.0
2026-01-02T10:00,19.4,48,0.0,1020.1,6.7,59,75.2,52.4,953.0,23.4,21.2,71.0
2026-01-02T11:00,21.5,41,0.0,1020.2,6.8,73,73.6,42.0,802.0,15.6,22.7,94.0
2026-01-02T12:00,22.9,38,0.0,1019.6,5.1,67,77.3,42.0,657.0,11.0,23.5,113.0
2026-01-02T13:00,23.8,35,0.0,1018.5,3.5,75,76.1,44.0,507.0,7.9,24.0,129.0
2026-01-02T14:00,24.4,33,0.0,1017.4,2.5,111,75.2,44.2,427.0,6.6,24.6,140.0
2026-01-02T15:00,24.6,32,0.0,1016.8,2.1,149,74.5,44.2,447.0,4.7,25.1,146.0
2026-01-02T16:00,24.4,32,0.0,1016.5,2.9,187,73.8,44.2,537.0,4.7,25.9,147.0
2026-01-02T17:00,23.8,36,0.0,1016.3,6.7,216,69.6,43.2,674.0,14.7,29.1,139.0
2026-01-02T18:00,22.2,50,0.0,1016.6,11.6,242,73.1,48.0,850.0,47.7,35.5,104.0
2026-01-02T19:00,21.2,54,0.0,1017.3,10.8,269,93.6,68.7,1074.0,92.8,44.2,55.0
2026-01-02T20:00,20.7,57,0.0,1017.8,6.5,304,111.1,86.4,1351.0,123.2,50.4,19.0
2026-01-02T21:00,20.1,60,0.0,1018.0,4.0,360,119.7,95.9,1797.0,125.5,52.6,9.0
2026-01-02T22:00,19.5,61,0.0,1018.1,5.7,9,112.0,90.6,2297.0,113.1,52.4,12.0
2026-01-02T23:00,19.0,56,0.0,1018.3,5.9,38,96.6,79.9,2507.0,100.0,49.2,15.0
2026-01-03T00:00,18.5,52,0.0,1018.0,6.6,33,80.6,68.7,2180.0,90.1,41.4,14.0
2026-01-03T01:00,17.6,52,0.0,1017.9,6.5,39,69.4,58.9,1563.0,79.4,30.6,14.0
2026-01-03T02:00,16.8,54,0.0,1017.6,6.5,46,61.5,51.5,1058.0,70.1,22.0,14.0
2026-01-03T03:00,16.3,56,0.0,1017.5,6.5,56,55.8,45.6,779.0,62.9,17.4,15.0
2026-01-03T04:00,15.8,59,0.0,1017.3,5.9,63,52.3,41.7,611.0,57.1,14.9,16.0
2026-01-03T05:00,15.2,62,0.0,1017.3,4.9,66,48.8,38.9,612.0,49.6,13.9,17.0
2026-01-03T06:00,14.9,64,0.0,1017.4,5.3,62,48.0,38.0,910.0,50.1,14.2,12.0
2026-01-03T07:00,14.6,65,0.0,1017.9,5.9,67,53.0,43.1,1378.0,50.5,15.1,7.0
2026-01-03T08:00,14.7,65,0.0,1018.5,6.9,76,64.5,55.1,1687.0,48.2,18.8,12.0
2026-01-03T09:00,16.1,61,0.0,1019.2,5.8,86,61.2,51.1,1689.0,41.3,28.2,36.0
2026-01-03T10:00,18.6,53,0.0,1019.7,4.9,100,52.4,40.2,1534.0,31.7,40.3,71.0
2026-01-03T11:00,20.6,47,0.0,1019.8,5.3,118,53.2,36.9,1341.0,23.3,48.6,104.0
2026-01-03T12:00,21.8,48,0.0,1018.9,3.2,142,63.6,43.3,1117.0,17.0,49.8,132.0
2026-01-03T13:00,22.6,47,0.0,1017.7,4.0,190,67.3,46.1,857.0,11.9,47.1,157.0
2026-01-03T14:00,23.1,46,0.0,1016.7,6.6,206,68.2,47.5,662.0,8.9,44.2,173.0
2026-01-03T15:00,23.1,48,0.0,1016.0,8.0,216,67.5,48.1,546.0,7.5,42.3,180.0
2026-01-03T16:00,22.9,50,0.0,1015.7,7.8,236,66.4,48.0,496.0,8.2,40.2,177.0
2026-01-03T17:00,22.4,52,0.0,1015.5,8.2,256,81.3,57.5,575.0,13.9,35.9,161.0
2026-01-03T18:00,21.6,55,0.0,1015.9,7.7,271,81.0,64.0,876.0,33.6,33.7,126.0
2026-01-03T19:00,20.8,61,0.0,1016.6,6.7,278,84.3,70.3,1307.0,60.7,30.6,78.0
2026-01-03T20:00,20.0,67,0.0,1017.1,5.0,289,85.2,71.7,1649.0,80.6,28.1,40.0
2026-01-03T21:00,19.2,71,0.0,1017.6,4.3,312,86.1,71.9,1829.0,87.0,27.1,23.0
2026-01-03T22:00,18.6,74,0.0,1018.0,3.6,354,86.8,71.2,1921.0,86.2,26.7,17.0
2026-01-03T23:00,17.6,79,0.0,1017.9,2.1,20,89.6,71.7,1930.0,82.6,25.8,15.0
2026-01-04T00:00,17.9,78,0.0,1017.5,3.5,12,92.2,72.4,1849.0,77.2,23.7,15.0
2026-01-04T01:00,17.6,80,0.0,1017.2,4.0,18,92.4,71.0,1685.0,69.1,21.0,18.0
2026-01-04T02:00,16.9,84,0.0,1017.1,4.6,21,90.1,67.5,1467.0,60.0,18.5,22.0
2026-01-04T03:00,16.1,88,0.0,1017.1,5.4,26,84.1,62.9,1115.0,48.6,16.1,26.0
2026-01-04T04:00,15.7,89,0.0,1016.9,5.7,37,77.5,58.3,709.0,36.4,13.8,31.0
2026-01-04T05:00,15.0,88,0.0,1017.3,5.9,31,77.8,58.9,519.0,34.1,13.7,28.0
2026-01-04T06:00,14.7,88,0.0,1017.4,6.4,32,77.5,59.4,756.0,37.3,13.6,19.0
2026-01-04T07:00,14.5,88,0.0,1018.1,7.0,42,83.4,65.4,1209.0,41.6,13.8,8.0
2026-01-04T08:00,14.8,84,0.0,1018.7,7.0,55,95.5,77.3,1514.0,42.9,16.0,9.0
2026-01-04T09:00,16.4,74,0.0,1019.5,6.0,73,94.5,74.3,1506.0,39.0,21.4,32.0
2026-01-04T10:00,18.9,59,0.0,1020.1,5.3,100,101.3,57.5,1351.0,32.2,28.9,66.0
2026-01-04T11:00,21.0,55,0.0,1020.1,6.4,117,123.4,54.7,1184.0,25.8,36.1,97.0
2026-01-04T12:00,22.3,54,0.0,1019.3,4.7,130,129.5,53.4,1028.0,20.2,43.1,120.0
2026-01-04T13:00,23.2,49,0.0,1018.1,4.9,156,121.5,52.9,860.0,15.1,49.8,139.0
2026-01-04T14:00,23.7,48,0.0,1017.0,6.3,173,112.2,51.0,746.0,12.1,54.4,153.0
2026-01-04T15:00,23.6,50,0.0,1016.5,7.6,188,108.5,52.4,720.0,11.2,56.3,162.0
2026-01-04T16:00,23.0,55,0.0,1016.3,8.9,209,106.9,53.8,747.0,12.6,56.1,165.0
2026-01-04T17:00,22.1,52,0.0,1016.5,7.8,228,96.6,48.4,791.0,16.1,47.9,145.0
2026-01-04T18:00,21.1,60,0.0,1017.0,7.3,261,92.7,54.9,823.0,31.2,42.9,115.0
2026-01-04T19:00,20.3,70,0.0,1017.8,7.6,292,91.5,57.5,872.0,52.1,35.9,73.0
2026-01-04T20:00,19.8,76,0.0,1018.4,6.8,295,93.1,57.7,990.0,67.8,30.2,40.0
2026-01-04T21:00,19.4,80,0.0,1018.6,5.6,315,93.4,58.0,1283.0,73.8,27.4,25.0
2026-01-04T22:00,18.9,82,0.0,1018.6,4.6,349,96.2,59.6,1645.0,74.6,25.8,19.0
2026-01-04T23:00,18.1,87,0.0,1018.8,2.7,8,99.7,61.2,1813.0,72.4,24.2,16.0
2026-01-05T00:00,17.9,88,0.0,1018.4,4.5,23,100.6,61.0,1616.0,67.1,21.7,16.0
2026-01-05T01:00,17.4,91,0.0,1018.1,5.3,28,93.1,57.6,1223.0,58.8,19.1,19.0
2026-01-05T02:00,16.9,93,0.0,1017.9,5.7,18,84.1,52.2,883.0,50.5,17.1,22.0
2026-01-05T03:00,16.6,93,0.0,1017.7,6.6,13,84.8,49.6,641.0,41.9,15.8,25.0
2026-01-05T04:00,16.2,93,0.0,1017.8,7.2,14,84.1,48.8,450.0,33.2,15.0,29.0
2026-01-05T05:00,15.8,92,0.0,1018.2,7.1,24,85.2,49.8,420.0,33.7,14.6,22.0
2026-01-05T06:00,15.8,88,0.0,1018.8,6.9,31,82.2,48.7,688.0,36.6,15.4,16.0
2026-01-05T07:00,15.6,86,0.0,1019.3,7.1,45,82.9,51.5,1116.0,40.4,16.8,8.0
2026-01-05T08:00,15.5,85,0.0,1020.1,6.8,55,89.9,59.1,1403.0,41.4,19.5,13.0
2026-01-05T09:00,17.0,75,0.0,1020.7,5.1,58,85.7,59.6,1404.0,37.4,24.8,39.0
2026-01-05T10:00,19.3,60,0.0,1021.2,5.0,75,86.1,53.3,1262.0,30.7,31.5,76.0
2026-01-05T11:00,21.4,49,0.0,1021.5,4.9,98,81.5,43.8,1110.0,24.2,36.8,111.0
2026-01-05T12:00,22.6,45,0.0,1020.5,3.6,108,72.4,41.7,968.0,18.3,39.7,139.0
2026-01-05T13:00,23.7,40,0.0,1019.5,2.4,138,67.8,42.6,815.0,12.6,41.3,164.0
2026-01-05T14:00,24.3,37,0.0,1018.4,2.9,169,64.3,42.0,715.0,9.2,42.0,181.0
2026-01-05T15:00,24.4,37,0.0,1017.7,4.2,198,61.9,41.6,682.0,6.2,41.9,192.0
2026-01-05T16:00,23.9,43,0.0,1017.3,6.8,222,61.0,41.6,703.0,5.5,40.9,195.0
2026-01-05T17:00,22.9,52,0.0,1017.1,7.9,240,86.1,53.4,798.0,14.3,34.3,173.0
2026-01-05T18:00,21.7,57,0.0,1017.4,8.9,257,96.4,65.4,1043.0,48.7,37.8,129.0
2026-01-05T19:00,21.0,61,0.0,1018.2,7.1,285,118.7,86.1,1363.0,95.6,42.4,69.0
2026-01-05T20:00,20.6,65,0.0,1018.7,4.9,327,123.4,90.8,1551.0,125.9,44.2,25.0
2026-01-05T21:00,20.5,66,0.0,1018.9,5.2,27,121.1,90.8,1500.0,125.7,41.0,13.0
2026-01-05T22:00,19.9,59,0.0,1019.0,8.2,36,103.8,83.4,1317.0,108.9,35.0,17.0
2026-01-05T23:00,19.2,57,0.0,1019.1,9.4,38,78.5,67.5,1120.0,88.9,28.8,26.0
2026-01-06T00:00,18.7,60,0.0,1018.9,9.4,40,61.7,54.5,926.0,67.1,22.5,39.0
2026-01-06T01:00,18.3,62,0.0,1018.7,9.3,34,53.8,46.7,718.0,42.0,16.0,56.0
2026-01-06T02:00,18.0,62,0.0,1018.5,9.3,36,50.5,42.5,562.0,22.6,11.3,71.0
2026-01-06T03:00,17.5,64,0.0,1018.3,9.2,33,48.8,39.8,460.0,12.5,9.6,80.0
2026-01-06T04:00,17.1,66,0.0,1018.3,9.1,32,47.7,38.1,410.0,8.1,9.7,86.0
2026-01-06T05:00,16.4,70,0.0,1018.3,8.8,26,46.4,37.1,471.0,8.4,10.1,84.0
2026-01-06T06:00,16.1,71,0.0,1018.9,8.3,27,46.9,37.3,753.0,14.4,11.2,77.0
2026-01-06T07:00,15.8,72,0.0,1019.8,7.4,39,49.4,39.8,1146.0,22.5,12.7,69.0
2026-01-06T08:00,15.9,71,0.0,1020.5,8.2,58,52.2,43.3,1376.0,26.8,14.1,68.0
2026-01-06T09:00,17.2,63,0.0,1021.3,7.0,61,51.6,44.4,1293.0,23.8,15.4,81.0
2026-01-06T10:00,19.1,54,0.0,1021.8,8.6,60,50.1,41.4,1047.0,17.0,16.7,101.0
2026-01-06T11:00,21.3,47,0.0,1021.4,8.7,53,43.8,35.5,819.0,11.3,17.1,117.0
2026-01-06T12:00,23.2,36,0.0,1020.5,11.4,63,37.0,28.2,656.0,8.1,16.0,125.0
2026-01-06T13:00,24.3,29,0.0,1019.5,11.8,70,30.4,22.6,511.0,6.0,14.0,129.0
2026-01-06T14:00,24.8,27,0.0,1018.4,11.2,72,27.4,20.3,424.0,5.1,12.7,131.0
2026-01-06T15:00,24.8,26,0.0,1017.8,10.2,67,27.2,20.1,417.0,5.4,12.7,132.0
2026-01-06T16:00,24.6,26,0.0,1017.8,10.2,64,28.2,20.8,467.0,6.9,13.2,131.0
2026-01-06T17:00,24.0,27,0.0,1018.0,10.1,61,41.7,30.9,545.0,11.2,15.3,126.0
2026-01-06T18:00,22.9,30,0.0,1018.6,10.9,63,47.0,39.7,674.0,19.5,15.3,110.0
2026-01-06T19:00,22.0,34,0.0,1019.4,12.7,65,50.6,44.6,831.0,30.8,15.2,88.0
2026-01-06T20:00,21.0,37,0.0,1020.0,12.8,64,50.8,44.7,923.0,37.3,15.1,72.0
2026-01-06T21:00,20.0,41,0.0,1020.5,12.5,67,52.2,45.3,898.0,34.7,14.9,69.0
2026-01-06T22:00,19.2,46,0.0,1020.7,12.0,62,54.9,47.1,807.0,27.4,14.7,73.0
2026-01-06T23:00,18.5,50,0.0,1020.7,11.6,57,58.1,49.4,718.0,20.7,14.5,77.0
2026-01-07T00:00,17.8,54,0.0,1020.4,10.3,44,60.1,50.9,647.0,16.4,14.1,80.0
2026-01-07T01:00,17.2,57,0.0,1020.2,9.9,46,61.0,51.5,577.0,12.8,13.7,84.0
2026-01-07T02:00,16.8,59,0.0,1020.3,10.3,49,61.5,52.0,521.0,10.0,13.6,87.0
2026-01-07T03:00,16.4,60,0.0,1019.8,11.3,47,61.2,52.5,468.0,7.4,13.8,91.0
2026-01-07T04:00,16.0,62,0.0,1019.8,11.7,44,60.1,52.7,430.0,5.7,14.3,95.0
2026-01-07T05:00,15.6,62,0.0,1019.8,10.8,47,58.8,52.9,456.0,6.6,14.7,92.0
2026-01-07T06:00,15.4,62,0.0,1020.4,10.6,44,56.8,52.2,615.0,12.4,15.4,85.0
2026-01-07T07:00,15.3,62,0.0,1020.7,11.2,44,56.6,52.9,839.0,20.2,16.4,77.0
2026-01-07T08:00,15.5,61,0.0,1021.2,11.5,42,57.7,54.6,968.0,24.5,17.4,76.0
2026-01-07T09:00,16.9,56,0.0,1021.7,9.8,46,57.3,54.8,915.0,21.9,18.8,90.0
2026-01-07T10:00,18.9,49,0.0,1022.3,10.2,48,55.4,52.2,768.0,15.8,20.2,111.0
2026-01-07T11:00,20.8,42,0.0,1022.1,11.3,57,49.0,44.6,635.0,10.5,20.4,128.0
2026-01-07T12:00,22.4,32,0.0,1021.3,12.4,62,36.7,32.0,546.0,7.5,18.2,134.0
2026-01-07T13:00,23.3,27,0.0,1020.1,12.2,65,29.4,24.6,472.0,5.4,14.7,135.0
2026-01-07T14:00,23.8,25,0.0,1018.9,11.6,66,27.5,22.5,432.0,4.5,12.1,135.0
2026-01-07T15:00,23.8,25,0.0,1018.3,11.8,67,27.1,22.2,436.0,4.7,11.3,135.0
2026-01-07T16:00,23.5,25,0.0,1018.2,12.3,63,26.8,22.2,475.0,6.0,11.3,133.0
2026-01-07T17:00,22.7,27,0.0,1018.3,12.1,57,31.7,27.6,543.0,9.9,12.5,128.0
2026-01-07T18:00,21.8,28,0.0,1018.8,12.2,61,37.0,33.8,669.0,16.8,12.7,113.0
2026-01-07T19:00,20.9,29,0.0,1019.6,13.7,67,40.3,37.4,823.0,26.1,12.9,93.0
2026-01-07T20:00,19.9,33,0.0,1020.1,13.6,66,39.6,36.6,914.0,32.2,13.0,77.0
2026-01-07T21:00,18.7,40,0.0,1020.8,12.9,58,39.2,36.2,890.0,32.3,12.9,71.0
2026-01-07T22:00,17.6,47,0.0,1021.0,13.6,50,39.8,36.9,803.0,29.1,12.8,69.0
2026-01-07T23:00,17.1,50,0.0,1021.3,14.4,50,40.7,38.0,714.0,25.0,12.6,71.0
